mean_radius,mean_texture,mean_perimeter,mean_area,mean_smoothness,mean_compactness,mean_concavity,mean_concave_points,mean_symmetry,mean_fractal_dimension,radius_error,texture_error,perimeter_error,area_error,smoothness_error,compactness_error,concavity_error,concave_points_error,symmetry_error,fractal_dimension_error,worst_radius,worst_texture,worst_perimeter,worst_area,worst_smoothness,worst_compactness,worst_concavity,worst_concave_points,worst_symmetry,worst_fractal_dimension
-0.902911834756441,-0.16829040106849774,-0.887183928469318,-0.8087477639672426,0.31336281818915174,-0.5517618868355262,-0.49901129131001193,-0.5035773131473753,-1.1495967040736186,0.44818545938689264,-0.09337794996172281,0.9121639851645669,0.06903236054533389,-0.31188930831526646,0.9162482749581163,-0.22814270867662834,-0.3988336028002003,-0.027589429492350482,0.04267987272856024,-0.4215804846298347,-0.791938326282674,-0.025476216514079313,-0.7240607919063718,-0.7086703109818532,0.19057458584920706,-0.5686187847141588,-0.6424224806086418,-0.5470400131822439,-1.0358505067059351,-0.38904052568362674
-1.8056414889482095,1.1748823238509967,-1.8142957312606427,-1.3456984100794687,-3.053610601321236,-1.140785997431178,-1.1209018816691358,-1.2670573543480914,-0.7830723797453537,-0.5588927573484191,-0.0722974085629639,0.35833440441021186,-0.15447227080617437,-0.4495698460320318,0.08841845594193301,-1.1871562116893701,-1.042944465685508,-1.934039612783711,0.7827500428267656,-0.39143228703054955,-1.3921184831044457,0.7404796405918732,-1.4183433410457813,-1.0591747476966833,-1.8299656570530134,-1.2008234737665224,-1.3208824915954036,-1.7493081399797608,-0.04063756768719161,-0.7663193193170306
0.08498099435907969,0.09808671076427591,0.10676904568479906,-0.03457289060437706,0.11037174747133842,0.19925336069605049,0.059985833195640846,0.25339283684255703,0.2765821024710166,0.1382092640853257,-0.4047479139007687,1.102048412851774,-0.23626545504544982,-0.28966937236399365,0.3783365384815062,0.20939282836935272,0.031976225591932625,0.416423643499317,-0.7221832678921981,0.22219383239880353,0.00925325534421484,0.8188342063501018,0.06259663877107728,-0.09984513631526898,0.4870716435042588,0.30543771815735626,0.213820961019127,0.6363259647978656,-0.2862304381224626,0.49345431483548896
0.42279492155662823,0.010046817870392945,0.33452414810616565,0.29526822057884755,-1.2372634164608074,-0.9023624226452039,-0.5914646861146147,-0.52571094326404,-0.9282305279941717,-1.1664461001394903,-0.611060753491901,-0.39628037673191197,-0.6366716244028329,-0.3866479713288947,-1.4617195270484569,-0.9315917619956269,-0.6186081133022726,-1.0800159549179533,-1.2787854561235117,-0.920128727857038,0.33136081233416054,0.9483591007667664,0.2508766520970189,0.17911374315060669,-1.025935400706079,-0.4655281841584012,-0.23496207740979336,-0.4432306313705145,-0.34241181371223045,-0.8806462264786675
-0.724069167416562,-0.06670590926786386,-0.7299833958197877,-0.6959597181965793,-0.7396533611595028,-0.5019477109233051,-0.43096056125655596,-0.8952123683881246,0.828183065816524,-0.031244389346196735,-0.4154609759230888,0.37943267415323495,-0.31710755574705923,-0.42568860645823386,0.1200394232777442,-0.27816319714312043,0.3964329248928654,-0.48167120042174727,-0.21888596628437343,-0.1870128008695428,-0.6553484128755453,0.19839397136657508,-0.6160939717647772,-0.6259457604127494,-0.30649401080779176,-0.38330868678264357,-0.09081334986303095,-0.7334700777281248,0.22261230650486252,-0.08852408400160851
-0.5423877275792247,-1.1841353190748383,-0.5410126767817697,-0.5473749626851009,-1.048368947876176,-0.4827445362395864,-0.2606450557253557,-0.6072147812230523,-0.5689641110783479,-0.18692132298653993,-0.4838863398075849,-0.6914803342197093,-0.3689416085498558,-0.4327491468539654,-0.90071382566367,0.28471103514073703,0.3630945234470429,-0.13983065240474227,-0.1531845943996078,0.2846961932753703,-0.6431164803316233,-1.0312929892064464,-0.5802030942245197,-0.6097792162266876,-1.2788299498824467,-0.07087459675476476,0.1571224615174003,-0.3560368481160225,-0.35204290667047616,0.20545939155688783
0.04807695189212036,-0.5678560688176583,-0.06569768042413476,-0.06269887682930311,-2.231778696956758,-1.461536053782006,-1.0297063561816024,-1.1043100740784981,-1.0697597225367697,-1.258750122740401,-0.9552610687896697,-0.8868151482571976,-0.9648429990744837,-0.623591400491533,-1.2250952096815995,-1.241776285302206,-0.8867394895908097,-1.3385008888603145,-0.6304492769587521,-0.9068929337890593,-0.28023581486193816,-0.8138190924080968,-0.3804497675865288,-0.3437191752071379,-2.017020418426568,-1.289873514001189,-1.1351228313634758,-1.2412366721699315,-0.7035777996464515,-1.2666356416101008
0.45118264653121254,-1.2202542494928414,0.4170441127515884,0.30407534757857196,-0.09402898345979249,-0.1711207411245853,-0.22341212394010082,0.277870027795104,0.047958018979128506,-0.7806979459864292,-0.3280285665151214,-0.7185564470565888,-0.4283843296539804,-0.26703411050708953,-0.612216910195369,-0.584035609375002,-0.49981982853900236,0.158929073288536,-0.4655760229837751,-0.5579826957192834,0.24777593995069366,-1.0376892802887505,0.2038066487655333,0.06594793384817368,-0.41986053285237,-0.3757191947171891,-0.49971524033734704,0.34517189833618717,-0.27820452732392437,-0.7488980763209715
-0.41180419269613894,-0.4594992775636485,-0.43910052044467257,-0.46811081968758184,0.482522043787329,-0.5129752765832625,-0.7192642087288683,-0.7184037231032385,-0.34759793499890085,-0.42112555943661256,-0.6794861173763973,-0.4812009124475797,-0.621454287800177,-0.4815499407656394,-0.04659241582894675,-0.9080763829349427,-0.6127819848942648,-0.8654371464089692,0.01540760515375225,-0.7587255724169627,-0.5248744657403774,-0.7418608177321718,-0.5493134045382324,-0.5332461081118204,0.2821398536544432,-0.8418404990705224,-0.8307768179364114,-0.8953578361481784,-0.3343859029136922,-0.8485258097046839
-0.07115149300113209,-0.7055594910362953,-0.13914044895856106,-0.1732141156322956,-0.6008018301476655,-0.9259385975044232,-0.9319699102453081,-0.7233512404234341,-1.3745918338592866,-0.5602704293275377,-0.526393005250984,0.24405210996883717,-0.5401366453297345,-0.416551436534346,-0.46263907594394715,-0.998630715503592,-0.8728862509317689,-0.9367433350827239,-0.6205320887497309,-0.6473243056781407,-0.23946270638219838,-0.025476216514079313,-0.3127866377975187,-0.32686469297060544,-0.7250780922031588,-0.9708618641832497,-1.0669404832338572,-0.9023699236127006,-0.8576752869783859,-0.7260326948886437
1.541271285555235,0.8746437147513454,1.5269376372325245,1.4754232385419093,0.3556526245886963,0.5357842437671623,1.2137035708117176,1.3915822161359848,0.675767010155265,-0.5588927573484191,0.7052635446699476,2.8338647209249146,1.1936886438353707,0.6084728985636229,1.5277054073730743,0.9004804966075515,1.3745751498372873,3.7456963878271745,0.8967977072305092,0.8795716044417531,0.9246095407143763,0.751673149985906,1.0187060814418738,0.7370315020823578,-0.2977735091120553,-0.08162637718082541,0.5189357676597741,1.0326613432273755,-0.5141663048009488,-0.45981432535511635
1.1239717284288508,0.5653753730471927,1.0524478405213438,1.0492719321036348,-1.5678287364839123,-0.32702770390329233,0.2665279750584404,0.23750870228824478,-0.11897385150701276,-1.3083463139886515,0.7933871193696773,0.14207713954422574,0.6843834094152316,0.7384699070262098,-0.5010105868683024,1.5898433204158713,0.9347024550326978,0.44943576788531464,0.11829843282234666,0.43690782505712694,0.708512065771755,-0.166194620324776,0.6392041795817729,0.5908446663573306,-1.9058340218059233,-0.3668647873074921,-0.10282574382526116,-0.349786944071557,-0.8464390118604322,-1.0281823781015427
-0.7098753049292703,-0.260845160264631,-0.6400366343562771,-0.6985166260352089,1.5186223005761645,0.8494994737487067,0.16212482174167805,0.18178403352393613,0.5596404915562114,1.3298955260224605,0.012024757032071929,0.9068894177288109,0.07331223646483101,-0.2689030770824303,2.7179328295637246,0.38820170093347894,0.5628012583215328,1.1047264369473666,-0.2945045263781598,0.5034544563433542,-0.5962274055799226,-0.05425952638444907,-0.5657879057042524,-0.6128749374538058,2.0087991894103325,0.21183398268341702,0.20997699495121322,0.4091953056209543,-0.3793310033855059,0.448267965814461
1.8251485353010743,0.3441469242369228,1.8941514799046562,1.856118405626768,0.6093914629859617,1.3362334063261339,1.5017556444206162,2.1753731179143463,1.1765626216136869,-0.05328714101208694,1.009030690399605,-0.4115766222956037,0.8717468663354323,0.9756209991416638,-0.839248349831138,0.048982296390602684,0.2533691050962293,0.41147182484141753,-0.1197140841941614,-0.42599241598582765,1.6340616282618508,-0.04146694421983998,1.5541273693375197,1.5900746846660463,-0.22364924469829206,0.37437560441856854,0.8091552057872559,1.5250318325840355,0.2900299572125835,-0.47777998219480283
-0.003020953062130616,-1.4572847303609873,-0.07683787565126667,-0.108439117053678,-0.20186798977862982,-0.9613028597932517,-0.8988879472063823,-0.5553960471852137,-1.559668472876529,-0.812384401506145,-0.5167166911663078,-0.25175722899220426,-0.6252586219508409,-0.3505146175389744,-0.08816155266366495,-0.804240748256225,-0.8579001539711711,-0.840182871253681,-0.7792071000940698,-0.5043041975547026,-0.15383917857474458,-1.237573376610763,-0.26395150934110234,-0.23141328846779352,-0.16696598367600296,-0.9069836392990073,-1.0658833925651807,-0.8514560711529097,-1.2782330128217902,-0.7423651101974489
-1.3775545963314837,-1.4595421635121129,-1.2543977711414493,-1.1533621204403275,4.753792490141305,2.2868856183914206,0.1030049638394151,0.10054059121335501,2.087430001875019,4.425524463100772,0.0033851908850395726,-0.2306589592491812,0.0671301934700019,-0.4310878432314404,1.010045301662096,1.1563324203729415,0.08441138126400277,1.6774867950444248,0.6166371403256612,2.427424188502613,-1.2241332761679173,-1.4966231654440916,-1.1273918829530374,-1.0048276417094968,2.540749792850279,0.5679076520876596,-0.31232189452655584,-0.1868321288634241,0.22742785298398582,2.2176129576017067
-0.6758100349597693,-1.1999373511327147,-0.7283329965268796,-0.6459579649078216,-1.2562938293406019,-1.1449688671642653,-0.8385102199870499,-0.5475841777322733,1.0822098252519554,-0.2434058741303811,0.5366192134798758,0.07702414116990484,0.4014360569595986,-0.06165545017242767,0.3886399997482311,-0.6260068238353917,-0.5529023318119624,1.1129794680438663,1.0864639317280393,-0.6774725032774259,-0.6064206826998574,-1.1959974845757844,-0.6669884128669459,-0.6032438047472157,-1.2352274414037627,-1.0707901763784011,-0.997268598252922,-0.48560802952566984,0.3285543290455673,-0.9574085784300531
-0.9000730622589826,0.4547611486420581,-0.8248813551620237,-0.8056226543866952,1.8851339560388827,0.3456538013541049,0.19231368535134444,0.20912557660922768,0.3346453617705434,0.7994918140620011,-0.587561133571973,0.35833440441021186,-0.4997155949789298,-0.49484036974584,0.39929875278277444,-0.4408735216950424,-0.20301095353104903,-0.22236096336973601,-0.852346363135601,-0.29694342382303374,-0.7022374876272462,1.5352188075681956,-0.5928531576198566,-0.6371247537328986,2.571271548785357,0.09799160170159872,0.6121519448066803,0.42139024034186223,0.10864437316561944,0.6311910172730809
2.546196749655506,0.11163130967102683,2.4841692271194282,2.918655663012866,-0.17860859625888065,0.45402815352954756,0.9872870937392212,1.344710999418342,-1.0806465836554306,-1.1099615489956494,3.0562622846003897,-0.842157143967799,3.215692244913272,2.894842009063752,-0.421780522644865,0.4744439224274306,0.24398256488332762,1.6246673960268285,0.19391699291613307,-0.34951893914861654,2.9571489984294104,-0.29891766028259203,3.06330935115327,3.263483992436065,-0.5245065532012118,0.6842798637579625,0.5021184161126518,1.7018583860372014,0.018754172221991137,-0.6367488245338411
0.8741597486525126,1.1703674575487464,0.9204158970886673,0.7805125081765628,0.7855989896507299,1.5092521089220161,1.007413002812332,0.8015256767905473,0.4507718803695979,0.2718434460597787,0.6361470154936887,-0.3220847948022811,0.39572955573360263,0.5953901325362381,-0.3979759742010522,1.7738267262696348,0.3333165338061142,-0.07380640363274693,-0.6416061136939009,0.9012636002753851,1.4342733967111252,1.2921597464406278,1.301126101430786,1.369934508515417,1.1585502740759934,3.068012829982811,1.8340526586447363,1.1454644893957746,0.6688529469035891,2.6912530015570613
-1.0448504596293606,-0.8748669773706854,-1.0427340618259398,-0.9235245158346178,0.6587295704520972,-0.5019477109233051,-1.037341622936214,-0.9504162458555707,-0.05365268479504487,0.2208695828324106,-0.7441100721561993,-0.5652423535906216,-0.7916982410423897,-0.6009561386346289,-0.15175877910310578,-0.9916163481554173,-0.9517655561001858,-1.1133582005478109,-0.6725973268470922,-0.3774611710699051,-0.9713400035935298,-0.949740277907065,-0.997360998749809,-0.8410983856974661,0.09464906719610175,-0.8791555017256739,-1.1940796609301016,-1.0688307825530947,-0.4515642005723502,-0.09669029165601103
-0.5253550925944748,2.400668524911981,-0.5971262527406571,-0.5377155330725,-1.3366444614997361,-1.324071743917365,-1.1209018816691358,-1.2670573543480914,-0.3693716572362231,-0.454189686935446,0.13436101367404993,4.259756117724222,0.0053097635217124,-0.11772444743264875,0.14171222111464868,-0.9811522919474844,-1.042944465685508,-1.934039612783711,1.3591866074761219,-0.26164797297509024,-0.5778795067640397,1.9685675283943178,-0.6558092870757183,-0.5599037075675607,-1.6442189709338193,-1.2786790132046437,-1.3208824915954036,-1.7493081399797608,-0.7822317254721262,-0.9274658170305762
-0.6332284474978934,-0.4459546786568976,-0.6474634311743649,-0.6223775926182371,1.8710373539057008,-0.5992944974387906,-0.37511116357867347,0.6609120266376186,0.7701198065169973,-0.5712918051604827,0.8106662516637421,1.879168015053123,0.5460007546848294,0.16698146087758536,2.5722632047583014,-0.5989842611006203,-0.6328497605218473,1.2186182660790583,0.7852293398790212,-0.31091453978367817,-0.791938326282674,-1.0792651723237294,-0.8211426737775608,-0.7086703109818532,0.17313358245773292,-1.0791386176504012,-0.9771838755480732,-0.3856095648142243,-1.085611153656872,-1.313999646005636
0.03672186190228704,0.5382861752336899,0.07169806071049405,-0.06156247334546778,0.1604146850441327,0.11749727045843583,0.5382277475454362,0.190637485570602,0.2983558247083389,-0.2268738103809639,-0.416843306506614,-0.3607649559978234,-0.10263821800337775,-0.3299559852102267,-0.3773690516676019,0.26688764269865384,0.5155448834565804,-0.017685792176551036,-0.020542202103949775,0.06409962547572283,-0.0804475833112125,0.7388805678212969,0.25970227772167237,-0.1459369856968069,0.552475406222285,1.0719764167682657,1.1709685119296291,0.4564506776644726,1.1150935873023156,0.921908009769816
0.022527999414994875,0.26965163024979155,0.02136088227678621,-0.10304120050545991,-0.4682937700957595,0.1365103146997416,-0.4840426464368857,-0.4707674614450253,-1.0770176299492096,-0.38668375995866067,-0.20327323135197425,-0.3625231451430751,-0.058888375270742026,-0.20328158399268995,-1.0065907724734648,0.4353474486835059,-0.12986067463050663,0.294278783271126,-0.5387152860253063,-0.40577106393752665,0.03371712043205899,0.24316800894270607,0.13908539418474083,-0.09623346155029767,-0.7250780922031588,0.5603181600222048,-0.11387714627051307,0.29181905893221466,-0.5815839555086698,-0.32044438138664444
-0.5736142250512674,-0.3646870852163905,-0.5703072642308951,-0.5922629002965991,0.4895703448539199,-0.11484213017032022,-0.5192629873148297,-0.4009814276654237,0.4870614174318024,-0.17727761913271334,-0.42340937677835844,0.7521687729466419,-0.47736513184377904,-0.3858173195176322,0.4284326777438592,-0.5173416247530127,-0.4464136514655975,-0.6939391602237117,-0.036657632943608964,-0.7535783191683043,-0.5554542971001825,0.009703384438595282,-0.5601983428086386,-0.5588718004918546,0.49143189435212675,-0.4870317450105223,-0.550647790737203,-0.7941398779646422,0.2450848567407698,-0.7434539378847028
-1.0959483645836114,-1.0441744637050756,-1.0600632544014787,-0.9462525855113258,0.20199966133701847,-0.22873026517574152,-0.6704588792265745,-0.7366314184934329,-0.6161405092592135,0.9854775312429417,-0.23714033064834097,2.258936870427537,-0.22770570320645578,-0.44583191288135043,3.702091026419874,1.2305007308577398,-0.19783217272393097,0.20514604742893244,2.021158920428285,1.0700199746421155,-1.1018139507286973,-1.0009106065655002,-1.073261379121829,-0.9069684540300371,0.17749383330560206,-0.5736784460911285,-0.9767514293654327,-1.1282810893175212,-0.7421021714794349,0.022536340098267858
-1.0306565971420685,-0.010270080489733834,-1.010138675790998,-0.9050579592222926,0.2774164827495393,-0.3391960522177281,-0.7441700212068428,-0.9543221805820409,1.5031684551735272,0.2635774141850716,-0.17839128084852116,0.5447024538069155,-0.2714555459390915,-0.3669199908114095,0.23266691367608347,-0.17927211649672242,-0.1107639204042588,-0.5122074154787949,0.8248980927151056,-0.14583477488027521,-0.9672626927455559,-0.388465735434854,-0.9752969346881751,-0.8283715317637578,-0.4373015362438441,-0.6685470969093102,-0.9371105292900731,-1.261053441091407,-0.11287076487403593,-0.4870350175364586
-1.204957228486014,-0.4662715770170244,-1.195395996419972,-1.0206870137025446,0.9124684088493626,-0.5951116277057034,-0.9000200295917449,-0.7587650486100976,0.47617455631314026,-0.006446293722071456,-0.6666995594787894,0.20713013791854704,-0.6447558344729939,-0.5911959798522941,0.9873066285217375,-0.7369718154909429,-0.7848146098307176,-0.6916283115166918,0.2050738296512823,-0.5057748413400336,-1.1955921002320993,-0.4028573903700389,-1.1853468245549286,-0.9508245047475453,0.4173076299383635,-0.81970448054628,-1.0223504768460587,-0.8974919497243374,0.14877392715831073,-0.5806741986402759
0.10769117433874684,-1.9065139274349023,0.09851704922025667,-0.03968670628163622,0.9970480216484517,0.11939857488256646,-0.008693831516349868,0.23750870228824478,0.19311616722794547,0.15474132783474193,-0.39299810394080464,-0.6455915975286343,-0.44930816748263225,-0.34490771781295226,-1.1092700933728972,-0.7214482156220315,-0.11011657280336906,0.04668785037614421,-0.1668207281870122,-0.3822407633722308,-0.11918203636696567,-1.5605860762671353,-0.1345090001795178,-0.23898060702297136,-0.02743795654421354,-0.4775448799287043,-0.09081334986303095,0.11194377179882187,-0.011744288812454418,-0.23987113252987088
-0.36638383273680464,-0.8139162822903051,-0.3714341494354259,-0.4198136716245774,-0.39146728846992107,-0.3979463589233627,-0.3869351351591261,-0.4655595484763983,-0.35485584241134094,-0.5189402699539952,-0.887181287551055,-1.2952424866992185,-0.7978802840372187,-0.6055247235965728,-0.7344372783247971,-0.422475181109666,0.031005204190597917,-0.554132813449012,-0.549872122760455,-0.5730567945189261,-0.44740555962887185,-1.0216985525829894,-0.4163406451267864,-0.4792429711498692,0.029245304478075572,0.04233532655493222,0.34932076491308367,-0.2580200602967244,0.17606202387334044,-0.35093155662974723
-0.38341646772155513,0.70759366156808,-0.4197083287529983,-0.4215182768503304,-0.38089483687003417,-0.8747935084953107,-0.5283196463977295,-0.5629475209897229,-0.7903302871577949,-0.30953412912804784,-0.5872155509260918,0.27394132543811966,-0.6732883406029736,-0.4346181134293061,0.19855890396554524,-0.7639943782257144,-0.288137163048052,-0.4616988651682185,-0.4928482905585835,-0.44805207276579245,-0.36585934266939196,1.2202014717647027,-0.45105477258375665,-0.39703437411861847,0.4347486333298376,-0.6451461630408255,-0.27484322536439765,-0.3269214414698545,-0.1080552183949135,-0.2066618880686334
-0.23296152535626002,0.5044246779668122,-0.2744731909770544,-0.30844613020870815,-0.7142794773197761,-0.7584336777385197,-0.70027038204112,-0.6358583025505007,0.044329065272907454,-0.817895089422618,-0.49943755887224317,0.5534933995331749,-0.4017539905993326,-0.4115675256667708,-0.5123799234384816,-0.2793130934297064,-0.46194999388695157,-0.8778166930537181,-0.26723225880335144,-0.6954878896477305,-0.424980349965015,0.5533881264344692,-0.42457789570979637,-0.45275735620674645,-0.7817613532254479,-0.554072258255371,-0.7385216323064834,-0.8935285959400422,-0.4162501930587822,-0.9737409937388581
1.981281022661286,0.267394197098666,1.9065294746014687,2.0720350675554937,0.06244330021852151,0.26389771111649,0.8564686847640011,1.7405123850339932,-0.9028278520506283,-0.8661136086917501,0.890495842862321,0.24053573167833334,0.7937580162468206,0.8533075199332554,-0.523393968240843,-0.262064649130916,-0.012043411268570814,0.48574910470991195,-1.2589510797054693,-0.6039403140108767,1.915396076772056,1.0123220115898102,1.7894773859949464,1.9564016965417033,0.2123758400885491,0.35287204356644725,0.7928183499986227,1.7262482554790177,-1.008562409990905,-0.5561755756770683
-0.6445835374877272,-0.42338034714564526,-0.6746950195073542,-0.6306165178760439,-0.8622937997181807,-0.8974190311424646,-0.7827866092408743,-0.673355275924615,0.2620662876461344,-0.7917193218193742,-0.6898535967528361,0.024278466812347202,-0.7793341550527318,-0.5590082221658708,0.23266691367608347,-0.5926598315243972,-0.58591705945734,-0.5181495978682744,-0.3130992542700747,-0.7587255724169627,-0.6573870682995322,0.0017080205857146666,-0.6772849760957086,-0.6305893422534269,0.21673609093641705,-0.49651861009234055,-0.6885500734236059,-0.3560368481160225,0.3285543290455673,-0.7837405623130896
-0.38341646772155513,0.468305747548809,-0.40733033405618496,-0.41839316726978315,-0.5965728495077107,-0.7150839368683425,-0.7294529501971307,-0.5212842172407071,-0.39477433317976646,-0.0036909497638363755,1.1213450503110252,0.9209549308908264,1.0676700750946269,0.2668673411819052,-0.8417353922058645,-0.42592486996942414,-0.338630275917453,0.9660755145261767,1.6467850655377363,0.7453753590303008,-0.5167198440444296,-0.3580833527939079,-0.5393110288302917,-0.5244748979683187,-1.6590438238165715,-1.0405586996510072,-1.0716973912429002,-1.0217278471935876,-1.1514236222048855,-0.8577808450463406
-0.86884656478694,-0.9877386349269455,-0.8417979479143358,-0.7976678299998475,0.5177635491202827,-0.24051835260535126,-0.442029811246767,-0.39707549293895333,-0.09720012926968945,0.8504656772893712,-0.851931857671163,-0.7062491230398255,-0.7217936010239392,-0.6229684116330861,0.16906968723664265,-0.3759043815029322,-0.1502521240585339,-0.26692733129083296,0.3761453262568975,-0.3421657202219616,-0.8897937866340498,-0.9337495502013043,-0.812317048152907,-0.7643932930699812,0.4303883824819697,-0.2106477422935527,-0.21622274282871431,-0.11061378685774906,0.6495907609870976,0.3448293355253605
1.2318450833322705,-0.18409243312637422,1.2051097751153754,1.194163376292648,0.19636102048374515,0.03193857137256018,0.5583536566185473,1.0231223736056256,1.1947073901447889,-0.368774024230125,1.012832099504299,0.4409692942370524,0.9078880407667399,0.8265189990200384,-0.16668103335146597,-0.5069925581737386,-0.1347157816371797,0.40982121862211773,0.4034175938317055,-0.034065847195120444,1.3547658351756322,0.310329065306902,1.3187773526800928,1.2357865886736272,0.34318336552460144,-0.2871751206202194,0.19604261795502614,0.7537022114866052,1.2820325319119115,0.07207799986831118
-0.2045738003816762,-0.5385094378530308,-0.2645707952196033,-0.29054777533830073,-1.1688948961148775,-0.8871519872521595,-0.8465605836162943,-0.8834945642087139,-0.5544482962534656,-0.8110067295270275,-0.8578067626511449,-1.0756446624572538,-0.8734914252816651,-0.5727139770517027,-0.904622035109669,-0.7363968673476498,-0.5732937812399896,-1.028847162119657,-0.9341631658600258,-0.6521038979804664,-0.316931612493704,-0.6459164514976061,-0.4004545190024099,-0.38000790736946827,-0.4634630413310541,-0.54838013920628,-0.6654862770161238,-0.6842330287924588,-0.24931124844918628,-0.47070260222765353
0.16730539678537332,0.5089395442690626,0.15091722677009994,0.006337634813697243,1.2507868600457173,0.6251455517012994,0.5055231453016312,0.8481364978597589,0.8136672509916418,0.6451925524007773,0.055222587767233516,-0.13044217796982188,-0.06554596003440409,-0.0147236228360943,-1.165761484455976,0.18639490263763223,-0.21045545094128126,0.16553149816573554,-0.2821080411168834,0.09571846686033872,0.3232061906382127,0.7932490420208843,0.24499290168058316,0.17378222325945858,0.2123758400885491,1.1048642157185686,0.40265579410538577,1.046380644788397,1.2868480783910348,1.3574390846712916
-0.44870823516309827,-0.2856769249270081,-0.5146062880952343,-0.4624288022684048,-1.5220147795510728,-1.4662893148423324,-1.1058829220233268,-1.1251677655178491,-0.9971806484123606,-1.5218854707519534,-0.19186900403789148,-0.4773328963280255,-0.25861591818060053,-0.25955824420572676,-0.411121769610322,-1.1852588828165034,-1.0172803700482336,-1.3370153432629446,-0.0019474742120349643,-1.0256474194545362,-0.5228358103163905,-0.7610496909790851,-0.604620658452728,-0.5138118581860226,-1.7004662068713217,-1.334714762954583,-1.303675938483905,-1.5000741616212037,-1.0647437855806727,-1.5927395339425807
-0.766650754878438,0.23579013298291304,-0.5905246555690233,-0.7630075237428677,3.2806975672238443,3.427668272869765,1.9155946497364573,1.4723048671497032,2.882170863537296,4.758921082047347,0.3074979192605781,-0.11989304309831035,0.27208869583702344,-0.28177818015699957,0.7709339419205118,2.83288120621536,0.7893729186329475,1.1476421986491634,4.857474748208342,1.9707892931573425,-0.28023581486193816,0.1216384783789222,-0.25012469586247854,-0.5447690704572048,3.395358959032486,3.870601615904629,1.9796428734669662,2.1759364733125,6.006083627931525,4.819911130138024
-0.8745241097818571,-0.5655986356665335,-0.865316137838281,-0.7996565360965595,0.8278887960502744,-0.4863570146454344,-0.7377548876897888,-0.6212761462383452,-0.3221952590553575,0.06932566512942193,-0.7254486092786093,0.28624864945488326,-0.7279756440187681,-0.5660687625616024,-0.6331791244966372,-0.9172180584133015,-0.7011449324157166,-0.6988909788816112,-0.40483324520352026,-0.6065139406352059,-0.7898996708586871,0.1120440417554658,-0.8073158602989365,-0.7103901561080299,0.21673609093641705,-0.6710769275977951,-0.8081935172874185,-0.6165511410914194,0.16322056659567977,-0.3079228629832266
-0.5168387751020993,-0.07122077557011416,-0.5781466608722101,-0.5405565417820886,-0.9038787760110665,-1.1712068682172672,-1.0233415374372312,-1.0448096684119348,-0.9572621576439351,-0.4748547666222167,-0.7693376053055337,0.5411860755164117,-0.7959781169618867,-0.5722986511460714,0.3342803592720616,-0.9702857720392465,-0.8162433358539153,-0.8575142365563296,-0.13087092092931019,-0.5976900779232199,-0.5982660610039096,0.43505674141183803,-0.6719896007209163,-0.5850134464097418,-0.4242207837002385,-1.0358785128773105,-1.1469910765981592,-1.1421528275625539,-0.5494803123145168,-0.6748577935877206
0.8230618436982615,1.0484660673879858,0.8626519218368711,0.694998146017949,1.6736849240411609,0.8742164312624046,1.9193682576876656,1.8655022962810408,1.6156660200663606,0.12718788825238156,0.6713964453735807,0.30558873005265424,0.5355388357705037,0.560295093510396,0.4717782734176675,0.3169081311651457,0.5890188361575679,-0.09856549692224525,0.07119178882949626,0.002332586491821291,0.9368414732582979,1.0155201571309629,0.8451354441570214,0.7903467009938383,1.3722025656215449,0.6425376573979624,1.3641278068422908,1.0661974137098724,1.017177475560149,0.0192698570365073
-0.47141841514276495,1.0620106662947366,-0.3268733685268977,-0.5078849416218209,1.5961536123086626,2.5853904129799212,1.7382350760296683,0.9575026702009257,0.824554112110304,2.6910354413911177,-0.37675571958438386,0.6589847482482902,-0.3965230311421695,-0.35009929163334313,0.07420678522920879,2.694318703681745,1.4632617711591838,0.42962849325371605,-0.31681819984845744,2.2913896383594974,-0.2435400172301723,2.3891236670558325,-0.2860155734027361,-0.2976273258256,2.3270975013047264,5.083022973360993,3.9885956397103453,1.6195425766710727,2.3591097610757448,6.69813889065064
-0.24147784284863552,-0.5227074057951544,-0.3029425787797252,-0.3075938275958317,-0.8108412019320688,-1.0206235578261258,-0.673855126382662,-0.6275256418006976,-1.113307167011414,-0.8482038729632154,-0.39368926923256714,-0.5863406233336445,-0.3941453222980046,-0.33473223312498623,-0.32265411942361394,-0.8203392962684294,-0.31176535048052817,-0.43908555996381016,-0.6973902973696451,-0.4969509786280476,-0.23334674011023718,-0.3420926250881467,-0.2510072584249439,-0.3020989231536597,-0.18876723791534503,-0.7792271895305225,-0.462717066933678,-0.2740259121179161,-0.6265290559804844,-0.4483816346389525
0.26098488920149976,-0.5859155340266603,0.2821239705563224,0.09867041787532341,0.20270449144367728,0.6232442472771685,-0.14970098195983245,0.33229271831725604,-0.48912712954149773,0.7981141420828836,-0.11964223104870113,-0.6714369779638374,-0.2705044624014256,-0.1237466730643021,-1.0009061041883756,-0.4092513738139267,-0.3968915599975311,-0.2768309686066321,-1.2267202180261505,-0.2245142173954829,0.09691543857565632,-0.8489986933607708,0.06848038918751304,-0.047389859966876835,-0.80356260746479,-0.232151303145674,-0.4290823638394335,-0.19750269674421847,-1.154633986524301,0.055745584559505366
-0.5849693150411007,-1.4888887944767404,-0.6210570424878296,-0.5854444793935867,-0.2004583295653122,-0.9736613385501005,-0.8728500523430451,-0.7559006964773527,-0.7721855186266926,-0.5272063018287043,-0.775558092931397,-0.8715189026935058,-0.8092932864892106,-0.5720909881932558,-0.5017211704039386,-0.8922653089943849,-0.7729357813543904,-0.8986143314168967,-0.7184643223138152,-0.4844505064527342,-0.6410778249076363,-1.172011393017143,-0.6852280391578967,-0.604791665360775,-0.19312748876321295,-0.8291913456280982,-0.9059263545641235,-0.6784404348000274,-0.6136875987028229,-0.2986678276415708
1.6150793704891528,0.6353558007320735,1.5723236177875068,1.71974998756652,0.16605332589740504,-0.01749534365483484,0.7394868382765445,1.2061805144528641,-0.801217148276456,-1.2325743551371582,1.214997947344856,-0.3642813342883272,1.4228997764128752,1.4868871889737545,-0.15850932269164972,-0.366705211210244,0.05463339162307407,0.5765324467714054,-0.8535860116617288,-0.6804137908480877,2.2497355663059233,0.822032351891254,2.3366661747234647,2.603063463984177,0.8402519621815997,0.3838624695003867,1.260340723008622,1.8908798742112758,-0.20597133013708005,-0.4527369453879678
-1.6753418313148696,0.30802799381891954,-1.5935548258341368,-1.2806393106298921,-0.1342042995393597,0.5110672862534649,0.5407434861795751,-0.702519588548926,1.5213132237046294,2.7158335370152433,-0.7365072539468107,1.297207407974737,-0.7750542791332348,-0.6352205258492085,1.9505026110766188,1.6588370976110325,1.4664985091636327,-0.24712005665923434,0.32779903373791913,2.9164132471251656,-1.4663255405375721,0.6365399105044264,-1.4501155932945338,-1.0915078360688069,1.354761562230072,1.1175133691609929,1.264665184835025,-0.5482595066543346,0.6832995863409581,3.4915413516885243
-0.7638119823809797,-0.45724184441252375,-0.7522637862740521,-0.7291995200987647,0.9336133120491354,-0.16655761050667184,-0.8654286233723356,-0.7824610526173503,-0.5725930647845678,0.37516884449363436,-0.4227182114865959,1.2022651941311333,-0.4450282915631352,-0.40326100755414546,-0.09810972216257195,-0.4575470178505396,-0.668130204770339,-0.36266249201022577,0.2943285235324727,-0.11826020390531927,-0.7144694201711683,0.16321437041390105,-0.7270026671145899,-0.6560430501208433,0.40858712824262766,-0.4750150492402194,-0.950516360951922,-0.7734084889390986,-0.5013248475232872,-0.19087388660345495
-0.8035547973453974,-1.4211657999429845,-0.811265560995529,-0.7576096071946496,0.16816781621738242,-0.5236225813583938,-0.7102075496459684,-0.5496673429197241,-0.1226028052132328,-0.027111373408842204,-0.7472203159691309,-1.2217501804276882,-0.8126220788710417,-0.5737522918157808,-0.16632574158364782,-0.8099902296891551,-0.6279946535151741,-0.4734181693252479,-0.43706410688283903,-0.37893181485523614,-0.80824756967457,-1.5286046208556134,-0.8561509887553529,-0.7342960033618873,0.168773331609865,-0.6552654857947648,-0.7082503995216634,-0.41548715488044896,-0.26215270572684785,-0.23116051103184174
-0.7893609348581051,0.43444425028193134,-0.8009505654148512,-0.7334610331631475,-0.5895245484411199,-0.7200273283710819,-0.47523756121739974,-0.7725660179769591,-1.1459677503673986,0.32970566918273836,-0.5951639517813616,-0.4186093788766114,-0.6067124929663541,-0.5064694951035155,0.7719998172239659,-0.5598877873566955,-0.25220937119867054,-0.8718745106642387,-0.5907805241226675,-0.5039365366083698,-0.6675803454194674,0.5453927625815885,-0.6878757268452927,-0.6300733887155737,1.6556188707329917,-0.21950214970324974,0.17826427489092553,-0.48743726973380597,-0.1080552183949135,0.20981470230590243
0.8400944786830116,1.7640723762946742,0.7966359501205332,0.7847740212409455,0.21327694304356318,0.14031292354800284,0.14577252061977558,0.40754706071391605,-0.035507916263942625,-0.011956981638543527,1.8055986891559872,-0.12692579967931802,1.5113505454158125,1.545032815762132,0.6394759878278129,-0.17927211649672242,-0.16222805467499435,0.4725442549555129,0.0005318228402202294,0.2093256992771573,1.3608818014475934,1.3992976220692268,1.315835477471875,1.313179619351583,1.2239540367940196,-0.06265264701718902,-0.05285418494238343,0.6210822963967306,0.18248275251217122,0.3339410586528233
-0.1165718529604659,-0.14797350270837098,-0.13047585267079134,-0.23770501333995464,0.22596388496342643,0.06426074658277982,-0.44353925442725023,-0.28198061633229693,-0.3221952590553575,0.7622946706258141,-0.30245545071990565,0.04361854741011853,-0.28001529777808554,-0.29797589047661904,-0.07146283957621398,-0.16087377591134622,-0.36776091795749205,0.29757999570972593,-0.2164066692321178,-0.03700713476578248,-0.23946270638219838,-0.017480852661198698,-0.23365019469645856,-0.3139658545242795,0.4609101384170476,0.014507188981598786,-0.391123198918786,0.20797888272597212,-0.07595157520076047,0.31815305718764486
-1.4882667237323612,-0.86809467791731,-1.4503826871743282,-1.1752378875041587,-0.9179753781442473,-0.5065108415412184,-0.52706177708066,-0.6470553154330487,0.4616587414882591,0.4564514912616017,0.45437054376012814,-0.04253272070722581,0.6677394475060767,-0.2205176090763876,1.4175649593494621,0.21169262094252467,-0.002656871055669392,0.5517733534819073,0.9823334555333169,0.11998408931829997,-1.2850890733451283,-1.2855455597280463,-1.2385947658236716,-1.0017319204823785,-1.3267927092089988,-0.8190720228741588,-0.8672464460057423,-1.0234046507177126,-0.7421021714794349,-0.552909092615307
-0.9142669247462742,-1.4392252651519857,-0.9573258984179275,-0.8178389918379257,-1.466333201125006,-1.2632300023451872,-1.0820337197716907,-1.0955087011615183,-1.3092706671473189,-0.7531445064040678,-0.43135777763362826,-0.8136744798147179,-0.5063731797425918,-0.46223728615378545,-0.2835720249636225,-1.1024088553679803,-0.9835503233038728,-1.3437828287620739,-0.5052447758198599,-0.4348162786978136,-0.8000929479786222,-1.2055919211992412,-0.8620347391717886,-0.7127979392846774,-0.6465935769415276,-1.0838188044240982,-1.2317985779715044,-1.1467259280828943,-0.2541267949283096,-0.4146279763340883
0.27801752418625025,0.6060091697674461,0.22147179654193672,0.1651500216796942,-0.3801900067633754,-0.623821324510075,-0.46014312941256663,-0.39889826247797283,-0.6778327222649613,-0.8344271531720342,-0.3321755582656969,-0.6862057667839536,-0.3689416085498558,-0.2261245088024097,-0.8047850483527816,-0.8628854588721122,-0.5240953635723682,-0.4118505573453624,-1.1771342769810447,-0.8157130190985383,0.37009526538991366,0.9515572463079185,0.30383040584493987,0.2503153313743258,0.30394110789378526,-0.30741376612809823,-0.01777799457267137,0.5829731253938931,-0.3552532709898911,-0.3122781737322419
-1.4454012590207397,-0.45272697811027346,-1.3657997234127701,-1.148248304763068,0.7503574843177763,0.716408164059567,2.816229080758166,-0.12782639246093833,1.11849936231416,2.4196340615048575,-0.27377209111175815,-0.05308185557873733,-0.4697564635424511,-0.48030396304874556,0.9269070279926597,3.4929216747157366,8.790265591829893,3.549274247730488,2.6682554510669174,2.0998382853201365,-1.2180173098959561,-0.4940045382928767,-1.2318284528447705,-0.9626914361181653,0.7094444367455474,1.1522985411276594,4.694924404689481,0.9183338302188628,2.1375946230360894,1.7984142980090356
-1.8252290191806726,1.3780513074522653,-1.7969665386851037,-1.3758131024011069,-0.653664088147096,0.30952901729562404,0.042878810483496656,-0.911877689887731,0.8499567880538463,2.013220827665024,-0.6463101833717931,0.44800205081806005,-0.6789948418289695,-0.6036557570212321,3.030589585243656,2.257358114779057,1.9516855360305052,0.31738727034132425,0.07491073440787904,1.3615751050839833,-1.5507258750906336,0.9835387017194405,-1.555728913269554,-1.1365677783746388,1.2065130334025456,0.3294711096979625,0.30943961695847927,-0.9871247199230111,-0.1706573226235112,1.2050032084557751
-0.5878080875385591,0.76402949034621,-0.5422504762514511,-0.5877172863612575,-1.8751346629872678,0.0699646598551717,-0.1217762831208912,-0.49159911331953315,-2.176590602934005,0.5088030264680874,-0.9925839945448496,0.3688835392817234,-0.5206394328075817,-0.6489470470303219,-0.6743929695635376,1.1666814869522155,0.3504712452296926,0.8175209547891878,0.5273824464444704,1.290616542441763,-0.7572811840748951,0.47503356067624053,-0.5887345323283516,-0.6811527889630244,-1.9158625987560212,0.4243397605161444,0.07832115712517032,-0.08469955057581946,-1.132161436288394,0.49127665946098165
-0.0456025405240061,-0.5159351063417785,-0.019073900399470513,-0.14849733985887587,0.9618065163154981,0.46163337122607007,0.1104263928101248,0.09897821732276699,0.381821759951409,-0.21998545048537332,0.06351657126838461,-0.7285781251845249,-0.14733914427367936,-0.10505700731089508,-0.20931604548963864,0.08520402941806247,-0.03340588209793292,0.28107393351672694,0.021605847784390234,-0.4237864503078312,0.02148518788813728,-0.5867507589862903,0.02141038585602741,-0.10053307436573965,0.8402519621815997,0.45469772877796244,0.22102839739646513,0.34517189833618717,0.2755833177752154,-0.26654741086758654
-0.06831272050367325,-0.7168466567919215,-0.14532944630696742,-0.16497519037448902,-1.8109951232812918,-1.0516148199394542,-0.8636676063284384,-1.0455387762275425,-0.7104933056209447,-1.1237382687868305,-0.5270841705427467,-1.0591176844918857,-0.5534518148570584,-0.3671276537642251,-1.1412463524765266,-0.6415304237043031,-0.39948095040109016,-0.7759742893229157,-0.4928482905585835,-0.690340636399072,-0.1579164894227185,-0.9225560408072716,-0.22688388171755786,-0.2393245760482068,-2.053210500463876,-0.8285588879559769,-0.7966616190836776,-1.0577029046202662,-0.5687424982310091,-0.9927954782657978
-0.18186362040200904,0.3351171916324222,-0.14409164683728604,-0.2712289161130988,0.3979424309882399,0.41600206504693604,0.2162132023756635,0.14923457747001742,-0.3004215368180352,0.17816175147974966,-0.6691186379999585,-1.112566634507544,-0.63144066494567,-0.4626526120594167,-0.5589231450226534,-0.1677731536308623,-0.05606304812907436,0.14902543597273657,-0.8275533926130482,-0.2428972647121201,-0.15383917857474458,0.04488298539126931,-0.0021246158097151923,-0.24775181716647304,1.2675565452727038,1.0637544670306898,1.0960111736053129,1.6927121849965208,-0.14336922590848147,1.2322239006371174
0.2098869842472488,-0.5407668710041557,0.12368563843711058,0.05406658113478419,-0.47322758084237304,-0.6251522376069664,-0.7000188081777061,-0.5178990738110995,-0.8338777316324404,-0.8082513855687914,-0.35878542199855645,-0.9773618892376714,-0.5995793664338591,-0.3505146175389744,-0.42071464734141084,-0.4977933878810503,-0.570057043235541,-0.567172602581481,-0.6118545490668376,-0.6175437690251884,0.005175944496240937,-0.8314088928844338,-0.14921837622060696,-0.18394556298531403,-0.44166178709171205,-0.6280698058935528,-0.7346776662385698,-0.5342353317252905,-0.5960305949460388,-0.8817350541659215
-0.30393083779271984,-0.005755214187483528,-0.38298694448578513,-0.3621411948199307,-1.082200792995811,-1.2497307409338598,-1.1121974259950154,-1.1585504876467483,0.058844880097789654,-1.0865411253506416,-0.009055784366686982,-0.01791807267369891,-0.13212180767102344,-0.16278730819364134,0.19571656982300065,-0.9610291069322291,-1.0205462386947224,-1.2462320012014514,0.18028085912872907,-0.3153264711396711,-0.4188643836930538,-0.5579674491159204,-0.504008526331678,-0.4477698053408338,-1.300631204121789,-1.2168246528711892,-1.3120173448512777,-1.5799509840431512,-0.7340762606808967,-1.1746297020371639
0.09065853935399634,-0.9380751056021913,0.08572645470021605,-0.04139131150738939,0.26402471072301625,-0.02890317019961835,-0.053348192272314444,0.17345137277413292,-0.285905721993153,-0.28749137746215864,-0.5737378277367213,-0.85235464101026,-0.3580041478666968,-0.40699894070482684,-0.43847923573231595,-0.13442616131986762,-0.03502425110015724,0.5303154726310089,-0.7321004561012191,-0.48518582834539975,-0.08860220500716066,-0.9417449140541844,0.03611976189711659,-0.20217592132278805,-0.014357204000608546,0.12139253557008381,0.1700958469966091,0.6881544373617244,-0.3295703564345689,-0.41571680402134237
-1.3591025750980044,0.587949704558445,-1.3567225273017736,-1.1098946871836233,-0.2505012671381065,-0.9044538575117476,-0.6182573025681934,-0.9332301330591016,-0.4020322405922076,0.39445625220128755,-0.3639691616867759,1.1512777089188277,-0.3575286060978639,-0.4763583669452486,1.421117877027643,-0.40062715166453167,0.2504560408922254,0.18203756035873422,2.1252893966230073,0.2850638542217031,-1.3128147871113514,-0.11022707335461225,-1.3094939583417213,-1.0123949602646745,-0.9430906345965794,-1.0835658213552497,-0.9368222318349796,-1.3584604821746595,-0.7404969893197274,-0.5735968186731274
-2.0267818665002184,-1.3331259070491015,-1.9846994582534407,-1.4522362366890373,1.4833807952432119,-0.531227799054916,-1.1209018816691358,-1.2670573543480914,0.4616587414882591,2.105524850265936,-0.6307589643071349,0.49898953603036555,-0.6276363307950059,-0.643049419170358,1.1546490511640644,-0.8318382591342895,-1.042944465685508,-1.934039612783711,0.7616760178825956,0.09277717928967699,-1.7032173008048612,-0.9913161699420439,-1.6757574217648419,-1.2026098312198277,1.1541900232281255,-0.8481650757917345,-1.3208824915954036,-1.7493081399797608,0.05727854405497495,0.5092423163006674
-0.672971262462311,0.19064146996040918,-0.6515894294066364,-0.6672655302297354,0.9124684088493626,0.19925336069605049,-0.26014190799852793,-0.2936984205117078,0.6902828249801471,0.22500259876976514,0.32892404330521846,0.8242545279019708,0.5008242866456949,-0.051064639578830236,0.8856931829257596,-0.0723317618442226,0.3058042607682994,-0.03254124815024992,1.6765366301647995,0.4460993487154458,-0.6043820272758704,0.07526536803221542,-0.5431354666009752,-0.5857013844602126,0.168773331609865,-0.41176928202809815,-0.38103278799051266,-0.5436864061339943,0.4361015337459805,-0.25021499555878146
-1.485427951234903,-1.059976495762952,-1.3657997234127701,-1.1667148613753933,0.13222148077777,0.9407620861069748,-0.03837954739918832,-0.5192010520532563,0.3600480377140867,3.7063796900011385,0.4132462089002541,-0.6540309054258435,0.14036362587028353,-0.318949848710998,3.648797261247158,3.93103215990501,0.7926096566373964,0.9809309704998755,0.6153974917995332,6.648171852402537,-1.3356477278600056,-1.6101573321549947,-1.3183195839663748,-1.03200119470309,-0.4896245464182647,-0.06771230839415869,-0.6318515739218792,-1.01974617030144,-1.031034960226812,1.302997700308607
1.612240597991695,0.5021672448156868,1.559945623090693,1.6345197262788653,-0.14971056188585913,0.5129685906775953,0.47910788964317347,0.9960412261687653,1.0568071493084121,-0.9763273670211963,1.8961413423768863,-0.06714736874075271,1.718686756626999,1.7360827323525152,-0.0483688746680372,0.3669286196316378,0.07243545064754221,0.8917982346576823,-0.1829361590266714,0.07255582724137584,1.925589353891991,0.4638400512822078,1.8512567653675216,1.934043709901405,0.14697207737052292,0.4376213716306898,0.417070666860062,1.0250395090268078,0.2787936820946303,-0.10431208546678694
0.5647335464295479,-0.2901917912292584,0.5449500579519935,0.44981909438046175,0.08852201416490783,0.19164814299952823,0.06740726216635037,0.2804739842794174,0.2112609357590477,-0.05742015694944051,1.0308023970901263,0.1895482464660278,0.7894781403273239,0.6911227537842453,-0.060448794773852815,-0.34083254476205843,-0.050236919721066566,-0.007782154860751879,-0.21020842660147981,-0.15208501096793192,0.7411305525555469,-0.07504747240193822,0.6362623043735552,0.5994438919882145,-0.02307770569634561,-0.19420384281840122,0.025466623691357392,0.10432193759825437,-0.16744695830409626,-0.15712022829859082
-0.548065272574142,-1.3647299711648544,-0.5286346820849563,-0.5649892166845495,0.7503574843177763,-0.16218461033117162,-0.7617801916458149,-0.5165970955689427,0.28021105617723663,0.2498006943938904,-0.7123164687351201,-0.7171498957403873,-0.42790878788514736,-0.5307660605829446,-0.05938291947039836,-0.04300940653627906,-0.7134445368326219,-0.5980389388823886,0.7653949634609788,0.10858659998198493,-0.6003047164278965,-1.2679557592517092,-0.4704711489579947,-0.5834655857961826,0.46963064011278466,0.026523884751901896,-0.8444709470533537,-0.5013090079788389,0.9192613638179825,0.43247996434928254
-0.5310326375893915,-0.3150235558916355,-0.5620552677663526,-0.5522046774914012,-0.6635317096403222,-0.7002537623601239,-0.632219651987664,-0.6600750978546162,0.606816889737077,-0.08497359653180184,-0.6449278527882679,-0.42529049762856874,-0.6604487128444827,-0.5043928655753591,-0.5052740880821195,-0.5570130466402304,-0.39753890759842087,-0.6260992446104865,-0.30442171458718104,-0.5013629099840405,-0.5493383308282216,-0.08304283625481884,-0.6110927839108072,-0.5507885283988235,-0.44602203793958056,-0.4775448799287043,-0.38727923285087235,-0.49765052756256645,0.3478165149620597,-0.1712749882328886
0.24111348171929145,0.09582927761315116,0.1488542276539645,0.10094322484299441,-0.8277571244918868,-0.9525568594422512,-0.8759947256357187,-0.7621501920397051,-1.0443570465932261,-1.4102940404433897,-0.7693376053055337,-0.279888255316235,-0.754605983073416,-0.5016932471887559,-1.1746437786514285,-0.9961009436731028,-0.7753309674776827,-0.8723696925300285,-0.149465648821225,-0.8557880622488075,-0.062099684495329564,0.012901529979747415,-0.14921837622060696,-0.17603427540490077,-1.195985183772947,-0.9762377543962801,-0.9484982787662672,-0.8721874601784533,-0.4018035536214132,-1.2856901261370401
-0.9426546497208581,-2.172891039267676,-0.9540250998321107,-0.8439762719661399,-0.0009914093807948479,-0.879546769555637,-0.8025351575188643,-0.8249055433116602,-1.5306368432267659,0.15198598387650683,-0.8080428616442386,-1.4378316263791493,-0.8306926660866955,-0.608847330841623,0.30869935198915777,-0.8907129490074939,-0.6872269589965868,-1.0519556491898554,-0.9800301613267486,-0.6351914944491601,-0.9550307602016338,-2.1938188934152714,-0.9917714358541951,-0.8091092663505778,0.5088728977436009,-0.8133799038250679,-0.8178034324572027,-1.0476420834755171,-1.2942848344188667,-0.40700618252331244
-0.9199444697411909,-0.8387480469526826,-0.886358728822864,-0.840282960643675,0.33450772138892354,0.062359442158649185,-0.47750172598812474,-0.8579757906624418,0.2112609357590477,0.7540286387511052,-0.893056192531037,-1.2064539348639967,-0.7474728565409211,-0.6479502648568068,-0.8761986936842209,0.32323256074136875,-0.15057579785897876,-0.8296189914501617,-1.0320953994241098,0.3030792405920075,-0.8857164757860759,-1.0216985525829894,-0.7823099210290851,-0.7762602244406009,0.05540680956528677,0.8569408082470533,0.2959857357207816,-0.5349975151453473,-0.5061403940024105,1.2812211465635333
-0.26986556782321935,-0.25181542766013043,-0.3140827740068571,-0.33344700685308715,-1.5008698763513,-0.8304931154130683,-0.509703180505102,-0.519721843350119,-1.2657232226726733,-1.020412870352975,-0.7060959811092569,-0.9480001305119643,-0.7783830715150658,-0.49650167336836504,-0.34503750079615436,-0.5966844685274482,-0.5367186417897184,-0.5371315693902231,-1.1796135740332998,-0.7999035984062302,-0.2822744702859251,-0.2957195147414399,-0.3610333912122912,-0.33855963982860754,-0.16260573282813381,-0.3655998719632496,-0.41947244866964933,-0.15634479206115406,-1.0615334212612573,-0.8283824974904902
-0.48845105012751544,-0.37371681782089106,-0.4300233243336761,-0.5308971121694875,0.6657778715186872,0.5319816349189009,-0.14718524332569352,-0.5382099343887446,0.02981325044802626,1.1191117132173947,-0.7945651384548682,0.41459645705827336,-0.3180586392847251,-0.5268204644794476,1.087143615278625,0.439372085686557,0.5304338782770449,-0.007782154860751879,0.17656191355034628,0.7931712820535578,-0.6940828659312981,-0.4524286462578978,-0.5225423401434502,-0.6340290325057805,0.5699164096137579,0.054352022325235325,-0.16625118394583657,-0.6258497788161118,-0.5462699479951018,0.49672079789725027
-0.8489751573047312,0.700821362114705,-0.8417979479143358,-0.7848832908066993,-0.020726652367249042,-0.41220614210434203,-0.514105723114845,-0.679344375838536,0.824554112110304,0.36139212470245324,-0.43757826525949145,0.426903781075037,-0.41792241073965447,-0.4765660298980642,-1.2240293343781452,0.2990847387230623,0.07211177684709745,-0.24381884422063443,1.0753070949928905,0.3218299488549775,-0.8694072323941799,0.4030752860003161,-0.8699778022339767,-0.7702407664989822,-1.0128546481624736,-0.48133962596143154,-0.5693871253182822,-0.7717316854149736,0.437706715905688,-0.22571637259557312
0.35466438161762676,0.7730592229507115,0.3427761445707081,0.2089015558073573,-0.27869447140446924,-0.0003836038376597113,0.2904274920827595,0.6814832828636952,-0.31130839793669635,-0.2654486257962694,-0.32388157476454577,-0.6731951671090892,-0.37940352746418166,-0.23588466758474447,1.0452191866760885,-0.049908784255795105,0.42362152413023524,0.9759791518419761,0.528622094970598,-0.6271029536298397,0.029639809584085085,0.016099675520899547,0.0037591346067205626,-0.09210583324747341,-0.2716120040248441,-0.345361226455371,0.046608437064882616,0.5006573160277643,-0.5462699479951018,-0.8811906403222949
2.3134174048639173,0.07551237925302438,2.5130512147453268,2.427161156254056,2.5829157616313636,3.2926756587564943,4.242652886314895,3.479955316555406,2.7333837615822576,1.0323183785329553,2.793619473730607,0.5640425344046864,3.413042078978966,2.6830257971918057,-0.15104819556746946,3.528568459599903,2.323263058941225,2.1594638110799895,1.3232368002184198,0.4372754860034597,2.4699103520965187,0.3630984667359136,2.9250412163670316,2.5377093491894587,1.6643393724287288,2.81692713415069,3.2957207559689072,2.686599364750522,1.859898109406666,0.7308187506567935
-0.38341646772155513,2.27876713475122,-0.4349745222124017,-0.4169726629149889,-0.9299574899574518,-1.1651226940600492,-0.8697053790503716,-0.8767242773494989,-0.9572621576439351,-0.8991777361905835,-0.5727010797990775,0.25108486654984485,-0.6637775052263136,-0.4576687011918415,0.6732287057705333,-0.746170985783631,-0.6131056586947097,-0.3981505257251732,-0.1829361590266714,-0.7800499073042619,-0.49225597895658585,1.6407576104262176,-0.5669646557875397,-0.49833325205043144,-0.37189777352581793,-0.9354442345444619,-0.9051095117746919,-0.7587745672740089,-0.7854420897915416,-1.0684690025299295
1.1154554109364763,-0.7191040899430471,1.1679757910249355,0.9981337753310418,0.7433091832511853,2.1100643069472778,0.9973500482757766,1.545215648710481,1.2672864642691979,0.5280904341757405,1.983573751784854,-1.1844765705483475,1.6349914053123915,1.9520522032807746,0.35524257357332917,1.902040162223976,0.46472809678673477,1.4827152611670391,0.6773799181059156,1.1788476147566085,1.2446784422803345,-1.092057754488338,1.2569979733075185,1.247825504556865,0.6920034333540732,1.9548873270494778,0.498274450044738,1.4549109579388146,1.37192273285554,1.4336570227790497
1.8393423977883665,2.256192803239968,1.9890494392468916,1.7339550311144627,1.5397672037759371,3.296478267604756,3.299250898512825,2.6909565018084174,2.156380122293207,1.0006319230132403,1.1037203353710794,0.6519519916672826,1.3786743919114066,0.9432255785024248,-0.1485611531927427,2.085448619934447,1.26064197208069,0.8125691361312879,0.34639376162983393,0.8593502523934523,1.9276280093159777,2.187640497963244,2.271944920142672,1.610712826180168,1.4419665791874403,3.8819858540028105,3.189531193342792,2.2902639863210124,1.9112639385173105,2.1522832963664853
0.7719639387440106,0.02810628307939497,0.6811079996169415,0.6407348796648089,-1.5156713085911406,-0.5968228016874207,-0.4730991833783818,-0.5455010125448225,0.14956872275330088,-1.4075386964851537,0.24978561739840205,1.4695099442094255,0.28825711597734544,0.12067262239969893,-1.2425045063046865,0.07485496283878831,-0.053797331525960196,-0.10186670936084488,-0.6502836533767945,-0.8561557231951403,0.3945591304777571,0.37269290335937,0.38031916125860343,0.2537550216266794,-1.9267632258756922,-0.5268765783541587,-0.416589474118714,-0.4633522736600127,-0.5928202306266239,-1.3472088904668735
-0.6303896750004351,-1.057719062611827,-0.5686568649379863,-0.6303324170050849,1.3565113760445782,0.49395554643628947,-0.654232365036379,-0.48508922210874944,0.6975407323925883,2.1344559618274155,-0.03601123074542801,-1.0028556318438242,0.07045898585183293,-0.327464029776439,1.1475432158077026,1.2707471008882505,-0.14021823624474264,-0.10186670936084488,1.3418315281103346,2.0498363966188835,-0.6390391694836494,-1.4758352194266018,-0.6210951596187476,-0.6446920722880765,0.4565498875691797,-0.016483236952340708,-0.8682554870985696,-0.8282856951831845,-0.2717837986850936,1.0416790553677215
-0.32096347277747034,-1.1525312549590854,-0.32233477047139947,-0.39879020717362257,-0.09402898345979249,-0.0754851285908173,-0.6507103309485847,-0.7207472839391206,-0.5471903888410246,1.3064751023774528,-0.7783227540984473,-1.0250088150739984,-0.92775074110551,-0.5480020856666422,-0.6072428254459155,-0.12982657617352353,-0.0353479249006021,-0.7266211633658491,-0.5027654787676047,0.6814023543684032,-0.5228358103163905,-1.411872308603558,-0.5881461572867082,-0.5304943559099375,-0.7730408515297115,-0.3592752952420375,-0.624163641786052,-0.8575535385133637,-0.7453125357988503,0.8946873175884738
-0.3550287427469713,-0.7055594910362953,-0.3924767404200089,-0.40475632546375817,-0.12010769740617784,-0.7877137658701303,-0.6303328480120599,-0.8465183821314621,0.751975037985895,-0.7173250349469984,-0.5948183691354804,-0.009127126947439107,-0.6309651231768368,-0.4684671747382545,-0.5052740880821195,-0.2028449903717359,-0.20495299633371833,-0.8892058759668874,0.6798592151581712,-0.6215880394348484,-0.48614001268462465,-0.3356963340058424,-0.532544715851391,-0.4935176856971365,-0.27597225487271326,-0.4648957264862801,-0.3637349406849012,-0.8682241063941583,1.1359609553785155,-0.7537978009136127
-0.12224939795538307,-0.7371635551520483,-0.16719723693800448,-0.21469284279228773,-0.9116319071843162,-0.7582435472961064,-0.7993904842261907,-0.7381937923840209,0.25117942652747327,-0.855092232858806,-0.8159912624995084,-1.2616610740249068,-0.7137093909537783,-0.5565162667320832,-0.9628898850318381,-0.5426393430579053,-0.6645697929654454,-0.8883805728572374,-0.1259123268247998,-0.6142348205081934,-0.2945064028298472,-0.8841782943134449,-0.24159325775864704,-0.367797006973613,-0.9343701329008424,-0.2827479169153708,-0.6741352006689295,-0.6842330287924588,0.6849047685006656,-0.4059173548360592
-1.233061076210852,-0.5294797052485303,-1.2127251889955108,-1.0354602589924047,0.5459567533866454,-0.3722787491975999,-0.5757413196512469,-0.8040738914371524,-0.7939592408640148,1.0681378499900267,-0.012511610825499923,0.3513016478292042,-0.05983945880840813,-0.37231922758461594,2.455016921378327,0.23066590967119402,-0.16190438087454948,-0.24546945043993454,1.5327374011339923,0.29057876841669406,-1.0671568085209182,-0.6826951252208565,-1.0500205649769079,-0.8899419872808869,0.6440406740275212,-0.49209140638749216,-0.696238005559433,-0.9362108674632202,-0.5831891376683772,0.011648063225731404
-0.8943955172640654,-0.4820736090749008,-0.8318955521568847,-0.8044862509028599,-0.47957105180230514,0.14601683682039446,0.06866513148341984,-0.3262478765656263,-1.1387098429549576,0.48262725886484453,-0.5156799432286638,0.26690856885711195,-0.03178249444726126,-0.4703361413135952,0.5772999284596446,1.21152744212907,1.0382780711750588,0.9842321829384758,-0.6552422474813051,0.4148481682771624,-0.8000929479786222,0.18080417089023806,-0.5069504015398957,-0.701790930477146,0.3126616095895223,0.9733130199173565,0.9754067382245216,0.6210822963967306,-0.5719528625504241,0.5909043928446942
0.38872965158712774,0.14323537378677978,0.4335481056806732,0.2557781995155675,1.4128977845773045,0.9997025232550224,1.2577289969091476,1.1059281898067947,0.45802978778203807,0.6259051446931242,0.8307100451248572,0.1877900573207757,0.8570050715016091,0.5422284166154357,0.11684179736738144,0.22836611709802207,0.5663616701264265,0.7713039806487909,-0.23872034270241585,0.1413084242055992,1.0020784468258819,0.5869686546165674,1.0216479566500916,0.8161443778864902,1.5771343554713606,0.8664276733288715,1.3473104552951687,1.4838739279009714,0.4665999947804252,0.9491287019511583
-1.1243360895581953,0.057452914044022356,-1.1207154284158642,-0.9743785717362521,0.3063145171225608,-0.5433961473693517,-1.0576939484863972,-0.9764558106987057,-0.042765823676382715,0.05692661731736024,-0.561642435130876,1.5222556185669827,-0.5824598627558712,-0.49837063994370573,2.1210426596293086,-0.17754727206684345,-0.9078430213798158,-0.7650802882755364,0.6538265961094903,-0.5771010649285861,-1.1487030254803983,-0.45722586456962633,-1.161811822889186,-0.9238229362665696,-0.23672999724189706,-0.8494299911359771,-1.2725926678672381,-1.4090694612664276,-1.0181935029491507,-0.9280102308742035
-0.318124700280012,1.3080708797673835,-0.38298694448578513,-0.3820282557870502,-0.864408290038158,-1.0056032528754941,-0.9692028420305632,-0.8082402218120539,-0.4927560832477188,-1.1581800682647823,-0.49943755887224317,0.013729331940835676,-0.5781799868363743,-0.40720660365764244,-0.3148377005316155,-0.9391235826727654,-0.8590653796527727,-0.8882155122353075,-1.028376453845727,-0.857994027926804,-0.39643917402919693,0.9819396289488641,-0.4798851496242916,-0.440202486785656,-0.44166178709171205,-0.9171029620529466,-1.106485284157519,-0.8467305339485579,-0.9475654879220142,-1.1735408743499105
-1.3216307781315537,0.3780084215038013,-1.311336546746791,-1.0945532401518456,0.5952948608527808,-0.4922510583602393,-0.8476926660016566,-0.8754222991073422,-0.31130839793669635,0.8394443014564251,-0.5927448732601925,1.3833586760920815,-0.5767533615298753,-0.5523630076757706,1.2718953345440391,-0.4460480549846795,-0.48816757172298675,-0.3935288283111337,0.2906095779540899,0.14314672893726318,-1.1976307556560861,0.9307693002904288,-1.1868177621590374,-0.9523723653611046,0.997220992704862,-0.5559696312717346,-0.868639883705361,-0.7558782702777932,-0.029401292569238405,0.41614754904047674
1.0757125959720586,0.38026585465492607,1.3412677167803235,0.9640416708159798,1.9062788592386546,2.9276252093234243,2.8904433704652623,1.8524825138594734,1.1257572697266,1.1370214489459303,-0.012511610825499923,-0.7902905641828671,0.11896424627279872,0.014764516463725603,0.07775970290739,0.6825751502995003,0.9525045140571662,-0.1992524762995378,-0.5622686080217315,0.46007046467609014,0.9205322298664024,0.32631979301266323,1.2422885972664293,0.7215528959467666,2.4143025182620947,2.133872848259781,3.019916190596102,1.2445483340031518,0.5597005600434694,1.9236294820432105
0.6016375888965066,-0.1276566043482442,0.6976119925460257,0.4273751255747127,0.7503574843177763,1.45601558504636,1.329427547982105,1.0900440552524824,0.26569524135235445,0.5432448259460393,-0.41235073211015705,-0.5395727920699435,-0.1944177793881461,-0.26391916621485506,-0.8445777263484093,0.546312440339057,0.21032048963706032,0.061543306349843084,-0.8139172588256439,0.08579162130935485,0.46183475946932834,-0.10383078227230798,0.5744829250009809,0.2520351765005026,0.19929508754494413,1.3679666073209928,1.0940891905713563,0.8908952270968199,-0.20276096581766423,1.18867079314697
-0.17334730290963404,-0.10056740653474155,-0.1564696415340999,-0.2743540256936462,0.7010193768516408,0.210661187240834,-0.04165000762356878,0.13413162986099905,0.011668481916924017,-0.2902467214203956,-0.6670451421246707,0.1895482464660278,-0.6466580015483259,-0.44666256469261295,-0.5322762624362957,-0.3299085300394913,0.02647377098436958,0.322339088999224,-0.9044116012329622,-0.5087161289106954,-0.30266102452579496,0.2335735723192491,-0.29542957406903336,-0.35988571939319974,0.47399089096065383,0.017037019670083704,0.3310619260904937,0.46559687870515387,-0.36969991042726014,-0.4140835624904617
1.7144364079001968,0.07325494610189882,1.6177095983424892,1.7595241095007592,-1.1103939972621748,-0.3418578784115109,0.3319371795460506,0.7447594254325132,0.454400834075818,-1.6444982768934624,0.642367503119552,-0.9457144846231369,0.47324286405338095,0.707112801151049,-0.8541706040794982,-0.6639534012927305,-0.1868272635088051,0.12426634268323852,0.1839998047071123,-0.8304194569518483,1.381268355687463,-0.4332397730109845,1.259939848515736,1.3286582254871742,-1.1567429261421314,-0.6362917556311285,-0.06871054497252742,0.42291460718197554,0.25471594969901556,-1.3684410303683208
0.9706780135660978,-0.0034977810363579736,0.9575498811791072,0.8435829015294276,-0.4422150561493741,0.3076277128714934,0.1822507308147889,0.6827852611058521,-1.0770176299492096,-1.1003178451418227,-0.03290098693249632,-0.6962274449118894,0.10232028436364378,-0.001433193855893866,-0.3020471968901639,0.02195973365583129,-0.1648174450785534,0.28602575217462667,-0.5585496624433487,-0.43738990532214267,0.8430633237548967,0.016099675520899547,0.9451592012364279,0.6097629627452752,0.2690591011108382,0.5546260409731142,0.3646966291847383,1.2064391630003142,0.05085781541614417,-0.31554465679400245
1.2403614008246449,-0.40983574823889435,1.2133617715799179,1.1742763153255287,0.36974922672187716,0.5338829393430319,0.7545812700813777,1.124155885196989,0.10602127827865529,0.5611545616745749,1.3328416295903773,-0.3150520382212734,0.9407004228162166,1.1415436984413552,0.3673224936791451,0.39280128607982323,0.3925488392875268,0.6623639701749993,-0.5300377463424127,0.5174255723039984,1.3180700375438663,-0.45722586456962633,1.1481485906034588,1.230627053295097,0.4042268773947585,0.34528255150099285,0.37670902314696847,0.7857139151289886,-0.6201083273416536,0.543540388449159
-0.6389059924928105,0.4976523785134364,-0.621469642311057,-0.6326052239727558,-2.102089957331489,0.052852920037996305,-0.016869982077301105,-0.645753337190892,-1.6467633618258204,0.44405244344953815,-0.5205181002710021,0.5798662367119539,-0.4364685397241413,-0.4269345841751277,-0.03060428627713208,2.0308285463216107,1.1136940666787152,0.6293518457890016,0.38358321741366314,1.866741245345176,-0.7124307647471814,0.390282703835707,-0.7019967278447381,-0.6488197005909008,-1.6289580929662797,0.5413444298585685,0.2253528592228678,-0.41548715488044896,-0.9491706700817217,0.8195582071679688
-0.715552849924187,-0.22021136354437748,-0.7431865901630555,-0.6874366920678138,-0.7664369052125468,-0.8569212469084834,-0.6973772826118603,-0.8043342870855836,-1.0407280928870053,-0.593334556826371,-0.7776315888066847,-0.8062900854046597,-0.7465217730032551,-0.5795668544946186,-0.08212159261075729,-0.47709525472250197,-0.36970296076016135,-0.6965801301745914,0.09846405640430424,-0.39694720122554067,-0.7165080755951553,-0.27493156872395075,-0.726414292072946,-0.6696298266176399,0.09900931804397088,-0.4648957264862801,-0.42716038080547664,-0.48591290289369266,0.5035191844537015,-0.31772231216850977
3.150855291614143,1.2584073504426294,3.284612884180029,3.4754933700922117,0.7292125811180045,3.0968413030710455,3.0791237680256756,3.537242359210303,0.09513441715999414,0.6782566798996117,1.6957034077657358,0.4392111050918002,2.1442966397325307,1.6447110331136363,0.43553851310022096,1.8180977333031967,0.8117064108636439,1.4166910123950436,-1.2143237327648742,0.7519932560642902,2.796095219934438,1.2601782910291053,3.069193101569705,2.8851180646771706,1.1062272639015722,2.2344336181270537,1.7908080403807074,2.6210515906256417,-0.8689115620963396,1.1233411319117483
0.4369887840439204,0.8723862816002198,0.7553759677978218,0.3375992503517161,1.053434430181177,3.9505269895056734,2.8740910693433595,2.318590724551588,2.512017585502811,2.4995390362937053,3.059718111059203,2.162236467438682,3.446330002797275,2.028887495822559,1.9256321873293512,1.991732072577686,1.6215382595767294,3.0573935943791235,0.3625091924694931,0.8067747370678693,0.7268599645876379,0.9435618824550379,1.0687179599815768,0.587404976104977,0.8053699553986526,1.6626918825294776,1.6490617916263912,2.0036830203796745,0.6110663891541138,0.9491287019511583
-0.1591534404223419,-1.2270265489462169,-0.13625225019597095,-0.2652627978229632,0.6446329683189154,0.29621988632670987,-0.1322165984525674,-0.10803632318015567,0.5777852600873137,0.018351801902053825,-0.5174078564580704,-1.2766056817595484,-0.40983820066949345,-0.41052921090269257,-0.38696192939869073,-0.12465204288388644,-0.2195183173537378,-0.554132813449012,-0.2511168279636922,-0.3417980592756288,-0.2659652268940291,-1.3766927076508841,-0.1845208787192211,-0.34027948495478433,0.24725784687149616,0.09799160170159872,-0.08264492196871452,-0.36365868231659,0.27076777129609203,-0.146776365269681
1.578175328022194,0.5292564426291894,1.568197619555236,1.5322434127336793,0.14208910227099708,0.5757116366739041,1.2225086560312037,1.6051066478496911,1.0132597048337666,-0.7917193218193742,0.7463878795298216,1.8633443127458549,1.0938248723804416,0.5578031380766083,-0.7760064151595153,0.4813433001469468,0.36341819724748786,1.046955219271871,2.121570451044625,-0.2057635091325128,1.3180700375438663,1.4264818591690196,1.477638613923856,1.1274363457244894,-0.44166178709171205,0.57865943251372,0.9537844290925073,1.6881390844761803,1.8438462878095896,-0.28777955076903355
2.597294654609757,0.6105240360696964,2.4841692271194282,2.93001969785122,-0.8150701825720226,0.206858578392573,0.5445170941307833,1.2593012267328594,-0.006476286614178228,-1.0149021824365019,0.8901502602164397,-0.647173967759361,0.8227660641456334,1.184737592627007,-0.721291482915527,0.00758603007350601,-0.12953700083006175,0.7448942811399933,-0.10979689598514018,-0.03958076139011173,2.3904027905610263,0.3966789949180113,2.2601774193098003,2.6116626896150605,-0.3980592786130279,0.6577166415288717,0.5761147629199898,1.8268564669265086,1.1118832229829008,0.40308161679343224
-0.3720613777317213,-1.4166509336407338,-0.43745012115176385,-0.41441575507635914,-0.6036211505743017,-1.2525826975700558,-1.0052659553509435,-0.9207311419343969,-1.2221757781980276,-0.2158524345480188,-0.4068214097760564,-0.41192826012465406,-0.5206394328075817,-0.39474682648870446,0.5662858836572835,-1.0891850480722411,-0.8429140570105733,-0.7112705255263604,-1.2143237327648742,-0.1826008695135499,-0.5411837091322734,-1.533401839167342,-0.6081509087025891,-0.5396095350786745,-0.6858358345723432,-1.2640059952114315,-1.18836176140408,-1.1410857707744746,-1.7870757574491154,-0.6138834431015134
-1.0959483645836114,-1.6062753183352507,-1.0786302464466988,-0.9462525855113258,0.28235029349615187,-0.5361711905576554,-0.8790136119966854,-0.754598718235196,-0.010105240320399281,0.384812548347461,-0.7448012374479619,-1.189399500155053,-0.7251223934057701,-0.6005408127289976,-0.44700623815995033,-0.6702778308689535,-0.7679512048275394,-0.7903345634308245,-0.13211056945543778,-0.5429085969196409,-0.9998811795293474,-1.6133554776961467,-1.0044214992495315,-0.8426462463110251,0.10336956889183882,-0.5648240386814315,-0.9069353956569508,-0.7285921038397616,0.0653044548535132,-0.39448466411989536
-0.6190345850106017,0.3215725927256713,-0.5785592606954368,-0.6070361455864594,-0.6980683848666169,-0.04791621444092411,-0.2939785926276955,-0.27989745114484627,-0.7794434260391336,0.6562139282337215,-0.4576220587206066,0.29152321689063887,0.15462987893527333,-0.3922548710549168,-0.07856867493257608,1.50935058035485,0.37701249686617266,0.761400343332992,-0.2139273721798626,1.532169784182377,-0.6206912706677664,0.24796522725443398,-0.44634777225060823,-0.5819177251826235,-0.8864073735742897,0.17072423399553818,-0.1845100227684266,0.011335560351330997,-0.692341524528498,0.8353462086331472
-0.40896542019868065,1.0168620032722329,-0.3796861458999683,-0.44225764043032645,1.1450623440468564,0.4293111960158502,0.29797470798517606,0.5226419373205723,0.3709348988327479,0.4137436599089408,0.06524448449779109,-0.08121288190276808,0.025758059581531323,-0.09010527470816947,0.29875118249025073,0.06738063697597908,-0.08066225696288512,0.19524241011313329,-0.5077240728721151,-0.09068563293036333,0.16419106756722682,1.236192199470464,0.13025976856008742,0.006613276995074382,2.318376999608989,0.9600314088028111,0.6126324405651695,0.866505357655004,0.7812156980831246,1.0144583631863793
-0.7070365324318115,2.2471630706354673,-0.7023392076635709,-0.6806182711648013,-0.16803614465899475,-0.3399565739873803,-0.22026745064742725,-0.7418393314620598,-0.013734194026619326,-0.17038925923712278,-0.32180807888925805,2.113007171371628,-0.343737894801707,-0.3669199908114095,1.0377580595519083,-0.06485743598141337,0.34076103121634643,-0.4130059816988723,0.5335806890751088,-0.6322502068784981,-0.6451551357556106,2.090097058958102,-0.6275672850768268,-0.613390890991659,0.3780653723075485,-0.3238576656032497,0.08360661046855156,-0.7074034047621841,-0.019770199610992675,-0.6677804136205713
-0.31528592778255365,0.65115783278995,-0.40774293387941174,-0.3644140017876017,-2.357238455942073,-1.601662189840429,-1.1008388660618786,-1.2188320802586055,-1.479831491339679,-1.454379543775168,-0.8070061137065947,-0.14450769113183726,-0.8425812103075203,-0.5494557263363518,-1.2513868005001392,-1.325603724594327,-0.9913184945145499,-1.6283473409693734,-0.5349963404469235,-1.0586266063405836,-0.4657534584447548,0.5246048165640994,-0.5646111556209651,-0.4740834357713388,-2.2097435059023516,-1.3913197246094315,-1.2825533449407194,-1.6081670142536517,-0.9652224916787981,-1.4174382762947366
0.32911542914050124,0.6940490626613292,0.2899633671976375,0.1588998025185997,-0.3794851766567166,0.030037266948429554,-0.4447971237443197,-0.4173863535165987,-0.27501886087449184,0.037639209609707035,-0.6953829190869368,-1.281001154622678,-0.7270245604811022,-0.4416786538250377,-1.2968641467808566,-0.6530293865701633,-0.4687471436962941,-0.9421903356064135,-1.0816813404692158,-0.46790576386776067,0.3089356026703037,0.3662966122770657,0.18909727272444413,0.15245614369486643,-0.07976096671863472,0.4780986626464475,0.4233171117204216,0.11956560599938937,0.4473378088639337,0.721563715315137
-0.9369771047259414,1.1003870298638654,-0.9490739019533851,-0.832612237127786,-0.9891632189168134,-0.7148938064259295,-0.9261837113867889,-1.0545745052281104,0.6285906119743994,0.05279360138000571,0.39043775427208854,1.2198470855836525,0.3286781663281501,-0.16195665638237883,0.47000181457857704,-0.37992901850598315,-0.6296130225173985,-0.9573759128239723,0.5224238523399599,-0.32010606344199677,-0.6635030345714935,0.9131794998140917,-0.6905234145326885,-0.6515714527927836,-0.5027052989618703,-0.5755758191074921,-1.023263418787188,-1.2517548033667145,0.2611366783378463,-0.4467483931080726
1.288620533281438,-0.5001330742839021,1.2174877698121893,1.1998453937118252,0.6657778715186872,0.12129987930669708,0.7118137133010171,0.9892709393095503,0.5923010749121949,-0.10563867621857354,1.0581034261147486,0.6273373436337556,0.9616242606448683,1.0314823334490693,0.41279983995986236,-0.24711599740529772,0.0387733754012749,0.7085809443153958,0.0005318228402202294,0.26557782406606756,1.2161372663445165,-0.1342131649132541,1.1187298385212805,1.1429149518600805,0.8010097045507835,-0.15941867085173453,0.2512996301812851,0.802481950370237,-0.003718378013916161,0.005115097102208776
-0.6474223099851856,-0.14345863640612067,-0.5760836617560741,-0.6081725490702946,1.053434430181177,0.9122425197450161,0.41118294652142445,0.08231289582316059,1.8080005664960443,2.079349082662693,0.2622265926501286,-0.34142487540005206,0.28635494890201346,0.004173705870128315,-0.49354945974412207,0.5077909147384251,0.3181038651852047,-0.21080671983463706,0.2831716867973239,0.6689018821930898,0.10914737111957803,0.38068826721225063,0.35384228438464316,0.007301215045545255,1.3852833181651512,2.0440638588185687,2.0214460044555276,0.607362994835709,2.993156714160267,3.0342337230419734
-0.7638119823809797,-0.890669009428562,-0.7770197756676787,-0.7240857044215053,0.03072594541886382,-0.6603263694533817,-0.6802702598997161,-0.5184198651079621,-0.2496161849309485,-0.585068524951663,-0.7973297996219185,-0.40507132245817157,-0.8226084560165345,-0.5841354394565625,-0.6420614186920898,-0.5805859205152439,-0.5787962358475527,-0.5141881429419547,-0.6738369753732197,-0.8307871178981809,-0.80824756967457,-0.5947461228391708,-0.8073158602989365,-0.7265567002940918,-0.563748810832028,-0.5660889540256739,-0.6486689254690016,-0.4572548062995587,-0.3536480888301836,-0.9154887124707857
-0.6048407225233096,1.2538924841403791,-0.5892868560993421,-0.6061838429735827,0.49661864592050986,-0.21751256907337127,-0.43649518625166145,-0.15412635295250451,0.0624738338040097,0.7719383744796408,-0.4987463935804806,-0.03549996412621812,-0.479267298919111,-0.44458593516445655,0.4902534453442089,-0.29081205629556656,-0.2874898154471623,0.8142197423505882,0.06127460062047505,-0.06384638384807283,-0.6736963116914282,0.7388805678212969,-0.6734605383250251,-0.6372967382455164,-0.036158458239950605,-0.456041319076583,-0.5477648161862679,0.0829808018366654,-0.4772471151276724,-0.10648974084129423
0.6044763613939654,0.03939344883502113,0.738871974868737,0.45777391876730944,0.4684254416541472,1.6290342876422421,1.6916939112980995,1.1270202373297338,1.263657510562978,0.39721159615952456,-0.31766108713868263,-0.4193126545347121,0.09376053252464972,-0.15946470094859128,0.801844325720687,1.689884297348855,1.5720161681086628,1.7220531629655216,0.9029959498611476,0.9218526132700191,0.22535073028683683,-0.4300416274698323,0.43327291500652443,0.09501331648056162,0.2516180977193641,1.213646935323417,1.5126009962154563,0.9564430012217003,0.6768788577021273,0.37531651076846334
-0.62187335750806,-1.901999061132652,-0.6499390301137277,-0.6022064307801589,-0.5098787463886453,-0.9734712081076874,-0.7931011376408436,-0.799386769765388,-0.732267027858268,-1.031434246185919,-0.5336502408144913,-0.3150520382212734,-0.5819843209870382,-0.45372310508834446,-0.271847396625625,-0.7628444819391283,-0.5975693162733555,-0.9714060656880212,-1.175894628454917,-0.7318863233346723,-0.5065265669244945,-0.8953718037074776,-0.5804972817453415,-0.5072764467065508,0.23853734517575909,-0.6122583640905224,-0.5934119132427426,-0.7011535007177186,-0.7003674353270362,-0.6449150321882436
0.7180272612923008,0.4615334480954332,0.7471239713332795,0.7100554921787682,1.1380140429802663,0.8000655587213119,0.7973488268617379,1.1207707417673818,0.6975407323925883,0.05554894533824079,1.3829511132431647,-0.5670005427358735,1.2279276511913466,1.283377495214433,-0.3169694511385241,-0.3730296407864671,-0.15575457866609682,-0.0688545849748475,-0.7147453767354321,-0.38481438999656004,2.0744111998430417,0.9307693002904288,2.0483624043181163,2.288331805893824,2.117805460607043,0.6545543531682656,0.935045094511428,1.44424039005802,1.1504075948158845,0.6083256358407533
-0.28689820280796985,0.7233956936259565,-0.20103042244262811,-0.3558909756588362,0.29926621605596987,0.8494994737487067,-0.02592664116020095,0.061481243948652765,0.17134244499062318,1.4056674848739539,-0.7378895845303359,-0.5307818463436839,-0.6571199204626517,-0.5338810048751792,-0.6001369900895537,0.2933352572901322,-0.22534444576174562,-0.5633762082770911,0.5819269815940867,0.12880795203028608,-0.3536274101254699,0.5469918353521649,-0.23217925709234974,-0.4216281594229467,0.1295310739790488,1.1756994749961442,0.19844509674747218,-0.03287107801196048,1.9770764070653242,1.2594445928184597
-0.43735314517326446,-0.21118163093987685,-0.4976896953429228,-0.47066772752621144,-0.84749236747834,-1.1685450420234844,-1.0975055123716446,-1.1909176667467647,-0.38388747206110535,-0.5988452447428441,-0.46557045957587645,0.22119565108056238,-0.5477453136310625,-0.3810410716028726,-0.1979467089194593,-0.9946635733148701,-0.9827411388027606,-1.4514023542604264,0.6525869475833628,-0.6737958938140984,-0.5676862296441045,-0.4252444091581044,-0.6416882860762725,-0.5509605129114413,-1.2265069397080255,-1.1894392356683408,-1.2940756332292906,-1.6155906807650047,-0.6281342381401919,-1.0973229362421517
1.4050102056772322,1.235833018931377,1.502181647838898,1.2765526288707145,-0.36256925409689855,2.193721701609023,1.5294287693961437,1.326743699676579,1.8406611498520287,0.07345868106677646,1.9853016650142603,0.7767834209801687,2.83288112100271,1.3311399743620291,-0.139323567229472,4.328896275063774,2.1041358960400425,2.4202595937293707,4.076496176747924,1.396502894985594,1.5912498643581237,1.1882200163531815,2.060129905150988,1.3183391547301133,-0.3152145125035282,3.0996357135888712,2.158867791383441,2.050938392423193,2.8470851376268707,1.0525673322402587
-0.7411018024013125,1.0371789016323596,-0.7167802014765203,-0.7135739721960279,-0.23569983489826585,-0.02890317019961835,0.2778487989120652,-0.19813321753740246,-1.5052341672832226,0.3861902203265785,-0.5799583153625846,2.9534215828020454,-0.4455038333319683,-0.49484036974584,0.4476184332060369,0.25941331683584457,0.8142958012672031,0.15727846706923618,-0.6899524062128791,0.3273448630499688,-0.775629082890778,1.8262500518130447,-0.7381817929058175,-0.7055745897547349,-0.09284171926223972,-0.016483236952340708,0.4233171117204216,-0.27783682921819985,-1.2589708269052984,0.15537331794321788
-0.017214815549422276,-0.4865884753771511,-0.0883906707016259,-0.1294625815046328,-1.092773244595698,-0.9508456854605337,-0.7836671177628229,-0.4205111012977749,-0.58710887960945,-0.724213394842589,-0.8854533743216483,0.8101890147399554,-0.7779075297462328,-0.5841354394565625,-0.557501977951381,-0.7231730600519106,-0.6765457235819058,-0.4229096190146715,-0.40359359667739264,-0.8837302941700963,-0.2781971594379512,-0.06385396300790547,-0.3222006384638156,-0.34389115971975565,-1.1044199159677104,-0.8298238033002195,-0.9143830799135335,-0.5433815327659715,-0.5992409592654537,-1.0004172720765738
-0.1165718529604659,0.33737462478354696,-0.06982367865640567,-0.21810205324379406,1.6172985155084354,1.15751079045786,0.057218520698087964,0.29141060151353415,1.426960427342897,1.5999192339296036,0.6112650649902356,0.26866675800236406,0.46753636282738503,0.21100600687449972,0.66256995273599,0.28643587957061617,-0.23764405017865103,0.45603819276251417,-0.6924317032651345,0.5751483408782395,0.1580751012952656,0.38388641275340274,0.0949572660614733,0.021575929592812546,1.4594075825789132,0.7203299510688718,-0.034114850361304516,0.622606663236844,0.4810466342177942,1.667754975538593
-0.7325854849089375,-1.1051251587854563,-0.7114164037745674,-0.7152785774217811,0.2738923322162434,0.1593259677893086,-0.2734753227594639,-0.5915910423171713,0.0552159263915686,0.6782566798996117,-0.4431075875935923,0.9561187137958648,-0.5919706981325312,-0.4140594811005584,1.8510209160875493,0.9091047187569465,0.7544161481849008,0.5319660788503087,-0.2535961250159474,0.6119144355115143,-0.8204795022184921,-0.9689291511539784,-0.8411474251934418,-0.7337800498240342,0.11209007058757588,-0.2688338481287043,-0.4574316135902967,-0.6947511599892419,-0.9106462982487383,-0.17018616054563532
0.8713209761550548,0.6172963355230723,0.8131399430496173,0.7773873985960154,0.0920461646982028,-0.259911657731483,0.018853506527470518,0.4325450429633253,0.23303465799637102,-0.9777050390003138,0.04727418691196386,-0.8542886490700372,-0.02560045145243235,0.09596073101463853,-0.8694481500956769,-0.7616945856525423,-0.38006052237439736,-0.30406597122508017,-1.1163914992007897,-0.8355667102005065,1.0795473529373876,0.5741760724519583,0.9745779533186063,0.9485724526021032,1.040823501183546,0.015139646653719927,0.5477655131691266,1.2750356708054218,0.5131502774119472,-0.4772355683511754
0.11620749183112183,0.0010170852658923325,0.09727924975057528,0.01429245920054523,-0.851016518011636,-0.48711753641508665,-0.011838504809023435,-0.5054000826863947,-1.1967731022544854,-0.7490114904667142,-0.5291576664180344,0.22822840766157007,-0.41792241073965447,-0.3687889573867502,-0.9923791017607411,-0.2775882489998272,0.05074930601773547,-0.4735832299471778,-0.8064793676688782,-0.5590856785582816,0.0031372890722543476,0.4238632320178053,0.02141038585602741,-0.09279377129794408,-1.004134146466737,0.06700117576765958,0.49491097973531367,-0.28683059357486956,-0.6827104315702521,-0.5354878496192479
-1.204957228486014,0.01456168417264325,-1.1528982146275792,-1.0124480884447378,0.32041111925574267,-0.12644008715751673,-0.34680910394461145,-0.47831893524953434,0.5160930470815658,0.04452756950529665,-0.7821241632031416,-0.0038525595116835386,-0.6395248750158308,-0.6028251052099696,0.7524587699939703,-0.19249592379246172,-0.0625365241379719,-0.09856549692224525,-0.5399549345514338,-0.10208312226667854,-1.1262778158165414,0.17440787980793324,-1.034134438852532,-0.8999170890127125,1.0451837520314153,-0.15246163645840127,-0.05045170614993739,-0.26320290755311043,-0.440327925454397,0.023625167785521883
-1.0079464171624013,-0.22924109614887808,-1.034482065361398,-0.891421117416268,-1.024404724249767,-1.1217729531898724,-0.8702085267771993,-0.9777577889408623,2.065656279637696,-0.7187027069261159,-0.7769404235149222,2.3169571122208503,-0.758885858992913,-0.5747906065798591,1.34295368810766,-0.6898260677409159,-0.3978625813988657,-0.10021610314154507,-0.40607289372964783,0.23690027025211338,-1.0895820181847755,-0.388465735434854,-1.1185662573283839,-0.8911458788692106,-1.4820176393931144,-1.1946253885797344,-1.1293568822616051,-1.410593828106541,-0.31672889915690816,-0.9312767139359641
0.6186702238812577,-0.820688581743681,0.5284460650229093,0.4691379536056634,-0.11869803719285926,-0.6939794577604931,-0.4258032970565714,-0.07887201055584465,-0.3330821201740186,-0.8716242966082222,-0.6908903446904799,-1.324955883253976,-0.8211818307100356,-0.4180050772040554,0.16125326834464454,-0.7634194300824213,-0.24347017858665884,0.42797788703441625,-0.8684617939752604,-0.4701117295457571,0.2110801423189278,-1.2759511231045892,0.0714222643957307,0.07523509752952852,0.15133232821839085,-0.7476043059244618,-0.38535724981691544,0.3192576620542576,-0.9571965808802599,-0.6623362751843027
-0.022892360544339442,-0.7574804535121751,-0.08715287123194451,-0.1234964632144969,-0.8016784105455005,-0.8493160292119609,-0.6763708650168009,-0.5004525653661991,-0.3221952590553575,-0.5396053496407669,-0.060202015957118604,-0.3132938490760213,-0.10882026099820666,-0.16735589315558524,0.3680330772147814,-0.7105242008994643,-0.5224769945701438,-0.4409012268050401,-0.04905411820488579,-0.3741522225529104,-0.12733665806291347,-0.6651053247445194,-0.181579003511003,-0.2312413039551758,-0.5419475565926859,-0.8165421921856739,-0.7841687293629582,-0.6131975340431698,-0.2749941630045085,-0.6601586198097954
1.44475302064165,-0.17280526737074806,1.3866536973353056,1.4129210469309623,0.6587295704520972,0.43881771813650305,0.543259224813714,1.0749411076434643,0.4144823433073935,-0.45281201495632745,1.1089040750592989,-0.05484004472398906,0.9340428380525545,1.281300865686277,-0.17129982633310134,-0.12925162803023055,-0.08972512337534166,0.6045927524995033,-0.23872034270241585,-0.45577295263878004,2.0091742262754577,0.38388641275340274,1.8453730149510856,2.1679426470614485,1.328600057142861,0.6121796891361444,0.5429605555842345,1.4381429226975664,1.0284137506781033,-0.0830799455653399
1.3340408932407724,0.59472200401182,1.3123857291544254,1.2935986811282456,0.4120390331214217,0.6707768578804328,0.8841418097395282,1.009842195535627,0.5088351396691247,-0.2172301065271373,1.425457778686564,1.2427035444719277,0.770456469574004,1.3103736790804656,0.4028516704609553,0.8953059633179145,0.6793238264816889,1.0931721934122673,0.41953302467136516,0.2453564720177664,1.2997221387279834,0.8300277157441346,1.1157879633130627,1.2357865886736272,0.30830135874165443,0.5818217208743262,0.5588169156143783,0.8543104229340961,0.1776672060330488,-0.07219166869280269
-0.5849693150411007,-0.0983099733836168,-0.6284838393059179,-0.5948198081352287,-0.8524261782249536,-0.8685192038956798,-1.026435895957222,-1.046033527959562,-0.8991988983444082,-0.3329545527730556,-0.5654438442355703,-0.12692579967931802,-0.624783080182008,-0.47303575970019845,0.08522083003156995,-0.8249388814147736,-0.854177905266055,-1.0270314952784272,-0.07756603430582137,-0.40209445447419917,-0.5391450537082865,0.21118655353118362,-0.6128579090357376,-0.5535402806007065,-0.1320839768930559,-0.7532964249735529,-1.1043711028201664,-0.9729481083099555,-0.02619092824982346,-0.19795126657060422
1.5355937405603184,-0.0983099733836168,1.5516936266261512,1.5975866130542147,1.3424147739113972,1.1518068771854684,1.642637007932392,1.498344431992838,-0.03913686997016267,0.36139212470245324,2.4342135220140606,-0.11110209737205054,2.0753430832517465,1.9146728717739603,-0.3141271169959795,0.38647685650360014,0.7819284212227152,0.92646096526298,-0.199051589866331,0.34536024942027316,1.9663624623717308,0.08006258634394334,1.874791767033264,2.0097168954531837,0.7661276977678364,0.9948165807694778,1.6202320461170387,1.2689382034449679,0.11506510180445022,0.8070366887645517
1.8506974877781999,-0.44821211180802234,1.770371532936522,1.9328256407856574,-0.10530626516633719,0.07566857312756332,0.7998645654958769,1.0611401382766028,-0.8411356390448815,-1.1182275808703575,0.7156310240463863,-0.9963503320063922,0.5926038480304631,0.7521756619120415,-0.2590568929841731,-0.36555531492365784,-0.17517500669278951,0.0995072493937402,-0.9527578937519404,-0.785564821499253,1.8521977586284593,-0.41085275422291895,1.7482911330798974,1.825693466952267,1.0582645045750203,0.3237789906488715,0.6774993679612127,1.4701546263399496,-0.3327807207539847,-0.7576086978190006
-1.3335536226208788,1.9288649963268139,-1.3464075317210957,-1.0891553236036273,-1.03779649627629,-1.024996558001626,-1.1209018816691358,-1.2670573543480914,-0.22058455528118512,-0.31780016100275693,0.4522970478848402,2.99385993314284,0.35435742184513186,-0.24273754502766043,1.6520575261094108,-0.8088403334025692,-1.042944465685508,-1.934039612783711,1.189354759396634,-0.19252771506453392,-1.1813215122641902,1.3593208028048243,-1.202409700762592,-0.9525443498737222,-1.0738981600326312,-1.1556659959770679,-1.3208824915954036,-1.7493081399797608,-0.6762897029314214,-0.8044282883709093
0.13324012681587233,0.7549997577417095,0.18557561192117764,0.0069058365556150724,-0.7911059589456146,0.5585998968567293,0.17344564559530304,-0.2942192118085705,-1.2657232226726733,-0.19656502684036656,-0.6262663899106781,-0.20428612207040217,-0.3085478039080652,-0.4414709908722221,-0.9586263838180209,1.2121023902723633,1.0861817936409008,0.7168339754118953,-0.5040051272937323,0.2052814288674972,-0.16403245569467934,0.24476708171328188,-0.04331086872476464,-0.2596187485370929,-1.2788299498824467,0.3971440806149321,0.4386929759920764,-0.06488278165434404,-1.0246142315879814,-0.2409599602171249
-0.13076571544775806,-0.9448474050555669,-0.1494554445392389,-0.210431329727905,-0.9355961308107241,-0.535030407903177,-0.586433208846337,-0.6236197070742273,-0.03913686997016267,-0.5409830216198844,-0.9207028042015405,-1.1999486350265647,-0.8425812103075203,-0.6115469492282262,-0.6139933690344598,0.2605632131224306,-0.25220937119867054,-0.5547930559367318,-0.2808683925907554,0.3751407860732257,-0.3556660655494572,-0.9753254422362826,-0.27689576025726115,-0.3911869006896174,-0.19312748876321295,0.354769416582811,-0.08648888803662802,-0.14262549050013262,0.7876364267219554,0.6486122602691393
-1.2640036964331485,-0.27890462547363226,-1.272139563540215,-1.0465401929598,-0.905288436224384,-0.9381069458188588,-0.9348630096745679,-1.1168351047680458,-0.44557968506685214,0.16851804762592304,-0.22469935539661443,0.1543844635609894,-0.28429517369758245,-0.4115675256667708,1.4353295477403671,-0.7323722303445988,-0.7092367774268385,-1.2846911261111384,0.8038240677709356,-0.31937074154933137,-1.0467702542810484,-0.17898720248938452,-1.0667892536637498,-0.8672400316153533,0.29958085704591736,-0.8146448191693103,-1.0129327599796702,-1.368216429951386,0.25792631401843136,-0.3111893460449879
-0.8745241097818571,-0.9945109343803213,-0.8756311334189588,-0.8010770404513538,-1.133653390781924,-0.6242015853949009,-0.6748614218363176,-0.7269967795014729,0.7265723620423516,-0.06017550090767655,-0.8377629691900298,-0.33966668625480034,-0.756983691917581,-0.6046940717853103,-0.5841488605377387,-0.36095572977731394,-0.48525450751898286,-0.7852176841509949,-0.20401018397084142,-0.7010028038427216,-0.8551366444262709,-0.785035782537727,-0.8131996107153723,-0.7521823926741259,-0.9779726413795264,-0.35484809153718916,-0.5746725786616635,-0.7197507761671033,0.4906777271760399,-0.6313046860975725
0.21272575674470715,0.19741376941378505,0.17443541669404575,0.07452184384382118,-0.0059252201274083965,-0.3834964452999704,-0.26253185970096,0.02216150103551891,-1.1459677503673986,-0.7462561465084773,-0.6024211873448687,0.7240377466226111,-0.607188034735187,-0.3937085117246263,-0.5418691401673845,-0.6668281420091955,-0.3460747733276852,0.01862754464804626,-0.1060779504067574,-0.7484310659196459,-0.055983718223368346,0.43825488695299014,-0.10214837288912136,-0.17345450771563556,-0.4503822887874491,-0.7305279487771891,-0.5040397021637498,-0.199027063584332,-0.8464390118604322,-1.0058614105128423
-0.6161958125131434,-0.9877386349269455,-0.6049656493819722,-0.6476625701335749,1.3988011824441227,0.3228381482645379,-0.9736053846403062,-0.8017303306012702,2.381375252078875,0.40134461209687716,-0.1576563220956435,-0.3062610924950136,-0.19869765530764302,-0.2938226314203064,-0.4050818095574143,-0.06543238412470637,-0.7899610232577912,-0.197601870080238,0.8546496573421692,-0.2697365137944106,-0.7083534538992071,-1.2823474141868942,-0.714352603719253,-0.6677379969788455,-0.11464297350158177,-0.41619648573294665,-1.1708717157950728,-1.0227949039816668,0.36547351871884365,-0.46634729147863896
1.3851387981950234,-0.09605254023249125,1.300007734457612,1.3731469249967234,-0.9715424662503366,-0.44376779554490947,0.04526876218592851,0.19818895937511108,0.5197220007877859,-1.7161372198076021,0.9779282522702883,0.20713013791854704,1.1142731684402605,0.8396017650474237,-0.8925421150038537,0.11510133286929901,0.2646976881117999,0.3124354516834248,-0.018062905051694583,-0.42709539882482583,1.2304078543124255,-0.0014901249554374661,1.2011023443513793,1.123996655472136,-1.300631204121789,-0.17649502799900732,0.22006740587948656,0.10737067127848145,-0.08879303247842116,-1.0374374134431992
2.665425194548759,1.1139316287706165,2.607949174087562,3.1033212291361183,0.7715023875175481,0.46923858892259207,1.7822605021270983,2.404521288533933,-0.020992101439060426,-1.079652765455052,2.0817192232151407,-0.5269138302241296,1.7067982124061738,2.5605046550305817,-0.23027825979090683,-0.3218592560333892,0.11645508750804565,0.21339907852543208,-0.7011092429480281,-0.2682658700090796,2.9326851333415673,0.7980462603326127,2.7955987072054467,3.476744788081987,0.8533327147252047,0.08534244825917447,0.9946265685640899,1.4350941890173392,-0.4868782080859191,-0.38577404262186543
-1.1555625870302375,-0.40757831508776876,-1.1339186227591322,-0.9769354795748817,0.33450772138892354,-0.5772393661188757,-0.8050508961530032,-0.8048550783824464,0.31650059323944113,0.05692661731736024,-0.5001287241640057,1.390391432673089,-0.5206394328075817,-0.49733232517962755,0.30656760138224914,-0.6219821868323407,-0.4959357429336639,-0.6064570306008181,0.06871249177724106,-0.3932705917622132,-1.0447315988570616,0.1760069525785096,-1.0411949393522546,-0.8607046201358814,0.36062436891607436,-0.7216735413674922,-0.8139594663892892,-0.7586221305899975,-0.003718378013916161,-0.4260606670502522
-1.3105595653914661,-1.5566117890104965,-1.3018467508125673,-1.0817687009586974,0.4543288395209663,-0.7358081550913657,-0.7490757115434137,-0.7264759882046102,0.044329065272907454,0.8477103333311341,-0.4469089966982865,-0.4349605379274542,-0.45834346109045915,-0.5212135647534255,0.9471586587582915,-0.6317563052683219,-0.40045197180242476,0.41147182484141753,-0.021781850630077374,-0.32341501195899147,-1.234326553287852,-1.6117564049255706,-1.2427133911151766,-0.9795459183546978,0.020524802782338505,-0.88231779008628,-0.8948269025430228,-0.8000849086410847,-0.7164192569241127,-0.36671955809492646
0.3035664766633758,-1.3827894363738558,0.2375631896477942,0.1623090129701057,-1.150569313341741,-0.6517704995447944,-0.6941068223874798,-0.5751861164659964,-0.29679258311181417,-1.0273012302485645,-0.7890358161207675,-1.4271066725931125,-0.7298778110941001,-0.47926564828466744,-0.6850517225980806,-0.6012840536737923,-0.540926401195502,-0.4229096190146715,-0.4928482905585835,-0.7649758085046194,-0.017249265167615897,-1.6005628955315379,-0.0844971216398145,-0.11240000573635947,-0.8428048650956056,-0.5098002212068861,-0.6664472685331023,-0.502680938134941,-0.6570275170149295,-0.914944298627159
-0.34935119775205414,-1.403106334733983,-0.4126941317581373,-0.3942445932382809,-1.861038060854086,-1.2611385674786435,-0.8366234160114457,-0.9621340500349814,-1.690310806300465,-0.9763273670211963,-0.8757770602369722,-1.327768985886379,-0.8359236255438584,-0.5839277765037469,-0.7848887093549679,-0.6817767937348138,-0.5082353473505692,-0.9593566402871323,-0.5275584492901575,-0.6495302713561372,-0.5432223645562607,-1.630945278172484,-0.5875577822450643,-0.5287745107837607,-1.5596301044851724,-0.8829502477584013,-0.7510145220272029,-0.931332893574857,-0.9427499414428914,-0.8338266359267589
-0.5878080875385591,-1.0622339289140772,-0.5715450637005758,-0.5834557732968747,0.5036669469871008,-0.24146900481741645,-0.2917144278569705,-0.5512297168103122,-0.4637244535979544,-0.3398429126686462,-0.4942538191840237,-0.8699365324627791,-0.48735150898927193,-0.4346181134293061,-0.5159328411166628,-0.6346310459847869,-0.29137390105250077,-0.9997964926599793,-0.7643313177805382,-0.5241578886566708,-0.5146811886204427,-0.8058237285552161,-0.5145992770812622,-0.5191433780771707,0.7617674469199686,-0.24480045658809807,0.14462957179668093,-0.7511527330734414,-0.23968015549094057,-0.07926904865995196
1.541271285555235,2.1297765467769567,1.7208595541492675,1.5691765259583297,-0.23640466500492466,1.9522560397444402,1.1231369799827193,1.7118688637065445,0.3273874543581023,-0.07946290861532976,1.5066697004686682,-0.044290909852477536,2.0377752835139393,1.3622894172843742,-0.2075395866505482,1.2845458563272825,0.2074074254330564,0.5732312343328057,-0.13458986650769342,0.5163225894650001,1.7869607850608755,1.6839325752317729,2.0954324076496014,1.791296564428731,-0.16696598367600296,1.7619877370525083,0.7217049777422198,1.2094878966805414,-0.1257122221516975,0.8729107638434
-0.30393083779271984,-0.16829040106849774,-0.28066218832546075,-0.40532452720567597,0.8631303013832281,0.5091659818293339,0.08703002351263349,0.19193946381275878,0.8426988806414052,0.2911308537674319,-0.33182997561981564,0.5025059143208694,-0.1344995165151886,-0.39931541145064836,0.30798876845352147,0.8056140529642049,0.6116760021887093,1.1624976546228623,1.010845371634253,0.6865496076170614,-0.42701900538900195,-0.14220852876613416,-0.38692189304460806,-0.5043527099920502,0.10336956889183882,0.07269329481675021,-0.0845669050026714,0.16834534488302128,0.3478165149620597,-0.07055842716192279
-0.13076571544775806,-0.04638901090773708,-0.10035606557521246,-0.2254886758887242,-0.3794851766567166,0.210661187240834,0.09382251782480837,-0.014033494096438521,0.16408453757818206,-0.14972417955035203,-0.629722216369491,-0.5787804100090612,-0.5082753468179237,-0.44520892402290346,-1.0517128269863643,0.15994728804615382,0.14461470814675015,0.16883271060433516,-0.5746650932830079,0.03983400301776157,-0.23334674011023718,-0.03826879867868784,-0.17569525309456724,-0.3020989231536597,-0.7512395972903694,0.3946142499264472,0.4377319844750978,0.3954760040599326,-0.24449570197006387,0.21362559921129037
1.592369190509486,0.10937387651990207,1.6012056054134043,1.5663355172487412,0.7221642800514135,1.5453768929804972,1.9193682576876656,1.2691962613732508,-0.2532451386371686,0.5611545616745749,1.2422989763694783,-0.780972161713032,0.5907016809551313,1.0800754644079276,0.5478107117307421,1.4524307141688415,1.158037377339664,1.3193052454563508,-0.7159850252615597,1.2542181087548212,1.8338498598125765,-0.023877143743502964,1.542359868504649,1.8033354803119688,1.703581630059545,2.157906239800387,2.7580460022194835,2.0722795281847817,-0.2364697911715256,2.4625991872337876
1.813793445311241,1.9130629642689374,1.7538675400074373,1.8873695014322416,-0.30759250577749075,0.07186596427930206,0.8338270370567514,0.9046423535693617,-1.2874969449099956,-0.9611729752508976,0.4056433906908657,-0.06187280130499675,0.4252131454012483,0.6066039319882824,-0.6822093884555356,-0.2695389749937252,0.07599586245243584,-0.13322822752754274,-0.9254856261771321,-0.353195548611944,1.6687187704696294,1.86142965276572,1.6276742495429655,1.6984249276151842,-0.41986053285237,0.13783643504523527,0.671252923100853,0.6332772311176386,-0.7372866250003121,-0.0645698748820268
-1.5620748086662795,-1.7033449438336346,-1.5494066447488355,-1.222114531212369,0.11037174747133842,-0.9677672948352957,-0.8616550154211272,-1.063974788136482,-0.43469282394819103,1.2362138314424316,-0.8664463287981773,-1.1333132664215169,-0.8687360075933351,-0.6744272913408002,1.126225709738616,-0.8485117552897868,-0.4017466670042042,-0.9862615216617203,0.05631600651596423,-0.38959398229888575,-1.381721340442112,-1.6533322969605493,-1.3965734645049692,-1.0483397234017695,1.8038673995605181,-0.8247641419232496,-0.7596634456800085,-1.0756904333336053,0.519571006050778,0.31543098796951097
-1.4045229350573387,-1.236056281550718,-1.3488831306604583,-1.1187018141833478,-1.3211381991532367,-0.30630348568026894,-0.36768973460796384,-0.6993948407677499,1.9531587147448621,0.927615308119982,0.010988009094427969,1.829938718986069,-0.12593976467619455,-0.3588211356515998,0.6387654042921765,0.8090637418239627,0.35273696183280673,0.6409060893241005,2.662057208436279,0.7258893288746653,-1.279176972615566,-1.0408874258299028,-1.2291807651573743,-0.9878011749603464,-1.463704585832067,-0.5471152238620376,-0.6496299169859799,-0.9738627284140237,0.619092299952652,0.023625167785521883
-0.309608382787637,-0.20666676463762576,-0.38298694448578513,-0.3718006244325318,-0.4316426045494883,-1.2541037411093603,-0.798635762635949,-0.5059208739832575,-1.2185468244918076,-0.587823868909899,-0.769683187951415,1.965319283170467,-0.8097688282580436,-0.5531936594870331,-0.9195442893580295,-1.1734149510646672,-0.6082505516880367,-0.012733973518651602,0.7765518001961276,-0.761299199041292,-0.6084593381238443,-0.46841937396365907,-0.674048913366669,-0.582261694207859,-1.5225679722782905,-1.3162469989286436,-1.0886588915175694,-0.9851430430308634,-1.4596185968687547,-1.2399593632723853
-1.0334953696395268,0.11840360912440269,-1.038608063593669,-0.9005123452869511,0.778550688584139,-0.8348661155885686,-0.5132252145928964,-0.467642713663849,-0.23872932381228737,0.20709286304122948,-0.11998781369458239,2.440030352388485,-0.16921406563999733,-0.36505102423606883,3.2331058928999754,-0.6582039198598003,-0.43929282785581014,-0.06390276631694777,1.7744688637288835,-0.10575973173000601,-0.9794946252894775,0.594964018469448,-0.9911830608125513,-0.8283715317637578,0.8533327147252047,-0.9594776260850679,-0.7534170008196489,-0.7224946364793076,-0.02137538177070015,-0.3803299041855976
-0.2045738003816762,0.267394197098666,-0.1341892510798355,-0.27833143788707,1.0322895269814054,0.8228812118108789,0.6967192814961838,0.860895884632895,1.1366441308452622,1.4263325645607248,-0.05536385891478045,-0.516188876438093,0.1046979932078087,-0.1480432385437313,-0.5422244319352024,-0.15282450190524402,0.07437749345021162,0.2678690837623279,-0.42094867604317987,0.057849389388065955,0.025562498736111182,0.62694547388097,0.17438789668335494,-0.06888792404408672,1.1105875147494415,0.8303775860179625,1.132528851250493,1.3771682490930264,1.1054624943440698,1.4391011612153184
-0.05128008551892326,-1.3918191689783568,-0.06528508060090744,-0.17179361127750137,2.033148278437287,-0.11541252149755944,0.14954612857098395,0.45545986002528416,0.6285906119743994,0.23051328668623722,0.48201715543063167,2.480468702729279,0.5792886785031394,0.08183965022317544,1.1013552859913491,0.4117745748084924,0.4987138458334468,2.775139930878845,-0.40855219078190347,0.617797010652838,-0.3393568221575612,-1.6565304425017013,-0.3780962674199546,-0.39755032765647164,0.32574236213312735,-0.7457069329080982,-0.5717896041107282,-0.20207579726455888,-1.1819220832393311,-0.6498147567808856
-0.3521899702495125,2.1636380440438354,-0.38752554254128335,-0.39879020717362257,-1.03779649627629,-0.8628152906232881,-0.3416518397446268,-0.65695035007344,-0.8592804075759838,-0.8013630256732008,-0.6739567950422966,0.23877754253308162,-0.6518889610054888,-0.49774765108525887,0.5229402879834746,-0.21721869395406118,0.21873600844862726,-0.6762776736772029,-0.43334516130445627,-0.38481438999656004,-0.4881786681086116,1.5991817183912393,-0.5451947792467274,-0.49661340692425465,-0.4024195294608965,-0.5837977688450678,-0.14895333664022511,-0.7595367506940657,-0.8416234653813094,-0.6558033090607808
-1.329863218374183,-0.22924109614887808,-1.3233019416203773,-1.0684159600236312,0.34860432352210535,-0.8377180722247645,-0.7800192967433216,-0.9009410726536143,-1.0770176299492096,0.92210462020351,0.3500045847039774,0.04010216911961469,0.18744226098475006,-0.21428772049191855,-0.03699953809785789,-0.938663624158131,-0.28295838224093395,-0.8504166298133402,-0.1271519753509274,-0.41716855327384167,-0.8694072323941799,-0.11502429166634073,-0.929109493919155,-0.7650812311204518,0.059767060413154695,-0.9449310996262801,-0.7711953438837496,-0.9791980123544208,-0.7099985282852819,-0.1690973328583813
-0.6332284474978934,-0.2224687966955022,-0.6012522509729286,-0.6320370222308381,-0.16380716401904,0.2239703182097481,-0.28617980286186506,-0.448894226976792,0.5959300286184159,0.033506193672352504,-0.3812482939808406,0.5956899390192211,-0.3736970262381857,-0.4015997039316203,0.6863745011798027,0.9551005702203874,0.8816199517597377,1.0122924886665736,0.9277889203837004,0.3409483180642803,-0.6186526152437795,0.21758284461348845,-0.6228602847436784,-0.6075434175626577,0.3737051214596806,0.31808687159978055,0.027388606725314277,-0.0145786759305986,0.803688248319032,-0.04442656266783379
1.5128835605806508,-0.0012403478852332215,1.4279136796580172,1.4612181949939669,0.5318601512534635,0.28861466863018764,0.6136999065696018,0.9700016613256304,-0.09720012926968945,-0.8854010163994033,0.6541173130795159,-1.037316139090762,0.43947939846623835,0.6271625643170301,-0.8140226343160524,-0.42017538853649405,-0.1531651882625378,0.15727846706923618,-0.8424291749265798,-0.4770972875260792,1.9194733876200298,-0.18698256634226515,1.639441750375837,1.8704094402328635,0.7748481994635735,0.39081950389372,0.7534176978025074,1.2979011734071242,0.7747949694442939,0.27405553585387016
-1.2597455376869608,0.0010170852658923325,-1.2725521633634425,-1.048244798185553,-0.7784190170257513,-1.0137788618992556,-0.8269378222700111,-1.016686938381349,-0.8084750556888971,-0.07532989267797523,-0.3833217898561283,0.24405210996883717,-0.38938990460967476,-0.4684671747382545,0.17759668966427736,-0.8094152815458622,-0.2865187940458277,-0.346981732926877,0.19639628996838868,0.11263087039164504,-1.0916206736087624,-0.023877143743502964,-1.1259209453489285,-0.8947575536341821,-0.5245065532012118,-1.0046351038745225,-0.871618957407994,-1.163036653272109,-0.5526906766339326,-0.2866907230817795
1.1637145433932685,-0.10508227283699186,1.1060858175408685,1.0577949582324002,0.10614276683138464,0.1536220545169167,0.30049044661931495,0.8030880506811355,0.015297435623144064,-0.8619805927543955,-0.008710201720805725,-1.184828208377398,-0.1549478125750073,0.16822743859447908,-0.7529124502513386,-0.5012430767408085,-0.26353795421424125,-0.047396704123949085,-0.9539975422780682,-0.5134957212130211,1.1325523939610498,-0.11822243720749287,0.9863454541514779,1.032844863784766,0.5001523960478638,0.13910135038947755,0.5304676658635149,0.9579673680618142,-0.1353433151099432,-0.13534367455351715
-0.21025134537659287,2.569976011246371,-0.22908721042207156,-0.27691093353227575,-0.24697711660481056,-0.5582263218775699,-0.7663085211872648,-0.41712595786816725,-1.552410565464088,-0.3770400561048341,-0.22746401656366486,1.2303962204551642,-0.27858867247158653,-0.2464754781783418,-0.39051484707687195,-0.7386966599208218,-0.7860769376524527,-0.42736625580678106,-0.5957391182271778,-0.3171647758713349,-0.2516946389261201,2.53783743471941,-0.3142575754016275,-0.3076024275574253,-0.6422333260936591,-0.7096568455971891,-0.9843913119254113,-0.5659421619996512,-1.124135525489856,-0.42007211477035694
0.13040135431841401,0.49539494536231166,0.22766079389034308,-0.028038570572323642,0.6657778715186872,1.5815016770389778,0.6715618951547953,1.0199976258244496,1.630181834891243,0.873886100934377,-0.5257018399592215,-0.423708127397842,-0.3627595655550269,-0.4101138849970613,-0.884015112576219,0.30138453129623444,-0.17517500669278951,0.29757999570972593,-0.7321004561012191,-0.05024292883376134,0.27223980503853784,1.1946163074354856,0.44209854063117826,0.021403945080194827,0.8969352232038887,2.593037118219781,1.3405835146763194,2.368006695166801,2.1953811807855645,2.342828141635881
0.6073151338914243,0.5744051056516932,0.643974015526501,0.4890250145727829,1.448139289910258,0.46923858892259207,1.1420050197387606,0.8111603157825075,0.2402925654088121,0.33383868512009285,0.5666849036715486,0.4093218896225178,0.041926479721853115,0.3513861629778682,1.2861070052567631,0.7044231797446351,0.8469868551121357,0.02357936330594598,2.4513169589945787,0.8600855742861175,0.29466501470239465,-0.08464190902539462,0.18615539751622645,0.15606781845983772,0.46527038926491676,-0.2700987634729466,0.285895324792508,-0.153296058380927,-0.25733715924772455,-0.2687250662420938
-0.8404588398123561,0.468305747548809,-0.8640783383685996,-0.7794853742584811,0.4120390331214217,-0.8335352024916772,-1.0082596843255687,-0.9868716366359596,-0.6814616759711813,-0.20069804277772013,-0.4151153932772075,0.7978816907231918,-0.43028649672931235,-0.45289245327708194,-0.011418530814954355,-0.9122160095666525,-0.8172790920153389,-0.9174312423169152,0.8050637162970632,-0.6572511512291247,-0.8000929479786222,0.5086140888583388,-0.8270264241939961,-0.733436080798799,-0.16260573282813381,-0.9076160969711284,-1.1487689109045693,-1.092915778626888,0.1279065590821109,-0.7205885564523752
-0.9568485122081503,-0.9854812017758203,-0.9750676908166931,-0.8505105919981935,-1.2703904314737837,-0.9930546436762324,-0.8377554983968082,-1.0619957812084038,-1.4653156765147979,-0.8289164652555622,-0.5326134928768473,0.026036655957599318,-0.5073242632802578,-0.4788503223790362,-0.13967885899729016,-0.4310994032590612,-0.3897707363877438,-1.0077194025126188,-0.4630967259315199,-0.546952867329301,-0.883677820362089,-0.8026255830140641,-0.8702719897547982,-0.7623294789185691,-1.0608174074890262,-0.834883464677189,-0.8521588791891811,-1.2290417374490235,-0.9571965808802599,-0.9133110570962784
-1.2617326784351814,-1.3985914684317322,-1.1458840176327183,-1.085746113152121,2.082486385903423,2.2203399635468513,0.37344686700934165,0.5656072193117448,0.9225358621782553,4.526094517576392,-0.4569308934288441,0.29152321689063887,-0.5163595568880848,-0.48030396304874556,5.268927722497716,1.3552644779523229,0.6365988848229649,0.4593394052011141,0.7282055076771492,2.8061149632253417,-1.1588963026003334,-1.231177085528459,-1.1150360070785224,-0.956843962689164,2.9942158810285933,0.7083132552985687,0.07880165288365948,-0.11061378685774906,-0.07755675736046795,2.8273564624637726
-0.4174817376910556,-0.26310259341575576,-0.3796861458999683,-0.48032715713881224,0.8208404949836836,0.5662051145532512,-0.1124680501745774,0.05419016579257492,-0.58710887960945,0.7774490623961129,-0.6020756046989875,-1.039074328236014,-0.5596338578518875,-0.4651445674932044,-0.43918981926795225,-0.016561791944800452,-0.189740327712809,-0.23061399446623565,-0.35400765563228664,-0.10465674889100762,-0.38828455233324877,-0.5739581768216817,-0.355443828316677,-0.43125929212953656,0.9318172299868358,0.8215231786082654,0.40025331531293973,0.3954760040599326,0.5356228276478545,1.0253466400589164
0.1928543492624988,-0.3782316841231414,0.16453302093659464,0.057191690715331284,-0.2934959036443099,-0.27987535418485393,-0.6090748565535867,-0.6785631888932421,0.3273874543581023,-0.5561374133901831,-0.6435455222047427,-1.0585902277483101,-0.6613997963821486,-0.4371100688630937,-0.7617947444467911,-0.7818177706677977,-0.47392592450341214,-0.7956165033325842,0.2596183648008987,-0.6899729754527392,0.029639809584085085,-0.4796128833576918,-0.04331086872476464,-0.09451361642412089,-0.406779780308765,-0.4187263164214316,-0.3310612291076351,-0.48286416921346553,1.1295402267396846,-0.6323935137848266
-0.8120711148377723,0.11163130967102683,-0.8496373445556509,-0.7573255063236908,-0.7643224148925695,-1.131089344868112,-1.0571656433732282,-1.1195692590765751,-0.6016246944343313,0.07345868106677646,-0.9407465976626554,-0.2482408507017004,-0.8995511142137134,-0.6534533331064212,-0.9735486380663815,-1.115862641921037,-0.9184595220344078,-1.26306818463831,-0.6911920547390069,-0.5708508288409294,-0.8877551312100629,0.11044496898488945,-0.91175243019067,-0.771444658087306,-0.9212893803572374,-1.1199321375022195,-1.1991729159700872,-1.3176074508596178,-0.5446647658353944,-0.4538257730752211
0.7293823512821351,0.1951563362626595,0.6274700225974162,0.5765280828281089,-1.4790201430448693,-0.61792728079527,-0.6619053678705025,-0.6663245934169686,0.15682663016574097,-1.3290113936754233,-0.5505837904626747,-1.1538840794209644,-0.5220660581140807,-0.3706579239620909,-1.5182109181315355,-0.6237070312622197,-0.5823566476524463,-1.059713498420565,-0.1035986533545022,-0.7896090919089135,0.5902700511805089,0.1312329150023786,0.5862504258338519,0.34318696818787253,-1.3529542142962094,0.2383972049125078,-0.13069449781763523,-0.4174688317725964,2.858321412744824,-0.4483816346389525
-0.7467793473962292,-1.0712636615185782,-0.7386479921075574,-0.7095965600026042,0.6093914629859617,-0.40574170706229795,-0.4532248481686848,-0.7543383225867647,-0.08631326815102831,0.3917009082430525,-0.7022945720045627,-0.10231115164579113,-0.620978746031344,-0.5494557263363518,-0.7045927698280764,-0.23964167154248867,0.3022438489634058,-0.607282333710468,-0.24987717943756463,-0.08590604062803764,-0.791938326282674,-0.6139349960860843,-0.7452422934055403,-0.7169255675875017,0.1426118265226538,-0.3371392767177951,-0.0735155025574195,-0.6165511410914194,0.0717251834923431,0.399270719888045
0.32627665664304295,-1.4505124309076118,0.25901838045560394,0.20123083229146824,-0.9962115199834043,-0.7856223310035867,-0.37976528005183036,-0.44498829225032166,-1.610473824763616,-1.0520993258726907,-0.6677363074164333,-1.514488673112133,-0.6409515003223298,-0.4319184950427029,-0.941217087194934,-0.744446141353752,-0.4470609990664872,-0.7170476472939099,-1.3520486840176555,-0.8057861735475542,0.2233120748628495,-1.5701805128905921,0.18615539751622645,0.08297440059732408,-0.4242207837002385,-0.22582672642446186,0.10234594504963075,-0.1715884604622891,-0.9250929376861069,-0.5294992973393526
-0.3238022452749287,0.0032745184170178865,-0.3041803782494066,-0.399642509786499,-0.011563860980680744,0.16883248990996147,-0.22693415802789524,-0.49889019147561103,-0.1516344348629962,0.344860060953037,-0.47766585218172153,-1.156521363138842,-0.19394223761931317,-0.41842040310968676,-0.43101810860813566,0.4163741599548367,0.37895453966884185,-0.31462985102859936,0.8757236822863392,0.26631314595873284,-0.380129930637301,-0.6059396322332036,-0.2401223201545382,-0.4302273850538307,-0.13644422774092382,0.44900560972887144,0.3315424218489828,-0.24658730899587314,1.1231194981008539,0.39164892607726914
0.26666243419641694,0.11163130967102683,0.346902142802979,0.1446947589706572,0.5600533555198273,0.982590783437847,1.0174759573488876,1.0283302865742527,0.18948721352172543,-0.007823965701190908,0.24252838183489492,-0.456762083328578,0.39620509750243554,0.13167875889892755,0.8206747894150462,0.6808503058696216,0.5323759210797141,1.1212324991403653,-0.6775559209516028,-0.12046616958331573,0.39659778590174444,-0.24135104054185252,0.4744591679215743,0.24171610574344185,1.010301745248467,1.0498403982440232,1.1791369398239457,1.47472772686029,-0.10002930759637524,-0.11574477618295077
2.1658012349960813,0.3734935552015502,2.286121311970414,2.3760229994814632,-0.13702361996599585,1.7583229884831213,1.6401212692982532,1.5660473005849886,-0.29679258311181417,-0.13181444382181637,2.6277398037075854,0.22471202937106624,2.850476166449531,2.4089106994751694,-0.4452297793208599,1.3966607442694197,1.005587017330126,0.6425566955434007,-0.149465648821225,0.2817549057047083,2.4270985881927922,0.390282703835707,2.6043768186712875,2.5789856322177016,-0.20620824130681795,1.3799833030912958,1.4693563779514276,1.0570512126691916,-0.10163448975608272,0.22396946224020095
-0.49980614011734925,0.556345640442692,-0.49975269445905823,-0.535726826975788,-0.5803617570545515,-0.17435295864560707,-0.3642934874518764,-0.29187565097268836,0.4616587414882591,0.1574966717929789,-0.3760645542926212,0.48844040115885407,-0.31853418105355824,-0.4121905145252177,0.06106098981993903,-0.021736325234437536,-0.16805418308300227,0.20019422877103302,-0.10731759893288499,0.22623810280846363,-0.5004106006525337,0.7612675866093623,-0.4681176487914205,-0.5327301545739672,-0.06668021417502973,-0.05063595124688609,-0.15135581543267115,0.08755390235700582,0.12148583044328101,0.443368241221819
-0.1421208054375919,0.8791585810535957,-0.19401622544776712,-0.2314547941788598,-0.24627228649815175,-0.687324892276036,-0.7468115467726887,-0.6309107852303051,-0.5036429443663799,-0.6732395316152199,-0.20949371897783764,0.1965810030470355,-0.3836834033836788,-0.19850533607793042,-0.3809219693457831,-0.24826589369188368,-0.3887997149864092,-0.43793013561030053,0.052597060937581444,-0.46496447629709875,-0.19053497620651044,0.5357983259581321,-0.2880748860484888,-0.2659821755039471,-0.4503822887874491,-0.6489409090735527,-0.8168424409402244,-0.6557273688823364,-0.408224282260244,-0.8131389098689392
1.0984227759517253,-2.0216430181422878,1.2752517450639849,0.9839287317830993,1.5820570101754818,3.3078860941495396,2.6539639388562097,2.563362634077057,2.236217103830057,2.178541465159194,2.3789202986730538,-0.5606710618129666,2.718275554713958,2.338305295517854,-0.19226204063436952,1.3644636482450112,0.6961548641048225,0.6854724572451972,1.1881151108705066,0.862291539964114,1.8542364140524459,-1.344711252239362,2.271944920142672,1.9512421611631727,1.319879555447125,2.6012590679573564,2.099766813089268,2.2963614536814667,2.7363275686070425,1.8746322361167946
1.39081634318994,1.1861694896066228,1.242243759205816,1.1970043850022367,-0.3992204196431708,0.3228381482645379,0.7256502757887809,0.8866750538275987,0.5451246767313292,-0.9101991120235285,0.49376696539059556,-0.9856253782203556,0.08662740599215493,0.34993252230815874,-1.0900843379107197,-0.3960275665181876,0.15788533396499016,0.04668785037614421,-0.09987970777611897,-0.18774812276220823,1.6870666692855123,0.7468759316741775,1.3393704791376182,1.2701834911971632,-0.30649401080779176,0.4192800991391746,1.4443705985099888,1.2323533992822437,1.7009850755956084,0.4580674149997442
-0.17902484790455073,0.669217297998952,-0.20556902049812634,-0.2661151004358396,-0.5944583591877334,-0.5065108415412184,-0.5232881691294519,-0.38587848005640535,0.022555343035585162,-0.7875863058820197,-0.5972374476566493,0.22647021851631796,-0.5410877288674005,-0.4277652359863902,-0.8829492372727649,-0.6605037124329723,-0.36484785375348816,0.020278150867346068,-0.5002861817153491,-0.6954878896477305,-0.23130808468625022,0.9723451923254076,-0.24630025809179548,-0.3192973744154276,-0.6858358345723432,-0.5262441206820375,-0.22439117072303089,0.20493014904574544,-0.04063756768719161,-0.8327378082395056
-0.40328787520376397,-1.6175624840908769,-0.45436671390407596,-0.4536216752686804,-0.5711989656679842,-0.8685192038956798,-0.8240447228407515,-0.6415870068159903,-0.7975881945702359,-0.02022301351325259,-0.6266119725565593,-1.0170969639203649,-0.6400004167846639,-0.4865338516332146,-0.2874802344096215,-0.7289225414848407,-0.749210491781781,-0.5754256336779803,-0.41103148783415866,0.20822271643815923,-0.5371063982842995,-1.4102732358329817,-0.5663762807458959,-0.5461449465581464,-0.02307770569634561,-0.5920197185826436,-0.8699372222532818,-0.49566885067041905,-0.19473505501912597,0.5538842514780687
1.5355937405603184,2.965026812693281,1.4898036531420842,1.6146326653117458,-0.8284619545985457,0.17833901203061436,0.31935848637535635,0.4611885642907738,-1.3600760190344046,-1.3455434574248404,1.14933724462741,0.1702081658682565,0.8793555346367603,1.4349714507698461,-0.4978129609579396,0.06508084440280713,-0.18067746130035245,-0.15468610837844116,-0.8833375762887922,-0.5851896057479066,2.367977580897169,3.1454850875383276,2.142502410981087,2.7389312289521435,0.38678587400328557,0.9827998849991747,0.5986980635689827,0.7277879752046756,-0.2942563489210009,-0.47832439603842947
0.24962979921166645,-0.8635798116150597,0.2293111931832518,0.08474947519833984,-0.8629986298248394,0.11369466161017483,-0.3026578909154746,-0.28276180327759104,0.2838400098834567,-0.5272063018287043,-0.6041491005742752,-1.2792429654774262,-0.28381963192874954,-0.4344104504764905,-1.0023272712596478,0.3887766490767721,0.13652286313562817,-0.027589429492350482,-0.810198313247261,-0.23664702862446355,0.025562498736111182,-1.0280948436652941,0.20086477355731563,-0.13114631761168646,-0.7992023566169214,0.685544779102205,0.3137640787848822,0.35279373253675467,0.09259255156854293,-0.04605980419871445
1.830826080295991,-0.3533999194607643,1.69197756652337,1.907256562399361,-0.7904011288389557,-0.4749491881006509,-0.027813445135805054,0.5601389106946865,0.033442204154246306,-0.8578475768170419,0.4730320066377179,-0.8620246813091456,0.24973823270187273,0.6911227537842453,-0.6093745760528244,-0.7030498750366553,-0.4409111968580346,0.27777272107812734,-0.8126776102995164,-0.11605423822732282,1.7747288525169531,-0.3724750077290928,1.5129411164224706,1.8428919182140349,-0.3544567701343444,-0.4282131815032498,-0.16000473908547688,1.0860141826313479,-0.23486460901181724,0.2479236713597819
0.10201362934383018,0.4795929133044352,0.09727924975057528,-0.01837914095972249,-0.10671592537965577,-0.07890747655425231,0.39357277608245234,0.01877635760591142,0.9878570288902232,-0.9005554081697019,0.04761976955784512,1.7508202074497328,0.20361068112507208,-0.040058503079601765,0.862954509785401,0.2599882649791376,0.6955075165039328,0.9726779394033765,0.46292072308583276,-0.22010228603948986,-0.015210609743628584,0.5613834902873498,0.030236011480681252,-0.1299424260233628,-0.057959712479292665,-0.3586428375699164,0.28829780358495405,0.11804123915927583,0.19853457410924774,-0.8713911911370117
-0.48277350513259876,-0.9696791697179443,-0.5480268737766306,-0.5061803363960676,-1.1766480272881272,-1.3250223961294305,-0.9884482425817254,-0.9785389758861563,-0.9318594817003927,-0.7379901146337692,-1.0067528830259826,-0.9664611165371096,-1.006167578786071,-0.6602231453682108,-1.305746440976309,-1.171632611820459,-0.8327830670566486,-1.3130815530830964,-0.4023539481512651,-0.914613813662047,-0.6288458923637146,-0.8585931299842272,-0.6919943521367977,-0.586561307023301,-1.230867190555894,-1.116580111839977,-1.020908989570591,-1.1316346963657709,0.007517897104037934,-0.9056892632855025
1.3681061632102733,0.44573141603755667,1.308259730922154,1.3504188553200154,-0.41331702177635166,-0.013692734806573584,0.23759698076584365,0.8033484463295667,-0.801217148276456,-1.1416480045153652,1.3207462369845318,-0.7502038516711235,1.2426694460251693,1.147358261120193,-0.8868574467187639,-0.5052677137438596,-0.3085286124760794,0.3272909076571237,-0.8163965558778992,-0.7903444138015787,1.7482263320051223,0.13443106054353074,1.7218142562059369,1.6881058568581235,-0.5506680582884224,-0.13095807560627998,-0.029790388534901582,0.9777841369832895,-0.5542958587936401,-1.0113055489491103
-0.09670044547825758,-0.8003716833835542,-0.14532944630696742,-0.19537398356708607,-0.5486444022548939,-0.6928386751060147,-0.9881966687183115,-1.0083021985018596,-1.4435419542774746,-0.6084889485966707,-0.17389870645206426,-1.3026268811092765,-0.30331684445090235,-0.23796129711290084,-0.18053741229637205,-0.7904419928171927,-0.7923885767611278,-1.0002916745257693,-1.0135006715321953,-0.47195003427742094,-0.20684421959840643,-1.3175270151395682,-0.27866088538219147,-0.3058825824312485,-1.0782584108804998,-0.9310170308396134,-1.1518921333347492,-1.2444378425341698,-1.6650819133113335,-0.8909900895075781
-1.8144416836903305,1.3893384732078906,-1.8118201323212801,-1.3519486292405634,-1.055417248942767,-1.0426786891460404,-1.1209018816691358,-1.2670573543480914,0.24392151911503215,1.371225685396002,-0.09994402023346743,0.4181128353487772,-0.1811026098608222,-0.4497775089848474,2.0322197176747827,-0.8978423059843272,-1.042944465685508,-1.934039612783711,1.038117639209061,1.1119333225240484,-1.4693835236735526,0.8284286429735589,-1.476886657689316,-1.0946035572959252,-0.27597225487271326,-1.0809094991323407,-1.3208824915954036,-1.7493081399797608,0.25953149617813887,0.8119364133571929
1.104100320946643,0.2764239297031666,1.093707822844055,1.0009747840406302,0.292217914989379,0.4806464154673753,0.350805219302092,0.7541336687760417,1.1366441308452622,-0.29300206537863166,1.203248137384892,0.11218792407494327,1.1794223907703807,1.016322937893528,0.37549420433896163,0.0972779404272156,0.16662452657700186,0.7861594366224903,1.0567123671009757,0.05454044087107145,1.0693540758174531,0.051279276473573575,1.0598923343569238,0.9313740013403352,-0.04487895993568767,-0.13665019465537095,-0.09850128199885823,0.5204740849492397,0.5693316530017151,-0.4472928069516992
0.8202230712008037,0.2087009351694112,0.7347459766364661,0.7092031895658915,-0.5803617570545515,-0.5814222358519632,-0.24668270630588507,0.13647519069688138,0.8100382972854218,-1.4695339355454669,0.6192134658455052,-0.6484047001610372,0.5864218050356341,0.5744161743018589,-0.6758141366348098,-0.5909349870945181,-0.41307525001977496,-0.08040882850994648,0.3092043058460043,-0.4656997981897642,0.7166666874677028,-0.11022707335461225,0.6656810564557336,0.5598874540861483,-0.9082086278136318,-0.6685470969093102,-0.39256468619425355,-0.07860208321536549,0.6078560248346988,-1.076635210184332
0.40008474157696106,3.211087026165929,0.48718608270019786,0.25634640125748503,0.7292125811180045,1.1461029639130762,1.0816272925194281,0.9200056968268112,1.045920288189751,0.4964039786560257,-0.5692452533402645,0.09460603262242406,-0.4611967117034571,-0.3692042832923815,-0.5667395639146517,0.014485407793022056,-0.10785085620025489,-0.24712005665923434,-1.3014710241516476,-0.17965958194288786,0.44960282692540593,3.8059021417862575,0.5568316737516736,0.25891455700520977,2.4579050267407787,1.910615290000993,1.41938481906855,1.3207666760088268,0.9882841966854119,1.9562943126608208
1.0813901409669753,1.1613377249442458,0.9616758794113787,0.9779626134929634,-0.5218608582018487,-0.63408836840038,-0.4040421578712703,-0.03174039818977027,-0.9608911113501561,-1.074142077538579,0.05038443072489555,0.3671253501364717,-0.05127970696941408,0.10405958617444827,-0.5315656789006593,-0.7829676669543837,-0.5179455613639156,-0.5273929926963539,-0.775488154515687,-0.4031974373131974,0.9449960949542465,1.431279077480748,0.815716692074843,0.7490704179655954,-0.018717454848476475,-0.46616064183052236,-0.32145131393785087,-0.017627409610825474,-0.6297394202998993,-0.2714471354602285
2.154446145006248,-0.47078644331927466,2.022057425105061,2.5322784785088306,-0.14900573177919935,-0.34223813929633684,0.3482894806679531,0.9371918096232804,-0.31130839793669635,-1.702360500016421,2.765972862060103,-0.3045029033497619,2.311211800592912,3.806482371924385,-0.48750949969121443,-0.8157397111220853,-0.36452417995304326,0.041736031718244485,-0.9688733245915998,-0.7517400144366405,2.9489943767334625,0.1120440417554658,2.7102843261671294,3.8843480829858863,0.19057458584920706,-0.5787381074680982,0.053815873442220746,1.0250395090268078,-0.6201083273416536,-1.0630248640936608
1.4305591581543577,1.6399135529827886,1.4155356849612037,1.3731469249967234,0.4261356352546026,0.7924603410247899,1.2954650764212303,1.2494061920924682,0.3600480377140867,-0.09599497236474692,0.7930415367237961,-0.39241236061235796,0.6886632853347283,0.5991280656869196,0.16054268480900824,-0.047034043539329974,0.2478666504886662,0.20019422877103302,-0.7556537780976446,-0.147673079611939,1.5158196136706046,1.6247668827204564,1.542359868504649,1.4438878489410192,2.0175196911060698,0.8208907209361443,1.4438901027514996,1.10430658471271,0.5805679281196683,0.6932541954465407
-0.42599805518343115,-0.493360774830527,-0.46509430930798057,-0.45958779355881635,-0.7135746472131164,-0.9377266849340327,-0.7478178422263443,-0.6754384411120657,-0.013734194026619326,-0.638797732137268,-0.8204838368959653,-0.9789442594683982,-0.8354480837750253,-0.5706373475235463,-1.08439966962563,-0.9641338269060115,-0.6364101723267409,-0.7971020489299541,-0.5411945830775615,-0.8124040705815435,-0.39643917402919693,-0.5739581768216817,-0.4634106484582716,-0.431603261154772,-0.41114003115663356,-0.6489409090735527,-0.41418699532626796,-0.2476543657839526,0.5998301140361606,-0.6078948908216182
-0.36070628774188795,0.4592760149443084,-0.3821617448393311,-0.3982220054317047,-1.4409593172852795,-0.38901022812994906,-0.3503311380324058,-0.7808986787267623,-0.8084750556888971,-0.24202820215126258,0.3202844771581861,1.0088643881534223,-0.15257010373084237,0.00915761673770357,-0.33011524654779417,1.1206856354887746,0.6320674516167366,0.27942332729742714,0.774072503143872,1.4277540754238773,-0.38420724148527485,0.20319118967830357,-0.46311646093745007,-0.4104491661027976,-1.6529394726295557,-0.38394114445476485,-0.4377312874922392,-0.8955102728321899,-0.655422334855222,-0.16093112520397876
-0.9256220147361081,0.4841077796066855,-0.9647526952360153,-0.8357373467083333,-1.5255389300843678,-1.1664536071569407,-1.1209018816691358,-1.2670573543480914,-0.5145298054850411,-0.47072175068486316,-0.31213176480458177,0.14031895039897402,-0.36038185671086176,-0.4180050772040554,0.937565781027203,-0.8203392962684294,-1.042944465685508,-1.934039612783711,1.189354759396634,-0.5954841122452235,-0.9427988276577117,-0.15500111093074323,-0.9794155599796802,-0.8120330030650783,-1.387836221079157,-1.143649300206765,-1.3208824915954036,-1.7493081399797608,-0.7035777996464515,-1.0096723074182297
1.8365036252909077,0.4299293839796802,1.8941514799046562,1.89021051014183,0.8842752045829999,1.1556094860337291,1.631316184078767,1.6519778645673342,0.16408453757818206,-0.0932396284065109,0.6351102675560449,-0.014401694383195067,0.633975981918934,0.7120967120186243,-0.09739913862693565,0.14959822146687965,0.2718185117215874,0.5072069855608103,-1.1498620094062364,-0.04436035369243742,1.5443607896064226,0.8028434786443412,1.6423836255840547,1.5058022734833836,0.6309599214839161,0.6665710489385687,1.167605041620205,1.4716789931800631,-0.6682637921328831,0.3007318141915858
0.2354359367243743,-0.1276566043482442,0.24540258628910924,0.09895451874628233,-1.0272240446764043,0.2486872757234455,0.017469850278694164,-0.33952805463562524,-0.21332664786874403,0.28010947793448776,0.05314909189194579,1.2040233832763854,0.18934442806008206,-0.028429377721926215,-0.40863472723559524,1.3489400483760998,0.6734976980736811,0.5864360840872048,1.6257110405935657,2.029615044570582,-0.007055988047680775,-0.043066016990416324,-0.008008366226150948,-0.12856654992242128,-1.4052772244706306,-0.013953406263855788,-0.11964309537238346,-0.4680778108643646,-0.07113602872163717,0.4199584459458647
0.15878907929299782,0.17935430420478302,0.11749664108870364,0.08474947519833984,0.1914272097371316,-0.6011958018629212,-0.1907075216962957,0.10236336075237448,-0.7867013334515748,-0.5065412221419325,0.22835949335376188,0.027794845102851046,0.1532032536287743,0.0955454051090072,-0.43421573451849876,-0.7869923039574348,-0.3962442123966413,-0.10351731558014499,-0.7866449912508358,-0.6480596275708062,0.567844841516652,0.822032351891254,0.47151729271335663,0.4360586050014193,0.6309599214839161,-0.4250508931426437,0.07928214864214864,0.7033981057628594,0.21298121354661678,-0.12554422536823395
-0.8972342897615238,-0.38726141672764197,-0.8706799355402333,-0.821248202289432,0.06455779053849889,-0.11598291282479865,-0.4588852600954972,-0.5410742865214896,-0.6669458611463002,0.163007359709451,-0.8844166263840045,0.6308537219242595,-0.8121465371022085,-0.6377124812829961,0.9098530231373909,0.48709278157987673,0.38154393007240095,0.28767635839392647,-0.8957340615500685,-0.11531891633465739,-0.9509534493536599,0.12323755114949855,-0.9102814925865608,-0.8202882596707269,0.47399089096065383,-0.020910440657189056,-0.30078999632281495,-0.24612999894383908,-0.9748535846370444,-0.09179056706336906
-0.33231856276730415,-0.7484507209076745,-0.3611191538547481,-0.4004948123993754,0.32041111925574267,-0.4599288831500194,-0.34668331701290445,-0.38952401913444423,-0.26413199975583074,0.24842302241477096,-0.681559613251685,-0.8098064636951636,-0.7807607803592308,-0.48030396304874556,0.6341466113105415,-0.30346091544801285,-0.2871661416467174,-0.06555337253624759,0.7195279679942556,0.32293293169397586,-0.5187584994684166,-0.9289523318895758,-0.5460773418091929,-0.5143278117238758,0.7138046875934152,-0.3004567317347648,-0.24409149682108838,-0.13957675681990553,0.7764001516040022,0.6192139127132897
1.9784422501638272,1.6331412535294128,2.096325393285941,1.8646414317555335,1.27898006431208,3.4143591419008517,2.0074191098825254,2.628461546184894,2.149122214880766,1.5269026190363453,0.7712698300332747,-0.8110371960968398,0.7328886698361969,0.844378012962183,-0.9547181743720219,1.2810961674675245,0.21032048963706032,0.6524603328591998,-0.30566136311330866,0.5321320101573084,2.1192616191707554,1.2377912722410398,2.033653028277027,2.0716313199955483,0.7486866943763635,3.1881797876858413,1.9368787509614271,2.675928796869728,1.9289209422740945,2.3918253875622963
-1.4417108547740436,-0.0983099733836168,-1.3129869460396995,-1.1652943570205991,0.26261505050969863,1.7792373371485575,1.3633900195429796,0.010964488152970896,1.9132402239764377,3.3798714309501534,0.20278637755854606,1.2075397615668892,0.4261642289389144,-0.34470005486013666,1.0320733912668183,2.3338262178370273,2.281185464883391,2.237042303387084,1.7930635916207978,1.4814325735884581,-1.2689836954956308,-0.37407408049966917,-1.1400419463483737,-1.0101591616006447,-0.42858103454810703,0.7620721574288717,0.8937224592813562,-0.003908108049804009,0.3831305224756277,1.145117685656822
-1.0874320470912366,1.8679143012464334,-1.0819310450325157,-0.9468207872532437,-0.398515589536511,-0.5141160592377408,-0.3663060783591875,-0.554094068943057,-0.7612986575080314,-0.22411846642272787,-0.6452734354341492,1.7842258012095187,-0.6827991759796335,-0.5469637709025641,1.815491739305739,0.11797607358576395,0.5119844716516868,0.9066536906313811,-0.24987717943756463,0.4008770523165178,-1.1099685724246453,1.4664586784334221,-1.1120941318703048,-0.9061085314669487,0.2821398536544432,-0.5268765783541587,-0.35989097461698744,-0.3580185250081699,-1.0759800606986263,-0.08906849784523514
1.2744266707941458,0.20644350201828565,1.2463697574380868,1.2481425417748295,-0.10953524580629194,0.056655528886257564,0.753323400764308,0.7460614036746701,-0.38388747206110535,-0.8137620734852635,1.5422647129944413,1.0985320345612701,1.3120985442747868,1.095234859963469,1.3536124411422028,0.10992679957966192,0.6016421143749181,1.2202688722983581,0.3079646573198767,0.13579351001060824,1.0245036564897387,0.24316800894270607,0.9569267020692995,0.891817563438269,0.08156831465249675,-0.2694663058008254,0.33490589215840744,0.5219984517893531,-0.8913841123322465,-0.5583532310515756
-1.0249790521471518,0.19289890311153474,-0.959388897534063,-0.9104558757705109,1.1450623440468564,0.5072646774052036,-0.30630571193497597,-0.4681635049607118,0.4326271118384957,2.055928659017685,-0.252345967067118,1.1178721151590414,-0.39557194760450365,-0.4337874616180436,1.7550921387766611,0.699248646454998,0.4430419521569278,0.6144963898153027,0.30052676616311114,1.082520446817429,-1.0447315988570616,-0.47801381058711545,-1.0223669380196603,-0.8772151333471787,-0.08412121756650265,-0.31247342750506785,-0.6986404843518791,-0.8139566468861177,-0.8239664616245249,0.31543098796951097
-0.24999416034101052,0.17935430420478302,-0.20721941979103448,-0.3175373580793915,-0.9243188491041794,0.3551603234747578,0.14954612857098395,-0.5293564823420788,-0.732267027858268,0.19607148720828532,-0.4341224388006785,-0.7220728253470927,0.23594752140571587,-0.3527989100199464,-0.7145409393269831,2.372347743437659,1.443841343132491,0.3239896952185238,-0.6428457622200288,1.575553775849641,-0.17218707739062752,-0.03826879867868784,0.22439977522305823,-0.2596187485370929,-0.5157860515054753,1.9624768191149322,1.8292477010598442,0.3192576620542576,-0.08237230383959125,2.201280542292901
1.5526263755450684,-0.2676174597180069,1.6012056054134043,1.5890635869254492,1.1309657419136754,1.197438183364602,2.0338343655409834,2.08163068447906,0.8136672509916418,-0.28611370548304105,1.139660930542734,-0.3097774707855175,0.9126434584550698,1.1685398823073876,-1.0243553608643703,-0.14592512418572795,0.26113727630690625,0.2167002909640317,-0.44450199803960505,-0.19473368074253036,2.1294548962906905,0.10404867790258518,1.986583024945542,2.3175691730388293,0.5175933994393379,0.8240530092967504,1.9512936237161034,1.6759441497552723,1.198563059607114,0.42268051516399935
-1.1970086654931302,-0.28793435807813367,-1.1260792261178172,-1.0007999527354252,0.07301575181840839,0.4901529375880282,0.5231333157406034,-0.29942712477719746,-0.4854981758352777,2.5160711000431215,0.08459711266714352,1.8229059624050614,0.12324412219229564,-0.27658660633660875,2.1032780712384036,3.6090611996609248,2.831430925639684,2.126451686693992,2.275286868284453,5.173851457608225,-1.0243450446171916,-0.2157658762126349,-1.0091284995826804,-0.8500415803535853,-0.07976096671863472,0.25737093507614417,0.35412572249797575,-0.23866060142728307,-0.45316938273205765,1.7276404983375462
-1.453633699263369,-1.1141548913899568,-1.4660614804569587,-1.1601805413433397,-1.8257965555211324,-1.3776885286778477,-1.0745997121078104,-1.1766479852127267,-0.05365268479504487,0.748517950834633,-0.8018223740183753,0.14207713954422574,-0.8221329142477015,-0.6439631361627467,0.1594768095055538,-1.174334868093936,-0.9238001397417482,-1.360949133442793,0.8137412559799568,-0.6230586832201794,-1.3425791563015617,-0.9065653131015103,-1.367154712422791,-1.0301093650642954,-1.452803958712396,-1.2774773436276134,-1.2501535159457922,-1.5375735858879958,0.15198429147772566,-0.34984272894249396
-0.09953921797571591,-1.3692448374671047,-0.15812004082700803,-0.20446521143776908,-0.2801041316177868,-0.7873335049853042,-0.987190373264656,-0.7678788963051948,-0.7649276112142515,-0.5203179419331136,-0.6480380966011996,-0.931121514717546,-0.6628264216886476,-0.4788503223790362,-0.9209654564293018,-0.9863268252371216,-0.904671018135456,-0.8068406256238234,0.13565351218813387,-0.7521076753829732,-0.32916354503762607,-1.408674163062406,-0.3883928306487169,-0.3841355356722925,-0.6509538277893956,-0.930384573167492,-1.1415614745272311,-0.8648704993459084,-0.11768631135315924,-0.8997007110056072
-1.3409344311142706,0.5292564426291894,-1.326190140382967,-1.0962578453775986,-1.1463403327017871,-0.8192754193106979,-0.6510876917437054,-1.1335264658324955,-1.918934889792353,0.5983517051107619,-0.9953486557119,-0.0741801253217604,-0.8078666611827117,-0.7059920601687766,-0.506339963385574,0.08232928870159734,0.1659771789761121,-1.087608743526733,-0.11599513861577859,0.2703574163683932,-1.2883509220235074,0.3599003211947609,-1.1991736380335525,-1.003451765608555,-1.017214899010342,-0.4149315703887042,-0.423316414737563,-1.3584604821746595,-0.8352027367424786,0.4134254798223428
0.02820554440991204,1.9220926968734389,0.027137279801965827,-0.08741565260272317,-0.9673134856103828,0.005320309434732174,0.2665279750584404,-0.11923333606270368,-1.6721660377693628,-0.22136312246449183,-0.2461254794412548,1.933671878555932,-0.36513727439919186,-0.22508619403833152,-0.22494888327363516,0.18064542120470214,0.20319966602727305,-0.26527672507153316,-1.0655659096295564,-0.09509756428635624,-0.10898875924703055,2.366736648267767,-0.14333462580417122,-0.2071634721887007,-1.039016153249684,-0.07403688511537082,0.15135651241552991,-0.49643103409047573,-1.6153212663603966,-0.3541980396915086
0.46253773652104585,0.20644350201828565,0.44180010214521503,0.3029389440947363,0.46137714058755624,0.31903553941627666,0.32187422500949514,0.41561932581528765,0.47980351001936133,0.018351801902053825,-0.20500114458138072,-0.5332433111470365,-0.2990369685314052,-0.17877735556044522,-0.7724534974813342,-0.09015515428630581,-0.27130612542491833,-0.5084110211744052,-0.3378922247926274,-0.26348627770675387,0.6677389572920145,0.7276870584272641,0.5450641729188025,0.35006634869257974,1.0146619960963361,1.2250311734215988,0.5895686441576876,0.5052304165481047,1.7603768155047912,1.194114931583238
-1.2816040859173903,-0.563341202515408,-1.2482087737930425,-1.063018043475413,-0.7854673180923423,-0.21561126464924063,-0.06152434283326568,-0.6702305281434389,0.8463278343476263,1.1507981687371096,-0.7679552747220085,-0.49456314995149436,-0.6866035101302974,-0.5965952166255006,-0.35036687731342603,0.5405629589061267,0.5844874029513395,-0.5293737201595137,-0.3651644923674354,0.06740857399271735,-1.1283164712405283,-0.4268434819286802,-1.062670628372245,-0.912987911971656,-0.3762580243736859,0.5520962102846293,0.7649495960062485,-0.5115222658075994,0.13753765204035753,0.7504176490273599
0.2723399791913336,1.4457743019860207,0.25200418346074294,0.17594585477613067,0.4543288395209663,-0.11275069530377661,0.4325667249116046,0.4393153298225406,-0.5653351573721268,0.2401569905400638,0.8528273344612599,0.4954731577398617,0.6187586453162781,0.4687157313187013,1.2718953345440391,-0.05738311011860434,0.5469412420997336,0.9479188461138782,0.09350546229979385,0.3747731251268929,0.4536801377733805,1.1962153802060616,0.40679603813256415,0.28471223389786166,1.4855690876661243,-0.1183089221638557,0.6150349193576156,0.5768756580334393,-0.3889620963437516,0.5397294915437709
3.77538524105499,1.5654182589956567,3.920016611949784,5.245441796165846,0.877226903516409,1.8096582079346468,3.4514530858782253,3.131025147657398,0.9370516770031375,-0.9184651438982366,7.396780316869442,0.14383532868947785,7.502701290942735,10.412240900989701,0.25220796090607905,1.6346892755927263,1.5642479968979857,2.354235344957375,-0.4308658642522011,0.2611658927100747,4.0274430960225835,0.9003869176494833,4.23123380881575,5.7950960181683016,0.16441308076199584,1.0833606548664472,1.962345026161355,2.252154815318175,-0.40982946441995144,-0.5550867479898143
-0.8432976123098145,-1.4121360673384835,-0.8673791369544165,-0.7749397603231396,0.111781407684657,-0.9979980351789718,-0.8715921830259756,-0.8019907262497016,0.09876337086621419,-0.2544272499633252,-0.6273031378483219,-0.7783348779951542,-0.6866035101302974,-0.5257821497153694,0.738602391049064,-0.9384911397151431,-0.6558306003534337,-0.5752605730560504,0.4257312673020031,-0.8193896285618657,-0.8755231986661408,-1.5094157476087,-0.9155768679613531,-0.7630174169690397,0.09464906719610175,-1.041001420021492,-0.9789617098544832,-0.9099917578132681,-0.05989975360368396,-0.9116778155653977
1.6377895504688205,0.2087009351694112,1.5929536089488625,1.5890635869254492,0.5459567533866454,0.5205738083741177,0.6539517247158235,1.1887340060079639,-0.002847332907958181,-0.14008047569652543,0.3500045847039774,-0.6162298388029271,0.3714769255231197,0.3925034276353638,-0.6576942564760866,-0.1309764724601097,-0.05509202672773977,0.01037451355154691,-1.2242409209738954,-0.16789443166024,1.5178582690945919,-0.08144376348424248,1.5629529949621734,1.3097399290992293,0.4260281316341006,0.48442323936765963,0.6899922576819321,0.7094955731233136,-0.557506223113055,0.37531651076846334
-1.467827561750661,-0.8071439828369297,-1.3678627225289055,-1.163305650923887,-0.09402898345979249,0.39318641195736903,0.04426246673227301,-0.6660641977685372,-1.8064373248995196,1.2031497039435972,-0.322844826826902,-0.4312683407224252,0.19362430397957897,-0.49546335860428686,4.0538298765597975,2.4315674021968383,1.9552459478353987,1.8755595413604103,0.42077267319749273,0.6446362597351285,-1.400680835885191,-1.3862871442743405,-1.2953729573422756,-1.0567669645200357,-0.61171157015858,-0.4199912317656739,-0.5789970404880663,-1.163036653272109,-1.997354620370817,-0.39448466411989536
-0.6559386274775605,-0.4391823792035217,-0.6858352147344867,-0.6414123509724802,0.33450772138892354,-0.912629466535509,-0.8249252313627001,-0.8626629123342059,-0.3076794442304753,-0.7021706431766997,-0.762771535033789,1.2339125987456678,-0.8853799695024901,-0.5467561079497485,0.31651577088115584,-0.950507555909967,-0.5393080321932776,-0.9040613319405862,1.3567073104238665,-0.6837227393650824,-0.7572811840748951,0.11844033283777007,-0.8179066110485211,-0.67926095932423,0.16005282991412792,-0.9759215255602194,-0.8979020753973538,-1.092915778626888,0.487467362856625,-1.0183829289162596
-0.37490015022917966,-0.42338034714564526,-0.36483255226379224,-0.4158362594311534,-1.0934780747023567,-0.27892470197278874,-0.19133645635483051,-0.20386192180289228,-0.8302487779262193,-0.7435008025502412,-0.14763442536508592,0.07174957373414888,-0.09740725854621472,-0.21241875391657786,-0.5397373895604759,0.5440126477658851,0.4281529573364633,0.3503993947273219,-0.21764631775824583,0.08064436806069636,-0.5187584994684166,-0.7482571088144766,-0.4898875253322323,-0.5046966790172857,-1.5953841614376933,-0.46236589579779513,-0.40746005470741914,-0.48469340942160166,-1.4580134147090469,-0.7586975255062547
0.4909254614956297,1.0416937679346099,0.48718608270019786,0.36373653047993043,-0.8418537266250676,-0.06502795425809924,0.12916864563445912,0.12970490383766622,0.16045558387196202,-1.3111016579468886,-0.011474862887856156,-0.2570317964279598,0.014345057129539394,-0.08761331927438192,1.0050712169126426,0.34220584947003835,0.5919319003615717,1.3539679760616485,1.160842843295698,-0.31091453978367817,0.11322468196755194,0.30713091976574985,0.13614351897652316,-0.01368089549381168,-0.8210036108562635,-0.39153063652021947,-0.20517134038346255,-0.04354164589275507,-0.14015886158906654,-1.175718529724418
2.580262019625007,1.7234385795744205,2.541933202371224,2.884563558497804,-0.06090196844681623,1.2278590541506909,1.331943286616244,1.9540368167476994,0.38545071365762906,0.02661783377676098,2.2510547196969752,-0.4583444535593047,2.0800985009400765,2.3881444041936057,-0.18195857936764465,0.19099448778397632,0.41261661491510937,0.8984006595348821,-0.5635082565478591,-0.2921638315207081,3.001999417757125,1.4024957676103784,2.9015062147012887,3.5420989028767047,0.7050841858976794,1.0011411574906899,1.475602822811787,2.2033750764345426,0.33176469336498315,0.1254305565437417
-0.08534535548842374,1.1635951580953705,0.018060083690969373,-0.1669638964712011,1.4269943867104853,1.2259577497265606,0.5860267815940744,0.4929568333993984,1.713647770134313,1.3050974303983354,0.23665347685491298,0.534153318935404,0.04810852271668223,-0.036320569928920354,0.9734502495768311,0.7619179940739358,0.0821456646608886,0.7333400376048941,0.48275509950387513,1.1571556189229764,-0.055983718223368346,1.1514413426299306,-0.04036899351654697,-0.16588718916045772,2.069842701280491,0.8999479299512959,0.3036736678566089,0.5692538238328718,1.2114045168847747,1.8419674054991837
-0.5253550925944748,-0.3195384221938858,-0.5562788702411731,-0.535726826975788,-0.6416819763338915,-0.7293437200493218,-0.7170000439581433,-0.5762276990597217,0.5923010749121949,-0.9542846153553071,-0.2502724711918302,0.9789751726841395,-0.3775013603888497,-0.3116816453624509,-0.373816133989421,-0.1269518354570586,-0.3765001105695037,-0.1596379270363409,0.6612644872662564,-0.5811453353382464,-0.4453669042048849,0.5022177977760339,-0.540487778913579,-0.4716756525946912,-0.34573626843860733,-0.4731176762238558,-0.6592398321557641,-0.2962816679835732,0.8967888135820752,-0.8441704989556694
-0.8234262048276056,0.11840360912440269,-0.8232309558691155,-0.7595983132913616,0.6657778715186872,-0.6812407181188181,-1.0579329436566405,-1.0695993341425993,0.4979482785504636,-0.3605079923554169,-0.37675571958438386,1.3042401645557449,-0.4345663726488093,-0.439809687249697,2.113936824272947,-0.8203392962684294,-0.9362292136788316,-1.1141835036574608,2.7252792832687893,-0.6929142630234012,-0.8775618540901278,0.006505238897443149,-0.8961604915871154,-0.7711006890620706,0.4565498875691797,-0.9968558745074315,-1.2567363078370943,-1.441081164908811,0.6351441215497285,-1.047781276472109
-1.0306565971420685,-0.16377553476624745,-1.0328316660684893,-0.9101717748995519,0.7644540864509581,-0.7004438928025369,-0.8319692995382888,-0.8035531001402897,-1.1641125188985009,0.4275203797001219,-0.892019444593393,0.5956899390192211,-0.8739669670504981,-0.6379201442358118,0.6874403764832568,-0.9168155947129965,-0.45774223448116824,-0.4156469516497519,-0.31433890279620225,-0.19510134168886317,-1.0651181530969314,-0.19177978465399362,-1.0770858168925121,-0.875495288221002,0.40858712824262766,-0.9480933879868861,-0.9161609142199436,-0.7542014667536684,-1.0968474287748258,-0.3291550028846736
0.28369506918116694,-0.5994601329334112,0.2841869696724578,0.17594585477613067,-0.5070594259620081,-0.14716430538053984,-0.17121054728171967,-0.20490350439661764,-0.7576697038018114,-0.41837021547837655,-0.46833512074292666,-1.5157194055138095,-0.4274332461163144,-0.29818355342943464,-0.5216175094017523,-0.35175655948462575,-0.38297358657840136,-0.5706388756420107,-0.6465647077984115,-0.35540151428994043,0.3028196363983425,-0.8793810760017169,0.30383040584493987,0.18066160376416576,0.7486866943763635,0.49833730815432614,0.2777268968981916,0.15919914384234043,0.8325815271937701,0.7041424723190779
1.9301831177070352,1.2990411471628829,2.1087033879827546,1.9669177453007194,0.9829514195152699,2.281181705119029,2.871575330709221,2.571174503529997,1.256399603150537,0.8118908618740647,1.919986544942696,-0.3484576319810597,2.798642113646734,1.6197914787757601,-0.19226204063436952,1.0229444511289627,1.4962764988045616,2.397151106659172,0.01540760515375225,0.8696447588907689,1.6320229728378635,0.5869686546165674,2.1101417836906906,1.6072731359278143,0.38242562315541645,1.0390886178179626,1.8499090186748806,2.125632367588754,0.05246299757585164,0.7765495135214481
0.950806606083889,1.2064863879667496,0.9988098635018186,0.937336188945848,0.6305363661857335,1.0776560046443757,1.594837973883754,1.4488692587908818,-0.9608911113501561,0.10376746460737381,2.3547295134613635,0.3266869997956773,2.122897260135046,1.692473512261232,-0.27220268839344314,0.6342795062628874,0.4601966635805064,0.6557615452977994,-1.1151518506746623,0.46779134454907784,1.3975775990793593,1.0538979036247884,1.4099754841348464,1.3338177608657045,0.24725784687149616,0.8139336865428111,1.0287417674168238,0.8741271918555715,-1.1819220832393311,0.464600381123266
1.8024383553214067,0.3012556943655445,1.7662455347042498,1.8305493272404716,-0.3097069960974681,0.5262777216465093,0.794833088227599,1.3759584772301041,1.3180918161562836,-1.1995102276383238,1.4755672623393516,0.8998566611478033,1.0914471635362766,1.2376916455949938,-0.7113433134166204,0.3209327681681968,0.2818523995353785,0.8703403538067842,0.9563008364846365,-0.4149625875958452,1.4159254978952422,0.2255782084663685,1.3128936022636575,1.3080200839730525,-0.9692521396837894,-0.005731456526279882,0.16481039365322758,0.7094955731233136,0.519571006050778,-1.12182155920536
-0.3521899702495125,-0.25181542766013043,-0.3070685770119961,-0.4590195918168985,1.8216992464395663,1.187931661243949,-0.5139799361831381,0.11382076928335393,-0.34034002758645976,1.3271401820642235,0.12433911694349235,-0.09703658421003518,0.1441679600209475,-0.13350683184663703,-0.5923205711975553,-0.11602782073449124,-0.5881827760604541,0.11931452402533879,-0.28334768964301105,-0.20171923872285266,-0.2516946389261201,-0.21896402175378704,-0.23718044494632012,-0.3607456419562881,0.596077914700969,0.26432796946947745,-0.7221847765178504,-0.07860208321536549,-0.504535211842703,0.24302394676713993
-0.3294797902698453,-0.23601339560225393,-0.31820877223912797,-0.3678232122391077,-1.581925338617093,-0.46829462261619387,-0.6105842997340699,-0.7767323483518607,0.25843733393991436,-0.5382276776616484,-0.5906713773849047,0.13152800467271422,-0.22627907789995697,-0.42755757303357456,-1.176420237490519,0.6797004095830356,0.07437749345021162,-0.17614398922933958,0.7282055076771492,-0.052448894511757785,-0.4392509379329237,-0.18058627525996088,-0.32543670119285517,-0.45155346461842283,-1.6847693038189955,-0.14234231370446176,-0.550167294978714,-0.7420065320327605,0.4987036379745782,-0.6530812398426461
-0.6701324899648528,-0.26987489286913163,-0.6969754099616187,-0.6351621318113854,0.26261505050969863,-0.8457035508061129,-0.7831639700359951,-0.3517666501118986,-0.6669458611463002,-0.0036909497638363755,0.8237983922072314,1.5486284557457617,0.60163914163829,0.1725883606036074,-0.4775613301923074,-0.8772591624544375,-0.6312313915196228,0.42962849325371605,-0.5821029844397739,-0.40062381068886815,-0.5962274055799226,-0.3756731532702449,-0.6552209120340748,-0.5690188867362976,-0.7948421057690536,-1.104057449931977,-1.0268190874000083,-0.6578614824584953,-1.4740652363061233,-0.8338266359267589
-1.292675298657478,-0.7732824855700515,-1.3072105485145198,-1.0655749513140427,-0.7974494299055457,-1.193071869094769,-0.9131018704892667,-0.8329778084130322,-0.9137147131692905,0.15611899981386138,-0.66151581979057,-0.6928868855359109,-0.7883694486605587,-0.5847584283150095,1.6698221145003158,-0.8571359774391821,-0.6590673383578823,-0.3456612479514372,0.41953302467136516,-0.11311295065666079,-1.1772442014162163,-1.0520809352239355,-1.2247679523450479,-0.9434291707049852,0.8053699553986526,-1.0065957226580982,-0.9767994789412816,-0.6484104080497914,-0.22362833389386405,-0.1462319514260536
0.5533784564397145,0.07099751295077328,0.503690075629282,0.46317183531552786,-0.3012490348175596,-0.3684761403493389,0.10791065417598589,0.46144895993920504,-0.01736314773284038,-1.2380850430536303,1.177675021589676,-0.36603952343357893,1.0253468576684899,0.798484500389928,1.3784828648894702,-0.1884712867894106,0.08991383587156582,1.0519070379297704,-0.6130941975929651,-0.6984291772183924,0.7105507211957416,-0.18858163911284148,0.63037855395712,0.5822454407264466,0.7879289520071785,-0.3150032581935528,0.03844000917056591,0.5677294569927581,-0.39538282498258237,-1.1212771453617334
-0.8461363848072728,-1.1886501853770886,-0.8521129434950137,-0.7672690368072504,-1.6361972568298422,-0.8171839844441543,-0.5542317543293597,-0.8840153555055765,-0.4092901480046477,-0.28473603350392257,0.05384025718370849,-0.729633038671676,0.21740139242122894,-0.24834444475368253,-0.4971023774223033,0.4922673148695138,0.4152060053186683,0.49400213580641156,1.3108403149571433,0.3615373310589142,-0.84902067815431,-1.586171240596353,-0.8164356734444119,-0.7411753838665944,-1.8875209682448766,-0.8140123614971891,-0.7438070856498648,-1.1514514652872463,-0.5141663048009488,-0.7777520100331936
-0.26986556782321935,-0.15248836901062127,-0.2439408040582476,-0.34111773036897586,1.3988011824441227,0.3703707588678023,0.42124590105797977,0.6442467051380126,1.1801915753199068,0.6713683200040202,-0.4130418974019196,-0.5810660558978886,-0.4640499623164551,-0.3436617400960585,-0.14500823551456182,-0.11200318373144032,-0.10267207539313683,0.07144694366564225,-0.37384203205032907,-0.07524387318438804,-0.12529800263892654,0.3535040301124566,-0.1345090001795178,-0.215074759769114,2.034960694497544,1.0264394643755383,1.0844792754015722,1.433569822177226,1.61109487465198,1.82019085175411
-0.672971262462311,-0.4008060156343937,-0.6602540256944055,-0.6584584032300111,0.7996955917839118,-0.12339800007890792,-0.45649530839306535,-0.11090067531290049,-0.7431538889769291,0.5336011220922127,0.10982464581647808,1.2005070049858817,0.13132833226245655,-0.21054978734123714,-0.12546718828456593,-0.4115511663870988,-0.4807230743127545,0.23815817181493013,-0.2597943676465854,-0.5623946270752763,-0.5676862296441045,0.35830124842418515,-0.5546087799130248,-0.5712546854003275,0.1295310739790488,-0.43580267356870417,-0.6645252854991454,-0.20969763146512638,-0.6714741564522986,-0.3754301795929556
-0.7950384798530218,1.7482703442367975,-0.8306577526872033,-0.7357338401308183,-1.9117858285335392,-1.2451676103159466,-0.9154918221916987,-1.1856837142132948,0.2402925654088121,-0.9115767840026471,-0.9870546722107488,-0.5828242450431406,-0.8625539645985062,-0.6685504297761177,-1.1678932350628846,-0.5081424544603247,-0.5143851495590218,-1.4182251692524985,-0.6292096284326245,-0.6601924387997867,-0.8571752998502579,1.280966237046595,-0.8105519230279765,-0.7432391980180066,-1.7397084645021372,-0.7026998112038558,-0.797622610600656,-1.431782527184119,-0.07595157520076047,-0.7401874548229416
-1.0079464171624013,0.1996712025649098,-0.8970863242267686,-0.898807740061198,-0.3682078949501709,1.1860303568198187,1.7470401612491544,0.27995319298255467,1.3979287976931338,2.9762135410685597,-1.0198850235694719,0.011971142795583948,-0.24244749804027874,-0.6971456183788305,0.5538506717836498,2.9392466127245673,3.9254483711433723,2.884079941352637,-0.5300377463424127,3.070830844584919,-1.1079299170006585,-0.4668203011930827,-0.9079279924199866,-0.9159116486861565,-0.768680600681843,0.6804851177252352,1.5765069320945209,0.48388928078651555,-0.4804574794470883,1.934517758915747
0.5391845939524224,0.8814160142047204,0.4459261003774865,0.40663576199471646,-0.9792955974235873,-0.7021550667842545,-0.7059307939679325,-0.4017626146107176,-0.9971806484123606,-0.8165174174434995,-0.09372353260760406,-0.06538917959550059,-0.19346669585048,-0.006001778817837788,-1.0343035303632775,-0.9221626124456216,-0.6865796113956971,-0.6810644317131727,-0.7246625649444534,-0.29620810193036834,0.5923087066044962,1.3017541830640846,0.4832847935462277,0.4566967465155408,-0.6029910684628436,-0.6274373482214316,-0.619839179959649,-0.22875221696654516,0.08296145861029719,0.002937441727701485
1.7257914978900302,1.6918345154586676,1.7249855523815385,1.6458837611172192,0.2182107537901767,1.2031420966369937,0.9432616676417913,2.026947598308477,0.2620662876461344,-0.371529368188362,1.9680225327201952,1.1741341678071027,2.02350903044895,1.3041437904959965,0.5325331657145638,1.2322255752876186,0.868025652141053,2.2518977593607827,2.064546618842753,0.16116211530756755,1.611636418597994,1.290560673670052,1.5482436189210842,1.352736057253649,-0.18004673621960796,0.5520962102846293,0.4583933020901339,1.5311292999444897,0.6014352961958681,-0.44348191004631127
-0.3862552402190135,-1.3466705059558528,-0.3961901388290525,-0.427768496011425,-0.5648554947080521,-0.4589782309379542,-0.6112132343926047,-0.6035692421450134,-0.732267027858268,-0.2062087306941922,-0.27688233492468983,-0.9930097726304136,-0.2505317081104396,-0.32434908548420455,-0.15850932269164972,0.13637441417114032,-0.027579753689925008,-0.16954156435214005,-0.38871781436386105,0.2001341756188387,-0.42701900538900195,-1.4934250199029395,-0.45105477258375665,-0.45688498450957093,-0.5463078074405538,-0.21191265763779515,-0.4708854948279945,-0.46716319076029644,-0.5334284907174403,-0.1054009131540402
-0.8631690197920233,-1.0441744637050756,-0.8946107252874064,-0.8010770404513538,0.3274594203223326,-0.8782158564587457,-0.8236673620456306,-0.5944553944499162,-0.8592804075759838,0.5225797462592685,-0.6888168488151921,1.0211717121701855,-0.7113316821096133,-0.45102348670174125,2.849390783656423,-0.23561703453943755,-0.5726464336391,0.6788700323679979,1.2860473444345906,0.34462492752760787,-1.0059971458013086,-1.426263963538743,-1.0403123767897893,-0.8392065560586716,-0.4503822887874491,-1.0872340758535528,-1.1316632619023534,-1.092915778626888,-1.5960590804439048,-0.6171499261632747
1.8762464402553254,2.6602733372913794,1.8075055170269612,2.171470372391091,-0.08909517271317895,0.20305596954431174,0.5986054747647687,0.9843234219893544,-0.1226028052132328,-0.8482038729632154,2.64501893600165,0.6906321528628248,2.31882046889424,3.299784767054238,-0.8488412275622266,-0.6053086906768435,-0.34931151133213395,-0.40227704127342295,-0.8399498778743245,-0.5693801850555986,3.3037204205072004,3.425322822389145,3.1368562313587156,4.381383324450979,0.35626411806820646,0.06383888740705351,0.33298390912445053,0.7796164477685344,-0.045453114166314916,-0.12445539768097995
0.13040135431841401,-1.2812049445732219,0.09892964904348399,0.011735551361915324,0.16675815600406482,-0.27455170179728855,-0.0866817291746542,-0.1345966793201533,-0.23147141639984628,-0.8950447202532299,0.03414204636847461,-1.0557771251159072,-0.14829022781134546,-0.07660718277515328,-0.7060139368993487,-0.4132760108169778,-0.0605944813353027,-0.5065953543331755,-0.6267303313803693,-0.5759980820895879,0.09691543857565632,-1.359102907174547,0.03317788668889892,-0.03861864982337516,-0.41986053285237,-0.3890008058317345,-0.1234870614402971,-0.34902476065150034,-0.4339071968155662,-0.7614195947243886
0.46253773652104585,-0.026072112547610306,0.6274700225974162,0.29526822057884755,1.9979067731043336,2.5245486714077425,2.5445293082711697,1.9670565991692668,2.076543140756357,1.80932537475555,0.393202415439139,0.17548273330401243,0.28730603243967934,0.21640524364770616,0.8487428390726768,2.3160028253949436,2.1785808701423646,1.8342943858779133,4.33682236723473,1.280322035944446,0.21923476401487563,-0.2509454771653089,0.35384228438464316,0.053049095401847754,1.005941494400599,1.5830022158422052,1.9810843607424342,1.50521506366256,2.164882719751119,1.1178969934754797
-1.078915729598861,-0.6739554269205424,-1.0967846386686917,-0.9368772567696839,-0.11376422644624669,-1.0206235578261258,-0.99360550678171,-1.123969945535065,0.2983558247083389,-0.12217073996798976,-0.6781037867928721,-0.45219079155092307,-0.7213180592551062,-0.5779055508720936,0.05182340385666832,-1.0384171270194684,-0.7153865796352912,-1.0270314952784272,-0.6006977123316887,-0.4565082745314456,-1.0263837000411786,-0.6347229421035734,-1.066495066142928,-0.8591567595223224,-0.14952498028452882,-1.0491601239918558,-1.1102331510737349,-1.3863563953487366,-0.34562217803164536,-0.570330335611366
-0.34935119775205414,-0.820688581743681,-0.32233477047139947,-0.39225588714156884,-1.2527696788073068,-0.1486853489198445,0.28162240686327356,-0.3843161061658173,-1.3455602042095234,-0.4886314864133979,-0.3985274262749053,0.28976502774538715,-0.2500561663416067,-0.36359738356635934,-0.18551149704582556,0.822287549119702,1.5228177504410412,0.9941358202542746,-0.2064894810230966,-0.05575784302875246,-0.48614001268462465,-0.967330078383402,-0.44870127241718244,-0.4967853914368724,-1.4244623282012514,-0.14297477137658307,0.285895324792508,-0.199027063584332,-1.4403564109522629,-0.7184109010778679
0.11620749183112183,-1.2089670837372153,0.08118785664471782,-0.02974317579807648,0.9829514195152699,-0.2129494384554578,-0.253600987549767,0.4242123822135221,-0.5544482962534656,-0.232384498297436,-0.3477267773303551,-0.8841778645393197,-0.34706668718353806,-0.3135506119377916,-0.2867696508739852,-0.7358219192043568,-0.5202112779670296,-0.058950947659048056,0.2013548840728991,-0.10465674889100762,-0.09879548212709544,-1.408674163062406,-0.12568337455486436,-0.23141328846779352,0.12081057228331174,-0.6736067582862801,-0.661161815189721,-0.1197599878984301,-0.4660108400097192,-0.34657624588073266
-0.8234262048276056,3.2675228549440587,-0.8706799355402333,-0.7610188176461559,-1.279553222860352,-1.2906087860526674,-1.0584235126902974,-1.0995187941473612,0.15319767645952093,-0.636042388179032,-0.6314501295988975,0.7433778272203825,-0.6580710040003177,-0.5261974756210007,-0.9170572469833027,-1.063369876438385,-0.9386243998021238,-1.3696973464050821,-0.1593828370302462,-0.48297986266740334,-0.8000929479786222,2.565021671819204,-0.8511498009013826,-0.7112500786711183,-1.3948126224357462,-1.172932090425977,-1.2095035747776053,-1.2916932145776883,0.023569718701114448,-0.620416409225036
-0.11089430796554924,0.739197725683833,0.07046026124081266,-0.21696564975995872,1.2084970536461737,2.389556057294472,1.5558440250546015,0.8226177243134867,0.9660833066529009,1.9181614611058777,-0.6722288818128901,-0.09703658421003518,-0.38606111222784373,-0.448323868315138,-0.1816032875998265,1.9578101321233983,0.7375851105617671,0.7531473122364923,-0.1035986533545022,1.560847337996331,-0.25577194977409434,1.0027275749663531,0.042003512313552344,-0.3211892040542219,1.4463268300353083,3.2773563194549324,2.015199559595168,1.6164938429908455,1.1231194981008539,3.1921137376937594
1.4333979306518165,1.2335755857802524,1.6713475753620144,1.330531794352896,0.10191378619142989,2.7032712872760163,1.4765982580792276,1.6441659951143939,2.156380122293207,2.0807267546418107,1.8968325076686487,4.12085917524932,3.8980946831886225,1.5657991110436955,-1.3505132037213903,3.3152626984381963,1.8345156202694595,4.816939824152795,3.0240345780655518,3.306133850237876,0.9531507166501944,0.671719511457101,1.3040679766390035,0.7697085594797168,-1.230867190555894,0.8601030966076594,0.4276415735468245,0.9442480665007924,0.44894299102364116,0.970905255696232
-0.8092323423403139,-1.4392252651519857,-0.7728937774354078,-0.7624393220009501,1.95561696670479,0.14221422797213348,-0.12718512118428973,0.1781384944458972,0.7810066676356584,0.8601093811431958,-0.5198269349792395,-0.41913683562018694,-0.5058976379737589,-0.5141530243576939,-0.10841318342929682,-0.43339919583223313,-0.36290581095081886,-0.012733973518651602,0.07862967998626226,-0.046566319370433866,-0.7022374876272462,-0.8330079656550096,-0.6602220998880447,-0.702306884014999,1.2675565452727038,-0.07213951209900722,-0.24120852227015305,0.2598073552898313,0.7170084116948187,0.41832520441498405
-1.2492420794463646,-0.25181542766013043,-1.28575535770671,-1.0414263772825405,-1.864562211387381,-1.5244692302207279,-1.1209018816691358,-1.2670573543480914,-0.5435614351348045,0.21673656689505608,-0.18219268995321536,6.436394279546098,-0.3056945532950673,-0.39682345601686075,-1.8571592646300072,-1.0677969771417413,-1.042944465685508,-1.934039612783711,2.174875337668114,-0.7940210232649063,-1.2877393253963114,-0.785035782537727,-1.32743939711185,-0.99863619925526,-2.6492567913674874,-1.4357814989595528,-1.3208824915954036,-1.7493081399797608,-1.5848228053259514,-1.027637964257916
0.3802133340947527,-1.6807706123223822,0.4376741039129441,0.23361833158077705,2.0965829880366047,0.9863933922861082,1.4350885706159366,1.5894829089438105,0.5923010749121949,1.0736485379064986,0.04934768278725159,-0.9949437806901907,-0.0322580362160942,0.07976302069501907,-0.5496855590593827,-0.12062740588083533,0.34982389762880284,0.24476059669212966,-0.3130992542700747,0.11777812364030353,0.5107624896450159,-1.391084362586069,0.5185872960448418,0.3741441804590548,0.9230967282911,0.6577166415288717,1.480407780396679,1.0357100769076024,0.5131502774119472,0.9001314560247423
-0.19605748288930122,0.06648264664852298,-0.24971720158342722,-0.2536146621136503,-0.38582864761664776,-0.7745947653436294,-0.3840420357298664,-0.3718171150411125,-0.7431538889769291,-0.8523368889005689,0.21799201397732307,-0.13571674540557743,0.1279995398806255,0.05401281454588042,-0.3329575806903391,-0.8439121701434428,-0.3467221209285749,-0.37537215989883493,-0.6502836533767945,-0.7278420529250119,0.3456314003020695,0.6605260020630682,0.27146977855454346,0.18771296878149063,0.35626411806820646,-0.6305996365820377,-0.05045170614993739,0.0189573945518985,-0.019770199610992675,-0.5855739232329179
0.3347929741354184,1.3396749438831366,0.4335481056806732,0.22083379238762882,0.8631303013832281,1.2563786205126497,0.9960921789587073,1.0116649650746463,0.4471429266633769,0.344860060953037,0.1118981416917658,-0.37307228001458664,0.2972924095851724,0.05608944407403679,-0.6065322419102795,0.30253442758282045,0.11451304470537646,-0.1464330772819418,-0.3428508188971378,-0.32378267290532425,0.8124834923950913,1.754291777137121,1.2334629716417762,0.661358316530579,1.402724321556624,2.2559371789791745,1.7230581384337291,1.3360103444099618,1.8149530089348516,0.7781827550523288
0.9877106485508489,0.9017329125648472,1.1184638122376818,0.9256880532365351,-0.21596459191181167,1.840079078720736,1.565906979591157,1.3421070429340285,-0.38751642576732537,1.4869501316419214,1.8049075238642247,0.42338740278453313,1.3924651032075634,1.3311399743620291,-0.06186996184512511,2.5839286601694873,1.090389553046684,1.8805113600183097,-0.4606174288792647,2.739935992885447,1.077508697513401,0.5006187250054581,1.065776084773359,0.9502922977282799,-0.4896245464182647,1.4179307634185685,1.1608781010013558,1.2933280728867838,-0.9555913987205524,2.0651770813861896
0.7549313037592607,-0.12088430489486833,0.7182419837073813,0.6580650327932985,-0.5148125571352579,-0.2243572650002413,-0.06152434283326568,0.4453044297364615,0.3273874543581023,-1.0410779500397456,0.664830375101836,0.293281406035891,0.5973592657187929,0.5511579235865082,-0.2903225685521664,-0.03496013253017684,-0.19297706571725787,0.7135327629732952,0.05755565504209226,-0.1303930151342999,0.7676330730673777,0.0896570229674003,0.6862741829132581,0.6458797103949878,-0.6596743294851326,-0.268201390456583,-0.2070933234174193,0.49760858234753724,-0.13855367942935817,-0.6634251028715568
-0.19321871039184288,0.506682111117937,-0.23568880759370522,-0.2604330830166626,-1.0103081221165862,-0.8234582890437852,-0.7297045240605445,-0.7381937923840209,-0.06816849961992606,-0.9680613351464873,-0.5809950633002285,-0.6992163664588178,-0.618601037187179,-0.4209123585434743,-1.3004170644590376,-0.8214891925550154,-0.5930378830671273,-0.798257473283464,-0.8238344470346651,-0.94182072369067,-0.07229296161526469,0.7212907673449599,-0.14333462580417122,-0.16605917367307543,-0.982332892227395,-0.31626817353779507,-0.31904883514540483,-0.05421221377354966,0.156799837956849,-0.7080670380489581
0.2865338416786258,2.3645495944939774,0.198778806264445,0.18418478003393726,-0.8989449652644529,-1.094584299924805,-0.5314643196904031,-0.5538336732946256,0.17860035240306427,-1.3717192250280832,0.2124626916432224,0.7082140443153441,0.08092090476615897,0.09513007920337602,-0.03877599693694834,-0.6346310459847869,-0.2373203763782062,-0.4341337413059107,1.3715830927373986,-0.771226044592276,0.19884820977500609,1.7862732325486421,0.08024789002038413,0.08073860193329413,-0.7468793464425009,-0.9843964583666437,-0.5775555532125987,-0.747036942605135,0.5404383741269769,-1.2421370186468925
-0.6956814424419782,0.15452253954240594,-0.6883108136738495,-0.6774931615842541,0.3979424309882399,-0.1728319151063027,-0.5925967684999771,-0.705383940681671,0.2040030283466076,0.23602397460270927,-0.6908903446904799,-0.6148232874867255,-0.7037230138082854,-0.5286894310547883,-0.6001369900895537,-0.4621466029968837,-0.4473846728669321,-1.0595484377986348,-0.7382986987318575,-0.432610313019817,-0.5982660610039096,0.4910242883820012,-0.5993252830779358,-0.574178422114828,1.005941494400599,0.26622534248584123,0.004324810317832164,-0.5115222658075994,0.4970984558148707,0.27405553585387016
1.0302922360127242,1.9627264935936923,1.0483218422890723,0.9288131628170825,0.28305512360281165,0.5281790260706397,1.0149602187147486,0.8924037580930884,-0.3258242127615775,-0.5148072540166416,-0.058474102727712134,-0.2587899855732119,7.880406454959206e-05,0.06543427695074037,-0.7909286694078755,-0.2965615377284966,0.1536775745592068,-0.10186670936084488,-1.0011041862709187,-0.4748913218480828,1.0693540758174531,2.046922094152547,1.1187298385212805,0.9502922977282799,0.35626411806820646,0.7709265648385685,1.7538098669770388,1.2536945350438329,0.12148583044328101,0.3421072663072258
-0.6758100349597693,-1.0486893300073263,-0.6429248331188667,-0.6496512762302867,-1.054712418836107,-0.13328478308438677,-0.2748589790082403,-0.5798732381377606,-1.102420305892753,0.6451925524007773,-0.740308663051505,-1.0241297205013724,-0.7265490187122692,-0.5764519102023842,0.014873060003585476,0.7964148826715166,0.25725319070156766,0.5880866903065046,0.2670562559576643,1.0935502752074113,-0.7817450491627392,-1.301536287433807,-0.7684831075504613,-0.7062625278052056,-1.0738981600326312,0.15807508055311392,-0.028348901259433852,-0.13957675681990553,-0.46922120432913417,0.7798159965832094
1.7428241328747813,0.8340099180310918,1.6713475753620144,1.7311140224048742,-0.36468374441687595,0.5262777216465093,0.7218766678375723,0.9939580609813147,1.060436103014632,-0.8826456724411673,1.2129244514695685,0.5007477251756173,0.7994645174728168,0.9774899657170045,-0.3283387877087037,0.5468873884823497,0.3268430577972167,0.1605796795078358,0.7591967208303404,0.20711973359916083,1.6177523848699544,0.9355665186021573,1.4335104858005885,1.4886038222216156,-0.563748810832028,0.6298885039555382,0.648189126693371,0.6485208995187736,1.2724014389536658,-0.04279332113695313
-0.24147784284863552,-1.0328872979494497,-0.2951031821384101,-0.2925364814350125,-1.579106018190457,-1.0090256008389293,-0.7107106973727962,-0.5775296773018784,-1.5124920746956636,-1.33865509752925,-0.0031808793867050557,-0.12516761053406592,-0.08171438017472588,-0.09238956718914143,-0.8737116513094941,-0.858285873725768,-0.6033954446813633,-0.14808368350124163,-1.2093651386603634,-0.887039242687091,0.01536922161617606,-0.5419767214101593,-0.0844971216398145,-0.09262178678532637,-1.366034966839815,-0.8253965995953709,-0.6722132176349727,-0.22341693302614807,-1.3954113104804486,-1.2198160510581921
1.998313657646036,0.8362673511822166,1.8693954905110284,2.1288552417472637,-0.11799320708620047,-0.02700186577548772,0.258980759156024,0.9806778829113155,-0.1226028052132328,-1.3937619766939726,0.9851854878337954,-0.17088052831061587,0.6801035334957345,1.1045796928401723,-0.785954584658422,-0.7312223340580127,-0.4878438979225419,-0.22071035715043621,-1.1920100592945764,-0.6840904003114152,2.626886819743518,1.575195626832598,2.3719686772220783,2.9762698563645404,0.35626411806820646,0.03601074983372009,0.19508162643804783,1.3131448418082592,-0.1192914935128667,-0.5011897774707571
0.07930344936416302,1.7279534458766708,0.014759285105152531,-0.0243452592498584,-1.8328448565877233,-0.9770836865135356,-0.6836665070558036,-0.8147501130228376,-0.34759793499890085,-1.1802228199306706,-0.605185848511919,-0.5502977458559801,-0.5448920630180645,-0.42112002149628996,-0.5628313544686527,-0.4897441138749483,-0.4049834050086531,-0.8826034510896879,-0.7816863971463252,-0.7190181902130262,-0.18034169908657532,0.9979303566546253,-0.2051140051767456,-0.25772691889829835,-1.3180722075132623,-0.6849909963844619,-0.6135927350992894,-0.9013028668246211,-0.8849633836934161,-1.079357279402466
-0.21309011787405172,-0.6649256943160419,-0.23898960617952264,-0.2874226657577533,-1.7482652437886341,-0.577429496561289,-0.1030340302965567,-0.5379495387403134,-1.3818497412717279,-0.6429307480746226,-0.8387997171276738,-0.1480240694223411,-0.7845651145098947,-0.5428105118462514,-0.3628020891870598,0.4249983821042317,0.5615065631197533,-0.22071035715043621,-1.0370539935286205,0.08395331657769088,-0.4127484174210929,-0.47801381058711545,-0.4525257101878659,-0.43401104433141946,-1.2831902007303153,-0.00762882954264366,0.26859747748689655,-0.3807315909258611,-1.3617024851265878,-0.4456595654208186
0.18149925927266497,-1.0374021642517002,0.12286043879065651,0.03986153758684171,-0.5077642560686678,-0.4909201452633479,-0.5412757003635446,-0.3483815066822911,-1.022583324355903,-0.5203179419331136,-0.22055236364603897,-1.4524245962847402,-0.15970323026333738,-0.2437758597917386,-0.7845334175871498,-0.5892101426646391,-0.4425295658602589,-0.17284277679073967,0.14681034892328268,-0.39143228703054955,0.20088686519899268,-1.248766886004796,0.20086477355731563,-0.006285561451251555,-0.4329412853959756,-0.33777173438991637,-0.287336115085117,0.15767477700222668,0.34139578632322887,-0.1413322268334124
0.23827470922183314,-0.053161310361112143,0.21198200060771294,0.0927042995851875,-0.4252991335895561,-0.10248365141347153,-0.3737275073298971,-0.01221072455741924,0.2765821024710166,-0.6029782606801977,-0.41096840152663183,-0.4855963853107096,-0.33375151765621414,-0.3307866370214892,-0.5713583568962871,-0.23906672339919569,-0.5457815082021751,0.025229969525245793,-0.6478043563245394,-0.3796671367479017,-0.007055988047680775,0.07206722249106329,0.050829137938205766,-0.12839456540980376,-0.02743795654421354,0.3079675488458412,-0.45406814328087225,0.5204740849492397,0.10543400884620449,0.013825718600238695
1.4617856556263997,1.6105669220181604,1.4856776549098132,1.4413311340268473,-0.13702361996599585,1.2982073178435223,0.963387576714902,0.7101268041911437,0.1822293061092843,-0.0395104212209058,0.5155386720811169,-1.0865454351578159,0.31155866265016224,0.5683939486702057,-0.6839858472946261,0.4525958929822963,0.08894281447023111,-0.3423600355128373,-0.6217717372758588,0.017774346237796754,1.6034817969020454,0.8252304974324062,1.5894298718361342,1.5969540651707534,0.8271712096379947,2.559516861597357,1.6058171733623625,0.9716866696228353,1.245113342238636,1.5153190993230765
-0.6900038974470615,1.1523079923397452,-0.640449234179504,-0.7053350469382214,1.948568665638199,0.9806894790137166,-0.5529738850122903,-0.08720467130564767,1.191078436438569,1.536546322890172,-0.3833217898561283,1.3253384342987677,-0.3399335606510431,-0.4121905145252177,2.110383906594766,0.5543617143451592,-0.43929282785581014,0.9809309704998755,-0.6006977123316887,0.7266246507673308,-0.6736963116914282,1.031510884836723,-0.6252137849102526,-0.6823566805513482,1.9564761792359127,0.44774069438462916,-0.6505909085029583,0.2445636868886963,-0.14978995454731225,0.829357656353252
-0.4231592826859723,0.3215725927256713,-0.40196653635423213,-0.4951004024286726,0.23794599677663092,0.3285420615369295,0.21872894100980225,0.3007848448570627,-0.24598723122472846,1.0750262098856163,-0.2219346942295642,1.0176553338796819,-0.07695896248639601,-0.4219506733075525,2.1210426596293086,0.8688583487264357,0.6081155903838157,1.8541016605095122,0.12325702692685747,0.751257934171625,-0.6023433718518835,-0.043066016990416324,-0.540487778913579,-0.6140788290421296,-0.14080447858879175,-0.1853494354087042,-0.2561038907833186,-0.06488278165434404,-1.0759800606986263,0.02144751241101459
1.7939220378290321,0.5518307741404417,1.7291115506138106,1.8135032749829405,-0.31393597673742285,0.18024031645474498,0.1116842621271941,0.7601227686899629,-0.6705748148525202,-1.0093914945200297,0.5926036021126455,-0.5404518866425695,0.6396824831449298,0.6570660295224813,-0.26012276828762754,-0.3592308853474348,-0.2742191896289222,0.4774960736134126,-0.7432572928363681,-0.7138709369643678,1.6361002836858374,0.10085053236143306,1.583546121419698,1.5401991760069194,0.03360555532594471,-0.10565976872143146,-0.022582952157563455,0.9411993328205653,-0.4611952935305959,-0.9318211277795915
-0.1506371229299669,0.5653753730471927,-0.1952540249174485,-0.2661151004358396,-1.1555031240883544,-0.39984766334749333,-0.6086974957584658,-0.7092898754081411,-0.6088826018467723,-0.593334556826371,-0.23714033064834097,1.2163307072931486,-0.13402397474635544,-0.29153833893933434,-0.5344080130432043,-0.07175681370092941,-0.03987935810683044,-0.29680330386016057,-0.018062905051694583,-0.308340913159349,-0.30266102452579496,0.6877102391628616,-0.2857213858819146,-0.38344759762182185,-1.370395217687683,-0.5142274249117347,-0.6227221545105842,-0.8058775026335161,-0.722839985562943,-0.7744855269714331
-0.36638383273680464,0.6759895974523271,-0.27364799133059975,-0.4303254038500548,0.9054201077827717,1.4503116717739684,1.0111866107635405,0.5195171895393962,1.1620468067888046,1.328517854043341,-0.34738119468447387,-0.2728554987352273,-0.2928549255365763,-0.3253874002482827,0.01522835177140332,0.7630678903605221,0.47281994179785647,0.540219109946808,-0.45193988919637107,0.6505188348764522,-0.22111480756631546,0.7053000396391986,-0.06096211997407191,-0.3069144895069546,1.9957184368667276,1.770842144462205,1.6975918632338012,1.2643651029246272,0.8197400699161085,2.16861571167529
0.24679102671420813,1.3238729118252601,0.15050462694687322,0.12537589974545524,-0.14689124145922294,-0.9945756872155368,-0.8192648194358876,-0.5121703695456098,-0.8629093612822037,-1.082408109413288,2.7901636472717932,1.6945581548016713,2.4747981690714638,1.3539828991717489,-0.020300825010406916,-0.8260887777013595,-0.45450549647671934,1.2301725096141576,-1.5574584447970068,-0.769755400806945,-0.26392657147004217,-0.08624098179597096,-0.3480891402961324,-0.3192973744154276,-1.659479848901359,-1.2838651661160376,-1.2056596087096916,-1.3073941930308572,-2.1370054682653827,-1.6019945692842372
2.0579278800926626,-0.956134570811193,2.038561418034146,2.0777170849746707,0.292217914989379,0.9103412153208852,1.3093016389089944,2.000908033465342,0.6177037508557383,-0.14696883559211504,-0.22539052068837712,0.14910989612523343,-0.22152366021162687,-0.036112906976104614,-0.8932526985394896,0.08290423684489033,0.06952238644353831,0.2827245397360268,-0.4581381318270091,0.1909426519605201,1.3058381049999446,-0.6235294327095406,1.315835477471875,1.1188371200936056,-0.5550283091362909,0.18780059114281078,0.6126324405651695,1.2475970676833787,-0.26696825220597026,0.11944200426384646
-0.536710182584308,0.0506806145906465,-0.5509150725392201,-0.5502159713946894,-0.0066300502340671955,-0.4325500994425392,-0.5942319986121675,-0.1976124262405398,0.6394774730930605,-0.38117307204218764,-0.18392060318262182,0.17899911159451629,-0.26860229532609364,-0.28157051720418397,0.2038882804828169,-0.43224929954564717,-0.5894774712622336,-0.05234852278184852,-0.6713576783209645,-0.1873804618158756,-0.3760526197893271,0.41906601370607677,-0.44781870985471706,-0.4231760200365058,0.47835114180852173,-0.3169006312099164,-0.6592398321557641,-0.10299195265718156,-0.3664895461078452,-0.14840960680056164
-0.8631690197920233,-0.11411200544149327,-0.7671173799102281,-0.832612237127786,1.8076026443063844,2.125274742340322,1.0036393948611237,0.3908817392143097,1.426960427342897,2.287377551509522,-0.6746479603340592,-0.346699442835808,-0.5486963971687284,-0.5567239296848988,0.1651614777906436,1.1603570573759925,0.44207093075559306,0.27612211485882754,-0.38004027468096746,0.21594359631114665,-0.6206912706677664,1.1322524693830176,-0.4592920231667666,-0.6472718399773416,3.77034053194917,4.323441309143417,2.7162428712309223,2.0981937644667115,2.018811143217723,3.0396778614782427
1.087067685961892,0.15226510639128119,0.9204158970886673,0.9299495663009179,-0.8411488965184089,-0.6920781533363625,-0.20353778873040393,0.1901166942737393,1.1838205290261279,-1.742312987410845,0.49756837449528973,-0.01791807267369891,0.2302410201797199,0.27496619634171493,-1.0360799892023678,-0.9708607201825397,-0.30140778886629205,-0.30604669868823997,3.681048296913205,-0.7153415807496987,0.875681810538688,0.3343151568655433,0.6421460547899905,0.6475995555211647,-1.0782584108804998,-0.8481650757917345,-0.24024753075317473,0.057066565554735806,3.1873837554848925,-1.2715353662027424
-0.514000002604641,-0.6355790633514145,-0.5240960840294581,-0.5220899851697632,-0.2984297143909234,-0.6717341959981653,-0.6967483479533256,-0.6754384411120657,-0.3004215368180352,-0.5175625979748777,-0.5395251457944732,-0.35021582112631183,-0.5387100200232355,-0.4385637095328032,-0.7411878219133411,-0.4092513738139267,-0.4519161060731604,-0.6193317591113571,-0.8163965558778992,-0.5675418803239348,-0.44332824878089794,-0.40445646314061473,-0.5196004649352326,-0.4701277919811321,-0.6247923227021855,-0.4427597079620376,-0.5025982148882823,-0.42920645644147043,-0.4467486540932278,-0.4560034284497284
3.2956326889845213,-0.42338034714564526,3.396014836451349,3.8505065197578934,1.3353664728448063,2.5226473669836125,3.115601978220689,3.7143114001436204,0.5560115378499904,-0.232384498297436,2.032646487499998,-0.6563165513146709,2.0682099567192513,2.3320754069333844,-0.20292079366891283,0.9844229255283312,0.33784796701234227,0.5550745659205069,0.3600298954172379,-0.17010039733823648,3.4341943676423683,-0.3452907706292994,3.5869631382160447,4.0408539894679745,0.9187364774432308,2.146522001702205,1.7787956464184775,2.4518468713730437,1.2740066211133734,0.20055966696424662
0.2269196192319993,-0.9945109343803213,0.1880512108605404,0.09156789610135217,-1.055417248942767,-0.3447098350477067,-0.4241680669443811,-0.42832297075071524,-0.4201770091233098,-0.855092232858806,-0.5599145219014695,-1.3903605194573474,-0.49781342790359784,-0.3631820576607281,-1.3036146903694004,-0.43742383283528424,-0.29525798665783937,-0.5476954491937424,-1.1114329050962792,-0.5399673093489789,0.18253896638310976,-1.2023937756580891,0.13614351897652316,0.038086442804109784,-1.1087801668155788,0.15681016520887164,0.19315964340409092,-0.0008593743695771347,-0.3343859029136922,-0.09451263628150375
-0.9682036021979836,0.2380475661340386,-0.9239053127365312,-0.8800570825779139,0.8631303013832281,0.4806464154673753,-0.05825388260888522,-0.5205030302954129,-0.48912712954149773,0.7884704382290569,-0.30003637219873663,0.46558394227057925,-0.3056945532950673,-0.416551436534346,0.697033254214346,1.2960448191931426,1.332497555779453,0.9462682398945784,0.8472117661854032,1.383267100917615,-0.9366828613857509,-0.08464190902539462,-0.9079279924199866,-0.8153007088048142,0.06848756210889176,0.004387866227659452,-0.10330623958375032,-0.43835265748215146,-0.4676160221694267,0.1384964887907862
-0.7325854849089375,-1.9448902910040309,-0.7493755875114619,-0.6976643234223323,-0.7037070257198893,-0.8352463764733947,-0.9489511460257454,-1.0351229502902886,0.10965023198487533,-0.2613156098589158,-0.9518052423308567,-1.5190599648897878,-0.8397279596945224,-0.6512521058065754,-1.0005508124205573,-0.6846515344512788,-0.7182996438392951,-1.1637016902364572,-0.015583607999438958,-0.6969585334330614,-0.8041702588265961,-2.057897707916303,-0.7690714825921048,-0.7165815985622663,-0.9910533939231314,-0.5800030228123406,-0.9209178222289869,-1.030569174866246,0.7924519732010787,-0.5512758510844263
-0.5934856325334762,-0.31728098904276103,-0.6520020292298632,-0.5928311020385169,-1.347921743206282,-1.2301473053653147,-1.1014552220272424,-1.1214441077452808,-1.5270078895205457,-0.30264576923245823,-0.5982741955942932,-0.5529350295738581,-0.6690084646834766,-0.49484036974584,-0.7855992928906042,-1.0591152601780167,-1.0046214877128343,-1.2818850955383287,-0.7172246737876875,-0.7693877398606123,-0.6553484128755453,-0.5579674491159204,-0.7246491669480157,-0.6209582095468368,-1.3355132109047358,-1.140992977983856,-1.2837305595490178,-1.3230951714840264,-1.164265079482547,-0.7674081470042838
-0.318124700280012,0.5608605067449423,-0.1812256309277265,-0.38316465927088583,2.209355805102055,1.703185160183335,1.2174771787629262,1.1684231454303187,1.9858192981008456,1.5145035712242816,-0.34669002939271115,-0.39065417146710585,-0.22199920198045983,-0.34220809942634905,-0.4295969415368634,0.5583863513482104,0.10706854729514423,0.08960361207794104,0.12201737840072988,-0.03627181287311689,-0.1619938002706924,0.7980462603326127,-0.03448524310011122,-0.24964364680526754,1.6730598741244658,1.8075246894452355,1.2689896466614279,1.3908875506540477,2.378371946992237,1.237668039073386
-0.35786751524442967,-1.3579576717114785,-0.374322348198016,-0.4257797899147131,1.2296419568459453,-0.29052265895998525,-0.6429115411827542,-0.38171214968150374,-0.9427463428190539,0.25668905428948,-0.6407808610376923,-0.320326605657029,-0.5986282828961931,-0.5031468878584653,-0.3659997150974226,-0.29598658958520363,-0.4273168972393497,-0.26527672507153316,-1.0444918846853863,-0.27231014041873985,-0.45759883674880697,-0.7450589632733245,-0.42869652100130134,-0.4900779954447829,0.9928607418569941,-0.1973661311790073,-0.46031458814123194,0.011335560351330997,-0.8255716437842329,0.05792323993401266
-0.6928426699445198,-0.714589223640796,-0.6767580186234903,-0.6652768241330235,1.1873521504464009,-0.20895669916478357,-0.5826596008951287,-0.4514981834611054,0.1822293061092843,0.15336365585562436,-0.12206130956987012,-0.1234094213888142,-0.1516190201931765,-0.274717639761268,0.7311412639248843,-0.7122490453293434,-0.4438242610620385,-0.007782154860751879,0.13317421513587868,-0.2333380801074687,-0.6043820272758704,-0.6635062519739431,-0.6119753464732727,-0.5755542982157695,0.9012954740517579,-0.6742392159584012,-0.6049438114464836,-0.2531420864083612,-0.1481847723876048,-0.2300716833445877
0.3404705191303351,-0.4662715770170244,0.4665560915388422,0.16657052603448844,2.646350471230681,2.3724443174772967,1.9583622065168176,1.9670565991692668,2.160009075999428,1.7996816709017234,0.8728711279223751,-0.2904373901877465,0.5650224254381493,0.38751951676778856,1.1404373804513401,1.1827800349644195,0.56992208193132,1.5767998156671323,-0.199051589866331,1.7693110945669979,0.29466501470239465,-0.49240546552230036,0.36560978521751425,0.07626700460523443,1.9433954266923064,1.2395776998803867,0.8072332227532989,1.648505546633229,0.5805679281196683,1.885520512989331
0.3802133340947527,0.03262114938164527,0.40466611805477515,0.267710436095839,0.9336133120491354,0.3551603234747578,0.723134537154642,0.8387622545162302,0.46528769519447916,-0.6801278915108104,0.23388881568786254,-0.7705988457560456,0.10517353497664166,0.15597532437835676,-0.24875343171744824,-0.6018590018170853,-0.13245006503406564,-0.12992701508894283,-0.8027604220904951,-0.5098191117496936,0.6065792945724052,0.04168483985011718,0.5156454208366241,0.46701581727260155,0.988500491009125,-0.09427553062324966,0.5006769288371841,0.5585832559520773,-0.09521376111725194,-0.2327937525627224
-0.14495957793505024,1.2742093825005059,-0.15853264065023537,-0.20446521143776908,-0.0757034006866559,-0.35193479185940274,-0.035989595696756464,-0.09814128853976443,-0.7032353982085047,-0.5768024930769549,0.1723751047209923,0.11570430236544711,-0.005627697161446371,0.048613577772673985,-0.3795008022745108,-0.5995592092439133,-0.18617991590791538,-0.29647318261630085,-0.7184643223138152,-0.5487911720609648,0.14380451332735658,1.5240252981741629,0.03611976189711659,0.037914458291492065,-0.23672999724189706,-0.37951394074991635,0.2018085670568968,0.05554219871462247,-0.3937776428228749,-0.5714191632986201
-0.09953921797571591,0.6669598648478264,-0.052081886257640084,-0.1868509574383206,1.6948298272409326,0.43881771813650305,0.6212471224720186,0.432284647314894,0.11327918569109639,0.8091355179158277,0.7342924869239761,1.5609357797625254,0.9668552201020313,0.18484047481972987,2.4372523329874216,0.4698443372810867,0.4669938133898487,1.4662091989740402,0.7988654736664252,0.1685153342342225,0.02148518788813728,1.3225421290815733,0.12437601814365165,-0.13338211627571642,1.821308402951991,0.36615365468099265,0.50932585248999,0.8009575835301236,0.2948455036917068,0.4825660379629518
-0.34935119775205414,-1.179620452772588,-0.28643858585064036,-0.40475632546375817,-0.588819718334461,0.5890207676428182,0.6074105599842546,-0.23068267359132116,-0.7504117963893703,0.16438503168856852,-0.7054048158174943,-1.3784048332696346,-0.22818124497528894,-0.5077154728204093,-0.5113140481350275,1.7600279708306024,1.5975863983438083,0.3272909076571237,-0.965154379013217,1.363045748869314,-0.3862458969092618,-1.2855455597280463,-0.06978774559872533,-0.42197212844818194,-0.2846927565684491,2.0908657265555384,2.391908234250707,0.6302284974374115,-0.4130398287393664,1.8147467133178414
0.57892740891684,0.4976523785134364,0.5903360385069764,0.44072786650977847,0.3415560224555145,0.47113989334672246,0.19105581603427496,0.19454342029707217,1.2963180939189614,-0.5492490534945935,0.09185434823065067,0.07174957373414888,-0.013711907231607477,0.059827377224718196,-0.7330161112535245,-0.3327832707559564,-0.3247123024983232,-0.41036501174799245,-0.6316889254848798,-0.5421732750269753,0.6493910584761315,0.9499581735373421,0.6568554308310798,0.4996928746699606,0.33010261298099647,0.3237789906488715,0.116760817804307,0.2506611542491505,0.9369183675747665,-0.4505592900134605
1.1097778659415596,-0.5610837693642824,1.0565738387536148,0.9526776359776258,-0.45701648838921477,0.3722720632919329,0.2501756739365379,0.36145703094156706,-0.3004215368180352,-0.7021706431766997,-0.37329989312557094,-1.1139731858237456,-0.4526369598644632,-0.10443401845244815,-1.003037854795284,-0.5581629429268166,-0.08001490936199539,-0.32420336710053876,-0.9292045717555152,-0.5190106354080124,0.8349087020589482,-0.5947461228391708,0.7627629383269225,0.7009147544326452,-0.24545049893763413,0.07775295619372005,0.7404443123232989,0.5905949595944606,-0.08718785031871368,-0.120644500775592
-0.5509040450716003,0.267394197098666,-0.6053782492051994,-0.5567502914267429,-1.1153278080087874,-1.2023882607730085,-0.8211516234114917,-0.8061570566246031,-0.23147141639984628,-0.8440708570258608,-0.740308663051505,0.6097554521812364,-0.8035867852632146,-0.5423951859406202,-0.6608918823864494,-1.1044786686838353,-0.6969371730099332,-0.8121225655255829,-0.7407779957841127,-0.8513761308928147,-0.6003047164278965,1.1354506149241703,-0.6705186631168074,-0.5789939884681231,-0.8558856176392111,-1.0478952086476134,-0.7707148481252604,-0.6165511410914194,-0.3247548099554464,-0.8539699481409526
-0.6020019500258512,-0.8319757474993068,-0.6165184444323314,-0.6005018255544057,0.08993167437822543,-0.607850367347378,-0.5987603281536173,-0.7819402613204877,1.0023728437151054,-0.4431683111025018,-0.6203914849306961,0.05416768228162967,-0.6808970089043015,-0.5116610689239063,-0.34503750079615436,-0.4132760108169778,-0.39333114819263737,-0.7741586224816858,-0.08996251956709778,-0.4561406135851128,-0.5330290874363256,-0.1342131649132541,-0.5763786564538366,-0.5444251014319695,0.2516180977193641,-0.3415664804226436,-0.23159860710036886,-0.5859113676051382,0.7747949694442939,-0.28451306770727225
-1.0987871370810698,-0.7123317904896712,-1.0468600600582112,-0.9388659628663959,0.7151159789848226,0.14221422797213348,-0.2748589790082403,-0.23458860831779152,-0.21695560157496407,1.362959653521293,-0.13450228482159668,0.4339365376560447,-0.6067124929663541,-0.37626482368811304,1.2612365815094957,0.9970717846807773,0.2530454312957843,0.6144963898153027,0.8360549294502544,1.3781198476689567,-1.0202677337692176,-0.820215383490401,-1.054433377789235,-0.8496976113283501,0.36062436891607436,-0.11577909147537097,-0.4089015419828867,-0.26396509097316706,-0.4628004756903043,0.6834547462612575
-0.25851047783338554,1.9694987930470673,-0.28932678461323047,-0.3303218972725397,-0.6515495978271186,-0.6626079347623387,-0.7451763166604984,-0.4142616057354224,-0.6342852777903157,-0.7007929711975812,-0.5927448732601925,0.6554683699577863,-0.6342939155586679,-0.4765660298980642,-0.6989081015429865,-0.6662531938659025,-0.5580811126190804,-0.42918192264801097,-0.3973953540467547,-0.9208640497497036,-0.3903232077572361,1.8278491245836217,-0.43811052166759823,-0.43831065714686146,-1.0782584108804998,-0.7349551524820376,-0.8105959960798645,-0.536217008617438,-0.6795000672508368,-1.0907899701186297
-0.49980614011734925,-0.1795775668241239,-0.5315228808475458,-0.534022221750035,-0.7882866385189784,-0.6743960221919482,-0.7884470211676867,-0.7668373137114693,-0.728638074152047,-0.3081564571489303,-0.9908560813154431,-0.5798353234962125,-0.9627030611147351,-0.6556337941109853,-1.237530421555233,-0.853111340436131,-0.6652171405663351,-1.016632676096838,-0.9837491069051316,-0.916084457447378,-0.6104979935478316,0.2799466826659559,-0.6416882860762725,-0.5853574154349771,-0.5899103159192379,-0.3668647873074921,-0.3901622074018075,-0.46243765355594474,0.13914283420006499,-0.6868348981475111
0.6640905838405919,0.17483943790253273,0.7182419837073813,0.5063551677012728,0.16605332589740504,0.9882946967102386,1.134457803836344,1.0416104646442514,-0.031878962557721574,0.04590524148441419,-0.3556751781856248,0.10515516749393558,-0.18585802754915207,-0.1912371327293832,-0.11125551757184172,0.8987556521776723,0.6955075165039328,1.0585094628069702,-0.44946059214411543,0.27072507731472606,0.3068969472463164,0.4334576686412617,0.4744591679215743,0.16638688921689845,0.4173076299383635,1.3433007581082657,1.4957836446683341,1.35277837965121,0.25311076753930806,0.5838270128775449
0.8571271136677625,-0.6626682611649171,0.9946838652695477,0.7330676627264351,1.5961536123086626,2.357233882084252,1.6828888260786135,2.381085680175112,4.4897973553929535,1.547567698723116,2.2095848021912197,-0.4363670892436558,2.0938892122362334,1.4661208936921912,0.38686354090914066,0.7291459499062345,0.1650061575747774,2.0224634948781,0.3265593852117915,1.3222353838263792,1.2161372663445165,-0.6938886346148893,1.324661103096529,0.991568580756523,0.984140240161257,0.8891961495252351,0.5304676658635149,2.1378273023096623,1.87755511316345,1.1668942394018957
2.875494359360679,0.1951563362626595,3.065934977869658,3.1430953510703574,3.435760190688841,3.4809047967454214,4.247684363583172,3.9721030920906557,3.0926501784980824,0.8091355179158277,3.80963245262161,3.3331904381764605,3.2974854291525477,3.9913023999302997,5.823182880293958,4.182859446667349,3.093606704000035,1.073364918780669,3.1021324352115935,2.2160191443612844,1.9847103611876138,-0.27972878703567927,2.163095537438612,2.0441137979767197,1.6425381181893868,1.0757711628009927,1.4674343949174709,1.6774685165953855,0.522781370370193,-0.23823789099899098
-1.2302223037133933,0.1364630743334047,-1.2288165821013683,-1.0232439215411742,0.4543288395209663,-0.9622535120053171,-1.0350019860064648,-1.0603813281881294,-1.6431344081195993,0.8270452536443634,-0.2475078100247798,1.439620728740143,-0.3522976466407009,-0.43088018027862474,1.4886233129130826,-0.6139329128262385,-0.8711384124093666,-1.0674713476512743,-0.3019424175349254,0.6689018821930898,-1.0936593290327494,0.08805795019682396,-1.13445238345276,-0.891489847894446,-0.014357204000608546,-1.0092520448810074,-1.2224289106809647,-1.3863563953487366,-1.54469325133326,0.29474326191169054
-0.3890940127164718,-0.5949452666311609,-0.387112942718056,-0.45703088572018663,1.166207247246629,0.1536220545169167,-0.6328485866461988,-0.4871723872962002,1.1511599456701433,0.4592068352198368,-0.08024580941823356,-0.38889598232185413,-0.17967598455432315,-0.25291302971562646,0.20211182164372643,-0.5575879947835235,-0.4030413622059838,-0.4156469516497519,-0.296983823430415,-0.08039112643304652,-0.3740139643653401,-0.6395201604153019,-0.4042789567730934,-0.4477698053408338,0.6789226808104682,-0.35674546455355277,-0.6371370272652604,-0.5229550171084507,0.2803988642543378,0.06010089530851995
-0.3351573352647625,-0.714589223640796,-0.35946875456183935,-0.4178249655278653,0.1998851710170411,-0.2901423980751593,-0.7063081547630532,-0.6447117545971666,-0.24598723122472846,-0.12354841194710825,-0.901350176032188,-0.561198518556542,-0.8917997833817355,-0.6113392862754106,-1.4400467292115526,-0.7162736823323944,-0.5208586255679195,-0.7277765877193592,-0.2164066692321178,-0.6896053145064065,-0.4942946343805728,-0.4348388457815608,-0.520188839976876,-0.5220671147916712,-0.6422333260936591,-0.37002707566809817,-0.451185168729937,-0.4706692344925576,0.6431700323482669,-0.33351031363368816
-0.8489751573047312,-0.6130047318401621,-0.8838831298835013,-0.7772125672908102,-1.0180612532898359,-1.2411748710252724,-0.9486995721623315,-0.910315315997143,-1.0588728614181075,-0.19518735486124805,-0.9162102298050836,-0.4520149726363979,-0.9058282655623089,-0.6457282712616795,-0.37559259282851143,-1.0949920243195006,-0.7387558280274115,-0.9124794236590157,-0.044095524100374976,-0.5407026312416443,-0.9387215168097378,-0.8713857121488363,-0.9714724969174922,-0.7968983659547225,-1.2613889464909733,-1.2150537713892497,-1.1008154342073462,-1.1328541898378617,-0.8239664616245249,-0.7423651101974489
-0.7893609348581051,-0.16377553476624745,-0.7893977703644919,-0.7485183793239665,0.6305363661857335,-0.3542163571683596,-0.5797665014658689,-0.5915910423171713,0.4507718803695979,-0.10839402017680957,-0.5654438442355703,-0.3765886583050905,-0.6571199204626517,-0.4695054895023326,0.5815634296734619,-0.5115921433200826,-0.36355315855170856,-0.10681852801874461,0.48275509950387513,-0.9671893289876297,-0.777667738314765,-0.4332397730109845,-0.8302624869230357,-0.698007271199557,0.7138046875934152,-0.6128908217626435,-0.5405573798089297,-0.44719398515480974,0.26274186049755377,-0.9056892632855025
1.694565000417988,1.0213768695744831,1.7662455347042498,1.6828168743418697,0.8490336992500462,1.5244625443150606,1.7508137692003625,2.0660069455731795,1.6192949737725808,1.624717329553729,2.299436290120356,0.9121639851645669,2.3449752661800556,1.868987022154521,0.36376957600096416,1.2655725675986134,1.4328364339173654,1.261534027780855,0.8571289543944244,0.7648613891859365,1.5076649919746568,0.5901668001577196,1.5129411164224706,1.3957321854080689,0.12081057228331174,0.5362847684815989,1.0489225892733707,1.1820492935584983,0.6383544858691445,0.5566063206962026
-0.6587773999750188,-0.6220344644446635,-0.5323480804940005,-0.6326052239727558,0.9265650109825445,1.2620825337850416,0.965903315349041,0.6637763787703634,3.1761161137411515,1.4897054756001564,-0.3003819548446179,0.35481802611970803,-0.2814419230845844,-0.3339015813137237,-0.537605638953567,0.6337045581195946,0.46181503258273066,1.1080276493859662,4.44219249195558,0.28947578557769604,-0.5187584994684166,0.10244960513200883,-0.45429083531279624,-0.5034927874289619,0.28650010450231234,0.9796375966385686,0.8432704046399896,1.0936360168319155,4.619206241944116,1.0090142247501106
0.1474339893031645,-0.92453050669544,0.15999442288109642,-0.007867408734245244,1.2155453547127635,0.5757116366739041,0.13269067972225357,0.5723775061709598,1.1366441308452622,0.07759169700413099,0.3624455599557037,-0.8562226571298143,0.44756360853639926,0.04072238556567984,-0.5088270057603007,1.0815891617448499,0.3928725130879716,0.7448942811399933,0.47407755982098154,0.36521394052224154,0.011291910768202155,-1.199195630116937,0.059654763562859606,-0.13905760519209975,-0.18440698706747588,0.34528255150099285,-0.06967153648950572,0.3802323356587976,0.4088134370309499,0.014370132443865329
-0.6843263524521443,-0.4843310422260256,-0.710178604304886,-0.6658450258749412,0.12587800981783787,-0.8025439403783489,-0.6417794587973917,-0.42363584907895097,-1.0407280928870053,-0.26820396975450633,-0.558186608672063,-0.806465904319185,-0.5377589364855696,-0.4763583669452486,-0.01248440611840881,-0.9546471825416767,-0.40271768840553895,0.02192875708664588,-0.1829361590266714,-0.8002712593525629,-0.6675803454194674,-0.6954877073854651,-0.6752256634499558,-0.6242259152865727,0.01616455193447058,-0.950623218675371,-0.590048442933318,-0.07402898269502509,-0.5205870334397795,-0.7347433163866729
-1.5314160656937286,-0.7913419507790532,-1.4875166712647685,-1.2039320754710028,1.3424147739113972,-0.4108752290074506,-0.6011502798560492,-0.7660561267661753,-0.5580772499596867,1.8506555341290913,-0.8298145683347601,-1.1213575802338036,-0.7222691427927722,-0.6610537971794733,0.46929123104294074,-0.18272180535648055,0.011908449964350094,-0.2174091447118366,-0.41722973046479667,-0.015315138932150463,-1.3570536098118693,-0.9785235877774348,-1.2618355799685923,-1.03200119470309,1.764625141929702,-0.11324926078688605,-0.14078490874590854,-0.14872295786058656,0.04764745109672922,0.938240425078621
-0.47141841514276495,-1.4685718961166134,-0.5389496776656342,-0.5039075294283968,-1.5671239063772535,-1.2014376085609435,-1.030674915555746,-0.9678627543004711,-0.6887195833836225,-0.38117307204218764,-0.2730809258199956,0.4603093748348233,-0.3637106490926928,-0.33639353674751127,1.2257074047276855,-0.8784090587410234,-0.8352753553200741,-0.6308860026464563,1.0220022083694016,0.3578607215955866,-0.6308845477877015,-1.4998213109852436,-0.7099397909069265,-0.6027278512093628,-1.636806544492443,-1.1987363634485224,-1.2404475016243102,-1.3407778268293429,-0.989300224074413,-0.7723078715969258
-1.575417039404334,-1.4076212010362332,-1.5415672481075204,-1.231205759083052,0.5389084523200545,-0.5190594507404803,-0.7982584018408282,-0.8738599252167539,-0.4528375924792933,1.152175840716229,-0.9673564613955152,-0.9580218086399004,-0.8577985469101762,-0.6966056947015099,0.3399650275571508,-0.44202341798162836,-0.4600079510842823,-0.7257958602561992,-0.5610289594956039,0.02843651368144621,-1.3886527688836674,-1.1656151019348389,-1.296549707425563,-1.0471358318134456,1.402724321556624,-0.1948363004905224,-0.47809293120533264,-0.45176708567515017,0.13914283420006499,1.1124528550392112
0.01968922691753654,1.010089703818857,0.04034047414523377,-0.12491696756929115,-0.09332415335313272,0.5129685906775953,0.28162240686327356,0.41561932581528765,1.5684896218854951,0.19744915918740286,0.04865651749548908,1.0914992779802626,0.3144119132631601,-0.2034892469455056,1.399800370958557,0.6779755651531565,0.1507645103552029,0.7514967060171925,3.042629305957467,0.338374691439951,0.11730199281552584,1.4568642418099662,0.22439977522305823,-0.12581479772053855,1.0451837520314153,0.9587664934585685,0.4780936281881914,0.9518699007013599,2.9337649742510834,0.987237671005037
1.7513404503671557,-1.1276994902967081,1.7827495276333347,1.8248673098212946,0.3063145171225608,0.554797288008468,1.3696793661283266,1.4488692587908818,0.022555343035585162,-0.5602704293275377,1.211542120886043,-0.7786865158242046,1.2198434411211854,1.113924525716876,1.6165283493276006,-0.040134665819813925,0.7981121112449592,1.1773531105965611,-0.35772660121066985,0.46595303981741387,1.2752582736401392,-1.4502500550973842,1.3187773526800928,1.1876309251406771,0.23853734517575909,-0.31184096983294673,0.6011005423614287,0.7277879752046756,-0.8544649226589706,-0.4184388732394763
-0.4742571876402238,-0.820688581743681,-0.38463734377869385,-0.5044757311703145,2.244597310435009,1.2620825337850416,0.8640159006664175,0.8392830458130931,1.0314044733648688,1.8231020945467311,-0.24923572325418628,-0.5872197179062705,-0.31187659628989617,-0.2826088319682621,0.20246711341154458,0.4681194928512075,0.14558572954808485,-0.05730034143974824,0.14928964597553787,0.45382022858843324,-0.1660711111186663,-0.3181065335295054,-0.11685774893021053,-0.2456880030150608,2.056761948736886,1.7113911232828112,1.2521722951143053,0.9046145286578415,1.7475353582271305,2.1740598501115587
0.3802133340947527,1.0416937679346099,0.4913120809324688,0.2177086828070814,1.575008709108891,1.585304285887239,1.432572831981798,0.9515135702870046,0.015297435623144064,1.0929359456141519,-0.25407388029652445,1.2954492188294853,0.030513477269861186,-0.17192447811752917,0.9229988185466603,1.3851617814035595,0.9052481391922139,1.4348476808073427,0.07491073440787904,0.7913329773218941,0.16826837841520073,1.6935270118552286,0.30383040584493987,0.04290200915740472,1.799507148712649,1.5330380597446291,1.519327936834305,1.5478973351857381,0.18729829899129455,1.2104473468920438
-0.09102290048334041,-0.8003716833835542,-0.06033388272218189,-0.20048779924434523,0.33450772138892354,0.46353467565020046,-0.14114747060376034,0.05288818755041814,-0.510900851778821,0.38067953241010644,-0.44207083965594834,-1.061403330380713,-0.4355174561864753,-0.3623514058494655,-0.7898627941044214,-0.26781413056384606,-0.4736022507029672,-0.414491527296242,-1.0221782112150886,-0.2638539386530867,0.05818098551990314,-0.7802385642259986,0.08613164043681988,-0.12392296808174405,0.3998666265468906,0.631785876971902,0.014415221246105489,0.35889119989720886,-0.49329893672474895,1.0090142247501106
-0.3862552402190135,-0.11185457229036772,-0.41351933140459135,-0.44907606133333877,0.05680465936524916,-0.458217709168302,-0.7827866092408743,-0.8032927044918583,-0.15889234227543728,-0.14696883559211504,-0.640435278391811,0.10691335663918732,-0.6361960826339998,-0.48881814411418656,-0.4732978289784902,-0.5087174026036176,-0.5480472248052892,-0.2839285753496215,-0.1680603767131398,-0.6304119021468344,-0.5167198440444296,0.04008576707954083,-0.5752019063705497,-0.5241309289430833,-0.09284171926223972,-0.44528953865052234,-0.7178603146914475,-0.4822544224774202,-0.24449570197006387,-0.6579809644352881
-0.8291037498225228,2.2652225358444693,-0.8756311334189588,-0.7632916246138267,-1.5128519881645044,-1.2936508731312761,-1.1209018816691358,-1.2670573543480914,-2.695530982923529,-1.085163453371524,-0.31973458301397034,4.697545214891949,-0.39557194760450365,-0.37356520530150983,0.23231162190826532,-0.9446430848483782,-1.042944465685508,-1.934039612783711,-0.06888849462292777,-0.762769842826623,-0.8897937866340498,2.00854434765872,-0.9467607451684622,-0.7650812311204518,-1.7118028590757794,-1.2609069526180376,-1.3208824915954036,-1.7493081399797608,-2.1354002861056753,-1.3836846179898725
1.7201139528951135,0.046165748288396195,1.7291115506138106,1.691339900470635,1.2225936557793544,0.8609073002934905,1.5621333716399486,2.011323859402596,-0.285905721993153,-0.326066192877465,0.0915087655847694,-0.39241236061235796,0.06427694285700403,0.24277843865529172,0.7627622312606952,0.10590216257661082,0.7521504315817865,1.2186182660790583,0.5038291244480452,0.057849389388065955,1.171286847016803,-0.10702892781346011,1.1363810897705873,1.0225257930277052,1.5073703419054665,0.2523112736991747,1.229588994465313,1.5631410035868731,0.21779676002574008,-0.2023065773196188
-0.028569905539256105,-0.8297183143481816,-0.09499226787325958,-0.13684920414956298,-1.1484548230217646,-0.909016988129661,-0.8583845551967467,-0.5764880947081531,-0.7758144723329126,-0.9694390071256057,-0.6649716462493829,-1.000921623784047,-0.602432617046857,-0.44749321650387547,-0.7472277819662487,-0.9239449516898299,-0.7447437933356417,-0.15798732081704078,-1.0829209889953435,-0.641074069590484,-0.28023581486193816,-1.0280948436652941,-0.318964575734776,-0.3363238411645778,-1.243947943099499,-0.9651697451341588,-1.0200921467811594,-0.4968883441425098,-1.2204464550723144,-0.9454314738702618
1.1637145433932685,-0.14345863640612067,1.1721017892572065,1.0748410104899313,1.3283181717782153,0.8533020825969679,1.1080425481778862,1.493136519024211,1.049549241895971,0.027995505755880428,1.4759128449852328,0.6484356133767787,0.9530645088058745,1.204673236097308,-1.0804914601796307,0.24733940582669145,-0.13115536983228607,-0.4118505573453624,0.7802707457745104,0.4699973102270743,0.8797591213866626,-0.25734176824761373,0.815716692074843,0.7507902630917721,-0.17132623452387089,-0.15562392481900733,-0.06054211707821098,0.2704779231706259,0.20013975626895522,-0.25021499555878146
0.22124207423708264,0.7211382604748318,0.4211701109838593,0.08616997955313409,0.247813618269858,2.260267356453593,2.316854961881604,1.2616447875687415,0.8644726028787285,0.8380666294773076,-0.5308855796474409,-0.6141200118286249,0.2820750729825165,-0.34490771781295226,0.008833099950677515,2.117070767815562,1.5224940766405965,1.753414681132219,-0.6763162724254751,0.711918212914021,0.01333056619218947,0.292739264830565,0.5303547968777134,-0.08901011202035507,0.4347486333298376,2.8757456976579623,3.012708754218764,2.02349978930115,-0.04866347848572987,1.6895315292836675
-0.1875411653969257,2.003360290313946,-0.24765420246729178,-0.2629899908552922,-1.4649235409116874,-1.071578516392825,-0.961026691469612,-0.9761954150502743,-1.3854786949779478,-0.7255910668217065,-0.8215205848336091,-0.13044217796982188,-0.7003942214264545,-0.5376189380258606,-0.7099221463453478,-0.7634194300824213,-0.7999301763114934,-1.0791906518083034,-0.7469762384147509,-0.7954916670502372,-0.32508623418965216,1.5815919179149023,-0.3019016995271126,-0.3505985557118451,-0.9212893803572374,-0.6868883694008255,-0.9396571568100659,-0.8680716697101468,-0.3247548099554464,-0.7543422147572393
-1.2461194296991605,-0.9019561751841881,-1.1599124116224402,-1.0070501718965197,0.7926472907173209,1.0700507869478533,4.046425272852064,0.7788712553770201,2.7043521319324952,4.14172403540245,1.444119241564154,2.531456187941585,0.5707289266641455,0.18795541911196437,1.4317766300621864,4.056370855142887,11.774538031931668,6.779510618900352,1.8612442605578186,9.556369937894557,-1.0732727747928796,-0.9993115337949244,-1.0688485663095022,-0.8667240780775003,-0.1190032243494497,0.14479346943856852,2.62687066015193,0.6454721658385465,0.3397906041635214,2.2557219266555864
-0.6587773999750188,-0.46852901016814913,-0.6862478145577136,-0.6328893248437147,-0.3583402734569438,-0.7852420701187607,-0.7620317655092288,-0.8405292822175413,0.16045558387196202,-0.37290704016747955,-0.21709653718722602,-0.1480240694223411,-0.3080722621392322,-0.32684104091799215,-0.5248151353121154,-0.32588389303644016,-0.3700266345606062,-1.0430423756056362,-0.7035885400002834,-0.2855459344867187,-0.5778795067640397,-0.19977514850687422,-0.6287440351601141,-0.5545721876764126,-0.32829526504713386,-0.5167572556002193,-0.6246441375445411,-0.9328572604149705,-0.18831432638029608,-0.1772635405127838
-1.2441322889509396,-1.6627111471133806,-1.2647127667221272,-1.0402899737987052,-0.24345296607151556,-1.1902199124585728,-1.1209018816691358,-1.2670573543480914,0.3636769914203068,0.18229476741710418,-0.7181913737151022,-1.2802978789645774,-0.7869428233540597,-0.5926496205220035,-0.319811785281069,-1.1298913766173861,-1.042944465685508,-1.934039612783711,0.2881302809018343,-0.23076445348313948,-1.1548189917523595,-1.8612117571354423,-1.2015271382001267,-0.9313902548217476,-0.37189777352581793,-1.1527566906853104,-1.3208824915954036,-1.7493081399797608,0.3349750576843981,-0.16093112520397876
-0.26986556782321935,0.5586030735938168,-0.2670463941589661,-0.34992485736870027,0.08358820341829427,0.020530744827776674,-0.0820276127014974,0.10054059121335501,-0.2060687404563029,-0.1552348674668241,-0.7354705060091669,-1.075820481371779,-0.7317799781694321,-0.5463407820441172,-1.2755466407117702,-0.6593538161463864,-0.5729701074395449,-0.8028791706975037,-1.1548206035107471,-0.7822558729822585,-0.011133298895654679,0.6637241476042204,-0.05507836955763615,-0.24723586362861988,0.8010097045507835,0.8607355542797809,0.4704056960523641,0.7003493720826327,1.2788221675924967,0.6377239833966029
0.9791943310584733,-0.9674217365668187,0.9534238829468363,0.8535264320129873,0.17733060760395072,0.22967423148213975,0.12124406893692186,0.8038692376264296,-0.23147141639984628,-0.19380968288212955,0.6693229494982927,-0.7062491230398255,0.8474942361249495,0.4215762410295525,-0.4665472853899462,0.28873567214378815,0.059812172430192136,0.3008812081483256,-0.14822600029509742,-0.038845439497446135,0.7594784513714299,-0.9945143154831959,0.8098329416584077,0.5891248212311537,-0.28033250572058116,0.17009177632341704,-0.1249285487157647,0.4701699792254943,-0.22523351605357153,-0.2872351369254069
-0.5395489550817664,0.15903740584465625,-0.5125432889790988,-0.5726599402004384,0.9618065163154981,0.22016770936148686,-0.09259371496488049,-0.7030403798457888,1.1656757604950256,0.8325559415608355,-0.7793595020360912,-0.7530169543035264,-0.8974111762539648,-0.5860044060319033,-0.2373840951472689,-0.19134602750587576,0.24074582687887897,-0.3009298194084104,-0.898213358602324,-0.01274151230782122,-0.6370005140596624,-0.2509454771653089,-0.6543383494716094,-0.6348889550688689,0.36062436891607436,-0.14423968672082535,0.3776700146639468,-0.5164002396959626,-0.3006770775598317,0.21362559921129037
-0.4742571876402238,-0.6604108280137915,-0.37308454872833463,-0.50561213465415,-0.05737781791352028,0.9027359976243633,0.8212483438860572,-0.005180042049772644,1.0132597048337666,1.4263325645607248,-0.05018011922656103,-0.030225396690462165,1.013458313447665,-0.2203099461235719,0.10440658549374768,2.8403555320781693,2.562781671270435,2.5572599099312607,1.4719946233537378,2.1248392296707634,-0.5106038777724689,-0.7530543271262046,-0.2810143855487661,-0.5225830683295243,-0.6291525735500542,0.9600314088028111,1.0316247419677589,0.2963921594525555,0.537228009807562,1.030790778495185
-0.19037993789438454,-0.2337559624511284,-0.21835961501816697,-0.2828770518224117,0.44023223738778444,-0.41771992493432064,-0.6210246150657462,-0.5431574517089404,-0.5979957407281112,-0.7986076817149648,-0.3857408683772975,0.2616340014213564,-0.3679905250121897,-0.32351843367294203,-0.37523730106069325,-0.5978343648140343,-0.43702711125269594,-0.38808182778744416,-0.199051589866331,-0.746592761187982,-0.24150136180618534,0.03209040322666078,-0.28778069852766686,-0.3182654673397215,0.08592856550036468,-0.500945813797189,-0.6573178491218072,-0.5433815327659715,-0.3504377245107687,-1.0036837551383344
-0.7382630299038542,-0.9945109343803213,-0.7435991899862824,-0.7056191478091801,0.3767975277884681,-0.4855964928757822,-0.5764960412414886,-0.5043585000926694,0.2910979172958978,-0.16763391527888674,-0.5198269349792395,-0.3273593622380367,-0.5643892755402174,-0.46057598253126036,-0.09882030569820796,-0.7490457265000962,-0.36161111574903937,-0.2735297561680325,-0.4556588347747539,-0.39106462608421677,-0.7409719406829991,-0.7274691627969869,-0.7793680458208674,-0.6753053155340234,0.30394110789378526,-0.6078311603856739,-0.45406814328087225,-0.28469647999871067,-0.3729102747466751,-0.3471206597243593
-0.17618607540709239,-1.4956610939301158,-0.2559061989318342,-0.2513418551459793,-1.5643045859506164,-1.283003568356145,-1.0862098459043612,-1.151988517306278,-1.5887001025262926,-1.3152346738842422,-0.629722216369491,-0.9455386657086117,-0.6485601686236578,-0.4238196398828932,-1.2798101419255876,-1.2397064719863513,-0.9772386841951977,-1.39891307648669,-0.6998695944219003,-0.8388756587175012,-0.2680038823180161,-1.4070750902918296,-0.3498542654210632,-0.3194693589280451,-1.8181929797637684,-1.2392769002314923,-1.2546221264997417,-1.4124230683146772,-1.0101675921506124,-1.2274378448689678
0.34614806412525173,-1.1457589555057097,0.4376741039129441,0.14128554851915087,0.7996955917839118,2.0891499582818414,1.4916926898840608,1.2733625917481521,2.606370381864542,1.0226746746791286,0.1112069764000033,-0.9047486775387672,0.24308064793821066,0.0853699204210411,-0.053698251185308854,1.6082416610012478,1.043456851982177,1.7831255930796168,2.0174399748499026,0.2008694975115043,0.36397929911795246,-1.0648735173885446,0.5215291712530594,0.16587093567904532,0.30830135874165443,2.1572737821282657,1.708643265679053,1.8985017084118432,2.8422695911477476,0.8162917241062082
-1.5680362309109421,-0.16603296791737218,-1.5597216403295133,-1.2314898599540112,0.8067438928505017,-0.8584422904477877,-1.1209018816691358,-1.2670573543480914,1.3072049550376226,1.4731734118507402,-0.24128732239891662,2.730131561355052,-0.3094988874457313,-0.47739668170932675,4.906530119323248,-0.6484298014238191,-1.042944465685508,-1.934039612783711,5.084330428489702,1.0928149533147455,-1.4948667164733902,-0.5275850664749744,-1.4921844087720488,-1.1081903337927217,0.12081057228331174,-1.117149323744886,-1.3208824915954036,-1.7493081399797608,0.39436679759358084,-0.1799856097309185
1.3312021207433136,0.14549280693790534,1.1968577786508336,1.2708706114515376,-0.4739324109490318,-0.8514074640785045,-0.11209068937945671,0.2544344194362826,-0.9173436668755105,-1.7822654748052698,-0.27066184729882664,-0.6965790827409399,-0.24244749804027874,-0.0842907120293317,0.22413991124844876,-0.8145898148354992,-0.19394808711859246,0.4807972860520125,-0.142027757664459,-0.7984329546208992,0.7492851742514948,-0.23015753114781978,0.6362623043735552,0.6046034273667449,-0.33265551589500236,-0.8747282980208255,-0.2589868653342538,0.22322255112710712,-0.5286129442383178,-1.4751461437191824
-0.6474223099851856,-0.0892802407791154,-0.6759328189770356,-0.6439692588111098,-0.5105835764953041,-0.6582349345868381,-0.7851765609433062,-0.9043262160832218,-0.9790358798812584,-0.32055550496099294,-0.6373250345788793,-0.6311744465375685,-0.6794703835978025,-0.4917254254536054,-0.5056293798499377,-0.4621466029968837,-0.38103154377573206,-0.8203755966220824,-0.5312773948685403,-0.34032741549029777,-0.6084593381238443,-0.11982150997806922,-0.6516906617842133,-0.5815737561573883,-0.17132623452387089,-0.4193587740935527,-0.6140732308577785,-0.6955133434092987,-0.5799787733489623,-0.24694851249702016
-0.10521676297063258,1.0010599712143564,-0.1383152493121064,-0.18372584785777318,-1.0941829048090155,-0.6759170657312525,-0.5300806634416267,-0.6566899544250087,-0.1080869903883506,-1.1857335078471436,0.09703808791887007,-0.2939537684782504,-0.020845033764102273,-0.01804623008114452,-0.9198995811258477,0.07830465169854624,0.048159915614176325,-0.2718791499487324,0.6860574577888092,-0.27966335934539477,-0.25984926062206826,0.09605331404970457,-0.2757190101739738,-0.3069144895069546,-1.6677643255123087,-0.6963752344826437,-0.6678887558085699,-0.818529747406458,-0.37451545690638344,-1.1572084590411047
1.189263495870394,0.28093879600541694,1.1927317804185622,1.1288201759721126,0.7644540864509581,0.4026929340780219,0.8526950768127929,1.1939419189765907,0.20763198205282765,-0.48036545453868973,0.47787016368005625,-0.5304302085146335,0.16414071431193328,0.5515732494921393,-0.27149210485780684,-0.3759043815029322,-0.1000826849895778,-0.20750550739603715,-0.6019373608578164,-0.4127566219178488,1.1366297048090237,0.07366629526163908,1.024589831858309,1.0466036247941803,0.7530469452242314,-0.004466541182037597,0.4853010645655295,0.5524857885916231,0.2852144107334611,-0.31772231216850977
-0.4912898226249738,-0.4188654808433949,-0.4642691096615265,-0.5448180548464713,0.581198258719599,0.49585685086042036,-0.37976528005183036,-0.5171178868658054,-0.08631326815102831,0.4109883159507038,-0.5039301332687001,-0.6174605712046035,-0.3594307731731959,-0.44853153126795364,-0.07998984200384869,0.6751008244366913,0.4967718030307776,-0.1992524762995378,-0.2560754220682026,1.1163452538800416,-0.4290576608129889,-0.4172490453052238,-0.35720895344160775,-0.48835815031860613,0.46963064011278466,0.6640412182500838,0.2195869101209974,-0.254818889932486,-0.12410703999199002,1.4880984071417342
1.172230860885644,0.14549280693790534,1.1432198016313084,1.0947280714570506,-0.09332415335313272,0.10228683506539132,0.2967168386681066,0.6598704440438933,-0.031878962557721574,-0.7545221783831864,0.13850800542462538,-0.7929278479007451,0.1460701270962795,0.2722665779551116,-0.9330453765351174,-0.6605037124329723,-0.3133837194827525,-0.2190597509311364,-0.8374705808220692,-0.6134994986155281,1.344572558055697,0.30713091976574985,1.348196104762271,1.2409461240521578,0.5350344028308108,0.020831765702810912,0.4973134585277597,1.19576859511952,0.2675574069766771,-0.04279332113695313
1.7570179953620724,1.7437554779345472,1.69197756652337,1.7992982314349981,0.285169613922789,0.09848422621713007,0.7898016109593216,1.1632152324616913,0.04070011156668741,-0.988726414833259,-0.030827491057208594,-0.33615030796429646,-0.13592614182168744,0.23966349436305726,-0.6740376777957193,-0.5478138763475424,-0.3577270301437008,-0.5830184222867598,-0.9453200025951746,-0.7190181902130262,1.6401775945338113,2.146064605928265,1.6159067487100949,1.650269264082234,0.8838544706602838,0.2542086467155381,0.4992354415617166,0.8375423876928474,0.4088134370309499,-0.24368202943525885
0.8344169336880949,0.37575098835267573,0.8213919395141598,0.7498296141130072,1.1239174408470844,0.037642484644951804,0.7759650484715577,1.3197130171689324,-0.27501886087449184,-0.30126809725333975,1.4150902993101253,1.5908249952318076,1.5232390896366372,0.9629535590199101,-0.1723657016365558,-0.421900232966373,0.4142349839173336,0.9446176336752786,-0.26723225880335144,-0.04215438801444081,0.9592666829221548,1.1850218708120288,1.0540085839404876,0.8213039132650206,0.5655561587658899,-0.30994359681658296,0.562660881682292,1.0357100769076024,-0.4387227432946895,-0.461447566885997
-0.6843263524521443,-0.601717566084536,-0.7085282050119779,-0.6564696971332991,0.6446329683189154,-0.8112899407293496,-0.6690752229777982,-0.5900286684265833,-1.683052898888025,-0.4748547666222167,0.14611082363401398,2.2571786812822854,0.18316238506525315,-0.13350683184663703,-0.128664814194929,-0.6616536087195585,-0.18132480890124217,0.22330271584123124,-0.8498670660833457,-0.05171357261909236,-0.6023433718518835,-0.04146694421983998,-0.6240370348269657,-0.5808858181069174,-0.21056849215468706,-0.9582127107408255,-0.818283928215692,-0.6871293257886744,-1.9010436907883583,-0.6008175108544697
-0.18470239289946738,-1.1909076185282137,-0.1886524277458148,-0.30787792846679063,0.7855989896507299,0.22587162263387875,-0.39309869481276627,0.10418613029139394,-0.08631326815102831,0.481249586885727,-0.8564244320676198,-1.1443898580366039,-0.8421056685386873,-0.5806051692586968,-0.8847256961118553,-0.6202573424024617,-0.6111636158920405,-0.48299168539718706,-0.42962621572607346,-0.38996164324521854,-0.29654505825383415,-1.186403047952328,-0.3657403915454397,-0.3856833962858516,0.3213821112852594,-0.02786747505052233,-0.43292632990734714,0.2857215915717609,0.5308072811687312,0.4787551410575638
0.4568601915261292,-1.8184740345410197,0.4500520986097574,0.26288072128953877,0.5882465597861899,0.4996594597086811,0.37722047496054983,0.350260018059019,-0.06816849961992606,-0.04226576517914088,-0.8419099609406054,-1.4717646768825112,-0.8226084560165345,-0.5592158851186866,-0.32194353588797764,-0.4086764256706337,0.03683133259860571,-0.17284277679073967,-1.0779623948908328,-0.5851896057479066,0.14788182417533122,-1.8452210294296814,0.15085289501761234,-0.051861457294936526,0.9666992367697829,0.2757122075676594,0.6030225253953854,0.4640725118650401,-0.5446647658353944,-0.1445987098951737
-0.0626351755087566,-0.6130047318401621,-0.12057345691334082,-0.15702036598764135,-1.9505514843997886,-0.9588311640418821,-0.8411517455528957,-0.9183875810985147,0.03707115786046636,-1.0383226060815096,-0.8678286593817024,-1.1392911095153733,-0.7041985555771184,-0.5558932778736363,-1.2904688949601306,-0.6990252380336042,-0.7223779337249006,-1.1364666876180092,-0.9031719527068346,-0.6443830181074787,-0.23334674011023718,-0.6299257237918449,-0.181579003511003,-0.28472848737927403,-1.6607879241557189,-0.33966910740628,-0.6558763618463397,-0.8008470920611416,-0.3488325423510603,-0.4075505963669391
-0.34367365275713746,-0.6784702932227935,-0.38628774307160196,-0.39282408888348663,-1.1660755756882413,-0.9498950332484684,-0.6337290951681473,-0.6480968980267742,0.09513441715999414,-0.8578475768170419,-0.7340881754256416,-0.5548690376336353,-0.6561688369249856,-0.5201752499893473,-0.5834382770021027,-0.5426393430579053,-0.2916975748529456,-0.5442291761332125,-0.2374806941762878,-0.6234263441665122,-0.49021732353259856,-0.597944268380323,-0.48723983764483614,-0.4881861658059884,-0.9692521396837894,-0.655897943466886,-0.47328797362044056,-0.493992047146294,0.20495530274807852,-0.8153165652434465
-0.9852362371827341,1.3283877781275104,-0.9853826863973709,-0.8740909642877781,0.04341288733872709,-0.5947313668208771,-0.8216547711383195,-0.8465183821314621,0.34190326918298447,0.05417127335912325,-0.5422898069615236,0.47261669885158697,-0.6542666698496536,-0.5016932471887559,0.08841845594193301,-0.8600107181556471,-0.6930530874045946,-0.9032360288309363,0.14061210629264426,-0.45172868222911994,-0.822518157642479,1.5112327160095531,-0.8646824268591844,-0.7373917245890056,0.7835687011593105,-0.724203372055977,-0.7803247632950445,-0.8139566468861177,0.8229504342355234,-0.16310878057848605
-0.6020019500258512,2.0078751566161963,-0.6239452412504197,-0.6027746325220765,-0.8164798427853411,-0.7437936336727141,-0.6108358735974838,-0.760587818149117,-0.6814616759711813,-0.2558049219424437,-0.7444556548020805,0.8453527976449939,-0.6452313762418268,-0.5594235480715022,0.13993576227555823,0.033458696521691436,-0.09101981857712124,-0.42109395217344153,-0.3713627349980739,0.16704469044889164,-0.6512711020275714,1.9413832912945248,-0.6561034745965402,-0.6204422560089836,-0.4852642955703962,-0.4345377582244619,-0.45070467297144773,-0.6645686965549946,-0.7212348034032355,-0.13752132992802443
-0.13644326044267474,-0.676212860071668,-0.19319102580131306,-0.23543220637228396,-1.3465120829929633,-0.8181346366562197,-0.8873155494893435,-0.8183956521008765,-1.632247547000938,-0.46383339078927255,-0.7582789606373322,-0.5288478382839067,-0.6770926747536375,-0.5450948043272233,-0.8751328183807664,-0.7783680818080396,-0.6937004350054844,-0.6208173047087271,-0.8920151159716858,-0.4767296265797466,-0.32916354503762607,-0.40765460868176684,-0.3322030141717563,-0.39170285422747037,-1.004134146466737,-0.6078311603856739,-0.8163619451817352,-0.4404867710583102,-0.8833582015337081,-0.22952726950096106
-0.5565815900665169,-0.2947066575315087,-0.561230068119898,-0.5664097210393437,-0.3583402734569438,-0.4798925796033903,-0.7541071888116914,-0.8694331991934211,-1.2294336856104688,-0.007823965701190908,-0.6470013486635556,-0.06011461215974502,-0.5681936096908814,-0.5095844393957499,-0.7209361911477092,-0.4972184397377573,-0.5907721664640131,-1.0821617430030432,-0.7321004561012191,-0.7315186623883395,-0.6003047164278965,0.34071144794784813,-0.5454889667675494,-0.5796819265185938,-0.4852642955703962,-0.16700816291718912,-0.5424793628428866,-0.8819434079551797,-0.787047271951249,-0.3906737672145074
2.1260584200316637,0.6647024316967017,2.166467363234551,2.1373782678760294,1.462235892043439,1.9978873459235735,2.41371089929595,2.8003226741495846,1.3035760013314024,0.43578641157482906,0.7519172018639221,-0.5332433111470365,0.6111499770149502,0.8346178541798482,-0.6129274937310053,0.6871747354458446,0.48414852481342735,0.19194119767453366,0.0005318228402202294,0.06630559115371928,2.0275221250913407,0.47983077898796844,1.9012686439072246,2.057872558986134,0.7966494537029155,2.007381313835538,2.068054093028981,1.9427083467751345,1.4955217591530288,0.8837990407159365
-0.8149098873352306,-1.0283724316471994,-0.846336545969834,-0.7519275897754727,-0.90881258675768,-1.1225334749595244,-1.108654008128831,-1.1904749941444315,-0.1080869903883506,-0.28749137746215864,-0.6642804809576203,-0.4010274874240922,-0.6390493332469979,-0.5342963307808104,-0.47010020306812744,-1.0454889891819725,-1.01142834773619,-1.4485963236876163,-0.4271469186738179,-0.6682809796191072,-0.7185467310191422,-0.5883498317568666,-0.7440655433222533,-0.6737574549204642,-0.6683948311808697,-0.9889501536059164,-1.2943687356419689,-1.4951961877328404,-0.1305277686308208,-0.5599864725824563
1.8052771278188655,0.4795929133044352,1.6754735735942854,1.850436388207591,-0.8742759115313852,-0.3829260539727312,0.016463554825038664,0.30104524050549414,-1.2185468244918076,-1.5329068465848985,0.9703254340608999,-0.3220847948022811,1.0800341610842847,0.8867412553365724,0.3619931171618737,0.34623048647308907,0.3349349028083384,0.8241233796663872,-0.8721807395536434,0.03137780125210825,1.6177523848699544,0.06886907694991115,1.5982554974607872,1.4886038222216156,-0.3980592786130279,-0.1467695174093103,0.19652311371351555,0.45340194398424555,-1.0567178747821344,-0.7184109010778679
-0.7978772523504801,-0.06670590926786386,-0.8290073533942952,-0.7402794540661598,-1.0265192145697444,-1.0763317774531516,-0.654358151968086,-0.6863750583461825,-1.0407280928870053,-0.8578475768170419,-0.462805798408826,-0.49456314995149436,-0.4954357190594329,-0.4703361413135952,0.8320441259852258,-0.9252098376050745,-0.3752054153677243,-0.4542711371813691,0.17160331944583546,-0.6256323098445087,-0.806208914250583,-0.30371487859432056,-0.864094051817541,-0.7184734282010609,-0.12772372604518678,-1.0298069192249466,-0.6270466163369871,-0.6881963825767539,-0.7966783649094953,-0.9829960290805146
0.5817661814142988,-0.7371635551520483,0.5944620367392472,0.38021438099554355,0.2005900011236999,0.7639407746628313,-0.284292998886261,0.13829796023590066,0.679395963861486,0.3889455642848155,-0.8021679566642567,-1.2926052029813406,-0.7246468516369372,-0.5376189380258606,-0.8634081900427689,-0.4132760108169778,-0.4114568810175506,0.04008542549894467,-0.1370691635599486,-0.05575784302875246,0.13972720247938267,-1.0552790807650876,0.1685041462669192,-0.03947857238646355,-0.3675375226779494,0.004387866227659452,-0.3051144581492177,0.15767477700222668,0.41202380135036576,0.2794996742901388
0.17582171427774831,1.373536441150015,0.11584624179579552,0.03957743671588279,-0.9306623200641105,-0.5985339756691384,-0.6045465270121366,-0.4788397265463971,0.13505290792841868,-0.8399378410885063,-0.3577486740609127,0.28273227116437943,-0.33089826704321607,-0.2780402470063182,-0.7692558715709714,-0.7812428225245047,-0.41275157621933006,0.1605796795078358,-0.2164066692321178,-0.4491550556047907,0.045949052975981425,1.0475016125424843,0.0008172593985028941,-0.09984513631526898,-1.1305814210549208,-0.7381174408426436,-0.5468038246692895,-0.08012645005547904,-0.2798097094836319,-0.8115056683380586
-1.1612401320251546,0.43895911658418163,-1.1842558011928401,-0.9868790100584414,-1.0420254769162438,-1.2263446965170537,-1.089832509537521,-1.1327192393223582,-0.6270273703778746,0.20571519106211192,-0.7655361962008395,0.2053719487732949,-0.8031112434943817,-0.6063553754078354,-0.43208398391159014,-1.1275340892298849,-0.9758145194732403,-1.3518707992366434,-0.7432572928363681,-0.5282021590663311,-1.0549248759769967,0.5118122343994909,-1.101797568641542,-0.8739474276074428,-0.8428048650956056,-1.1597137250786436,-1.2615412654219864,-1.3561739319144892,-0.8785426550545853,-0.2099283711303947
-0.9426546497208581,0.5969794371629455,-0.953199900185656,-0.8374419519340865,-0.5599216839614386,-0.8782158564587457,-0.6663079104802455,-0.9014618639504769,0.7737487602232173,-0.4307692632904392,-0.34185187235037323,0.6976649094438325,-0.3009391356067372,-0.4277652359863902,-0.14110002606856245,-0.2200934346705263,-0.07483612855487731,-0.20915611361533723,-0.24863753091143662,-0.4256247550394948,-0.7185467310191422,1.0075247932780818,-0.6967013524699461,-0.67926095932423,-0.07104046502289765,-0.5357309857638558,-0.3949671649866996,-0.6083195601548066,0.11024955532532692,-0.42714949473750624
-0.020053588046880608,1.7640723762946742,-0.02113689951560655,-0.15417935727805288,0.23512667634999473,0.1707337943340921,-0.5596405923927582,-0.146314483499564,-0.9645200650563762,-0.1635008993415322,-0.1455609294897982,0.47085850970633486,0.007211930597044388,-0.22757814947211913,0.11222300438574609,0.0846290812747695,-0.37261602496416524,0.7498460997978927,0.043919521254687836,0.5354409586743029,-0.2007282533264452,1.1882200163531815,-0.21099775559318135,-0.3057105979186308,-0.3413760175907388,-0.17649502799900732,-0.6837451158387137,-0.15177169154081344,-1.0374556888656425,-0.06838077178741475
0.6754456738304253,-0.23601339560225393,0.6068400314360605,0.5211284129911331,0.06385296043184008,-0.3601104008831642,-0.38353888800303865,-0.00804439418251764,-1.1169361207176352,-0.9597953032717791,-0.2340300868354095,0.3776744850079832,-0.2514827916481057,-0.14991220511907208,0.11257829615356424,-0.4173006478200289,-0.4499740632704911,-0.22896338824693557,-0.43458480983058384,-0.6789431470627567,0.3762112316618742,-0.04626416253156846,0.2891210298038507,0.2141985837246132,0.08156831465249675,-0.5464827661899164,-0.5218180452278506,-0.3586282717442153,-0.806309457867741,-1.076635210184332
-0.758134437386063,0.36897868889929986,-0.7460747889256452,-0.719255989615205,1.0040963227150428,-0.19013378536589107,-0.5434140782025626,-0.6855938714008885,0.1423108153408598,0.9854775312429417,-0.281720491967028,1.669943506768144,-0.3784524439265158,-0.33597821084188,1.2186015693713237,-0.47422051400603704,-0.20592401773505292,-0.6950945845772216,-0.28334768964301105,0.047187221944416505,-0.6471937911795975,1.0267136665249945,-0.6719896007209163,-0.6180344728323361,1.036463250335678,-0.54838013920628,-0.4776124354468435,-0.8153285770422198,-0.2156024230953258,0.220158565334813
0.0423994068972037,0.725653126777082,0.07747445823567366,-0.07065370121615111,0.5530050544532363,0.2239703182097481,0.7193609292034338,0.33151153137196193,0.4471429266633769,-0.42388090339484863,-0.7047136505257318,1.102048412851774,-0.4650010458541211,-0.46223728615378545,-0.2938754862303473,0.03000900766193331,0.46052033738095116,0.17213392304293507,-0.7358194016796021,-0.03369818624878781,-0.20276690875043252,1.3641180211165527,-0.09038087205625027,-0.26856194319321225,0.2646988502629703,0.12012762022584117,0.7135365498479033,0.3268794962548251,-0.31833408131661567,-0.05204835647860969
-0.4799347326351404,-0.5272222720974047,-0.548439473599858,-0.5039075294283968,-1.4367303366453248,-1.313424439142234,-0.9520958193184189,-0.8246451476632289,-1.2004020559607054,-1.0038808066035576,-0.09959843758758599,1.7156564245446944,-0.18348031870498713,-0.20016663970045545,0.14810747293537446,-0.8347129998507546,-0.7205977278224537,-0.0853606471678462,1.7211639771053946,-0.3259886385833207,-0.6900055550833242,-0.8841782943134449,-0.7534795439885502,-0.6338570479931628,-2.085912381822889,-1.3103651425779164,-1.2133955904213678,-1.3176074508596178,-1.5976642626036126,-1.3689854442119476
-0.9114281522488159,-1.5769286873706232,-0.9387589063727073,-0.8266461188376502,-0.7593886041459559,-1.0725291686048903,-0.9654292340793549,-0.9105757116455742,-1.2838679912037754,-0.3563749764180624,-0.7994032954972062,-0.346699442835808,-0.7636412766812429,-0.6169461860014327,-1.2300692944310527,-0.7530703635031472,-0.6959661516085985,-0.3836251909953343,1.111256902250592,-0.15429097664592836,-1.0019198349533347,-1.746078517653963,-1.0282506884360962,-0.8466018901012318,-1.6921817302603719,-1.1336564689872497,-1.182307514847116,-1.262425371247509,-1.2092101799543613,-0.9819072013932607
-0.715552849924187,-1.4663144629654883,-0.724206998294608,-0.6877207929387725,-0.4316426045494883,-0.5394034080786775,-0.5930999162268049,-0.3947319321030712,-0.6633169074400791,0.40272228407599664,-0.605185848511919,-1.2045199268042195,-0.6647285887639796,-0.5201752499893473,-0.2796638155176234,-0.690401015884209,-0.4949647215323292,-0.797762291417674,-0.48788969645407265,-0.4767296265797466,-0.6573870682995322,-1.3718954893391555,-0.7181770414899364,-0.6397045214221638,0.4870716435042588,-0.43770004658506795,-0.3973696437791457,-0.4613705967678653,-0.19955060149824927,0.1684392501902624
0.19569312175995715,-1.0464318968562012,0.11419584250288681,0.07395364210190368,-0.7918107890522734,-1.0164406880930383,-0.69121372295822,-0.6053920116840329,-0.5217877128974822,-1.2973249381557075,-0.6511483404141312,-1.0566562196885332,-0.5686691514597143,-0.41696676243997727,-0.08247688437857513,-0.7668691189421795,-0.5632598934261985,-0.19099944520303846,-0.5759047418091355,-0.7605638771486265,-0.13752993518284862,-1.3047344329749597,-0.16686962746991382,-0.21369888366817244,-0.7861216040733164,-0.9689644911668861,-0.7918566614987855,-0.5366743186694721,-0.9026203874502,-1.25465853705031
-0.1676697579147174,-1.8952267616792766,-0.16430903817541498,-0.2712289161130988,2.336225224300688,0.020530744827776674,-0.255865152320492,0.4400965167678344,2.1781538445305304,0.48400493084396207,0.012024757032071929,-0.3695559017240828,-0.10501592684754268,-0.16922485973092602,2.2951356258601803,0.177195732344944,-0.6668355095685595,-0.5741051487025405,0.6538265961094903,0.8516293725204646,-0.4494442150528588,-2.1186624731981945,-0.47105952399963813,-0.4797589246877222,0.5742766604616271,-0.73622006782628,-0.9105871634214688,-0.6202096215076919,-0.2990718954001233,-0.6835684150857497
-0.5423877275792247,-0.2969640906826343,-0.560404868473444,-0.5576025940396195,-0.25684473809803765,-0.6059490629232476,-0.5684456776122442,-0.7392353749777464,-0.39114537947354544,-0.5148072540166416,-0.5319223275850848,-0.7834336265163848,-0.474987422999614,-0.46161429729533854,-0.3933571812194169,-0.6570540235732144,-0.39559686479575157,-0.7642549851658864,-0.13211056945543778,-0.6940172458623994,-0.4066324511491321,-0.27173342318279864,-0.39780683131501415,-0.4469098827777454,0.2123758400885491,-0.2359460491784012,-0.16144622636094463,-0.40344465684355235,0.5163606417313622,-0.53167695271386
-1.121497317060737,-1.005798100135947,-1.1281422252339526,-0.9738103699943343,1.2296419568459453,-0.4374934909452786,-0.9845488476988101,-0.9311469678716507,3.411998104645481,0.9234822921826276,0.37730561372859966,0.38119086329848706,0.2088416405822349,-0.1283152580262462,0.2038882804828169,-0.8232140369848945,-0.7948484976445089,-0.5816979373113198,2.65090037170113,0.774052912844255,-1.0732727747928796,-1.3255223789924488,-1.1035626937664729,-0.8871902350790041,-0.19312748876321295,-0.9843964583666437,-1.2167110111549433,-1.3561739319144892,1.0605173938722563,-0.23224933871909575
0.09349731185145468,0.1996712025649098,0.1071816455080258,-0.03400468886245923,0.19495136027042753,0.3228381482645379,0.3633839124727861,0.2901086232713773,0.534237815612668,0.24291233449829888,-0.6822507785434476,-1.0079543803650548,-0.6785193000601366,-0.44396294630600963,-1.0289741538460058,-0.536889861624975,-0.39559686479575157,-0.7286018908290092,-0.6478043563245394,-0.6881346707210755,0.41698434014161395,0.7005028213274707,0.30971415626137566,0.2743931631408009,1.0146619960963361,0.9568691204422051,1.0657399408204926,1.052478112148851,2.9803152568826055,0.9164638713335475
0.6328640863685498,0.8927031799603466,0.705863989010568,0.5276627330231866,0.10332344640474847,0.876117735686535,1.1570994515435937,1.017393669340136,1.350752399512268,-0.09875031632298296,0.08494269531302497,-0.35549038856206744,0.04715743917901613,0.09762203463716358,-0.46370495124740135,0.7969898308148098,0.9224028506157925,0.7993642863768888,1.4286069249392697,0.08726226509468571,0.6310431596602486,0.8460184434498959,0.6450879299982091,0.48249442340819265,0.4173076299383635,1.3420358427640233,2.0843909488176138,1.6774685165953855,3.0942831902218484,0.6355463280220955
-0.715552849924187,1.1635951580953705,-0.7287455963501063,-0.6746521528746656,-1.4952312354980275,-0.8886730307914639,-0.8725984784796312,-0.9251578679577299,0.47980351001936133,-0.5671587892231282,-0.5371060672733042,0.9877661184103993,-0.43361528911114333,-0.46909016359670136,-0.2906778603199846,-0.11142823558814734,-0.5263610801754824,-0.7789453805176555,1.4248879793608873,-0.6017343483328802,-0.7837837045867262,0.9403637369138858,-0.7643644822589564,-0.7016189459645282,-1.5905878855050382,-0.7476043059244618,-0.9730516120250658,-1.015325506465111,0.5580953778837618,-0.9263769893433229
-0.42599805518343115,1.0462086342368602,-0.4349745222124017,-0.4496442630752566,-1.1928591197412854,-0.5386428863090252,-0.4368725470467823,-0.7368918141418642,-1.0479860002994463,-0.37290704016747955,-0.5588777739638257,-0.2781300661709829,-0.6789948418289695,-0.4628602750122323,-0.6292709150506381,-0.13615100574974678,-0.06674428354375536,-0.4994977475901857,-0.8424291749265798,-0.16201185651891611,-0.424980349965015,0.8907924810260263,-0.4913584629363411,-0.4479417898534515,-0.4024195294608965,0.5761296018252351,0.5583364198558891,0.049444731354168305,-0.11287076487403593,0.6197583265569171
2.1118645575443713,0.6895341963590789,2.0674434056600433,2.341930894966401,1.060482731247768,0.233476840330401,1.947041382663193,2.34983820236335,-0.2786478145807119,-0.9184651438982366,2.6588422418369015,0.05592587142688179,2.282679294462933,2.448366660510139,1.1937311456240562,0.20709303579618077,0.6395119490269688,2.1165480493781925,-1.1535809549846192,0.14388205082992844,1.868507002020355,0.10564775067316097,1.7276980066223722,1.965000922172587,0.3955063756990214,-0.27199613648931037,0.6525135885197739,1.6286887777117536,-1.3424402992100963,-0.7249438672013898
0.08214222186162136,0.0890569781597753,0.17072201828500158,-0.010424316572874827,-0.5909342086544385,1.2164512276059076,0.5923161281794215,0.4520747165956765,-0.3221952590553575,1.2431021913380211,1.6397190191329662,0.9596350920863685,0.7072094143192155,0.7540446284873824,0.2920006389017068,4.6623661981737206,2.1808465867454787,2.6397902208962543,2.5194976279315995,6.9900965324919895,-0.10491144839905665,-0.5771563223628339,-0.16686962746991382,-0.2014879832723174,-1.3996088983684014,-0.0449438321977951,-0.2541819077493617,-0.19292959622387804,-1.002141681352074,0.1918490454662167
0.5704110914244644,-0.3285681547983872,0.6233440243651452,0.4333412438648486,0.5671016565864172,0.9939986099826308,0.5822531736428661,0.7515297122917285,0.7084275935112494,0.3104182614750851,-0.25096363648359277,-0.9467693981102882,-0.3280450164302182,-0.11980107696080511,-0.9788780145836529,0.19386922850044144,-0.18067746130035245,-0.43743495374451036,-0.42342797309543506,-0.0112708685224902,0.8002515598511696,0.24316800894270607,0.7451116870776148,0.6475995555211647,0.552475406222285,2.0624051313100837,1.2132521386766795,1.092111649991802,2.2050122737438103,2.1141743273126066
-0.6871651249496032,-0.05090387720998739,-0.7246195981178354,-0.6703906398102828,-0.5507588925748712,-0.9713797732411439,-0.9217811687770459,-0.9681231499489025,0.4834324637255814,-0.22274079444360936,-0.851931857671163,0.3618507827007157,-0.8387768761568564,-0.6130005898979356,-0.3112847828534346,-0.9313042879239805,-0.7056763656219449,-0.6733065824824632,0.37738497478302513,-0.8039478688158905,-0.7491265623789473,0.12963384223180283,-0.7781912957375801,-0.6902679681317614,-0.41986053285237,-0.9208977080856738,-0.9405700987511955,-0.8741691370706008,0.9481546426927205,-0.8104168406508045
1.510044788083193,-0.11636943859261803,1.493929651374355,1.45553617757479,0.9124684088493626,0.7829538189041371,1.716851297639488,1.8420666879222192,0.07336069492267085,-0.24065053017214408,0.5504425193151277,0.32317062150517345,0.36053946483996074,0.5594644416991333,-0.5869911946802836,0.1737460434851861,0.33461122900789364,0.007073301112947001,-0.40607289372964783,-0.2340734020001343,1.5647473438462929,0.7436777861330254,1.3687892312197965,1.4714053709598478,0.8489724638773367,0.7475256309700837,1.5313403307965354,1.3908875506540477,0.5934093853973298,0.3061759526278544
-0.10805553546809091,-0.3217958553450114,-0.15564444188764526,-0.19793089140571565,-1.163961085368264,-0.7578632864112804,-0.7585097314214344,-0.9209915375828281,-1.1967731022544854,-0.9777050390003138,-0.5412530590238797,-0.8207072363957255,-0.618125495418346,-0.40139204097880476,-1.4574560258346396,-0.5397646023414402,-0.46680510089362476,-0.9720663081757414,-0.8870565218671752,-0.6881346707210755,-0.1925736316304974,-0.5243869209338222,-0.29954819936053834,-0.2726895714960365,-1.5182077214304222,-0.4547764037323406,-0.5693871253182822,-0.8317917389154456,-0.8769374728948778,-0.7799296654077017
-0.5821305425436424,-1.3308684738979764,-0.5802096599883455,-0.5951039090061876,0.9899997205818608,-0.25724983153770015,-0.645301492885186,-0.538470330037176,-0.5290456203099233,0.43854175553306607,-0.5367604846274228,-1.2662323658025618,-0.5510741060128935,-0.46223728615378545,0.13744871990083146,-0.7921668372470718,-0.460978972485617,-0.6158654860508274,-0.10235900482837461,-0.5932781465672271,-0.5778795067640397,-1.5941666044492335,-0.60167878324451,-0.5753823137031518,0.8794942198124158,-0.5762082767796133,-0.5415183713259081,-0.6223437350838508,-0.18510396206088023,-0.21482809572303666
0.9479678335864312,4.502338788609544,0.8874079112304983,0.7555116315321841,0.15266155387088298,0.4977581552845507,0.66149894061824,1.027288703980527,0.022555343035585162,-0.44592365506073783,0.44918680407190853,-0.647173967759361,0.061423692244005935,0.17030406812263543,-0.7390560713064325,0.14614853260712152,-0.20074523692793486,0.33389333253432324,-1.0147403200583227,-0.40025614974253537,1.2691423073681787,3.0591351579272184,0.9951710797761308,0.900416789069153,0.19929508754494413,0.7538502076912958,0.2364042616681197,1.4000337516947288,-0.06953084656192969,0.026891650847282438
1.2857817607839792,-0.3917762830298923,1.3123857291544254,1.1970043850022367,0.9829514195152699,1.2354642718472135,1.36213215022591,1.360334738324223,0.378192806245189,-0.3315768807939371,0.768159586220343,-0.986152834963931,0.6753481158074046,0.6387916896747056,-0.2295676762552705,0.8412608378483716,0.7547398219853455,0.8637379289295843,0.47531720834710917,-0.1149512553883246,1.3323406255117753,-0.7066812167794978,1.2717073493486075,1.1738721641312628,1.5684138537756234,1.6108303534155384,2.20835885450783,1.8756362058101408,1.4489714765215074,0.40199278910617897
0.4710540540134209,0.8069207202175892,0.5697060473456206,0.3634524296089715,1.377656279244351,1.3609503638398313,1.5621333716399486,1.2012329971326685,1.0640650567208532,1.4345985964354337,0.502406531537628,-0.26758093129947136,0.3448465864684719,0.37028349168409097,0.6249090253472709,0.830911771269097,0.8829146469615172,0.3603030320431211,-0.6812748665299857,0.78545040218057,0.7961742490031958,0.7612675866093623,0.6745066820803874,0.6665178519091094,2.3358180030004636,1.5064748375155383,2.213644307851211,1.3512540128110968,0.6062508426749914,2.2176129576017067
-0.26134925033084433,-0.4301526465990211,-0.320271771355264,-0.3212306694018564,-1.677782233122727,-1.1099848657602627,-0.575489745787833,-0.9793201628314505,-1.1459677503673986,-0.9019330801488205,-0.8419099609406054,0.6625011265387941,-0.9510047336014436,-0.5656534366559711,-0.24129230459326798,-0.5529884096371794,-0.046352834115727964,-1.0455182849345859,-0.10235900482837461,-0.5873955714259032,-0.4779853909886769,0.3327160840949675,-0.5616692804127474,-0.4857783826293409,-0.9518111362923158,-0.6546330281226437,-0.21670323858720347,-0.9916978204433518,-0.20757651229678753,-0.6797575181803618
1.6094018254942362,1.3058134466162588,1.5888276107165917,1.5265613953145023,0.39089412992164996,1.051037742706548,2.080375530272552,1.7248886461281119,1.4487341495802204,-0.2434058741303811,0.3064611713229343,-0.044290909852477536,-0.05127970696941408,0.4678850795074388,-0.6775905954739003,0.37267810106456767,0.4961244554298879,-0.21245732605393686,-0.5783840388613911,-0.2292938096978086,1.2936061724560222,1.253781999946801,1.2158117203924685,1.2117087569071523,-0.19312748876321295,0.8335398743785686,1.4049699463138738,0.8908952270968199,0.6560114896259284,0.010014821694850747
-0.7524568923911459,-0.7461932877565489,-0.7786701749605873,-0.7158467791636988,-0.3660934046301945,-0.8510272031936784,-0.7954910893432754,-0.6624186586904983,-0.6125115555529934,0.11341116846120042,-0.8153000972077458,-0.8134986609001926,-0.8478121697646833,-0.5928572834748191,0.799712575113778,-0.9636163735770477,-0.7386910932673225,-0.8916817852958371,-0.35896624973679747,-0.308340913159349,-0.7695131166188172,-0.7914320736200313,-0.814964735840303,-0.702822837552852,0.9230967282911,-0.900026604905674,-0.8488915080314546,-0.7511527330734414,-0.07274121088134464,0.17225014709565034
-0.7552956648886041,-0.26536002656688135,-0.7551519850366416,-0.7147103756798633,-0.5232705184151674,-0.5072713633108709,-0.70027038204112,-0.8759430904042048,-1.4217682320401523,-0.06430851684503108,-0.2723897605282331,-0.2904373901877465,-0.18918681993098307,-0.37107324986772217,-0.10237322337638917,0.06968042954915102,-0.3240649548974335,-0.6454113373762952,-0.18665510460505463,-0.1605412127335851,-0.7348559744110382,-0.660308106432791,-0.7261201045521245,-0.678745005786377,-0.7643203498339745,-0.476912422256583,-0.7317946916876346,-0.909534447761234,-1.1048733395733639,-0.44021542698454996
-0.16483098541725905,-1.1231846239944578,-0.1828760302206352,-0.2510577542750207,0.1294021603511338,-0.42456462086119073,-0.2826577687740707,-0.022105759197810472,0.2983558247083389,-0.721458050884352,-0.4724821124935023,-0.7658517350638656,-0.38748773753434274,-0.35799048384033727,0.5407048763743802,-0.6156577572561176,-0.27033510402358374,0.23650756559563033,-0.08004533135807657,-0.5690125241092658,-0.23946270638219838,-1.0360902075181742,-0.22570713163427053,-0.29797129485083523,0.5263139011350738,-0.4870317450105223,-0.1724976288061964,0.21407635008642628,0.12951174124181927,-0.6465482737191243
1.2801042157890625,1.3035560134651332,1.3577717097094075,1.2310964895172987,0.7362608821845944,1.617626461097459,1.7960970646148617,1.9722645121378939,1.3797840291620316,-0.12768142788446277,1.465545365608794,0.4251455919297849,1.2845171216824731,1.3332166038901854,-0.24591109757490331,0.48479298900670476,0.638864601426079,-0.02263761083445076,-0.04657482115263017,0.2619012146027399,1.399616254503346,1.3225421290815733,1.5629529949621734,1.3510162121274725,0.7486866943763635,1.0839931125385687,1.6259979952189092,1.067721780549986,0.8791318098252913,0.7270078537514055
-0.03992499552908943,0.06422521349739822,-0.031864494919511134,-0.15673626511668245,0.7080676779182317,0.18404292530300598,0.2954589693510373,0.41587972146371927,-0.4854981758352777,0.3503707488695091,-0.6421631916212175,-0.4762779828408743,-0.604334784122189,-0.45579973461650075,-0.5777536087170129,-0.4253499218261311,-0.3357172117134491,-0.35490464277951633,-1.0184592656367057,-0.3682696474115865,0.1539977904472917,0.8092397697266455,0.19203914793266222,-0.026063780402284655,1.2806372978163088,0.6482297764470535,0.6342547496971839,1.0357100769076024,0.4537585375027645,1.145117685656822
3.9712605433796186,-0.19537959888200038,3.9860325836661223,5.239759778746668,1.2860283653786708,0.9122425197450161,2.905537802270095,2.8862532381319297,-0.5617062036659067,-1.0534769978518082,8.523379742442462,0.4427274833823041,9.086255381156613,10.067520399315748,2.3129002142510853,0.1386742067443125,1.025007445356819,0.388363337771219,3.3946894873777183,0.23101769511078932,2.4107893448008957,-1.1624169563936866,2.3866780532631675,2.7767678217280327,-0.7730408515297115,-0.6495733667456739,0.21718443132855136,0.6820569700012706,-2.003775349009648,-1.5905618785680733
1.7655343128544478,0.49088007906006137,1.8157575134915043,1.7311140224048742,1.4833807952432119,1.594810808007892,2.1055329166139405,2.649293198059402,2.7805601597631244,0.523957418238386,0.5653025730880236,-0.3537321994168157,0.5417208787653324,0.5868759514707971,-0.516998716420117,-0.05738311011860434,-0.010425042266346602,0.3256403014378239,0.8967977072305092,-0.18480683519154634,1.8379271706605502,0.9787414834077119,1.874791767033264,1.8119347059428528,1.1890720300110726,1.2326206654870533,1.2468868417709242,2.343616825724985,4.272486895447263,0.9763493941325005
0.916741336114389,0.8407822174844669,0.7883839536559908,0.7910242404020403,-0.6578930687870498,-0.7742145044588034,-0.7572518621043649,-0.5283148997483534,-0.8665383149884238,-1.3538094892995485,-0.020460011680769767,0.1631754092872488,-0.1406815595100175,0.0749867727802594,-0.43137340037595384,-0.8191893999818434,-0.6396469103311898,-0.6678595819587736,-0.7854053427247082,-0.8344637273615083,0.7268599645876379,0.9163776453552439,0.6127273027078122,0.5736462150955626,-0.34573626843860733,-0.6685470969093102,-0.7390021280649727,-0.493992047146294,-0.7132088926046973,-1.0515921733774969
0.8940311561347214,1.373536441150015,0.8461479289077869,0.7788079029508097,-0.8911918340912032,0.1384116191238722,0.39357277608245234,0.22657208505412818,-1.2185468244918076,-1.2160422913877411,0.35726182026748454,0.799639879868444,0.19505092928607803,0.3650919178637001,0.4152868823345891,1.0217945548423768,0.55665145611308,0.9413164212366789,-0.5585496624433487,-0.03994842233644436,0.8349087020589482,1.5544076808151084,0.7480535622858333,0.6871559934232309,0.5088728977436009,0.998611326802205,1.0988941481562484,0.9015657949776145,-0.6361601489387301,-0.2736247908347358
0.13607889931333067,0.8927031799603466,0.08572645470021605,0.028497502748487717,-0.6437964666538689,-0.7084293713838854,-0.06554952464788785,0.10548810853355073,-0.6379142314965358,-1.2036432435756783,0.031377385201424364,0.7082140443153441,0.019576016586702414,-0.16174899342956323,0.4874111112016643,-0.4535223808474885,0.05398604402218434,0.6673157888328987,-0.37756097762871227,-0.3590781237532679,-0.10083413755108274,0.9547553918490707,-0.15216025142882464,-0.21713857392052605,-0.031798207392081466,-0.6084636180577953,-0.035556337636771976,0.32230639573448466,-0.673079338612006,-0.8768353295732796
-0.5906468600360179,1.9875582582560694,-0.6206444426646028,-0.5817511680711217,-0.5944583591877334,-0.82935233275859,-0.8231642143188029,-0.6480968980267742,0.18585825981550538,-0.8151397454643811,0.6893667429594078,2.494534215891294,0.5830930126538033,0.08640823518511936,0.20495415578627135,-0.5610376836432815,-0.5687623480337614,0.01862754464804626,0.003011119892475423,0.012994753935471063,-0.5472996754042346,1.2138051806823986,-0.5922647825782131,-0.5449410549698225,-1.2134261871644205,-0.9932508657763406,-1.055456634605965,-0.9037418537688028,-0.7902576362706645,-0.9840848567677679
-0.5054836851122659,-0.9899960680780711,-0.561230068119898,-0.5272038008470225,-0.6437964666538689,-1.101048734966849,-0.855617242699194,-0.7322046924701,-0.8411356390448815,-0.8013630256732008,-0.080591392064115,-0.5562755889498366,-0.12879301528919262,-0.2211405979348345,0.27068313283262047,-0.9668935779938179,-0.6199028085040522,-0.23391520690483528,1.147206709508294,-0.8881422255260893,-0.6329232032116885,-1.4214667452270144,-0.6843454765954312,-0.6042757118229218,-1.1829044312293415,-1.181849743602886,-1.0844305288428642,-1.0186791135133606,-0.9604069451996753,-1.34612006277962
-0.6985202149394365,-0.5114202400395282,-0.7506133869811433,-0.6638563197782292,-1.4339110162186885,-1.279961481277536,-1.0164232561933495,-0.9644776108708636,-0.4782402684228366,-0.769676570153485,-0.18392060318262182,-0.9701533137421386,-0.3080722621392322,-0.30669773449487564,-0.12688835535583823,-1.0531357994877693,-0.85039092180085,-0.8948179371125069,0.21251172080804787,-0.43371329585881535,-0.6125366489718186,-0.959334714530522,-0.6990548526365205,-0.58810916763686,-1.4105095254880724,-1.1987996092157347,-1.1745234835595908,-1.0996229927233876,-0.2653630700462628,-0.8828238818531747
-0.1336044879452164,-1.394076602129482,-0.16554683764509637,-0.24367113163009055,0.03565975616547737,-0.3139087033767912,-0.6318422911925433,-0.5996633074185431,-1.6068448710573948,0.074836353045894,-0.6787949520846347,-1.3900088816282972,-0.7046740973459513,-0.48591086277476775,-0.9973531865101942,-0.4805449435822601,-0.5082353473505692,-0.8349009313519213,-0.8349912837698139,-0.4090800124545213,-0.1925736316304974,-1.5014203837558195,-0.22541294411344903,-0.3065705204817192,-0.036158458239950605,-0.04367891685355264,-0.4756904524128866,-0.5212782135843257,-0.8287820081036483,0.147751524132442
1.4986896980933586,-0.260845160264631,1.456795667283915,1.393033985963843,0.5459567533866454,0.7715459923593533,0.9243936278857499,1.1973270624061985,0.3273874543581023,-0.547871381515475,0.22213900572789852,-0.4027856765693441,0.014345057129539394,0.2566918564939391,-0.45695440765885736,-0.19077107936258275,-0.0528263101246256,0.540219109946808,-0.5225998551856467,-0.6921789411307356,1.5300902016385136,0.46543912405278354,1.324661103096529,1.2787827168280472,0.8664134672688096,0.7627046151009929,0.7529372020440183,1.68356598395584,1.1134884051426082,-0.3590977642841505
0.16162785179045616,-1.2089670837372153,0.2610813795717394,0.004064827846026575,0.5036669469871008,1.5206599354667998,0.703008628081531,0.37343523076940915,1.0277755196586487,1.5379239948692893,0.482362738076513,0.5042641034661212,0.9140700837615687,0.17964890099933903,1.0786166128509904,1.5599460169646349,0.6654058530625592,0.6739182137100985,0.75423812672583,0.5869134911608874,0.03575577585604631,-1.1832049024111757,0.19792289834909754,-0.12942647248550967,-0.031798207392081466,0.6906044404791746,0.2258333549813572,-0.06030968113400362,-0.11126558271432845,0.41451430750959606
0.2354359367243743,-0.3985485824832682,0.2045552037896246,0.06656701945697352,1.462235892043439,0.5110672862534649,0.8149589973007101,0.9785947177238649,0.5596404915562114,-0.101505660281219,3.0735414168944546,0.400530943896258,2.6374334540123487,1.268841088517339,1.087143615278625,0.5457374921957638,1.0858581198404558,2.689308407475251,3.8719541699368625,-0.353195548611944,0.46183475946932834,-0.6890914163031607,0.4126797885489999,0.1495324069803658,0.3998666265468906,-0.2397407952111284,0.2911807781358895,0.7918113824894424,0.8309763450340617,-0.7075226242053306
-0.25851047783338554,1.3351600775808863,-0.3215095708249454,-0.331742401627334,-0.5669699850280295,-0.9805060344769706,-0.7722205069774911,-0.728559153392061,-0.6669458611463002,-0.9721943510838418,-0.6850154397104979,0.22119565108056238,-0.741290813546092,-0.48217292962408637,-0.41645114612759365,-0.990408957054502,-0.5541970270137418,-0.8692335407133588,-0.8647428483968775,-0.7425484907783217,-0.39440051860521,1.3577217300342472,-0.4731188366453904,-0.43263516823047815,-0.1320839768930559,-0.9360766922165831,-0.6529933872954043,-0.8339258524916044,-0.7260503498823584,-0.9029671940673686
-0.6190345850106017,-0.24730056135788012,-0.6676808225124938,-0.6166955751990602,-0.9405299415573377,-1.0668252553324986,-0.8728500523430451,-0.9157836246142012,0.23666361170259106,-0.24753889006773466,-0.6197003196389335,-1.0396017849795893,-0.6433292091664948,-0.4844572221050583,0.09587958306611327,-0.9732755023843703,-0.6186081133022726,-0.6135546373438076,-0.06021095494003459,-0.4458461070877958,-0.6492324466035845,-0.705082144008922,-0.6972897275115896,-0.6144227980673649,-0.7643203498339745,-1.04511239489028,-0.8786822450577854,-0.7895667774443016,-0.17868323342204945,-0.5654306110187248
-0.07682903799604876,-0.4798161759237753,-0.1424412475443779,-0.1874191591802381,-0.5711989656679842,-0.8034945925904142,-0.9422844386452774,-0.969945919487922,-0.6850906296774024,-0.550626725473711,-0.6501115924764873,-0.647173967759361,-0.6552177533873197,-0.4753200521811704,-0.8317872227069577,-0.9279120938785517,-0.7475273880194676,-1.139437778812749,-0.9887077010096422,-0.7866678043382515,-0.1619938002706924,-0.3452907706292994,-0.2080558803849637,-0.2726895714960365,-0.7076370888116853,-0.7545613403177951,-0.9309601835814112,-0.9712713047858307,-0.8544649226589706,-0.6884681396783917
-0.62187335750806,0.49539494536231166,-0.6338476370078702,-0.6138545664894717,0.12164902917788409,-0.4778011447368467,-0.7022829729484311,-0.744182892297942,-0.4165480554170888,-0.13181444382181637,-0.32768298386924,-0.5300785706855832,-0.41506916012665646,-0.3324479406440143,0.30656760138224914,-0.013687051228335514,-0.4490030418691564,-0.6612571570815741,-0.9502785966996852,0.0030679083844868805,-0.5330290874363256,0.06567093140875846,-0.5834391569535593,-0.5184554400267,0.7879289520071785,-0.0911132422626436,-0.5986973665861239,-0.6445994909495077,-0.7356814428406045,0.051390273810490786
0.6101539063888821,0.31028542697004513,0.6192180261328744,0.45180780047717384,1.476332494176621,0.5376855481912926,0.7382289689594749,0.9431809095372014,0.526979908200227,-0.0174676695550156,0.1067144020035464,0.013729331940835676,0.18886888629124912,0.0749867727802594,-0.0863850938245745,-0.25746506398457186,0.008348038159456467,0.363604244481721,-0.6304492769587521,-0.3892263213525531,0.6106566054203791,0.742078713362449,0.6597973060392982,0.40682123785641383,1.1803515283153356,0.2554735620597808,0.40746075169027784,0.6637645679199086,0.33176469336498315,-0.13425484686626313
-1.0334953696395268,-0.9832237686246952,-1.0068378772051814,-0.9121604809962639,0.15548087429751917,-0.04411360559266285,-0.32404166930565476,-0.6894998061273587,0.44351397295715683,0.8614870531223153,-0.2730809258199956,-0.17088052831061587,-0.14686360250484642,-0.4159284476758991,0.15059451531010123,0.7682424236501593,0.660550746055886,0.15232664841133647,0.1443310518710275,0.36116967011258144,-0.8469820227303227,-0.6667043975150952,-0.7637761072173128,-0.7637053550195105,0.03360555532594471,0.2864639879937199,0.09129454260437884,-0.3301226118340929,0.19853457410924774,0.6529675710181546
0.09917485684637185,1.2764668156516306,0.1616448221740051,0.004917130458902995,-0.534547800121712,0.3684694544436717,0.1482882592539145,-0.25411828195014274,0.25117942652747327,0.07070333710853947,-0.5267385878968655,-0.2552736072827081,-0.12261097229436352,-0.3673353167170408,0.07029857578320974,1.2201516642784656,0.19640251621793056,-0.016035185957251227,0.029043738941156246,0.8321433423648289,-0.013171954319641993,0.9579535373902228,0.1802716470997907,-0.1299424260233628,0.09028881634823382,1.049207940571902,0.620320372700997,0.08755390235700582,0.4665999947804252,0.970905255696232
-0.86884656478694,-0.5001330742839021,-0.8517003436717863,-0.8186912944508024,1.652540020841389,0.06616205100691044,-0.6098295781438283,-0.15568872684309254,0.5487536304375492,2.3231970229665913,-0.7904181467042927,-0.34142487540005206,-0.7393886464707601,-0.591818968710741,2.0180080469620583,-0.10510380601192408,-0.46033162488472723,0.18698937901663396,0.2174703149125587,1.641732746189535,-0.9366828613857509,-0.7994274374729119,-0.9205780558153235,-0.8140968172164904,1.4942895893618602,-0.3238576656032497,-0.7173798189329583,-0.2990255282957775,-0.1867091442205877,1.760305328955157
-1.23930637570526,2.00110285716282,-1.246558374500134,-1.0334715528956928,-1.1357678811019012,-1.0905915606341308,-0.9270642199087373,-0.995464693034194,-0.659687953733859,-0.4652110627683901,-0.7897269814125301,0.8137053930304593,-0.7750542791332348,-0.6130005898979356,-0.12511189651674778,-0.7248979044817896,-0.5736174550404346,-0.9265095765230646,-0.5833426329659015,-0.5807776743919136,-1.1446257146324244,1.7878723053192191,-1.1573990100768592,-0.9193513389385101,-0.9125688786615003,-0.9069836392990073,-0.9754060412416629,-1.0075512355805318,-0.9234877555263994,-0.6726801382132133
-0.47141841514276495,0.12517590857777855,-0.4729337059492956,-0.5209535816859278,-0.8066122212921141,-0.04221230116853222,-0.2617771381107183,-0.4600912398593399,-0.07905536073858721,-0.05604248497032297,-0.14659767742744198,-0.32384298394753286,-0.13973047597235141,-0.2591429183000955,-0.14571881905019782,0.4819182482902396,0.48220648201075816,0.38176091289401975,0.8620875484989352,0.2953583607190198,-0.5758408513400524,-0.4268434819286802,-0.5660820932250743,-0.5729745305265044,-1.174183929533605,-0.2435355412438558,-0.40601856743195136,-0.5869784243932176,-0.3392014493928146,-0.37161928268756766
-0.3550287427469713,0.046165748288396195,-0.38051134554642235,-0.4132793515925238,-0.32380359823064997,-0.4713367096948029,-0.8948627653917601,-0.7228304491265715,0.2112609357590477,0.07896936898324854,-0.13864927657217233,-0.7997847855672277,-0.13117072413335756,-0.29693757571254087,-0.3659997150974226,-0.6720026752988326,-0.814236558291157,-0.8608154489949295,0.22118926049094148,-0.5403349702953116,-0.3740139643653401,-0.21736494898321124,-0.3598566411290039,-0.4429542389875389,-0.4591027904831862,-0.563559123337189,-0.978433164520145,-0.7761523492513029,0.6688529469035891,-0.38740728415274606
-0.30393083779271984,-1.2405711478529682,-0.37886094625351424,-0.3524817652073299,-0.8763904018513625,-1.259997784824165,-1.0635556195039408,-1.0371540363480531,-1.2693521763788933,-1.0631207017056348,-0.03151865634897111,-0.6956999881683139,-0.14543697719834736,-0.16174899342956323,-0.992023809992923,-1.1842239761585758,-0.9513124127795629,-1.138282354459239,-0.7717692089373039,-0.57893936966025,-0.316931612493704,-1.3335177428453293,-0.39457076858597456,-0.36470128574649485,-1.3224324583611309,-1.238581196792159,-1.2332400652469722,-1.210901772051673,-1.2669967377038365,-1.0162052735417522
0.4710540540134209,-0.32631072164726166,0.48306008446792637,0.35890681567362986,0.0807688829916581,0.48635032873976747,0.1311812365417703,0.4531162991894019,0.1423108153408598,-0.28611370548304105,0.3427473491404702,-0.42071920585091366,0.3286781663281501,0.2774581517755025,-0.4153852708241392,0.8797823634490032,-0.1395708886438529,0.18203756035873422,-0.04533517262650257,0.10895426092831773,0.8430633237548967,0.2463661544838582,0.856902944989893,0.7129536703158827,0.3344628638288644,1.9390758852464471,0.5842831908143065,1.0097958406256728,1.4377352014035534,1.1070087166029432
1.0586799609873085,-1.3782745700716055,0.9369198900177516,0.9586437542677617,-1.238673076674125,-0.7880940267549564,-0.5617789702317761,-0.17912433520191412,-2.114898389928258,-1.4419804959631055,0.2653368364630603,-0.3132938490760213,0.1379859170261184,0.21079834392168412,-0.9135043293051218,-0.9793699527032761,-0.6697485737725635,-0.7064837674903908,-0.9205270320726215,-0.9333645219250171,0.7207439983156767,-1.1704123202465666,0.5803666754174162,0.5598874540861483,-1.4523679336276092,-0.9774394239733102,-0.8173229366987135,-0.47783375864109107,-1.7870757574491154,-1.402194688673185
0.08498099435907969,-0.6310641970491642,0.09315325151830438,-0.03826620192684197,0.10966691736467962,0.19545075184778948,-0.11372591949164686,-0.1674065310225034,0.3963375747762912,0.16851804762592304,-0.19878065695551736,-0.7974991396784001,-0.09312738262671781,-0.1798156703245233,-0.8396036415989558,0.3002346350096485,0.19996292802282417,0.11766391780603898,-0.212687723653735,-0.17451232869422936,0.07856753975977339,-0.6762988341385516,0.11849226772721633,-0.03844666531075744,-0.11028272265371385,0.5236356150391747,0.4833790815315726,0.4061465719407272,0.2515055853796006,0.17279456093927698
-0.7694895273758964,-1.9223159594927788,-0.7654669806173194,-0.7141421739379457,-0.15675886295245006,-0.6991129797056455,-0.6791381775143537,-0.5840395685126623,-0.4927560832477188,-0.2434058741303811,-0.9186293083262528,-1.34236195579197,-0.8416301267698544,-0.6291983002175551,-0.319811785281069,-0.5759863353688999,-0.5529023318119624,-0.867747995115989,-0.8684617939752604,-0.6035726530645439,-0.7063147984752202,-1.5621851490377114,-0.6952304148658374,-0.6431442116745174,0.997220992704862,-0.09680536131173459,-0.3108804072510883,-0.383780324606088,0.19211384547041696,0.0415908246252076
-0.7694895273758964,-0.9967683675314465,-0.7576275839760044,-0.7178354852604107,-0.378075516443398,-0.4196212293584513,-0.343412856788524,-0.6522632284016757,-2.3072329363579414,-0.10012798830210051,-0.24958130590006772,-0.20428612207040217,-0.4616722534722902,-0.37439585711277235,0.1477521811675563,0.6883246317324306,0.8715860639459466,0.8917982346576823,0.14928964597553787,0.3442572665812751,-0.7980542925546352,-1.2855455597280463,-0.831145049485501,-0.7176135056379724,-0.8646061193349476,-0.59012234556628,-0.5290254816051887,-0.7895667774443016,-1.7421306569773007,-0.5550867479898143
-0.5310326375893915,0.700821362114705,-0.5657686661753962,-0.5345904234919526,-0.9891632189168134,-0.981456686689036,-0.9053030807234363,-0.9386984416761599,-0.9391173891128328,-0.4321469352695567,-0.6314501295988975,-0.1497822585675928,-0.6162233283430141,-0.4726204337945672,-0.6552072141013598,-0.7622695337958353,-0.7383674194668776,-1.182848722380336,-0.5411945830775615,-0.5326140904223239,-0.43109631623697586,0.9995294294252011,-0.4304616461262321,-0.44983361949224604,-0.27597225487271326,-0.4674255571747648,-0.7298727086536777,-0.7836217467678589,0.32694914688585985,-0.13262160533538248
-0.1875411653969257,-0.1321714706504945,-0.18370122986708928,-0.29424108666076565,0.8137921939170927,0.19354944742365884,-0.5924709815682703,-0.44629027049247844,-0.289534675699373,0.037639209609707035,-0.7147355472562892,-1.0854905216706645,-0.6799459253666356,-0.513530035499247,-0.897871491521125,-0.6254318756920988,-0.5545207008141868,-0.7177078897816299,-0.856065308713984,-0.7576225895779645,-0.19053497620651044,-0.09263727287827524,-0.16098587705347805,-0.283180626765715,1.328600057142861,0.36741857002523526,-0.0456467485650453,0.4259633408622026,0.9979152896436576,0.11889759042021983
-0.7921997073555634,-1.1683332870169618,-0.8294199532175219,-0.7331769322921885,-0.1525298823124953,-1.2339499142135761,-1.1021973649243135,-1.1802674847259227,0.5487536304375492,-0.6456860920328586,-0.5844508897590415,0.0981224109129279,-0.62192982956901,-0.4923484143120524,0.5279143727329281,-0.9377437071288622,-0.9948141715593546,-1.383892559891061,0.3885418115181739,-0.8164483409912038,-0.8327114347624142,-1.0792651723237294,-0.8826278656293132,-0.733436080798799,-0.2628915023291071,-1.143649300206765,-1.2970739267622633,-1.5799509840431512,-0.22202315173415657,-1.12182155920536
-0.3976103302088468,-0.3759742509720158,-0.4502407156718045,-0.4357233203982729,-1.1977929304878991,-1.1103651266450887,-0.9445486034160023,-0.7892313394765654,-1.247578454141571,-1.0273012302485645,-0.38435853779377227,-0.598823766264933,-0.3632351073238599,-0.3646356983304376,0.14100163757901238,-0.7800929262379186,-0.8687108589060301,-1.0059037356713887,-0.1296312724031826,-0.9807927840019413,-0.5024492560765206,-0.7642478365202373,-0.5443122166842621,-0.5119200285472283,-1.0956994142719731,-1.0009036036090073,-1.1541985129754972,-1.1987068373307648,-1.1738961724407928,-1.318354956754651
0.11904626432858018,1.852112269188557,0.19960400591089966,0.011735551361915324,1.2648834621788991,1.0624455692513313,0.9407459290076524,0.6504962007003647,1.8152584739084854,1.0846699137394429,-0.12655388396632702,-0.33615030796429646,0.002932054677547468,-0.1713014892590824,-0.47365312074630833,0.982698081098452,0.4915930222236596,-0.13487883374684256,-0.23252210007177743,0.595002031980208,0.23962131825474586,1.8214528335013174,0.4921104191708811,0.1010327744221804,1.5640536029277556,2.5512949118597805,2.0550807075497723,0.8604078902945499,2.1215428014390127,2.7021412784295986
-0.4685796426453066,-0.45724184441252375,-0.47210850630284157,-0.495952705041549,-0.47040826041573686,-0.5194397116253062,-0.6669368451387803,-0.650180063214225,-1.0044385558248008,-0.33570989673129165,-0.8757770602369722,-0.77921397256778,-0.7702988614449049,-0.5999178238705507,-1.1170865122648956,-0.6668281420091955,-0.6072795302867019,-0.7627694395685166,-0.6304492769587521,-0.8480671823758198,-0.4535215259008327,-0.2237612400655155,-0.4281081459596579,-0.47666320346060403,-0.18876723791534503,-0.023440271345673978,-0.34643709337928963,-0.14414985734024593,0.22261230650486252,-0.4276939085811329
-0.8007160248479385,-0.25858772711350547,-0.7411235910469196,-0.7536321950012258,-0.0024010695941124455,0.5490933747360763,0.8262798211543347,-0.5238881737250205,0.9116490010595941,1.900251725377342,-0.5661350095273329,0.7345868814941227,-0.23959424742728067,-0.5068848210091468,-0.09846501393039012,1.9451612729709518,1.8312788822650106,0.2348569593763305,-0.06145060346616219,1.7748260087619894,-0.7552425286509081,0.355103102883033,-0.5946182827447873,-0.7078103884187648,0.12081057228331174,1.457775596762205,2.2520839685303478,0.10737067127848145,0.6608270361050508,2.4625991872337876
