pclass,age,sibsp,parch,fare,sex_female,sex_male,embarked_C,embarked_Q,embarked_S
-0.3484511146085294,-1.7353464330304031,-0.4683811628464775,1.8291518126995099,-0.13802202372812405,1.0,0.0,0.0,0.0,1.0
-0.3484511146085294,0.889341000011931,-0.4683811628464775,-0.4319130608499433,-0.4075428009131086,0.0,1.0,0.0,0.0,1.0
-1.5407005165534002,2.201684716533098,-0.4683811628464775,-0.4319130608499433,2.308429258434883,1.0,0.0,1.0,0.0,0.0
0.8437982873363414,-0.11421595968072623,-0.4683811628464775,-0.4319130608499433,-0.3648263003781299,0.0,1.0,0.0,0.0,1.0
-1.5407005165534002,0.5033575539762936,0.46039739302523075,1.8291518126995099,1.7689646072977103,1.0,0.0,0.0,0.0,1.0
-1.5407005165534002,1.4297178244618232,0.46039739302523075,-0.4319130608499433,0.38576363759363846,0.0,1.0,0.0,0.0,1.0
0.8437982873363414,-0.11421595968072623,-0.4683811628464775,-0.4319130608499433,-0.5143340522505554,0.0,1.0,0.0,1.0,0.0
-0.3484511146085294,-0.34580602730210863,0.46039739302523075,0.6986193759247833,-0.06174255848709068,1.0,0.0,0.0,0.0,1.0
-1.5407005165534002,2.4332747841544804,-0.4683811628464775,-0.4319130608499433,-0.01453472303871998,0.0,1.0,0.0,0.0,1.0
-1.5407005165534002,1.1981277568404407,-0.4683811628464775,-0.4319130608499433,-0.06784491570637337,0.0,1.0,1.0,0.0,0.0
0.8437982873363414,-2.1213298790660406,2.317954504768647,1.8291518126995099,-0.10445905902206941,1.0,0.0,0.0,0.0,1.0
0.8437982873363414,-0.11421595968072623,0.46039739302523075,0.6986193759247833,-0.3618605547695586,0.0,1.0,1.0,0.0,0.0
-1.5407005165534002,0.8121443108048034,-0.4683811628464775,-0.4319130608499433,-0.6719782804153577,0.0,1.0,0.0,0.0,1.0
0.8437982873363414,-0.9633795409591285,-0.4683811628464775,-0.4319130608499433,-0.5146737501357621,1.0,0.0,0.0,1.0,0.0
0.8437982873363414,-2.1213298790660406,3.2467330606403557,0.6986193759247833,-0.07954110037666513,0.0,1.0,0.0,1.0,0.0
0.8437982873363414,-0.11421595968072623,-0.4683811628464775,-0.4319130608499433,-0.5250131773843,0.0,1.0,1.0,0.0,0.0
0.8437982873363414,-0.46160106111279986,-0.4683811628464775,-0.4319130608499433,-0.5249277443832301,0.0,1.0,1.0,0.0,0.0
0.8437982873363414,-0.731789473337746,0.46039739302523075,-0.4319130608499433,-0.47212608148385027,1.0,0.0,0.0,0.0,1.0
-0.3484511146085294,-0.1914126488878537,-0.4683811628464775,-0.4319130608499433,-0.4075428009131086,0.0,1.0,0.0,0.0,1.0
0.8437982873363414,-0.11421595968072623,0.46039739302523075,-0.4319130608499433,-0.35668982408575306,1.0,0.0,0.0,1.0,0.0
0.8437982873363414,-0.11421595968072623,-0.4683811628464775,-0.4319130608499433,-0.528572885762215,0.0,1.0,0.0,0.0,1.0
-1.5407005165534002,-1.9669365006517856,-0.4683811628464775,1.8291518126995099,0.9931170127953309,0.0,1.0,0.0,0.0,1.0
-0.3484511146085294,-0.03701927047359876,0.46039739302523075,-0.4319130608499433,-0.2448132750655708,0.0,1.0,0.0,0.0,1.0
0.8437982873363414,0.19457079714778366,-0.4683811628464775,-0.4319130608499433,0.4772135628818086,0.0,1.0,0.0,0.0,1.0
0.8437982873363414,-0.11421595968072623,-0.4683811628464775,-0.4319130608499433,-0.5149280150198989,1.0,0.0,0.0,1.0,0.0
-0.3484511146085294,2.4332747841544804,-0.4683811628464775,-0.4319130608499433,-0.42076457488822105,0.0,1.0,0.0,1.0,0.0
0.8437982873363414,-0.03701927047359876,-0.4683811628464775,4.090216686248963,-0.24328768576075013,1.0,0.0,0.0,0.0,1.0
0.8437982873363414,-0.8089861625448734,-0.4683811628464775,-0.4319130608499433,-0.3770310148166953,0.0,1.0,0.0,0.0,1.0
-0.3484511146085294,-0.03701927047359876,0.46039739302523075,-0.4319130608499433,-0.1431073214108596,0.0,1.0,0.0,0.0,1.0
0.8437982873363414,-0.26860933809498116,-0.4683811628464775,1.8291518126995099,-0.39177837809662847,1.0,0.0,0.0,0.0,1.0
0.8437982873363414,-0.11421595968072623,2.317954504768647,0.6986193759247833,-0.15395527842767112,1.0,0.0,0.0,0.0,1.0
0.8437982873363414,-0.4230027165092361,-0.4683811628464775,-0.4319130608499433,-0.5184022903967438,0.0,1.0,0.0,0.0,1.0
-1.5407005165534002,-0.4230027165092361,-0.4683811628464775,-0.4319130608499433,0.737666237238939,1.0,0.0,1.0,0.0,0.0
-0.3484511146085294,0.5033575539762936,-0.4683811628464775,-0.4319130608499433,-0.4075428009131086,0.0,1.0,0.0,0.0,1.0
0.8437982873363414,-0.03701927047359876,-0.4683811628464775,1.8291518126995099,-0.3618605547695586,1.0,0.0,1.0,0.0,0.0
0.8437982873363414,-0.26860933809498116,0.46039739302523075,-0.4319130608499433,-0.3444851096471877,1.0,0.0,0.0,0.0,1.0
0.8437982873363414,-0.886182851752001,1.389175948896939,1.8291518126995099,0.027250150960781587,0.0,1.0,0.0,0.0,1.0
-0.3484511146085294,0.6577509323905485,-0.4683811628464775,-0.4319130608499433,-0.4075428009131086,1.0,0.0,0.0,0.0,1.0
0.8437982873363414,-0.11421595968072623,-0.4683811628464775,-0.4319130608499433,-0.5143340522505554,0.0,1.0,0.0,1.0,0.0
-0.3484511146085294,1.892897959704588,0.46039739302523075,2.9596842494742366,-0.20413089360368633,1.0,0.0,0.0,0.0,1.0
0.8437982873363414,-0.4230027165092361,-0.4683811628464775,-0.4319130608499433,-0.4919587424465189,1.0,0.0,0.0,0.0,1.0
0.8437982873363414,-0.03701927047359876,0.46039739302523075,-0.4319130608499433,-0.528658318763285,0.0,1.0,0.0,0.0,1.0
-1.5407005165534002,-0.26860933809498116,0.46039739302523075,-0.4319130608499433,2.1102735148103364,1.0,0.0,1.0,0.0,0.0
0.8437982873363414,-1.3879613315983295,0.46039739302523075,0.6986193759247833,-0.3770310148166953,0.0,1.0,0.0,0.0,1.0
0.8437982873363414,-0.11421595968072623,0.46039739302523075,-0.4319130608499433,-0.37796264135217245,0.0,1.0,1.0,0.0,0.0
-1.5407005165534002,-0.6545927841306185,-0.4683811628464775,0.6986193759247833,0.90014149820234,0.0,1.0,0.0,0.0,1.0
0.8437982873363414,-0.5773960949234911,-0.4683811628464775,-0.4319130608499433,-0.511368306641984,0.0,1.0,0.0,0.0,1.0
-0.3484511146085294,0.734947621597676,-0.4683811628464775,-0.4319130608499433,-0.1431073214108596,0.0,1.0,0.0,0.0,1.0
0.8437982873363414,-0.11421595968072623,-0.4683811628464775,-0.4319130608499433,-0.5249277443832301,0.0,1.0,1.0,0.0,0.0
-1.5407005165534002,0.5033575539762936,0.46039739302523075,-0.4319130608499433,0.9319246087194373,0.0,1.0,0.0,0.0,1.0
-0.3484511146085294,-0.1914126488878537,-0.4683811628464775,-0.4319130608499433,-0.4075428009131086,0.0,1.0,0.0,0.0,1.0
0.8437982873363414,-0.11421595968072623,-0.4683811628464775,-0.4319130608499433,-0.5143340522505554,0.0,1.0,0.0,1.0,0.0
-0.3484511146085294,1.738504581290333,-0.4683811628464775,-0.4319130608499433,-0.4075428009131086,0.0,1.0,0.0,0.0,1.0
0.8437982873363414,-0.11421595968072623,-0.4683811628464775,-0.4319130608499433,-0.511368306641984,0.0,1.0,0.0,0.0,1.0
0.8437982873363414,0.040177418733528716,-0.4683811628464775,-0.4319130608499433,-0.5306070048353092,1.0,0.0,0.0,1.0,0.0
0.8437982873363414,-0.11421595968072623,-0.4683811628464775,-0.4319130608499433,-0.5245046476160264,0.0,1.0,0.0,0.0,1.0
-1.5407005165534002,1.1981277568404407,0.46039739302523075,0.6986193759247833,2.0639118728963726,0.0,1.0,1.0,0.0,0.0
-0.3484511146085294,-0.11421595968072623,-0.4683811628464775,-0.4319130608499433,-0.6719782804153577,0.0,1.0,0.0,0.0,1.0
-0.3484511146085294,-1.6581497438232757,-0.4683811628464775,1.8291518126995099,-0.13802202372812405,1.0,0.0,0.0,0.0,1.0
0.8437982873363414,0.11737410794065618,-0.4683811628464775,-0.4319130608499433,-0.49534961894136703,1.0,0.0,0.0,0.0,1.0
-1.5407005165534002,1.5841112028760782,0.46039739302523075,-0.4319130608499433,0.46509428144431314,0.0,1.0,0.0,0.0,1.0
-0.3484511146085294,0.9665376892190584,-0.4683811628464775,-0.4319130608499433,-0.4075428009131086,0.0,1.0,0.0,0.0,1.0
-0.3484511146085294,-1.9669365006517856,1.389175948896939,0.6986193759247833,0.12132815809138942,1.0,0.0,0.0,0.0,1.0
-1.5407005165534002,1.5841112028760782,-0.4683811628464775,0.6986193759247833,4.362889522260049,1.0,0.0,1.0,0.0,0.0
0.8437982873363414,-2.198526568273168,3.2467330606403557,0.6986193759247833,0.1353127267189122,0.0,1.0,0.0,0.0,1.0
-1.5407005165534002,0.734947621597676,0.46039739302523075,-0.4319130608499433,0.46509428144431314,1.0,0.0,0.0,0.0,1.0
0.8437982873363414,-0.731789473337746,-0.4683811628464775,-0.4319130608499433,-0.5122145001763913,0.0,1.0,0.0,0.0,1.0
0.8437982873363414,0.889341000011931,-0.4683811628464775,-0.4319130608499433,-0.5122999331774611,0.0,1.0,0.0,0.0,1.0
-1.5407005165534002,1.1981277568404407,-0.4683811628464775,0.6986193759247833,0.536288449002611,1.0,0.0,1.0,0.0,0.0
-1.5407005165534002,-0.03701927047359876,0.46039739302523075,-0.4319130608499433,0.6827450222653949,0.0,1.0,0.0,0.0,1.0
-0.3484511146085294,-0.9633795409591285,-0.4683811628464775,-0.4319130608499433,-0.4278839916440509,1.0,0.0,1.0,0.0,0.0
-1.5407005165534002,-0.03701927047359876,-0.4683811628464775,-0.4319130608499433,3.8392747269404257,1.0,0.0,0.0,0.0,1.0
0.8437982873363414,-1.040576230166256,3.2467330606403557,0.6986193759247833,0.1353127267189122,0.0,1.0,0.0,0.0,1.0
0.8437982873363414,-0.11421595968072623,-0.4683811628464775,-0.4319130608499433,-0.5249277443832301,0.0,1.0,1.0,0.0,0.0
-0.3484511146085294,-0.03701927047359876,-0.4683811628464775,-0.4319130608499433,-0.45839577774046425,0.0,1.0,0.0,0.0,1.0
0.8437982873363414,0.6577509323905485,-0.4683811628464775,-0.4319130608499433,-0.528572885762215,0.0,1.0,0.0,0.0,1.0
-1.5407005165534002,1.4297178244618232,-0.4683811628464775,-0.4319130608499433,-0.13191966650884138,0.0,1.0,0.0,0.0,1.0
0.8437982873363414,-1.9669365006517856,-0.4683811628464775,1.8291518126995099,-0.22396355456635503,1.0,0.0,0.0,0.0,1.0
0.8437982873363414,-0.5773960949234911,-0.4683811628464775,-0.4319130608499433,-0.5138255224822819,1.0,0.0,0.0,0.0,1.0
0.8437982873363414,-0.11421595968072623,-0.4683811628464775,-0.4319130608499433,-0.5143340522505554,0.0,1.0,0.0,1.0,0.0
0.8437982873363414,0.07877576333709245,-0.4683811628464775,-0.4319130608499433,-0.5143340522505554,1.0,0.0,0.0,1.0,0.0
0.8437982873363414,0.040177418733528716,0.46039739302523075,-0.4319130608499433,-0.35567276454920593,1.0,0.0,0.0,0.0,1.0
-1.5407005165534002,-0.11421595968072623,-0.4683811628464775,-0.4319130608499433,-0.10810420040105422,0.0,1.0,1.0,0.0,0.0
0.8437982873363414,0.4261608647691661,-0.4683811628464775,-0.4319130608499433,-0.528572885762215,0.0,1.0,0.0,0.0,1.0
0.8437982873363414,-0.11421595968072623,-0.4683811628464775,-0.4319130608499433,-0.511368306641984,0.0,1.0,0.0,0.0,1.0
0.8437982873363414,-0.03701927047359876,-0.4683811628464775,-0.4319130608499433,-0.511368306641984,0.0,1.0,1.0,0.0,0.0
0.8437982873363414,-0.731789473337746,-0.4683811628464775,-0.4319130608499433,-0.5107743438726404,0.0,1.0,0.0,0.0,1.0
0.8437982873363414,-0.11421595968072623,-0.4683811628464775,-0.4319130608499433,-0.5250131773843,0.0,1.0,1.0,0.0,0.0
-1.5407005165534002,0.4261608647691661,-0.4683811628464775,-0.4319130608499433,-0.13191966650884138,0.0,1.0,1.0,0.0,0.0
-0.3484511146085294,1.1981277568404407,-0.4683811628464775,1.8291518126995099,-0.06174255848709068,1.0,0.0,0.0,0.0,1.0
0.8437982873363414,-0.731789473337746,-0.4683811628464775,-0.4319130608499433,-0.49577271570857057,0.0,1.0,0.0,0.0,1.0
-1.5407005165534002,-0.8089861625448734,0.46039739302523075,-0.4319130608499433,1.180681098406276,1.0,0.0,1.0,0.0,0.0
0.8437982873363414,-0.731789473337746,-0.4683811628464775,-0.4319130608499433,-0.5082316950312727,0.0,1.0,0.0,0.0,1.0
-1.5407005165534002,2.6648648517758624,0.46039739302523075,0.6986193759247833,-0.13191966650884138,1.0,0.0,0.0,0.0,1.0
0.8437982873363414,-1.1949696085805108,3.2467330606403557,0.6986193759247833,0.1353127267189122,0.0,1.0,0.0,0.0,1.0
-0.3484511146085294,0.9665376892190584,-0.4683811628464775,-0.4319130608499433,-0.4075428009131086,0.0,1.0,0.0,0.0,1.0
0.8437982873363414,-0.11421595968072623,-0.4683811628464775,-0.4319130608499433,-0.35668982408575306,1.0,0.0,0.0,1.0,0.0
-1.5407005165534002,0.5033575539762936,-0.4683811628464775,-0.4319130608499433,-0.027585631011692452,1.0,0.0,1.0,0.0,0.0
0.8437982873363414,0.4261608647691661,0.46039739302523075,0.6986193759247833,-0.26006916811377745,1.0,0.0,0.0,0.0,1.0
0.8437982873363414,1.6613078920832056,-0.4683811628464775,-0.4319130608499433,-0.528487452761145,0.0,1.0,0.0,0.0,1.0
0.8437982873363414,-0.886182851752001,-0.4683811628464775,-0.4319130608499433,-0.49577271570857057,0.0,1.0,0.0,0.0,1.0
0.8437982873363414,-0.5001994057163636,-0.4683811628464775,-0.4319130608499433,-0.5184022903967438,1.0,0.0,0.0,0.0,1.0
0.8437982873363414,-0.5773960949234911,-0.4683811628464775,-0.4319130608499433,-0.5143340522505554,1.0,0.0,0.0,0.0,1.0
0.8437982873363414,-0.11421595968072623,-0.4683811628464775,-0.4319130608499433,-0.511368306641984,0.0,1.0,1.0,0.0,0.0
-0.3484511146085294,-0.11421595968072623,0.46039739302523075,-0.4319130608499433,-0.1431073214108596,1.0,0.0,0.0,0.0,1.0
-1.5407005165534002,1.4297178244618232,-0.4683811628464775,-0.4319130608499433,0.3551664184961552,0.0,1.0,1.0,0.0,0.0
0.8437982873363414,-0.11421595968072623,-0.4683811628464775,-0.4319130608499433,-0.5250131773843,0.0,1.0,1.0,0.0,0.0
-0.3484511146085294,-0.8089861625448734,-0.4683811628464775,-0.4319130608499433,-0.45839577774046425,0.0,1.0,0.0,0.0,1.0
-0.3484511146085294,-0.11421595968072623,-0.4683811628464775,-0.4319130608499433,-0.6719782804153577,0.0,1.0,0.0,0.0,1.0
0.8437982873363414,0.19457079714778366,-0.4683811628464775,-0.4319130608499433,-0.5107743438726404,0.0,1.0,0.0,0.0,1.0
-1.5407005165534002,-0.11421595968072623,-0.4683811628464775,-0.4319130608499433,-0.13191966650884138,0.0,1.0,0.0,0.0,1.0
-0.3484511146085294,0.11737410794065618,-0.4683811628464775,-0.4319130608499433,-0.2448132750655708,1.0,0.0,0.0,0.0,1.0
0.8437982873363414,-2.044133189858913,2.317954504768647,0.6986193759247833,-0.24328768576075013,1.0,0.0,0.0,0.0,1.0
0.8437982873363414,0.4261608647691661,-0.4683811628464775,-0.4319130608499433,-0.5082316950312727,0.0,1.0,0.0,0.0,1.0
0.8437982873363414,-1.6581497438232757,3.2467330606403557,0.6986193759247833,-0.07954110037666513,0.0,1.0,0.0,1.0,0.0
-1.5407005165534002,-1.8125431222375306,-0.4683811628464775,1.8291518126995099,2.0639118728963726,0.0,1.0,1.0,0.0,0.0
-0.3484511146085294,-0.11421595968072623,-0.4683811628464775,-0.4319130608499433,-0.6719782804153577,0.0,1.0,0.0,0.0,1.0
0.8437982873363414,-0.26860933809498116,0.46039739302523075,-0.4319130608499433,-0.37796264135217245,0.0,1.0,1.0,0.0,0.0
-1.5407005165534002,2.047291338118843,-0.4683811628464775,-0.4319130608499433,0.0501339905330916,0.0,1.0,1.0,0.0,0.0
0.8437982873363414,-0.11421595968072623,-0.4683811628464775,-0.4319130608499433,-0.5143340522505554,0.0,1.0,0.0,1.0,0.0
0.8437982873363414,-1.2721662977876382,-0.4683811628464775,1.8291518126995099,-0.26006916811377745,0.0,1.0,0.0,0.0,1.0
0.8437982873363414,-0.886182851752001,0.46039739302523075,-0.4319130608499433,-0.3099050854045859,1.0,0.0,0.0,0.0,1.0
0.8437982873363414,-0.5001994057163636,-0.4683811628464775,-0.4319130608499433,-0.5122145001763913,1.0,0.0,0.0,0.0,1.0
0.8437982873363414,0.19457079714778366,-0.4683811628464775,-0.4319130608499433,-0.2137929592008839,0.0,1.0,0.0,0.0,1.0
0.8437982873363414,-2.044133189858913,0.46039739302523075,0.6986193759247833,-0.3485533477933762,0.0,1.0,0.0,0.0,1.0
0.8437982873363414,-0.11421595968072623,-0.4683811628464775,-0.4319130608499433,-0.5127230299446648,1.0,0.0,0.0,1.0,0.0
0.8437982873363414,-0.8089861625448734,-0.4683811628464775,-0.4319130608499433,-0.5082316950312727,0.0,1.0,0.0,0.0,1.0
-0.3484511146085294,-1.6581497438232757,-0.4683811628464775,1.8291518126995099,-0.010889581659735099,0.0,1.0,0.0,0.0,1.0
-0.3484511146085294,1.4297178244618232,-0.4683811628464775,1.8291518126995099,0.0755604789467694,1.0,0.0,0.0,0.0,1.0
0.8437982873363414,-0.11421595968072623,-0.4683811628464775,-0.4319130608499433,-0.5138255224822819,0.0,1.0,0.0,0.0,1.0
-0.3484511146085294,-0.8089861625448734,-0.4683811628464775,-0.4319130608499433,-0.1431073214108596,1.0,0.0,0.0,0.0,1.0
0.8437982873363414,-0.11421595968072623,-0.4683811628464775,-0.4319130608499433,-0.5143340522505554,1.0,0.0,0.0,1.0,0.0
0.8437982873363414,-1.8897398114446582,3.2467330606403557,1.8291518126995099,-0.03351915634790835,1.0,0.0,0.0,0.0,1.0
-1.5407005165534002,0.3489641755620386,-0.4683811628464775,-0.4319130608499433,-0.13191966650884138,0.0,1.0,0.0,0.0,1.0
-1.5407005165534002,-0.11421595968072623,-0.4683811628464775,-0.4319130608499433,3.8392747269404257,0.0,1.0,0.0,0.0,1.0
0.8437982873363414,-0.5001994057163636,-0.4683811628464775,-0.4319130608499433,-0.5107743438726404,1.0,0.0,0.0,0.0,1.0
-1.5407005165534002,1.892897959704588,0.46039739302523075,-0.4319130608499433,0.536288449002611,1.0,0.0,1.0,0.0,0.0
0.8437982873363414,-0.11421595968072623,-0.4683811628464775,-0.4319130608499433,-0.5249277443832301,0.0,1.0,1.0,0.0,0.0
0.8437982873363414,-0.11421595968072623,0.46039739302523075,9.742878870122597,0.7427515349216746,0.0,1.0,0.0,0.0,1.0
-1.5407005165534002,1.8157012704974607,0.46039739302523075,0.6986193759247833,0.9931170127953309,0.0,1.0,0.0,0.0,1.0
0.8437982873363414,-0.5773960949234911,-0.4683811628464775,-0.4319130608499433,-0.5148425820188289,1.0,0.0,0.0,1.0,0.0
-0.3484511146085294,0.11737410794065618,-0.4683811628464775,-0.4319130608499433,-0.4075428009131086,0.0,1.0,0.0,0.0,1.0
0.8437982873363414,-1.580953054616148,-0.4683811628464775,0.6986193759247833,-0.6074804328456861,0.0,1.0,0.0,0.0,1.0
-1.5407005165534002,-0.11421595968072623,0.46039739302523075,-0.4319130608499433,0.9994736348987504,1.0,0.0,1.0,0.0,0.0
-1.5407005165534002,-0.886182851752001,0.46039739302523075,-0.4319130608499433,3.9561511406422745,1.0,0.0,1.0,0.0,0.0
-1.5407005165534002,2.3560780949473528,-0.4683811628464775,-0.4319130608499433,0.879885740472468,1.0,0.0,1.0,0.0,0.0
0.8437982873363414,-0.886182851752001,0.46039739302523075,-0.4319130608499433,-0.37796264135217245,0.0,1.0,1.0,0.0,0.0
-1.5407005165534002,0.4261608647691661,-0.4683811628464775,-0.4319130608499433,3.630183559178924,1.0,0.0,1.0,0.0,0.0
-1.5407005165534002,0.5033575539762936,-0.4683811628464775,-0.4319130608499433,-0.13522511000261953,0.0,1.0,0.0,0.0,1.0
0.8437982873363414,0.8121443108048034,0.46039739302523075,5.22074912302369,-0.03351915634790835,0.0,1.0,0.0,0.0,1.0
0.8437982873363414,-0.11421595968072623,6.961847284127188,1.8291518126995099,0.7427515349216746,0.0,1.0,0.0,0.0,1.0
-0.3484511146085294,-0.11421595968072623,-0.4683811628464775,-0.4319130608499433,-0.41466221766893846,1.0,0.0,0.0,0.0,1.0
0.8437982873363414,-1.9669365006517856,2.317954504768647,1.8291518126995099,-0.10445905902206941,0.0,1.0,0.0,0.0,1.0
0.8437982873363414,-0.03701927047359876,-0.4683811628464775,-0.4319130608499433,-0.5117914034091876,0.0,1.0,0.0,0.0,1.0
0.8437982873363414,-0.11421595968072623,-0.4683811628464775,-0.4319130608499433,-0.5245046476160264,0.0,1.0,0.0,0.0,1.0
-1.5407005165534002,-0.9633795409591285,0.46039739302523075,-0.4319130608499433,1.5431773901842516,1.0,0.0,1.0,0.0,0.0
-0.3484511146085294,1.1209310676333133,0.46039739302523075,-0.4319130608499433,-0.1431073214108596,0.0,1.0,0.0,0.0,1.0
0.8437982873363414,-1.2721662977876382,3.2467330606403557,1.8291518126995099,-0.03351915634790835,0.0,1.0,0.0,0.0,1.0
-0.3484511146085294,-1.3493629869947659,-0.4683811628464775,-0.4319130608499433,-0.35160452640301754,1.0,0.0,0.0,0.0,1.0
0.8437982873363414,1.5841112028760782,0.46039739302523075,-0.4319130608499433,-0.3770310148166953,0.0,1.0,0.0,0.0,1.0
-0.3484511146085294,0.040177418733528716,-0.4683811628464775,-0.4319130608499433,-0.42076457488822105,1.0,0.0,0.0,1.0,0.0
-1.5407005165534002,1.5069145136689508,0.46039739302523075,-0.4319130608499433,0.48602943494459894,0.0,1.0,1.0,0.0,0.0
-0.3484511146085294,-0.4230027165092361,1.389175948896939,0.6986193759247833,-0.12276613067991739,1.0,0.0,0.0,0.0,1.0
0.8437982873363414,-0.11421595968072623,6.961847284127188,1.8291518126995099,0.7427515349216746,1.0,0.0,0.0,0.0,1.0
-1.5407005165534002,2.74206154098299,-0.4683811628464775,-0.4319130608499433,-0.13191966650884138,0.0,1.0,0.0,0.0,1.0
-0.3484511146085294,0.8121443108048034,-0.4683811628464775,-0.4319130608499433,-0.35160452640301754,1.0,0.0,0.0,0.0,1.0
0.8437982873363414,-0.11421595968072623,0.46039739302523075,-0.4319130608499433,-0.35668982408575306,1.0,0.0,0.0,1.0,0.0
0.8437982873363414,-0.26860933809498116,-0.4683811628464775,-0.4319130608499433,-0.28981815955778045,0.0,1.0,1.0,0.0,0.0
-0.3484511146085294,-0.1914126488878537,0.46039739302523075,-0.4319130608499433,-0.1431073214108596,0.0,1.0,0.0,0.0,1.0
-0.3484511146085294,-0.8475845071484372,-0.4683811628464775,-0.4319130608499433,-0.4075428009131086,0.0,1.0,0.0,0.0,1.0
-1.5407005165534002,0.4261608647691661,0.46039739302523075,-0.4319130608499433,0.4081389473976749,1.0,0.0,0.0,0.0,1.0
0.8437982873363414,-0.6545927841306185,-0.4683811628464775,-0.4319130608499433,-0.49577271570857057,1.0,0.0,0.0,0.0,1.0
0.8437982873363414,0.19457079714778366,-0.4683811628464775,-0.4319130608499433,-0.5107743438726404,0.0,1.0,0.0,0.0,1.0
0.8437982873363414,1.1209310676333133,-0.4683811628464775,-0.4319130608499433,-0.5107743438726404,0.0,1.0,0.0,0.0,1.0
0.8437982873363414,0.27176748635491116,-0.4683811628464775,-0.4319130608499433,-0.5122145001763913,0.0,1.0,0.0,0.0,1.0
0.8437982873363414,0.8507426554083671,-0.4683811628464775,-0.4319130608499433,-0.5143340522505554,0.0,1.0,0.0,1.0,0.0
0.8437982873363414,-1.8897398114446582,3.2467330606403557,1.8291518126995099,-0.03351915634790835,0.0,1.0,0.0,0.0,1.0
-1.5407005165534002,-0.11421595968072623,-0.4683811628464775,0.6986193759247833,0.44678720978646513,1.0,0.0,0.0,0.0,1.0
0.8437982873363414,-0.886182851752001,-0.4683811628464775,-0.4319130608499433,-0.5143340522505554,0.0,1.0,0.0,0.0,1.0
0.8437982873363414,-0.11421595968072623,-0.4683811628464775,-0.4319130608499433,0.4772135628818086,0.0,1.0,0.0,0.0,1.0
-1.5407005165534002,1.6613078920832056,-0.4683811628464775,0.6986193759247833,0.5765477336972918,0.0,1.0,1.0,0.0,0.0
-1.5407005165534002,3.205241676225755,-0.4683811628464775,-0.4319130608499433,0.032929411412860723,0.0,1.0,1.0,0.0,0.0
0.8437982873363414,-1.9669365006517856,3.2467330606403557,1.8291518126995099,-0.035807540305139364,0.0,1.0,0.0,0.0,1.0
-0.3484511146085294,0.734947621597676,-0.4683811628464775,-0.4319130608499433,-0.4075428009131086,0.0,1.0,0.0,0.0,1.0
-1.5407005165534002,0.580554243183421,0.46039739302523075,-0.4319130608499433,1.1587288853694433,1.0,0.0,0.0,1.0,0.0
0.8437982873363414,-0.4230027165092361,-0.4683811628464775,-0.4319130608499433,-0.5143340522505554,1.0,0.0,0.0,1.0,0.0
0.8437982873363414,-0.11421595968072623,6.961847284127188,1.8291518126995099,0.7427515349216746,1.0,0.0,0.0,0.0,1.0
0.8437982873363414,-0.8089861625448734,0.46039739302523075,-0.4319130608499433,-0.5122145001763913,1.0,0.0,0.0,0.0,1.0
0.8437982873363414,-0.03701927047359876,-0.4683811628464775,-0.4319130608499433,-0.4790766663566132,0.0,1.0,0.0,0.0,1.0
0.8437982873363414,-0.11421595968072623,-0.4683811628464775,-0.4319130608499433,-0.511368306641984,0.0,1.0,0.0,0.0,1.0
-1.5407005165534002,1.738504581290333,-0.4683811628464775,-0.4319130608499433,-0.05157196312161957,0.0,1.0,0.0,0.0,1.0
-1.5407005165534002,1.9700946489117155,-0.4683811628464775,-0.4319130608499433,-0.10810420040105422,1.0,0.0,1.0,0.0,0.0
0.8437982873363414,-1.156371263976947,6.961847284127188,1.8291518126995099,0.7427515349216746,0.0,1.0,0.0,0.0,1.0
-1.5407005165534002,-0.11421595968072623,-0.4683811628464775,-0.4319130608499433,-0.14836145097666195,0.0,1.0,1.0,0.0,0.0
0.8437982873363414,-0.11421595968072623,6.961847284127188,1.8291518126995099,0.7427515349216746,1.0,0.0,0.0,0.0,1.0
0.8437982873363414,-0.11421595968072623,-0.4683811628464775,-0.4319130608499433,-0.5143340522505554,1.0,0.0,0.0,1.0,0.0
-1.5407005165534002,0.19457079714778366,-0.4683811628464775,-0.4319130608499433,-0.05157196312161957,0.0,1.0,1.0,0.0,0.0
-0.3484511146085294,-0.8089861625448734,-0.4683811628464775,-0.4319130608499433,-0.4075428009131086,1.0,0.0,0.0,0.0,1.0
-1.5407005165534002,-0.11421595968072623,-0.4683811628464775,-0.4319130608499433,-0.06784491570637337,0.0,1.0,1.0,0.0,0.0
0.8437982873363414,-0.11421595968072623,-0.4683811628464775,1.8291518126995099,-0.5143340522505554,1.0,0.0,0.0,1.0,0.0
-1.5407005165534002,-0.886182851752001,0.46039739302523075,-0.4319130608499433,0.5484931634411763,1.0,0.0,0.0,0.0,1.0
-1.5407005165534002,2.1244880273259703,0.46039739302523075,0.6986193759247833,2.681606709465677,0.0,1.0,0.0,0.0,1.0
-1.5407005165534002,0.040177418733528716,-0.4683811628464775,-0.4319130608499433,0.48602943494459894,1.0,0.0,1.0,0.0,0.0
-0.3484511146085294,-1.6581497438232757,0.46039739302523075,0.6986193759247833,-0.1431073214108596,1.0,0.0,0.0,0.0,1.0
0.8437982873363414,0.734947621597676,-0.4683811628464775,-0.4319130608499433,-0.5107743438726404,0.0,1.0,0.0,0.0,1.0
-1.5407005165534002,1.892897959704588,-0.4683811628464775,0.6986193759247833,0.90014149820234,0.0,1.0,0.0,0.0,1.0
0.8437982873363414,-0.4230027165092361,1.389175948896939,-0.4319130608499433,-0.18073852426310277,0.0,1.0,0.0,0.0,1.0
0.8437982873363414,-0.11421595968072623,2.317954504768647,0.6986193759247833,-0.15395527842767112,0.0,1.0,0.0,0.0,1.0
0.8437982873363414,-0.11421595968072623,-0.4683811628464775,-0.4319130608499433,-0.5082316950312727,0.0,1.0,0.0,0.0,1.0
-0.3484511146085294,0.9665376892190584,0.46039739302523075,-0.4319130608499433,-0.12276613067991739,0.0,1.0,0.0,0.0,1.0
-0.3484511146085294,-0.1914126488878537,0.46039739302523075,-0.4319130608499433,-0.3900839569087409,1.0,0.0,1.0,0.0,0.0
0.8437982873363414,-0.1914126488878537,-0.4683811628464775,-0.4319130608499433,-0.5107743438726404,1.0,0.0,0.0,0.0,1.0
-0.3484511146085294,2.1244880273259703,-0.4683811628464775,-0.4319130608499433,-0.45839577774046425,1.0,0.0,0.0,0.0,1.0
0.8437982873363414,-0.1914126488878537,-0.4683811628464775,-0.4319130608499433,-0.49577271570857057,0.0,1.0,0.0,0.0,1.0
0.8437982873363414,-0.11421595968072623,-0.4683811628464775,-0.4319130608499433,-0.511368306641984,0.0,1.0,0.0,0.0,1.0
0.8437982873363414,-0.11421595968072623,-0.4683811628464775,-0.4319130608499433,-0.4947556561720235,0.0,1.0,0.0,0.0,1.0
-1.5407005165534002,-0.11421595968072623,-0.4683811628464775,-0.4319130608499433,-0.1431073214108596,0.0,1.0,0.0,0.0,1.0
-0.3484511146085294,-0.6545927841306185,0.46039739302523075,-0.4319130608499433,-0.438054587009522,0.0,1.0,0.0,0.0,1.0
0.8437982873363414,-0.11421595968072623,-0.4683811628464775,-0.4319130608499433,-0.5143340522505554,0.0,1.0,0.0,1.0,0.0
-1.5407005165534002,1.9700946489117155,1.389175948896939,-0.4319130608499433,-0.1492096786301423,1.0,0.0,0.0,0.0,1.0
0.8437982873363414,-0.731789473337746,-0.4683811628464775,-0.4319130608499433,-0.47873696847140645,0.0,1.0,0.0,0.0,1.0
0.8437982873363414,-0.34580602730210863,-0.4683811628464775,-0.4319130608499433,-0.5134024257150782,0.0,1.0,0.0,0.0,1.0
-1.5407005165534002,2.896454919397245,0.46039739302523075,-0.4319130608499433,3.8392747269404257,0.0,1.0,0.0,0.0,1.0
0.8437982873363414,0.27176748635491116,-0.4683811628464775,-0.4319130608499433,-0.5082316950312727,0.0,1.0,0.0,0.0,1.0
-1.5407005165534002,2.1244880273259703,0.46039739302523075,-0.4319130608499433,2.308429258434883,0.0,1.0,1.0,0.0,0.0
-0.3484511146085294,-0.9633795409591285,-0.4683811628464775,-0.4319130608499433,0.8230992383088964,0.0,1.0,0.0,0.0,1.0
0.8437982873363414,-0.11421595968072623,-0.4683811628464775,-0.4319130608499433,-0.5082316950312727,0.0,1.0,0.0,0.0,1.0
0.8437982873363414,-0.11421595968072623,-0.4683811628464775,1.8291518126995099,-0.3618605547695586,1.0,0.0,1.0,0.0,0.0
-1.5407005165534002,-0.1914126488878537,-0.4683811628464775,-0.4319130608499433,-0.05157196312161957,0.0,1.0,0.0,0.0,1.0
-1.5407005165534002,-0.11421595968072623,-0.4683811628464775,-0.4319130608499433,3.9561511406422745,0.0,1.0,1.0,0.0,0.0
0.8437982873363414,0.734947621597676,-0.4683811628464775,5.22074912302369,-0.07954110037666513,1.0,0.0,0.0,1.0,0.0
0.8437982873363414,-0.11421595968072623,0.46039739302523075,-0.4319130608499433,-0.3444851096471877,1.0,0.0,0.0,0.0,1.0
-0.3484511146085294,-0.886182851752001,-0.4683811628464775,1.8291518126995099,-0.4075428009131086,1.0,0.0,0.0,0.0,1.0
0.8437982873363414,-0.6545927841306185,-0.4683811628464775,-0.4319130608499433,-0.3444851096471877,0.0,1.0,0.0,0.0,1.0
-1.5407005165534002,0.11737410794065618,0.46039739302523075,-0.4319130608499433,0.38576363759363846,0.0,1.0,0.0,0.0,1.0
-1.5407005165534002,-0.11421595968072623,-0.4683811628464775,-0.4319130608499433,-0.05157196312161957,0.0,1.0,0.0,0.0,1.0
0.8437982873363414,-0.6545927841306185,-0.4683811628464775,-0.4319130608499433,-0.5134024257150782,0.0,1.0,0.0,0.0,1.0
-0.3484511146085294,-0.11421595968072623,-0.4683811628464775,-0.4319130608499433,-0.6719782804153577,0.0,1.0,0.0,0.0,1.0
-1.5407005165534002,-1.1949696085805108,0.46039739302523075,1.8291518126995099,1.7689646072977103,1.0,0.0,0.0,0.0,1.0
0.8437982873363414,-1.9669365006517856,-0.4683811628464775,0.6986193759247833,-0.39906662673552507,1.0,0.0,1.0,0.0,0.0
-1.5407005165534002,1.1209310676333133,-0.4683811628464775,0.6986193759247833,0.5073876852120882,1.0,0.0,1.0,0.0,0.0
0.8437982873363414,-0.11421595968072623,-0.4683811628464775,-0.4319130608499433,-0.5117059704081176,0.0,1.0,0.0,0.0,1.0
0.8437982873363414,-0.5773960949234911,0.46039739302523075,-0.4319130608499433,-0.3892357292552607,1.0,0.0,0.0,0.0,1.0
0.8437982873363414,0.8121443108048034,0.46039739302523075,-0.4319130608499433,-0.47924549823968,1.0,0.0,0.0,0.0,1.0
0.8437982873363414,-0.9633795409591285,-0.4683811628464775,-0.4319130608499433,-0.511368306641984,0.0,1.0,0.0,0.0,1.0
0.8437982873363414,-0.11421595968072623,-0.4683811628464775,-0.4319130608499433,-0.5082316950312727,0.0,1.0,0.0,0.0,1.0
-1.5407005165534002,2.74206154098299,-0.4683811628464775,0.6986193759247833,0.5887524481358571,0.0,1.0,1.0,0.0,0.0
0.8437982873363414,-0.26860933809498116,-0.4683811628464775,-0.4319130608499433,-0.5115371385250508,0.0,1.0,0.0,0.0,1.0
-1.5407005165534002,0.4261608647691661,0.46039739302523075,-0.4319130608499433,0.38576363759363846,1.0,0.0,0.0,0.0,1.0
-0.3484511146085294,1.5069145136689508,0.46039739302523075,1.8291518126995099,0.6501991170958875,0.0,1.0,0.0,0.0,1.0
0.8437982873363414,-0.6545927841306185,0.46039739302523075,-0.4319130608499433,-0.5398459736653032,0.0,1.0,0.0,0.0,1.0
0.8437982873363414,0.3489641755620386,0.46039739302523075,0.6986193759247833,-0.3790651338897896,0.0,1.0,0.0,0.0,1.0
0.8437982873363414,-0.4230027165092361,-0.4683811628464775,-0.4319130608499433,-0.5138255224822819,0.0,1.0,0.0,0.0,1.0
-0.3484511146085294,-0.886182851752001,-0.4683811628464775,0.6986193759247833,-0.20413089360368633,1.0,0.0,0.0,0.0,1.0
0.8437982873363414,-0.26860933809498116,-0.4683811628464775,-0.4319130608499433,-0.5138255224822819,0.0,1.0,0.0,0.0,1.0
0.8437982873363414,0.5033575539762936,-0.4683811628464775,1.8291518126995099,-0.4241554513830692,1.0,0.0,0.0,0.0,1.0
0.8437982873363414,-0.11421595968072623,-0.4683811628464775,-0.4319130608499433,-0.5143340522505554,1.0,0.0,0.0,1.0,0.0
0.8437982873363414,-0.5773960949234911,-0.4683811628464775,-0.4319130608499433,-0.5138255224822819,0.0,1.0,0.0,0.0,1.0
0.8437982873363414,-0.11421595968072623,1.389175948896939,-0.4319130608499433,-0.23099753832111478,0.0,1.0,1.0,0.0,0.0
-1.5407005165534002,1.2367261014440045,-0.4683811628464775,-0.4319130608499433,-0.09225434458350404,0.0,1.0,0.0,0.0,1.0
0.8437982873363414,-0.11421595968072623,-0.4683811628464775,-0.4319130608499433,-0.5069603706105889,1.0,0.0,0.0,0.0,1.0
0.8437982873363414,-0.9633795409591285,-0.4683811628464775,-0.4319130608499433,-0.49577271570857057,0.0,1.0,0.0,0.0,1.0
-1.5407005165534002,-0.4230027165092361,2.317954504768647,1.8291518126995099,4.677754881822449,1.0,0.0,0.0,0.0,1.0
0.8437982873363414,-0.8089861625448734,0.46039739302523075,-0.4319130608499433,-0.3444851096471877,1.0,0.0,0.0,0.0,1.0
-0.3484511146085294,-0.03701927047359876,-0.4683811628464775,-0.4319130608499433,-0.3900839569087409,0.0,1.0,1.0,0.0,0.0
0.8437982873363414,-0.11421595968072623,-0.4683811628464775,-0.4319130608499433,-0.5082316950312727,1.0,0.0,0.0,0.0,1.0
0.8437982873363414,-0.11421595968072623,-0.4683811628464775,-0.4319130608499433,-0.5082316950312727,0.0,1.0,0.0,0.0,1.0
-1.5407005165534002,-0.9633795409591285,0.46039739302523075,-0.4319130608499433,0.4874695912483496,1.0,0.0,0.0,0.0,1.0
0.8437982873363414,0.38756252016560233,-0.4683811628464775,-0.4319130608499433,-0.5410318650849171,0.0,1.0,1.0,0.0,0.0
0.8437982873363414,-0.5773960949234911,0.46039739302523075,-0.4319130608499433,-0.5245046476160264,0.0,1.0,0.0,0.0,1.0
0.8437982873363414,-0.26860933809498116,-0.4683811628464775,-0.4319130608499433,-0.5122145001763913,1.0,0.0,0.0,0.0,1.0
0.8437982873363414,-0.26860933809498116,-0.4683811628464775,-0.4319130608499433,-0.511368306641984,0.0,1.0,0.0,0.0,1.0
-1.5407005165534002,0.040177418733528716,0.46039739302523075,1.8291518126995099,2.410729174858938,0.0,1.0,0.0,0.0,1.0
0.8437982873363414,-0.11421595968072623,-0.4683811628464775,-0.4319130608499433,-0.5232333231953427,0.0,1.0,0.0,0.0,1.0
0.8437982873363414,0.6577509323905485,-0.4683811628464775,-0.4319130608499433,-0.49577271570857057,0.0,1.0,0.0,0.0,1.0
0.8437982873363414,-1.040576230166256,-0.4683811628464775,-0.4319130608499433,-0.5146737501357621,1.0,0.0,0.0,1.0,0.0
0.8437982873363414,-0.5001994057163636,-0.4683811628464775,-0.4319130608499433,-0.48433079592241557,0.0,1.0,0.0,0.0,1.0
-0.3484511146085294,1.4297178244618232,0.46039739302523075,1.8291518126995099,0.6501991170958875,1.0,0.0,0.0,0.0,1.0
-0.3484511146085294,0.3489641755620386,-0.4683811628464775,-0.4319130608499433,-0.4075428009131086,0.0,1.0,0.0,0.0,1.0
0.8437982873363414,-0.11421595968072623,-0.4683811628464775,-0.4319130608499433,-0.47873696847140645,0.0,1.0,0.0,0.0,1.0
0.8437982873363414,-2.198526568273168,0.46039739302523075,0.6986193759247833,-0.3322803952086224,1.0,0.0,0.0,0.0,1.0
0.8437982873363414,-0.1914126488878537,-0.4683811628464775,0.6986193759247833,-0.4182219260468533,1.0,0.0,0.0,0.0,1.0
-0.3484511146085294,-0.03701927047359876,0.46039739302523075,-0.4319130608499433,-0.1431073214108596,1.0,0.0,0.0,0.0,1.0
0.8437982873363414,0.889341000011931,-0.4683811628464775,-0.4319130608499433,-0.5270472964573942,0.0,1.0,0.0,0.0,1.0
0.8437982873363414,-2.2113952563639963,-0.4683811628464775,0.6986193759247833,-0.4817881470810478,0.0,1.0,0.0,0.0,1.0
-0.3484511146085294,-0.6545927841306185,1.389175948896939,-0.4319130608499433,0.8230992383088964,0.0,1.0,0.0,0.0,1.0
0.8437982873363414,-1.040576230166256,4.175511616512064,1.8291518126995099,0.282023564865833,1.0,0.0,0.0,0.0,1.0
-1.5407005165534002,1.738504581290333,0.46039739302523075,0.6986193759247833,1.2299230529277412,1.0,0.0,0.0,0.0,1.0
-1.5407005165534002,2.3560780949473528,0.46039739302523075,4.090216686248963,4.677754881822449,1.0,0.0,0.0,0.0,1.0
-0.3484511146085294,-1.1949696085805108,-0.4683811628464775,-0.4319130608499433,0.6501991170958875,0.0,1.0,0.0,0.0,1.0
0.8437982873363414,2.0086929935152793,-0.4683811628464775,-0.4319130608499433,-0.5082316950312727,0.0,1.0,0.0,0.0,1.0
0.8437982873363414,-1.5037563654090207,2.317954504768647,1.8291518126995099,-0.10445905902206941,0.0,1.0,0.0,0.0,1.0
0.8437982873363414,1.0437343784261859,0.46039739302523075,6.351281559798417,0.282023564865833,1.0,0.0,0.0,0.0,1.0
-1.5407005165534002,0.040177418733528716,-0.4683811628464775,-0.4319130608499433,0.2535458978425139,0.0,1.0,0.0,0.0,1.0
-1.5407005165534002,0.4261608647691661,0.46039739302523075,-0.4319130608499433,0.5027254842965563,1.0,0.0,1.0,0.0,0.0
0.8437982873363414,-0.731789473337746,-0.4683811628464775,-0.4319130608499433,-0.4717029847166466,0.0,1.0,0.0,0.0,1.0
-0.3484511146085294,-0.26860933809498116,0.46039739302523075,0.6986193759247833,-0.1431073214108596,1.0,0.0,0.0,0.0,1.0
0.8437982873363414,-0.11421595968072623,-0.4683811628464775,-0.4319130608499433,-0.5410318650849171,0.0,1.0,1.0,0.0,0.0
0.8437982873363414,-2.1213298790660406,3.2467330606403557,0.6986193759247833,0.1353127267189122,0.0,1.0,0.0,0.0,1.0
-1.5407005165534002,-0.4230027165092361,-0.4683811628464775,-0.4319130608499433,0.737666237238939,1.0,0.0,1.0,0.0,0.0
0.8437982873363414,-0.11421595968072623,-0.4683811628464775,-0.4319130608499433,-0.5082316950312727,0.0,1.0,0.0,0.0,1.0
0.8437982873363414,-0.1914126488878537,-0.4683811628464775,-0.4319130608499433,-0.5122145001763913,0.0,1.0,0.0,0.0,1.0
-1.5407005165534002,-0.11421595968072623,-0.4683811628464775,-0.4319130608499433,-0.13191966650884138,0.0,1.0,0.0,0.0,1.0
0.8437982873363414,-0.5001994057163636,0.46039739302523075,-0.4319130608499433,-0.3892357292552607,0.0,1.0,0.0,0.0,1.0
-0.3484511146085294,1.0437343784261859,-0.4683811628464775,0.6986193759247833,-0.2448132750655708,0.0,1.0,0.0,0.0,1.0
-0.3484511146085294,-1.1949696085805108,0.46039739302523075,-0.4319130608499433,-0.06030240218334001,1.0,0.0,1.0,0.0,0.0
-1.5407005165534002,-0.11421595968072623,0.46039739302523075,-0.4319130608499433,0.38576363759363846,1.0,0.0,0.0,0.0,1.0
0.8437982873363414,-0.886182851752001,-0.4683811628464775,-0.4319130608499433,-0.5138255224822819,1.0,0.0,0.0,0.0,1.0
0.8437982873363414,-0.34580602730210863,0.46039739302523075,-0.4319130608499433,-0.5138255224822819,0.0,1.0,0.0,0.0,1.0
0.8437982873363414,-0.5001994057163636,-0.4683811628464775,-0.4319130608499433,-0.5082316950312727,1.0,0.0,0.0,0.0,1.0
0.8437982873363414,-0.6545927841306185,-0.4683811628464775,-0.4319130608499433,-0.5245046476160264,0.0,1.0,0.0,0.0,1.0
-0.3484511146085294,1.1981277568404407,-0.4683811628464775,-0.4319130608499433,-0.3973722055476375,1.0,0.0,0.0,0.0,1.0
0.8437982873363414,-0.11421595968072623,-0.4683811628464775,-0.4319130608499433,-0.5250131773843,0.0,1.0,1.0,0.0,0.0
0.8437982873363414,0.6577509323905485,-0.4683811628464775,-0.4319130608499433,-0.511368306641984,0.0,1.0,0.0,0.0,1.0
-1.5407005165534002,0.11737410794065618,-0.4683811628464775,-0.4319130608499433,-0.09149154993109367,0.0,1.0,1.0,0.0,0.0
-0.3484511146085294,1.1209310676333133,0.46039739302523075,-0.4319130608499433,-0.1431073214108596,1.0,0.0,0.0,0.0,1.0
-1.5407005165534002,-0.1914126488878537,0.46039739302523075,-0.4319130608499433,2.1102735148103364,0.0,1.0,1.0,0.0,0.0
-0.3484511146085294,-0.34580602730210863,-0.4683811628464775,-0.4319130608499433,-0.4075428009131086,0.0,1.0,0.0,0.0,1.0
0.8437982873363414,-1.040576230166256,-0.4683811628464775,-0.4319130608499433,-0.5163681713236496,1.0,0.0,0.0,0.0,1.0
0.8437982873363414,-0.6545927841306185,-0.4683811628464775,-0.4319130608499433,-0.511368306641984,0.0,1.0,0.0,0.0,1.0
-1.5407005165534002,0.5033575539762936,-0.4683811628464775,-0.4319130608499433,-0.1372592290757137,0.0,1.0,0.0,0.0,1.0
0.8437982873363414,-0.11421595968072623,-0.4683811628464775,-0.4319130608499433,-0.47873696847140645,0.0,1.0,0.0,0.0,1.0
-0.3484511146085294,-0.03701927047359876,0.46039739302523075,-0.4319130608499433,-0.1431073214108596,1.0,0.0,0.0,0.0,1.0
-1.5407005165534002,-0.9633795409591285,-0.4683811628464775,-0.4319130608499433,0.28609180301202153,0.0,1.0,0.0,0.0,1.0
-1.5407005165534002,0.889341000011931,0.46039739302523075,-0.4319130608499433,0.38296672386813385,0.0,1.0,0.0,0.0,1.0
0.8437982873363414,-0.4230027165092361,-0.4683811628464775,-0.4319130608499433,-0.5082316950312727,0.0,1.0,0.0,0.0,1.0
-0.3484511146085294,-0.5773960949234911,0.46039739302523075,1.8291518126995099,0.17379215722463562,1.0,0.0,1.0,0.0,0.0
-1.5407005165534002,-0.5001994057163636,0.46039739302523075,-0.4319130608499433,1.632170099632124,1.0,0.0,1.0,0.0,0.0
-0.3484511146085294,-0.886182851752001,-0.4683811628464775,-0.4319130608499433,-0.438054587009522,0.0,1.0,0.0,0.0,1.0
0.8437982873363414,-0.11421595968072623,-0.4683811628464775,-0.4319130608499433,-0.3770310148166953,0.0,1.0,0.0,0.0,1.0
-1.5407005165534002,2.3560780949473528,-0.4683811628464775,-0.4319130608499433,-0.13191966650884138,0.0,1.0,0.0,0.0,1.0
0.8437982873363414,-2.2178257405749497,1.389175948896939,0.6986193759247833,-0.2802415269616529,1.0,0.0,1.0,0.0,0.0
-1.5407005165534002,0.9665376892190584,0.46039739302523075,-0.4319130608499433,0.3970367254967267,0.0,1.0,0.0,0.0,1.0
0.8437982873363414,-0.34580602730210863,-0.4683811628464775,-0.4319130608499433,-0.5145028841336222,0.0,1.0,0.0,1.0,0.0
-0.3484511146085294,-0.03701927047359876,0.46039739302523075,-0.4319130608499433,-0.1431073214108596,1.0,0.0,0.0,0.0,1.0
-0.3484511146085294,-0.11421595968072623,-0.4683811628464775,-0.4319130608499433,-0.6719782804153577,0.0,1.0,0.0,0.0,1.0
-1.5407005165534002,1.6613078920832056,-0.4683811628464775,0.6986193759247833,0.1294646343837663,1.0,0.0,0.0,0.0,1.0
-0.3484511146085294,-0.11421595968072623,-0.4683811628464775,-0.4319130608499433,-0.42076457488822105,1.0,0.0,0.0,1.0,0.0
-1.5407005165534002,1.8157012704974607,-0.4683811628464775,-0.4319130608499433,-0.11369802785206337,1.0,0.0,1.0,0.0,0.0
0.8437982873363414,0.27176748635491116,-0.4683811628464775,-0.4319130608499433,-0.511368306641984,0.0,1.0,1.0,0.0,0.0
0.8437982873363414,-0.9633795409591285,3.2467330606403557,1.8291518126995099,-0.5107743438726404,1.0,0.0,0.0,0.0,1.0
0.8437982873363414,-0.5773960949234911,0.46039739302523075,0.6986193759247833,-0.42203589930890495,1.0,0.0,0.0,0.0,1.0
0.8437982873363414,-1.156371263976947,0.46039739302523075,-0.4319130608499433,-0.37796264135217245,1.0,0.0,1.0,0.0,0.0
-1.5407005165534002,1.4297178244618232,0.46039739302523075,-0.4319130608499433,0.8887850114172553,0.0,1.0,1.0,0.0,0.0
0.8437982873363414,-0.1914126488878537,0.46039739302523075,-0.4319130608499433,-0.5107743438726404,1.0,0.0,0.0,0.0,1.0
-1.5407005165534002,-0.886182851752001,0.46039739302523075,-0.4319130608499433,1.5431773901842516,0.0,1.0,1.0,0.0,0.0
0.8437982873363414,-0.886182851752001,-0.4683811628464775,-0.4319130608499433,-0.5082316950312727,0.0,1.0,0.0,0.0,1.0
-1.5407005165534002,2.5104714733616076,-0.4683811628464775,-0.4319130608499433,0.955316978060021,1.0,0.0,0.0,0.0,1.0
-0.3484511146085294,1.2753244460475683,-0.4683811628464775,-0.4319130608499433,-0.1431073214108596,0.0,1.0,0.0,0.0,1.0
0.8437982873363414,-2.198526568273168,0.46039739302523075,0.6986193759247833,-0.4241554513830692,1.0,0.0,0.0,0.0,1.0
-0.3484511146085294,0.5033575539762936,-0.4683811628464775,-0.4319130608499433,-0.4075428009131086,1.0,0.0,0.0,0.0,1.0
-1.5407005165534002,-0.0756176150771625,-0.4683811628464775,-0.4319130608499433,-0.10810420040105422,0.0,1.0,1.0,0.0,0.0
0.8437982873363414,-0.4230027165092361,-0.4683811628464775,1.8291518126995099,-0.3322803952086224,1.0,0.0,0.0,0.0,1.0
0.8437982873363414,-0.11421595968072623,-0.4683811628464775,-0.4319130608499433,-0.5143340522505554,0.0,1.0,0.0,1.0,0.0
0.8437982873363414,-0.03701927047359876,-0.4683811628464775,-0.4319130608499433,-0.5143340522505554,0.0,1.0,0.0,1.0,0.0
-0.3484511146085294,0.5419558985798573,-0.4683811628464775,1.8291518126995099,-0.1431073214108596,0.0,1.0,0.0,0.0,1.0
-1.5407005165534002,1.9700946489117155,0.46039739302523075,0.6986193759247833,1.2299230529277412,0.0,1.0,0.0,0.0,1.0
0.8437982873363414,-0.11421595968072623,-0.4683811628464775,-0.4319130608499433,-0.511368306641984,0.0,1.0,0.0,0.0,1.0
0.8437982873363414,-0.9633795409591285,-0.4683811628464775,-0.4319130608499433,-0.49577271570857057,0.0,1.0,0.0,0.0,1.0
0.8437982873363414,-0.6545927841306185,-0.4683811628464775,-0.4319130608499433,-0.5122145001763913,0.0,1.0,0.0,0.0,1.0
0.8437982873363414,-0.9633795409591285,-0.4683811628464775,-0.4319130608499433,-0.49577271570857057,0.0,1.0,0.0,0.0,1.0
0.8437982873363414,-2.1213298790660406,2.317954504768647,0.6986193759247833,-0.24328768576075013,0.0,1.0,0.0,0.0,1.0
0.8437982873363414,0.040177418733528716,-0.4683811628464775,-0.4319130608499433,-0.4182219260468533,1.0,0.0,0.0,0.0,1.0
-1.5407005165534002,-0.886182851752001,1.389175948896939,1.8291518126995099,4.6650416376156105,1.0,0.0,1.0,0.0,0.0
0.8437982873363414,-0.11421595968072623,-0.4683811628464775,-0.4319130608499433,-0.5082316950312727,1.0,0.0,0.0,0.0,1.0
-0.3484511146085294,0.4261608647691661,-0.4683811628464775,-0.4319130608499433,-0.42076457488822105,0.0,1.0,0.0,1.0,0.0
0.8437982873363414,-2.198526568273168,0.46039739302523075,1.8291518126995099,-0.25345828112622126,0.0,1.0,0.0,0.0,1.0
0.8437982873363414,-0.11421595968072623,-0.4683811628464775,-0.4319130608499433,-0.5082316950312727,0.0,1.0,0.0,0.0,1.0
-1.5407005165534002,1.892897959704588,0.46039739302523075,-0.4319130608499433,0.4557719137323223,0.0,1.0,1.0,0.0,0.0
0.8437982873363414,-2.1213298790660406,-0.4683811628464775,0.6986193759247833,-0.42203589930890495,1.0,0.0,0.0,0.0,1.0
-0.3484511146085294,1.3525211352546957,-0.4683811628464775,-0.4319130608499433,-0.36686041945122416,0.0,1.0,0.0,0.0,1.0
-0.3484511146085294,0.3489641755620386,0.46039739302523075,-0.4319130608499433,-0.2448132750655708,0.0,1.0,0.0,0.0,1.0
-0.3484511146085294,-0.6545927841306185,-0.4683811628464775,-0.4319130608499433,-0.438054587009522,0.0,1.0,0.0,0.0,1.0
-1.5407005165534002,-0.5001994057163636,-0.4683811628464775,0.6986193759247833,1.0195605607455558,1.0,0.0,1.0,0.0,0.0
0.8437982873363414,0.19457079714778366,-0.4683811628464775,-0.4319130608499433,-0.5018750729278533,0.0,1.0,0.0,0.0,1.0
0.8437982873363414,-0.5773960949234911,-0.4683811628464775,-0.4319130608499433,-0.5250131773843,0.0,1.0,1.0,0.0,0.0
-1.5407005165534002,0.6577509323905485,0.46039739302523075,-0.4319130608499433,0.7780089208156168,1.0,0.0,1.0,0.0,0.0
0.8437982873363414,1.3525211352546957,-0.4683811628464775,-0.4319130608499433,-0.5245046476160264,0.0,1.0,0.0,0.0,1.0
-0.3484511146085294,-0.11421595968072623,-0.4683811628464775,-0.4319130608499433,-0.4075428009131086,0.0,1.0,0.0,0.0,1.0
0.8437982873363414,0.3489641755620386,-0.4683811628464775,-0.4319130608499433,-0.5082316950312727,0.0,1.0,0.0,0.0,1.0
0.8437982873363414,0.27176748635491116,2.317954504768647,-0.4319130608499433,-0.3495704073299233,1.0,0.0,0.0,0.0,1.0
0.8437982873363414,-0.11421595968072623,-0.4683811628464775,-0.4319130608499433,-0.511368306641984,0.0,1.0,0.0,0.0,1.0
0.8437982873363414,-0.5773960949234911,-0.4683811628464775,-0.4319130608499433,-0.4580560798552575,1.0,0.0,0.0,0.0,1.0
0.8437982873363414,0.734947621597676,0.46039739302523075,5.22074912302369,-0.035807540305139364,0.0,1.0,0.0,0.0,1.0
-0.3484511146085294,1.1981277568404407,0.46039739302523075,0.6986193759247833,-0.13802202372812405,1.0,0.0,0.0,0.0,1.0
-0.3484511146085294,-0.5001994057163636,-0.4683811628464775,-0.4319130608499433,-0.3914386802114217,1.0,0.0,1.0,0.0,0.0
0.8437982873363414,-0.11421595968072623,0.46039739302523075,-0.4319130608499433,-0.3444851096471877,1.0,0.0,0.0,0.0,1.0
-1.5407005165534002,0.734947621597676,-0.4683811628464775,-0.4319130608499433,-0.06784491570637337,0.0,1.0,1.0,0.0,0.0
-0.3484511146085294,-0.4230027165092361,-0.4683811628464775,-0.4319130608499433,-0.45839577774046425,0.0,1.0,0.0,0.0,1.0
-0.3484511146085294,0.4261608647691661,-0.4683811628464775,-0.4319130608499433,-0.45839577774046425,0.0,1.0,0.0,0.0,1.0
-1.5407005165534002,2.2788814057402256,1.389175948896939,-0.4319130608499433,0.3751699454609637,1.0,0.0,0.0,0.0,1.0
0.8437982873363414,-0.11421595968072623,-0.4683811628464775,-0.4319130608499433,-0.511368306641984,1.0,0.0,0.0,0.0,1.0
0.8437982873363414,2.4332747841544804,-0.4683811628464775,-0.4319130608499433,-0.5451001032311055,0.0,1.0,0.0,0.0,1.0
-1.5407005165534002,-0.5773960949234911,-0.4683811628464775,0.6986193759247833,0.536288449002611,1.0,0.0,1.0,0.0,0.0
-1.5407005165534002,-0.11421595968072623,-0.4683811628464775,-0.4319130608499433,0.345081256131754,0.0,1.0,0.0,0.0,1.0
-1.5407005165534002,1.3525211352546957,-0.4683811628464775,-0.4319130608499433,0.1111575627259183,0.0,1.0,0.0,0.0,1.0
0.8437982873363414,-0.11421595968072623,0.46039739302523075,-0.4319130608499433,-0.35668982408575306,1.0,0.0,0.0,1.0,0.0
0.8437982873363414,-0.886182851752001,0.46039739302523075,-0.4319130608499433,-0.5398459736653032,0.0,1.0,0.0,0.0,1.0
-1.5407005165534002,1.4297178244618232,-0.4683811628464775,-0.4319130608499433,-0.1445474777146103,1.0,0.0,0.0,0.0,1.0
-0.3484511146085294,0.8121443108048034,0.46039739302523075,0.6986193759247833,0.12132815809138942,1.0,0.0,0.0,0.0,1.0
-1.5407005165534002,0.27176748635491116,-0.4683811628464775,-0.4319130608499433,-0.10810420040105422,1.0,0.0,1.0,0.0,0.0
-0.3484511146085294,-0.11421595968072623,0.46039739302523075,-0.4319130608499433,-0.18378970287274407,1.0,0.0,1.0,0.0,0.0
-1.5407005165534002,-0.11421595968072623,2.317954504768647,1.8291518126995099,4.677754881822449,1.0,0.0,0.0,0.0,1.0
0.8437982873363414,-0.8475845071484372,-0.4683811628464775,-0.4319130608499433,-0.5238272859646861,1.0,0.0,0.0,1.0,0.0
0.8437982873363414,1.1209310676333133,-0.4683811628464775,-0.4319130608499433,-0.5082316950312727,0.0,1.0,0.0,0.0,1.0
-0.3484511146085294,1.0437343784261859,0.46039739302523075,0.6986193759247833,-0.13802202372812405,0.0,1.0,0.0,0.0,1.0
-0.3484511146085294,1.892897959704588,-0.4683811628464775,-0.4319130608499433,-0.1431073214108596,0.0,1.0,0.0,0.0,1.0
-0.3484511146085294,0.19457079714778366,0.46039739302523075,-0.4319130608499433,-0.1431073214108596,0.0,1.0,0.0,0.0,1.0
0.8437982873363414,-0.731789473337746,-0.4683811628464775,-0.4319130608499433,-0.528572885762215,0.0,1.0,0.0,0.0,1.0
-1.5407005165534002,1.4297178244618232,0.46039739302523075,-0.4319130608499433,0.1335328725299548,1.0,0.0,1.0,0.0,0.0
0.8437982873363414,-0.34580602730210863,-0.4683811628464775,-0.4319130608499433,-0.528572885762215,0.0,1.0,0.0,0.0,1.0
-0.3484511146085294,1.3525211352546957,-0.4683811628464775,-0.4319130608499433,-0.45839577774046425,0.0,1.0,0.0,0.0,1.0
0.8437982873363414,-0.11421595968072623,-0.4683811628464775,-0.4319130608499433,-0.511368306641984,0.0,1.0,0.0,0.0,1.0
0.8437982873363414,0.19457079714778366,-0.4683811628464775,-0.4319130608499433,-0.5138255224822819,0.0,1.0,0.0,0.0,1.0
-1.5407005165534002,3.1280449870186273,0.46039739302523075,0.6986193759247833,0.7722462614815409,0.0,1.0,0.0,0.0,1.0
0.8437982873363414,0.5033575539762936,-0.4683811628464775,-0.4319130608499433,-0.511368306641984,0.0,1.0,0.0,0.0,1.0
-0.3484511146085294,-0.11421595968072623,-0.4683811628464775,-0.4319130608499433,-0.35507880177986245,0.0,1.0,1.0,0.0,0.0
-0.3484511146085294,-0.886182851752001,-0.4683811628464775,-0.4319130608499433,-0.45839577774046425,0.0,1.0,0.0,0.0,1.0
0.8437982873363414,0.040177418733528716,-0.4683811628464775,-0.4319130608499433,-0.5245046476160264,0.0,1.0,0.0,0.0,1.0
0.8437982873363414,0.040177418733528716,-0.4683811628464775,-0.4319130608499433,-0.5250131773843,0.0,1.0,1.0,0.0,0.0
-1.5407005165534002,-2.2049570524841218,0.46039739302523075,1.8291518126995099,2.410729174858938,0.0,1.0,0.0,0.0,1.0
0.8437982873363414,-0.5001994057163636,-0.4683811628464775,-0.4319130608499433,-0.528572885762215,0.0,1.0,0.0,0.0,1.0
0.8437982873363414,-0.11421595968072623,0.46039739302523075,-0.4319130608499433,-0.5143340522505554,0.0,1.0,0.0,1.0,0.0
0.8437982873363414,-0.6545927841306185,-0.4683811628464775,-0.4319130608499433,-0.5138255224822819,0.0,1.0,0.0,0.0,1.0
0.8437982873363414,-0.11421595968072623,0.46039739302523075,-0.4319130608499433,-0.35668982408575306,0.0,1.0,0.0,1.0,0.0
-0.3484511146085294,-0.886182851752001,-0.4683811628464775,-0.4319130608499433,0.8230992383088964,0.0,1.0,0.0,0.0,1.0
0.8437982873363414,-1.040576230166256,1.389175948896939,-0.4319130608499433,-0.3058368472583975,0.0,1.0,0.0,0.0,1.0
0.8437982873363414,-0.0756176150771625,-0.4683811628464775,-0.4319130608499433,-0.5249277443832301,0.0,1.0,1.0,0.0,0.0
0.8437982873363414,-0.5773960949234911,-0.4683811628464775,-0.4319130608499433,-0.5245046476160264,0.0,1.0,0.0,0.0,1.0
-1.5407005165534002,-0.11421595968072623,0.46039739302523075,-0.4319130608499433,2.046621860775072,1.0,0.0,0.0,0.0,1.0
0.8437982873363414,-2.198526568273168,-0.4683811628464775,1.8291518126995099,-0.3517733582860843,1.0,0.0,1.0,0.0,0.0
0.8437982873363414,-0.11421595968072623,-0.4683811628464775,-0.4319130608499433,-0.5082316950312727,0.0,1.0,0.0,0.0,1.0
-0.3484511146085294,0.19457079714778366,-0.4683811628464775,-0.4319130608499433,-0.3973722055476375,0.0,1.0,0.0,0.0,1.0
0.8437982873363414,-0.5001994057163636,-0.4683811628464775,-0.4319130608499433,-0.5134024257150782,0.0,1.0,0.0,0.0,1.0
-0.3484511146085294,0.11737410794065618,0.46039739302523075,0.6986193759247833,0.08073120963057485,0.0,1.0,1.0,0.0,0.0
-0.3484511146085294,0.11737410794065618,0.46039739302523075,0.6986193759247833,-0.13802202372812405,1.0,0.0,0.0,0.0,1.0
-1.5407005165534002,0.040177418733528716,-0.4683811628464775,-0.4319130608499433,1.0875347178111454,1.0,0.0,0.0,0.0,1.0
0.8437982873363414,-0.11421595968072623,1.389175948896939,-0.4319130608499433,-0.23099753832111478,0.0,1.0,1.0,0.0,0.0
-1.5407005165534002,-0.5001994057163636,-0.4683811628464775,-0.4319130608499433,1.2299230529277412,0.0,1.0,0.0,0.0,1.0
-1.5407005165534002,0.4261608647691661,-0.4683811628464775,-0.4319130608499433,9.749407693815693,1.0,0.0,1.0,0.0,0.0
0.8437982873363414,-0.1914126488878537,-0.4683811628464775,-0.4319130608499433,-0.49577271570857057,0.0,1.0,0.0,0.0,1.0
-0.3484511146085294,2.587668162568735,0.46039739302523075,-0.4319130608499433,-0.1431073214108596,0.0,1.0,0.0,0.0,1.0
0.8437982873363414,-0.23001099349141743,-0.4683811628464775,-0.4319130608499433,-0.5250131773843,0.0,1.0,1.0,0.0,0.0
-1.5407005165534002,1.8157012704974607,-0.4683811628464775,-0.4319130608499433,-0.09225434458350404,0.0,1.0,1.0,0.0,0.0
0.8437982873363414,-1.9669365006517856,3.2467330606403557,0.6986193759247833,-0.07954110037666513,0.0,1.0,0.0,1.0,0.0
0.8437982873363414,-2.2435553970876856,-0.4683811628464775,0.6986193759247833,-0.49873846131714195,0.0,1.0,1.0,0.0,0.0
-1.5407005165534002,1.738504581290333,0.46039739302523075,0.6986193759247833,0.9481975613041913,0.0,1.0,0.0,0.0,1.0
0.8437982873363414,-0.11421595968072623,0.46039739302523075,0.6986193759247833,-0.3790651338897896,1.0,0.0,0.0,0.0,1.0
-0.3484511146085294,-0.5001994057163636,-0.4683811628464775,-0.4319130608499433,-0.4075428009131086,0.0,1.0,0.0,0.0,1.0
-0.3484511146085294,0.27176748635491116,-0.4683811628464775,-0.4319130608499433,-0.4222901641930418,0.0,1.0,0.0,0.0,1.0
-1.5407005165534002,-0.5773960949234911,-0.4683811628464775,0.6986193759247833,0.44678720978646513,1.0,0.0,0.0,0.0,1.0
0.8437982873363414,-0.11421595968072623,0.46039739302523075,-0.4319130608499433,-0.3444851096471877,0.0,1.0,0.0,0.0,1.0
0.8437982873363414,-0.11421595968072623,-0.4683811628464775,-0.4319130608499433,-0.511368306641984,0.0,1.0,0.0,0.0,1.0
-1.5407005165534002,2.5104714733616076,-0.4683811628464775,-0.4319130608499433,-0.13191966650884138,0.0,1.0,0.0,0.0,1.0
-1.5407005165534002,-0.1914126488878537,-0.4683811628464775,1.8291518126995099,3.630183559178924,0.0,1.0,1.0,0.0,0.0
0.8437982873363414,-0.11421595968072623,-0.4683811628464775,-0.4319130608499433,-0.5082316950312727,0.0,1.0,0.0,0.0,1.0
0.8437982873363414,-0.11421595968072623,-0.4683811628464775,-0.4319130608499433,-0.5082316950312727,0.0,1.0,0.0,0.0,1.0
0.8437982873363414,0.27176748635491116,-0.4683811628464775,-0.4319130608499433,-0.49577271570857057,0.0,1.0,1.0,0.0,0.0
0.8437982873363414,-0.11421595968072623,-0.4683811628464775,-0.4319130608499433,-0.5249277443832301,0.0,1.0,1.0,0.0,0.0
0.8437982873363414,-0.34580602730210863,-0.4683811628464775,-0.4319130608499433,-0.5245046476160264,0.0,1.0,0.0,0.0,1.0
0.8437982873363414,-0.11421595968072623,-0.4683811628464775,-0.4319130608499433,-0.5143340522505554,0.0,1.0,0.0,1.0,0.0
-1.5407005165534002,0.11737410794065618,0.46039739302523075,-0.4319130608499433,0.4874695912483496,0.0,1.0,0.0,0.0,1.0
-0.3484511146085294,0.889341000011931,-0.4683811628464775,0.6986193759247833,-0.27532506116198413,1.0,0.0,0.0,0.0,1.0
-1.5407005165534002,2.201684716533098,-0.4683811628464775,0.6986193759247833,2.4496317021318648,1.0,0.0,0.0,0.0,1.0
0.8437982873363414,-0.11421595968072623,-0.4683811628464775,-0.4319130608499433,-0.528572885762215,0.0,1.0,0.0,0.0,1.0
-1.5407005165534002,-0.11421595968072623,-0.4683811628464775,-0.4319130608499433,-0.13191966650884138,0.0,1.0,0.0,0.0,1.0
0.8437982873363414,-1.8125431222375306,0.46039739302523075,0.6986193759247833,-0.3618605547695586,0.0,1.0,1.0,0.0,0.0
-0.3484511146085294,0.3489641755620386,0.46039739302523075,-0.4319130608499433,-0.1431073214108596,0.0,1.0,0.0,0.0,1.0
-1.5407005165534002,-0.886182851752001,0.46039739302523075,-0.4319130608499433,0.4081389473976749,1.0,0.0,0.0,0.0,1.0
0.8437982873363414,-0.11421595968072623,-0.4683811628464775,1.8291518126995099,-0.3618605547695586,1.0,0.0,1.0,0.0,0.0
-0.3484511146085294,-0.11421595968072623,-0.4683811628464775,-0.4319130608499433,-0.36584335991467704,0.0,1.0,1.0,0.0,0.0
0.8437982873363414,-0.9633795409591285,0.46039739302523075,-0.4319130608499433,-0.528487452761145,0.0,1.0,0.0,0.0,1.0
0.8437982873363414,-1.1177729193733834,-0.4683811628464775,-0.4319130608499433,-0.5086547917984763,1.0,0.0,0.0,1.0,0.0
-0.3484511146085294,0.5033575539762936,0.46039739302523075,-0.4319130608499433,-0.1431073214108596,1.0,0.0,0.0,0.0,1.0
0.8437982873363414,-1.040576230166256,-0.4683811628464775,-0.4319130608499433,-0.5082316950312727,0.0,1.0,0.0,0.0,1.0
-0.3484511146085294,-0.4230027165092361,-0.4683811628464775,-0.4319130608499433,-0.4075428009131086,0.0,1.0,0.0,0.0,1.0
-0.3484511146085294,-0.34580602730210863,0.46039739302523075,1.8291518126995099,0.17379215722463562,0.0,1.0,1.0,0.0,0.0
0.8437982873363414,-0.5387977503199274,-0.4683811628464775,-0.4319130608499433,-0.5250131773843,0.0,1.0,1.0,0.0,0.0
0.8437982873363414,-1.040576230166256,0.46039739302523075,2.9596842494742366,0.027250150960781587,0.0,1.0,0.0,0.0,1.0
0.8437982873363414,-0.5773960949234911,-0.4683811628464775,-0.4319130608499433,-0.5082316950312727,0.0,1.0,0.0,0.0,1.0
0.8437982873363414,1.3525211352546957,-0.4683811628464775,-0.4319130608499433,-0.4889075638368776,0.0,1.0,0.0,0.0,1.0
0.8437982873363414,-1.1949696085805108,0.46039739302523075,-0.4319130608499433,-0.44330871657532434,1.0,0.0,1.0,0.0,0.0
-1.5407005165534002,0.734947621597676,0.46039739302523075,0.6986193759247833,1.5835200737609294,1.0,0.0,1.0,0.0,0.0
0.8437982873363414,0.734947621597676,-0.4683811628464775,-0.4319130608499433,-0.5107743438726404,0.0,1.0,0.0,0.0,1.0
0.8437982873363414,-0.11421595968072623,-0.4683811628464775,-0.4319130608499433,-0.5082316950312727,0.0,1.0,0.0,0.0,1.0
-0.3484511146085294,-2.198526568273168,0.46039739302523075,1.8291518126995099,0.17379215722463562,1.0,0.0,1.0,0.0,0.0
0.8437982873363414,-0.11421595968072623,-0.4683811628464775,-0.4319130608499433,-0.5249277443832301,0.0,1.0,1.0,0.0,0.0
0.8437982873363414,-0.1914126488878537,-0.4683811628464775,-0.4319130608499433,-0.5134024257150782,0.0,1.0,0.0,0.0,1.0
0.8437982873363414,1.6613078920832056,-0.4683811628464775,-0.4319130608499433,-0.5143340522505554,0.0,1.0,0.0,0.0,1.0
-0.3484511146085294,-0.886182851752001,-0.4683811628464775,-0.4319130608499433,0.8230992383088964,0.0,1.0,0.0,0.0,1.0
-0.3484511146085294,0.11737410794065618,-0.4683811628464775,-0.4319130608499433,-0.2448132750655708,1.0,0.0,0.0,0.0,1.0
0.8437982873363414,0.6577509323905485,3.2467330606403557,1.8291518126995099,-0.5138255224822819,1.0,0.0,0.0,0.0,1.0
-1.5407005165534002,2.6648648517758624,0.46039739302523075,4.090216686248963,4.677754881822449,0.0,1.0,0.0,0.0,1.0
0.8437982873363414,0.5033575539762936,-0.4683811628464775,-0.4319130608499433,-0.47873696847140645,0.0,1.0,0.0,0.0,1.0
-1.5407005165534002,1.2753244460475683,-0.4683811628464775,-0.4319130608499433,-0.1431073214108596,0.0,1.0,0.0,0.0,1.0
0.8437982873363414,-0.11421595968072623,0.46039739302523075,0.6986193759247833,-0.3770310148166953,0.0,1.0,0.0,0.0,1.0
-1.5407005165534002,0.11737410794065618,-0.4683811628464775,1.8291518126995099,2.681606709465677,1.0,0.0,0.0,0.0,1.0
0.8437982873363414,0.734947621597676,-0.4683811628464775,-0.4319130608499433,-0.18073852426310277,0.0,1.0,0.0,0.0,1.0
0.8437982873363414,-0.11421595968072623,1.389175948896939,-0.4319130608499433,-0.19904559592095075,0.0,1.0,0.0,1.0,0.0
0.8437982873363414,-1.580953054616148,0.46039739302523075,0.6986193759247833,-0.3485533477933762,0.0,1.0,0.0,0.0,1.0
0.8437982873363414,2.2788814057402256,-0.4683811628464775,-0.4319130608499433,-0.5245046476160264,0.0,1.0,0.0,0.0,1.0
-1.5407005165534002,1.5069145136689508,0.46039739302523075,-0.4319130608499433,1.1405072467126653,0.0,1.0,1.0,0.0,0.0
0.8437982873363414,-0.11421595968072623,-0.4683811628464775,-0.4319130608499433,-0.5138255224822819,0.0,1.0,0.0,0.0,1.0
-0.3484511146085294,-0.731789473337746,-0.4683811628464775,-0.4319130608499433,-0.389998523907671,0.0,1.0,1.0,0.0,0.0
-1.5407005165534002,0.27176748635491116,0.46039739302523075,-0.4319130608499433,0.4081389473976749,1.0,0.0,0.0,0.0,1.0
0.8437982873363414,-0.11421595968072623,-0.4683811628464775,-0.4319130608499433,-0.511368306641984,0.0,1.0,0.0,0.0,1.0
-1.5407005165534002,2.201684716533098,-0.4683811628464775,-0.4319130608499433,-0.13191966650884138,1.0,0.0,0.0,0.0,1.0
-1.5407005165534002,-0.4230027165092361,-0.4683811628464775,0.6986193759247833,4.362889522260049,0.0,1.0,1.0,0.0,0.0
0.8437982873363414,-0.11421595968072623,0.46039739302523075,0.6986193759247833,-0.21718383569573196,1.0,0.0,1.0,0.0,0.0
0.8437982873363414,-0.11421595968072623,-0.4683811628464775,-0.4319130608499433,-0.5245046476160264,0.0,1.0,0.0,0.0,1.0
0.8437982873363414,-0.5773960949234911,-0.4683811628464775,-0.4319130608499433,0.1353127267189122,1.0,0.0,0.0,0.0,1.0
-0.3484511146085294,2.8192582301901172,-0.4683811628464775,-0.4319130608499433,-0.45839577774046425,0.0,1.0,0.0,0.0,1.0
0.8437982873363414,0.3489641755620386,-0.4683811628464775,-0.4319130608499433,-0.5398459736653032,0.0,1.0,0.0,0.0,1.0
0.8437982873363414,-0.11421595968072623,-0.4683811628464775,-0.4319130608499433,-0.5146737501357621,0.0,1.0,0.0,1.0,0.0
0.8437982873363414,-0.11421595968072623,0.46039739302523075,1.8291518126995099,-0.19497735777476233,0.0,1.0,0.0,0.0,1.0
0.8437982873363414,-0.6545927841306185,-0.4683811628464775,-0.4319130608499433,-0.49577271570857057,0.0,1.0,0.0,0.0,1.0
-0.3484511146085294,-0.5001994057163636,-0.4683811628464775,-0.4319130608499433,-0.45839577774046425,0.0,1.0,0.0,0.0,1.0
-1.5407005165534002,0.8121443108048034,-0.4683811628464775,-0.4319130608499433,-0.04140136775614845,0.0,1.0,1.0,0.0,0.0
0.8437982873363414,-0.886182851752001,0.46039739302523075,0.6986193759247833,-0.2608319627661878,0.0,1.0,0.0,0.0,1.0
0.8437982873363414,-0.5773960949234911,-0.4683811628464775,-0.4319130608499433,-0.5245046476160264,1.0,0.0,0.0,0.0,1.0
-1.5407005165534002,0.9665376892190584,-0.4683811628464775,-0.4319130608499433,-0.13191966650884138,0.0,1.0,0.0,0.0,1.0
-0.3484511146085294,2.1244880273259703,-0.4683811628464775,-0.4319130608499433,-0.4075428009131086,0.0,1.0,0.0,0.0,1.0
0.8437982873363414,0.889341000011931,-0.4683811628464775,1.8291518126995099,-0.2608319627661878,1.0,0.0,0.0,0.0,1.0
0.8437982873363414,-0.34580602730210863,-0.4683811628464775,-0.4319130608499433,-0.47873696847140645,0.0,1.0,0.0,0.0,1.0
-0.3484511146085294,-0.11421595968072623,-0.4683811628464775,-0.4319130608499433,-0.389998523907671,0.0,1.0,1.0,0.0,0.0
-0.3484511146085294,-0.11421595968072623,-0.4683811628464775,-0.4319130608499433,-0.1431073214108596,0.0,1.0,0.0,0.0,1.0
0.8437982873363414,-0.26860933809498116,-0.4683811628464775,-0.4319130608499433,0.4772135628818086,0.0,1.0,0.0,0.0,1.0
-0.3484511146085294,-0.5001994057163636,1.389175948896939,0.6986193759247833,-0.438054587009522,0.0,1.0,0.0,0.0,1.0
-1.5407005165534002,0.040177418733528716,-0.4683811628464775,-0.4319130608499433,1.4928329431251695,1.0,0.0,1.0,0.0,0.0
-1.5407005165534002,-0.6545927841306185,-0.4683811628464775,0.6986193759247833,0.5765477336972918,0.0,1.0,1.0,0.0,0.0
0.8437982873363414,0.11737410794065618,0.46039739302523075,0.6986193759247833,-0.2544753406627684,1.0,0.0,0.0,0.0,1.0
0.8437982873363414,-0.11421595968072623,2.317954504768647,0.6986193759247833,-0.15395527842767112,1.0,0.0,0.0,0.0,1.0
0.8437982873363414,-0.11421595968072623,-0.4683811628464775,-0.4319130608499433,-0.511368306641984,0.0,1.0,0.0,0.0,1.0
0.8437982873363414,-0.11421595968072623,-0.4683811628464775,-0.4319130608499433,-0.5143340522505554,1.0,0.0,0.0,1.0,0.0
0.8437982873363414,0.580554243183421,-0.4683811628464775,-0.4319130608499433,-0.4769571142824491,1.0,0.0,0.0,0.0,1.0
-1.5407005165534002,1.0437343784261859,0.46039739302523075,-0.4319130608499433,0.4557719137323223,1.0,0.0,1.0,0.0,0.0
-1.5407005165534002,-0.5001994057163636,-0.4683811628464775,0.6986193759247833,0.6168049842728996,0.0,1.0,1.0,0.0,0.0
0.8437982873363414,-0.11421595968072623,-0.4683811628464775,-0.4319130608499433,-0.5134024257150782,0.0,1.0,0.0,0.0,1.0
-0.3484511146085294,-0.4230027165092361,-0.4683811628464775,-0.4319130608499433,-0.4075428009131086,1.0,0.0,0.0,0.0,1.0
-1.5407005165534002,-0.11421595968072623,-0.4683811628464775,-0.4319130608499433,-0.6719782804153577,0.0,1.0,0.0,0.0,1.0
0.8437982873363414,-0.6545927841306185,-0.4683811628464775,-0.4319130608499433,-0.5133169927140082,0.0,1.0,0.0,0.0,1.0
-1.5407005165534002,-0.11421595968072623,-0.4683811628464775,-0.4319130608499433,-0.13191966650884138,0.0,1.0,0.0,0.0,1.0
-1.5407005165534002,0.5033575539762936,-0.4683811628464775,-0.4319130608499433,4.6650416376156105,1.0,0.0,1.0,0.0,0.0
0.8437982873363414,-1.040576230166256,0.46039739302523075,0.6986193759247833,-0.26006916811377745,0.0,1.0,0.0,0.0,1.0
-1.5407005165534002,-0.6545927841306185,-0.4683811628464775,-0.4319130608499433,0.9137863689446561,1.0,0.0,0.0,0.0,1.0
-1.5407005165534002,-0.5001994057163636,0.46039739302523075,-0.4319130608499433,1.0014243550898478,1.0,0.0,0.0,0.0,1.0
-0.3484511146085294,-2.2113952563639963,-0.4683811628464775,1.8291518126995099,-0.08208374921803292,0.0,1.0,0.0,0.0,1.0
0.8437982873363414,-0.11421595968072623,-0.4683811628464775,-0.4319130608499433,-0.511368306641984,0.0,1.0,0.0,0.0,1.0
0.8437982873363414,-0.03701927047359876,-0.4683811628464775,-0.4319130608499433,-0.5107743438726404,0.0,1.0,0.0,0.0,1.0
0.8437982873363414,-0.34580602730210863,-0.4683811628464775,-0.4319130608499433,-0.5163681713236496,0.0,1.0,0.0,0.0,1.0
0.8437982873363414,-0.4230027165092361,0.46039739302523075,-0.4319130608499433,-0.3444851096471877,0.0,1.0,0.0,0.0,1.0
0.8437982873363414,0.5033575539762936,-0.4683811628464775,-0.4319130608499433,-0.5245046476160264,0.0,1.0,0.0,0.0,1.0
0.8437982873363414,-0.11421595968072623,-0.4683811628464775,-0.4319130608499433,-0.5178937606284703,0.0,1.0,0.0,0.0,1.0
0.8437982873363414,-0.26860933809498116,1.389175948896939,-0.4319130608499433,-0.49577271570857057,0.0,1.0,0.0,0.0,1.0
0.8437982873363414,-0.11421595968072623,-0.4683811628464775,-0.4319130608499433,-0.5082316950312727,0.0,1.0,0.0,0.0,1.0
0.8437982873363414,-0.11421595968072623,-0.4683811628464775,-0.4319130608499433,-0.5184022903967438,0.0,1.0,0.0,0.0,1.0
-1.5407005165534002,2.3560780949473528,0.46039739302523075,-0.4319130608499433,0.8586963220880454,1.0,0.0,1.0,0.0,0.0
0.8437982873363414,-0.886182851752001,-0.4683811628464775,-0.4319130608499433,-0.5249277443832301,1.0,0.0,1.0,0.0,0.0
0.8437982873363414,-1.580953054616148,0.46039739302523075,0.6986193759247833,-0.3618605547695586,1.0,0.0,1.0,0.0,0.0
-0.3484511146085294,-0.886182851752001,0.46039739302523075,0.6986193759247833,-0.4075428009131086,1.0,0.0,0.0,0.0,1.0
0.8437982873363414,-1.5037563654090207,3.2467330606403557,0.6986193759247833,-0.07954110037666513,0.0,1.0,0.0,1.0,0.0
0.8437982873363414,-0.11421595968072623,-0.4683811628464775,-0.4319130608499433,-0.5306070048353092,0.0,1.0,0.0,1.0,0.0
0.8437982873363414,-1.8125431222375306,-0.4683811628464775,0.6986193759247833,-0.4182219260468533,0.0,1.0,0.0,0.0,1.0
-1.5407005165534002,1.5841112028760782,0.46039739302523075,0.6986193759247833,3.630183559178924,0.0,1.0,1.0,0.0,0.0
-1.5407005165534002,-0.11421595968072623,-0.4683811628464775,-0.4319130608499433,0.039963395167620486,0.0,1.0,0.0,0.0,1.0
-1.5407005165534002,-0.11421595968072623,-0.4683811628464775,-0.4319130608499433,0.28609180301202153,0.0,1.0,0.0,0.0,1.0
0.8437982873363414,0.4261608647691661,-0.4683811628464775,-0.4319130608499433,-0.5143340522505554,1.0,0.0,0.0,1.0,0.0
-1.5407005165534002,1.2753244460475683,0.46039739302523075,-0.4319130608499433,0.5723940625500333,0.0,1.0,0.0,0.0,1.0
-0.3484511146085294,0.040177418733528716,-0.4683811628464775,-0.4319130608499433,-0.4075428009131086,1.0,0.0,0.0,0.0,1.0
-0.3484511146085294,-0.26860933809498116,-0.4683811628464775,-0.4319130608499433,-0.4075428009131086,0.0,1.0,0.0,0.0,1.0
-1.5407005165534002,-0.8089861625448734,-0.4683811628464775,-0.4319130608499433,-0.06174255848709068,1.0,0.0,0.0,0.0,1.0
0.8437982873363414,-0.9633795409591285,0.46039739302523075,0.6986193759247833,-0.5249277443832301,0.0,1.0,1.0,0.0,0.0
0.8437982873363414,-0.11421595968072623,-0.4683811628464775,-0.4319130608499433,-0.5184022903967438,0.0,1.0,0.0,0.0,1.0
0.8437982873363414,-0.11421595968072623,-0.4683811628464775,-0.4319130608499433,-0.5143340522505554,1.0,0.0,0.0,1.0,0.0
0.8437982873363414,-0.886182851752001,-0.4683811628464775,-0.4319130608499433,-0.5138255224822819,1.0,0.0,0.0,0.0,1.0
-1.5407005165534002,1.4297178244618232,0.46039739302523075,0.6986193759247833,0.9390440254752672,1.0,0.0,1.0,0.0,0.0
0.8437982873363414,-0.9633795409591285,-0.4683811628464775,-0.4319130608499433,-0.5270472964573942,0.0,1.0,0.0,0.0,1.0
-1.5407005165534002,-0.11421595968072623,-0.4683811628464775,-0.4319130608499433,-0.027502232129695638,1.0,0.0,0.0,0.0,1.0
-0.3484511146085294,0.9665376892190584,0.46039739302523075,-0.4319130608499433,-0.1431073214108596,1.0,0.0,0.0,0.0,1.0
-1.5407005165534002,0.580554243183421,0.46039739302523075,-0.4319130608499433,0.4081389473976749,0.0,1.0,0.0,0.0,1.0
-0.3484511146085294,-0.5001994057163636,0.46039739302523075,-0.4319130608499433,-0.45839577774046425,0.0,1.0,0.0,0.0,1.0
-0.3484511146085294,-0.6545927841306185,-0.4683811628464775,-0.4319130608499433,0.8230992383088964,0.0,1.0,0.0,0.0,1.0
-0.3484511146085294,-0.6545927841306185,-0.4683811628464775,-0.4319130608499433,-0.45839577774046425,1.0,0.0,0.0,0.0,1.0
-1.5407005165534002,2.587668162568735,0.46039739302523075,-0.4319130608499433,0.9137863689446561,1.0,0.0,0.0,0.0,1.0
-0.3484511146085294,-0.731789473337746,1.389175948896939,0.6986193759247833,-0.20413089360368633,1.0,0.0,0.0,0.0,1.0
-0.3484511146085294,0.040177418733528716,-0.4683811628464775,-0.4319130608499433,-0.412882363479981,0.0,1.0,1.0,0.0,0.0
-1.5407005165534002,0.19457079714778366,-0.4683811628464775,-0.4319130608499433,0.879885740472468,1.0,0.0,1.0,0.0,0.0
-1.5407005165534002,1.1981277568404407,-0.4683811628464775,-0.4319130608499433,-0.13191966650884138,0.0,1.0,0.0,0.0,1.0
-1.5407005165534002,1.4297178244618232,0.46039739302523075,2.9596842494742366,4.6650416376156105,1.0,0.0,1.0,0.0,0.0
-1.5407005165534002,2.6648648517758624,-0.4683811628464775,-0.4319130608499433,-0.1431073214108596,0.0,1.0,0.0,0.0,1.0
-1.5407005165534002,1.5069145136689508,-0.4683811628464775,-0.4319130608499433,-0.1445474777146103,1.0,0.0,0.0,0.0,1.0
0.8437982873363414,-0.11421595968072623,-0.4683811628464775,-0.4319130608499433,-0.5143340522505554,1.0,0.0,0.0,1.0,0.0
0.8437982873363414,-1.8125431222375306,2.317954504768647,0.6986193759247833,-0.24328768576075013,0.0,1.0,0.0,0.0,1.0
-1.5407005165534002,-0.11421595968072623,0.46039739302523075,-0.4319130608499433,1.1405072467126653,1.0,0.0,1.0,0.0,0.0
-1.5407005165534002,1.5069145136689508,-0.4683811628464775,-0.4319130608499433,-0.6719782804153577,0.0,1.0,0.0,0.0,1.0
0.8437982873363414,1.3525211352546957,0.46039739302523075,-0.4319130608499433,-0.3770310148166953,1.0,0.0,0.0,0.0,1.0
0.8437982873363414,-0.731789473337746,-0.4683811628464775,-0.4319130608499433,-0.48433079592241557,0.0,1.0,0.0,0.0,1.0
-1.5407005165534002,1.892897959704588,-0.4683811628464775,-0.4319130608499433,0.38296672386813385,0.0,1.0,0.0,0.0,1.0
0.8437982873363414,-0.11421595968072623,-0.4683811628464775,-0.4319130608499433,-0.5069603706105889,0.0,1.0,0.0,0.0,1.0
-1.5407005165534002,1.2753244460475683,-0.4683811628464775,-0.4319130608499433,0.9390440254752672,0.0,1.0,1.0,0.0,0.0
-1.5407005165534002,0.6577509323905485,-0.4683811628464775,-0.4319130608499433,3.9561511406422745,1.0,0.0,1.0,0.0,0.0
0.8437982873363414,0.19457079714778366,-0.4683811628464775,-0.4319130608499433,-0.5107743438726404,0.0,1.0,0.0,0.0,1.0
0.8437982873363414,-1.580953054616148,3.2467330606403557,1.8291518126995099,-0.035807540305139364,1.0,0.0,0.0,0.0,1.0
-1.5407005165534002,-0.11421595968072623,-0.4683811628464775,-0.4319130608499433,0.38576363759363846,0.0,1.0,0.0,0.0,1.0
0.8437982873363414,-0.8089861625448734,-0.4683811628464775,-0.4319130608499433,-0.5346752429814976,0.0,1.0,0.0,1.0,0.0
0.8437982873363414,1.1209310676333133,-0.4683811628464775,-0.4319130608499433,-0.5082316950312727,0.0,1.0,0.0,0.0,1.0
0.8437982873363414,-0.11421595968072623,-0.4683811628464775,-0.4319130608499433,0.4772135628818086,0.0,1.0,0.0,0.0,1.0
-0.3484511146085294,-0.8089861625448734,-0.4683811628464775,-0.4319130608499433,-0.45839577774046425,0.0,1.0,0.0,0.0,1.0
0.8437982873363414,-0.11421595968072623,-0.4683811628464775,-0.4319130608499433,-0.5082316950312727,0.0,1.0,0.0,0.0,1.0
-0.3484511146085294,0.4261608647691661,-0.4683811628464775,-0.4319130608499433,-0.1431073214108596,0.0,1.0,0.0,0.0,1.0
-1.5407005165534002,1.5069145136689508,-0.4683811628464775,-0.4319130608499433,-0.1431073214108596,0.0,1.0,0.0,0.0,1.0
0.8437982873363414,-2.2628545693894675,0.46039739302523075,1.8291518126995099,-0.25345828112622126,1.0,0.0,0.0,0.0,1.0
-1.5407005165534002,-0.34580602730210863,0.46039739302523075,-0.4319130608499433,0.4557719137323223,1.0,0.0,1.0,0.0,0.0
-0.3484511146085294,0.9665376892190584,-0.4683811628464775,-0.4319130608499433,-0.4075428009131086,1.0,0.0,0.0,0.0,1.0
0.8437982873363414,1.1981277568404407,0.46039739302523075,-0.4319130608499433,-0.3849986592260054,1.0,0.0,0.0,0.0,1.0
-0.3484511146085294,0.8121443108048034,-0.4683811628464775,-0.4319130608499433,-0.34651922872028196,0.0,1.0,0.0,0.0,1.0
-0.3484511146085294,0.040177418733528716,-0.4683811628464775,-0.4319130608499433,-0.4075428009131086,0.0,1.0,0.0,0.0,1.0
0.8437982873363414,-0.6545927841306185,-0.4683811628464775,-0.4319130608499433,-0.5134024257150782,0.0,1.0,0.0,0.0,1.0
-1.5407005165534002,-0.11421595968072623,-0.4683811628464775,-0.4319130608499433,-0.1431073214108596,0.0,1.0,0.0,0.0,1.0
0.8437982873363414,-0.11421595968072623,0.46039739302523075,9.742878870122597,0.7427515349216746,1.0,0.0,0.0,0.0,1.0
0.8437982873363414,-1.4265596762018933,3.2467330606403557,1.8291518126995099,-0.035807540305139364,1.0,0.0,0.0,0.0,1.0
0.8437982873363414,0.6963492769941122,-0.4683811628464775,-0.4319130608499433,-0.5245046476160264,0.0,1.0,0.0,0.0,1.0
-1.5407005165534002,-0.11421595968072623,-0.4683811628464775,-0.4319130608499433,1.5835200737609294,1.0,0.0,1.0,0.0,0.0
0.8437982873363414,-0.11421595968072623,0.46039739302523075,-0.4319130608499433,-0.35668982408575306,1.0,0.0,0.0,1.0,0.0
-0.3484511146085294,0.040177418733528716,-0.4683811628464775,-0.4319130608499433,-0.4075428009131086,0.0,1.0,0.0,0.0,1.0
-0.3484511146085294,-0.11421595968072623,-0.4683811628464775,-0.4319130608499433,-0.45839577774046425,0.0,1.0,0.0,0.0,1.0
-1.5407005165534002,-0.11421595968072623,-0.4683811628464775,-0.4319130608499433,-0.10810420040105422,1.0,0.0,1.0,0.0,0.0
-1.5407005165534002,3.900011879089902,-0.4683811628464775,-0.4319130608499433,-0.06174255848709068,0.0,1.0,0.0,0.0,1.0
0.8437982873363414,-0.11421595968072623,-0.4683811628464775,-0.4319130608499433,-0.5137400894812119,1.0,0.0,0.0,1.0,0.0
-1.5407005165534002,-2.1213298790660406,0.46039739302523075,1.8291518126995099,2.410729174858938,1.0,0.0,0.0,0.0,1.0
-1.5407005165534002,0.4261608647691661,-0.4683811628464775,-0.4319130608499433,9.749407693815693,0.0,1.0,1.0,0.0,0.0
-1.5407005165534002,0.5033575539762936,-0.4683811628464775,-0.4319130608499433,2.0869645443517495,1.0,0.0,1.0,0.0,0.0
0.8437982873363414,0.8121443108048034,0.46039739302523075,4.090216686248963,-0.10445905902206941,0.0,1.0,0.0,0.0,1.0
-0.3484511146085294,-0.26860933809498116,0.46039739302523075,0.6986193759247833,-0.08208374921803292,0.0,1.0,0.0,0.0,1.0
0.8437982873363414,-0.8089861625448734,-0.4683811628464775,-0.4319130608499433,-0.5060287440751117,0.0,1.0,0.0,0.0,1.0
0.8437982873363414,0.38756252016560233,-0.4683811628464775,-0.4319130608499433,-0.5127230299446648,0.0,1.0,0.0,1.0,0.0
0.8437982873363414,1.0437343784261859,-0.4683811628464775,-0.4319130608499433,-0.5407776002007803,0.0,1.0,0.0,0.0,1.0
-0.3484511146085294,2.3560780949473528,0.46039739302523075,-0.4319130608499433,-0.1431073214108596,1.0,0.0,0.0,0.0,1.0
0.8437982873363414,-1.580953054616148,4.175511616512064,1.8291518126995099,0.282023564865833,0.0,1.0,0.0,0.0,1.0
-0.3484511146085294,0.040177418733528716,0.46039739302523075,-0.4319130608499433,-0.2448132750655708,0.0,1.0,0.0,0.0,1.0
0.8437982873363414,-0.731789473337746,-0.4683811628464775,-0.4319130608499433,-0.590359252607452,0.0,1.0,1.0,0.0,0.0
-0.3484511146085294,-0.4230027165092361,-0.4683811628464775,-0.4319130608499433,-0.3973722055476375,0.0,1.0,0.0,0.0,1.0
-0.3484511146085294,-0.8089861625448734,-0.4683811628464775,-0.4319130608499433,-0.4075428009131086,0.0,1.0,0.0,0.0,1.0
0.8437982873363414,-0.03701927047359876,0.46039739302523075,0.6986193759247833,-0.4591585723928746,1.0,0.0,0.0,0.0,1.0
-0.3484511146085294,0.8121443108048034,-0.4683811628464775,-0.4319130608499433,-0.4075428009131086,0.0,1.0,0.0,0.0,1.0
0.8437982873363414,-0.1914126488878537,-0.4683811628464775,-0.4319130608499433,-0.511368306641984,0.0,1.0,0.0,0.0,1.0
-0.3484511146085294,0.5033575539762936,-0.4683811628464775,-0.4319130608499433,-0.4075428009131086,1.0,0.0,0.0,0.0,1.0
-1.5407005165534002,0.9665376892190584,-0.4683811628464775,-0.4319130608499433,-0.13191966650884138,0.0,1.0,0.0,0.0,1.0
0.8437982873363414,0.5033575539762936,-0.4683811628464775,-0.4319130608499433,-0.5195047829343609,0.0,1.0,0.0,0.0,1.0
-1.5407005165534002,0.5033575539762936,-0.4683811628464775,-0.4319130608499433,0.14421199766369944,0.0,1.0,1.0,0.0,0.0
0.8437982873363414,3.4368317438471374,-0.4683811628464775,-0.4319130608499433,-0.5138255224822819,0.0,1.0,0.0,0.0,1.0
-1.5407005165534002,0.8121443108048034,-0.4683811628464775,-0.4319130608499433,2.4496317021318648,1.0,0.0,0.0,0.0,1.0
-1.5407005165534002,-0.4230027165092361,0.46039739302523075,-0.4319130608499433,0.5484931634411763,0.0,1.0,0.0,0.0,1.0
-1.5407005165534002,1.1981277568404407,-0.4683811628464775,-0.4319130608499433,0.0501339905330916,0.0,1.0,0.0,0.0,1.0
0.8437982873363414,-0.5773960949234911,-0.4683811628464775,-0.4319130608499433,-0.4889075638368776,0.0,1.0,0.0,0.0,1.0
-0.3484511146085294,-0.1914126488878537,-0.4683811628464775,-0.4319130608499433,-0.3661830577998838,0.0,1.0,1.0,0.0,0.0
0.8437982873363414,-0.731789473337746,-0.4683811628464775,-0.4319130608499433,-0.5250131773843,0.0,1.0,1.0,0.0,0.0
0.8437982873363414,-0.5001994057163636,-0.4683811628464775,-0.4319130608499433,-0.511368306641984,0.0,1.0,0.0,0.0,1.0
0.8437982873363414,-0.11421595968072623,1.389175948896939,-0.4319130608499433,-0.19904559592095075,1.0,0.0,0.0,1.0,0.0
0.8437982873363414,-0.5773960949234911,1.389175948896939,-0.4319130608499433,-0.49577271570857057,1.0,0.0,0.0,0.0,1.0
-0.3484511146085294,0.2331691417513474,0.46039739302523075,-0.4319130608499433,-0.06030240218334001,0.0,1.0,1.0,0.0,0.0
0.8437982873363414,-1.4265596762018933,4.175511616512064,1.8291518126995099,0.282023564865833,0.0,1.0,0.0,0.0,1.0
0.8437982873363414,-0.11421595968072623,1.389175948896939,-0.4319130608499433,-0.5107743438726404,0.0,1.0,0.0,0.0,1.0
0.8437982873363414,-0.11421595968072623,0.46039739302523075,-0.4319130608499433,-0.5143340522505554,0.0,1.0,0.0,1.0,0.0
0.8437982873363414,-0.886182851752001,-0.4683811628464775,-0.4319130608499433,-0.5138255224822819,0.0,1.0,0.0,0.0,1.0
-0.3484511146085294,0.040177418733528716,0.46039739302523075,0.6986193759247833,-0.1431073214108596,0.0,1.0,0.0,0.0,1.0
-1.5407005165534002,-0.8089861625448734,-0.4683811628464775,1.8291518126995099,-0.13734466207678367,1.0,0.0,0.0,0.0,1.0
0.8437982873363414,-1.040576230166256,-0.4683811628464775,-0.4319130608499433,-0.47873696847140645,0.0,1.0,0.0,0.0,1.0
-1.5407005165534002,1.1981277568404407,0.46039739302523075,-0.4319130608499433,1.026002615850045,0.0,1.0,0.0,0.0,1.0
0.8437982873363414,2.74206154098299,-0.4683811628464775,-0.4319130608499433,-0.5143340522505554,0.0,1.0,0.0,1.0,0.0
0.8437982873363414,-0.6545927841306185,-0.4683811628464775,-0.4319130608499433,-0.5250131773843,0.0,1.0,1.0,0.0,0.0
0.8437982873363414,0.4261608647691661,-0.4683811628464775,-0.4319130608499433,-0.511368306641984,0.0,1.0,1.0,0.0,0.0
0.8437982873363414,-0.34580602730210863,-0.4683811628464775,-0.4319130608499433,-0.5250131773843,0.0,1.0,1.0,0.0,0.0
-1.5407005165534002,1.9700946489117155,0.46039739302523075,-0.4319130608499433,0.536288449002611,0.0,1.0,1.0,0.0,0.0
-1.5407005165534002,0.5033575539762936,0.46039739302523075,1.8291518126995099,1.7689646072977103,0.0,1.0,0.0,0.0,1.0
0.8437982873363414,-0.886182851752001,1.389175948896939,-0.4319130608499433,-0.3058368472583975,1.0,0.0,0.0,0.0,1.0
-0.3484511146085294,0.734947621597676,-0.4683811628464775,-0.4319130608499433,-0.4075428009131086,0.0,1.0,0.0,0.0,1.0
0.8437982873363414,1.5069145136689508,-0.4683811628464775,-0.4319130608499433,-0.6719782804153577,0.0,1.0,0.0,0.0,1.0
0.8437982873363414,-0.5773960949234911,-0.4683811628464775,-0.4319130608499433,-0.511368306641984,0.0,1.0,0.0,0.0,1.0
-0.3484511146085294,0.580554243183421,0.46039739302523075,-0.4319130608499433,-0.1431073214108596,0.0,1.0,0.0,0.0,1.0
-0.3484511146085294,0.8121443108048034,0.46039739302523075,-0.4319130608499433,-0.1431073214108596,0.0,1.0,0.0,0.0,1.0
-0.3484511146085294,1.9700946489117155,-0.4683811628464775,-0.4319130608499433,-0.34651922872028196,1.0,0.0,0.0,0.0,1.0
0.8437982873363414,-0.731789473337746,-0.4683811628464775,-0.4319130608499433,-0.5122145001763913,0.0,1.0,0.0,0.0,1.0
-1.5407005165534002,-1.040576230166256,-0.4683811628464775,0.6986193759247833,0.5073876852120882,1.0,0.0,1.0,0.0,0.0
0.8437982873363414,1.1981277568404407,-0.4683811628464775,-0.4319130608499433,-0.5082316950312727,0.0,1.0,0.0,0.0,1.0
0.8437982873363414,-0.11421595968072623,0.46039739302523075,-0.4319130608499433,-0.3444851096471877,0.0,1.0,0.0,0.0,1.0
-1.5407005165534002,0.27176748635491116,-0.4683811628464775,-0.4319130608499433,2.410729174858938,1.0,0.0,0.0,0.0,1.0
0.8437982873363414,-0.4230027165092361,-0.4683811628464775,-0.4319130608499433,-0.528572885762215,0.0,1.0,0.0,0.0,1.0
-1.5407005165534002,-0.886182851752001,-0.4683811628464775,1.8291518126995099,0.9481975613041913,1.0,0.0,0.0,0.0,1.0
0.8437982873363414,-0.5773960949234911,-0.4683811628464775,-0.4319130608499433,-0.5245046476160264,0.0,1.0,0.0,0.0,1.0
0.8437982873363414,-0.1914126488878537,-0.4683811628464775,-0.4319130608499433,-0.49577271570857057,0.0,1.0,0.0,0.0,1.0
-1.5407005165534002,1.5841112028760782,0.46039739302523075,0.6986193759247833,3.630183559178924,1.0,0.0,1.0,0.0,0.0
-1.5407005165534002,1.3525211352546957,0.46039739302523075,-0.4319130608499433,3.9561511406422745,0.0,1.0,1.0,0.0,0.0
0.8437982873363414,0.19457079714778366,-0.4683811628464775,-0.4319130608499433,-0.511368306641984,0.0,1.0,0.0,0.0,1.0
0.8437982873363414,-0.11421595968072623,-0.4683811628464775,-0.4319130608499433,-0.513571257598145,1.0,0.0,0.0,1.0,0.0
-1.5407005165534002,0.9665376892190584,-0.4683811628464775,-0.4319130608499433,3.9561511406422745,1.0,0.0,1.0,0.0,0.0
-1.5407005165534002,0.889341000011931,-0.4683811628464775,-0.4319130608499433,-0.05157196312161957,0.0,1.0,0.0,0.0,1.0
0.8437982873363414,-2.044133189858913,0.46039739302523075,0.6986193759247833,-0.39177837809662847,1.0,0.0,0.0,0.0,1.0
-1.5407005165534002,-0.8089861625448734,2.317954504768647,1.8291518126995099,4.677754881822449,0.0,1.0,0.0,0.0,1.0
0.8437982873363414,-0.6545927841306185,-0.4683811628464775,-0.4319130608499433,-0.5107743438726404,0.0,1.0,0.0,0.0,1.0
-0.3484511146085294,0.4261608647691661,-0.4683811628464775,-0.4319130608499433,-0.2448132750655708,1.0,0.0,0.0,0.0,1.0
-1.5407005165534002,1.2753244460475683,-0.4683811628464775,-0.4319130608499433,0.8585274902049784,0.0,1.0,1.0,0.0,0.0
-0.3484511146085294,-0.11421595968072623,-0.4683811628464775,-0.4319130608499433,-0.45839577774046425,0.0,1.0,0.0,0.0,1.0
-1.5407005165534002,-0.5001994057163636,2.317954504768647,1.8291518126995099,4.677754881822449,1.0,0.0,0.0,0.0,1.0
0.8437982873363414,-1.1949696085805108,4.175511616512064,1.8291518126995099,0.282023564865833,0.0,1.0,0.0,0.0,1.0
0.8437982873363414,-0.11421595968072623,-0.4683811628464775,-0.4319130608499433,-0.5184022903967438,0.0,1.0,0.0,0.0,1.0
0.8437982873363414,-1.1949696085805108,-0.4683811628464775,-0.4319130608499433,-0.48433079592241557,0.0,1.0,0.0,0.0,1.0
0.8437982873363414,-0.5773960949234911,-0.4683811628464775,-0.4319130608499433,-0.4817881470810478,0.0,1.0,0.0,0.0,1.0
0.8437982873363414,0.9665376892190584,-0.4683811628464775,-0.4319130608499433,-0.49577271570857057,0.0,1.0,0.0,0.0,1.0
0.8437982873363414,-1.8125431222375306,3.2467330606403557,1.8291518126995099,-0.035807540305139364,1.0,0.0,0.0,0.0,1.0
-1.5407005165534002,-0.11421595968072623,-0.4683811628464775,-0.4319130608499433,0.1335328725299548,0.0,1.0,0.0,0.0,1.0
-0.3484511146085294,-0.26860933809498116,-0.4683811628464775,-0.4319130608499433,-0.45839577774046425,0.0,1.0,0.0,0.0,1.0
-0.3484511146085294,0.11737410794065618,0.46039739302523075,0.6986193759247833,-0.13802202372812405,0.0,1.0,0.0,0.0,1.0
0.8437982873363414,-0.34580602730210863,-0.4683811628464775,-0.4319130608499433,-0.511368306641984,0.0,1.0,0.0,0.0,1.0
0.8437982873363414,-0.5773960949234911,-0.4683811628464775,-0.4319130608499433,-0.4718718165997135,1.0,0.0,0.0,0.0,1.0
-0.3484511146085294,-0.34580602730210863,-0.4683811628464775,-0.4319130608499433,-0.45839577774046425,0.0,1.0,0.0,0.0,1.0
0.8437982873363414,-1.8897398114446582,1.389175948896939,0.6986193759247833,-0.2802415269616529,1.0,0.0,1.0,0.0,0.0
0.8437982873363414,1.5841112028760782,-0.4683811628464775,-0.4319130608499433,-0.5082316950312727,0.0,1.0,0.0,0.0,1.0
-0.3484511146085294,-0.11421595968072623,-0.4683811628464775,0.6986193759247833,-0.0007189862942639826,0.0,1.0,0.0,0.0,1.0
0.8437982873363414,-1.580953054616148,-0.4683811628464775,1.8291518126995099,-0.2544753406627684,0.0,1.0,0.0,0.0,1.0
0.8437982873363414,1.6613078920832056,-0.4683811628464775,-0.4319130608499433,-0.5082316950312727,0.0,1.0,0.0,0.0,1.0
-0.3484511146085294,-0.1914126488878537,-0.4683811628464775,-0.4319130608499433,-0.1431073214108596,0.0,1.0,0.0,0.0,1.0
-1.5407005165534002,-0.1914126488878537,-0.4683811628464775,-0.4319130608499433,0.8887850114172553,0.0,1.0,1.0,0.0,0.0
0.8437982873363414,1.1981277568404407,-0.4683811628464775,-0.4319130608499433,-0.5250131773843,1.0,0.0,1.0,0.0,0.0
0.8437982873363414,-0.11421595968072623,-0.4683811628464775,-0.4319130608499433,-0.5249277443832301,1.0,0.0,1.0,0.0,0.0
-0.3484511146085294,-1.8125431222375306,-0.4683811628464775,0.6986193759247833,-0.0007189862942639826,1.0,0.0,0.0,0.0,1.0
-1.5407005165534002,0.6577509323905485,-0.4683811628464775,0.6986193759247833,2.4496317021318648,0.0,1.0,0.0,0.0,1.0
0.8437982873363414,-0.11421595968072623,-0.4683811628464775,-0.4319130608499433,-0.5143340522505554,1.0,0.0,0.0,1.0,0.0
-1.5407005165534002,0.580554243183421,0.46039739302523075,0.6986193759247833,0.3970367254967267,0.0,1.0,0.0,0.0,1.0
-1.5407005165534002,-0.4230027165092361,-0.4683811628464775,-0.4319130608499433,1.0195605607455558,1.0,0.0,1.0,0.0,0.0
0.8437982873363414,-0.11421595968072623,-0.4683811628464775,-0.4319130608499433,-0.37787924247017557,0.0,1.0,1.0,0.0,0.0
0.8437982873363414,-0.5001994057163636,-0.4683811628464775,-0.4319130608499433,-0.49577271570857057,1.0,0.0,0.0,0.0,1.0
-1.5407005165534002,-0.11421595968072623,-0.4683811628464775,-0.4319130608499433,-0.14463291071568027,0.0,1.0,0.0,0.0,1.0
0.8437982873363414,-0.5773960949234911,-0.4683811628464775,-0.4319130608499433,-0.5134024257150782,0.0,1.0,0.0,0.0,1.0
-0.3484511146085294,0.5033575539762936,0.46039739302523075,1.8291518126995099,-0.1075102376317107,0.0,1.0,0.0,0.0,1.0
-0.3484511146085294,1.4297178244618232,-0.4683811628464775,-0.4319130608499433,-0.4075428009131086,0.0,1.0,0.0,0.0,1.0
-1.5407005165534002,0.11737410794065618,-0.4683811628464775,-0.4319130608499433,2.0639118728963726,1.0,0.0,1.0,0.0,0.0
0.8437982873363414,-0.886182851752001,-0.4683811628464775,-0.4319130608499433,-0.5195047829343609,1.0,0.0,0.0,0.0,1.0
-0.3484511146085294,-0.9633795409591285,-0.4683811628464775,-0.4319130608499433,-0.45839577774046425,1.0,0.0,0.0,0.0,1.0
-0.3484511146085294,-0.8089861625448734,-0.4683811628464775,-0.4319130608499433,-0.45839577774046425,0.0,1.0,0.0,0.0,1.0
0.8437982873363414,-0.731789473337746,-0.4683811628464775,-0.4319130608499433,-0.5107743438726404,0.0,1.0,0.0,0.0,1.0
0.8437982873363414,-0.11421595968072623,-0.4683811628464775,-0.4319130608499433,-0.49577271570857057,0.0,1.0,0.0,0.0,1.0
-0.3484511146085294,0.040177418733528716,0.46039739302523075,-0.4319130608499433,-0.3900839569087409,1.0,0.0,1.0,0.0,0.0
0.8437982873363414,-0.11421595968072623,-0.4683811628464775,-0.4319130608499433,-0.511368306641984,0.0,1.0,0.0,0.0,1.0
-0.3484511146085294,0.9665376892190584,0.46039739302523075,0.6986193759247833,-0.010889581659735099,0.0,1.0,0.0,0.0,1.0
0.8437982873363414,0.040177418733528716,-0.4683811628464775,-0.4319130608499433,-0.47873696847140645,0.0,1.0,0.0,0.0,1.0
0.8437982873363414,-0.6545927841306185,-0.4683811628464775,-0.4319130608499433,-0.5138255224822819,0.0,1.0,0.0,0.0,1.0
-0.3484511146085294,-0.731789473337746,-0.4683811628464775,-0.4319130608499433,0.0755604789467694,1.0,0.0,0.0,0.0,1.0
-1.5407005165534002,-0.6545927841306185,1.389175948896939,1.8291518126995099,4.6650416376156105,1.0,0.0,1.0,0.0,0.0
-0.3484511146085294,1.5841112028760782,-0.4683811628464775,-0.4319130608499433,-0.45839577774046425,1.0,0.0,0.0,0.0,1.0
0.8437982873363414,-0.11421595968072623,0.46039739302523075,-0.4319130608499433,-0.18073852426310277,0.0,1.0,0.0,1.0,0.0
0.8437982873363414,-0.6545927841306185,-0.4683811628464775,-0.4319130608499433,-0.5163681713236496,1.0,0.0,0.0,0.0,1.0
-1.5407005165534002,0.734947621597676,0.46039739302523075,0.6986193759247833,0.9481975613041913,1.0,0.0,0.0,0.0,1.0
0.8437982873363414,-0.11421595968072623,-0.4683811628464775,-0.4319130608499433,-0.5250131773843,0.0,1.0,1.0,0.0,0.0
0.8437982873363414,-0.11421595968072623,-0.4683811628464775,-0.4319130608499433,-0.5082316950312727,0.0,1.0,0.0,0.0,1.0
-1.5407005165534002,-0.11421595968072623,-0.4683811628464775,-0.4319130608499433,-0.10810420040105422,0.0,1.0,1.0,0.0,0.0
0.8437982873363414,1.1981277568404407,-0.4683811628464775,-0.4319130608499433,-0.5143340522505554,1.0,0.0,0.0,0.0,1.0
-1.5407005165534002,1.9700946489117155,-0.4683811628464775,-0.4319130608499433,0.345081256131754,0.0,1.0,0.0,0.0,1.0
0.8437982873363414,-0.11421595968072623,-0.4683811628464775,-0.4319130608499433,-0.5143340522505554,0.0,1.0,0.0,1.0,0.0
0.8437982873363414,0.11737410794065618,0.46039739302523075,-0.4319130608499433,-0.3058368472583975,1.0,0.0,0.0,0.0,1.0
-1.5407005165534002,1.3525211352546957,0.46039739302523075,0.6986193759247833,0.3970367254967267,1.0,0.0,0.0,0.0,1.0
-1.5407005165534002,1.3525211352546957,-0.4683811628464775,-0.4319130608499433,0.020045301203881875,0.0,1.0,0.0,0.0,1.0
0.8437982873363414,-1.7353464330304031,0.46039739302523075,0.6986193759247833,-0.3618605547695586,0.0,1.0,1.0,0.0,0.0
0.8437982873363414,-0.11421595968072623,-0.4683811628464775,-0.4319130608499433,-0.2137929592008839,0.0,1.0,0.0,0.0,1.0
0.8437982873363414,-1.1177729193733834,-0.4683811628464775,-0.4319130608499433,-0.5250131773843,1.0,0.0,1.0,0.0,0.0
-1.5407005165534002,0.6577509323905485,-0.4683811628464775,-0.4319130608499433,0.955316978060021,1.0,0.0,0.0,0.0,1.0
0.8437982873363414,-0.11421595968072623,0.46039739302523075,0.6986193759247833,-0.21718383569573196,0.0,1.0,1.0,0.0,0.0
-1.5407005165534002,0.040177418733528716,-0.4683811628464775,-0.4319130608499433,-0.04140136775614845,1.0,0.0,1.0,0.0,0.0
0.8437982873363414,1.1981277568404407,0.46039739302523075,4.090216686248963,-0.10445905902206941,1.0,0.0,0.0,0.0,1.0
-1.5407005165534002,-0.11421595968072623,-0.4683811628464775,-0.4319130608499433,-0.6719782804153577,0.0,1.0,0.0,0.0,1.0
0.8437982873363414,-0.11421595968072623,-0.4683811628464775,-0.4319130608499433,-0.5082316950312727,0.0,1.0,0.0,0.0,1.0
0.8437982873363414,-0.11421595968072623,-0.4683811628464775,-0.4319130608499433,-0.5143340522505554,1.0,0.0,0.0,1.0,0.0
0.8437982873363414,-0.11421595968072623,-0.4683811628464775,-0.4319130608499433,-0.529589945298762,0.0,1.0,0.0,0.0,1.0
0.8437982873363414,-0.11421595968072623,0.46039739302523075,-0.4319130608499433,-0.37796264135217245,1.0,0.0,1.0,0.0,0.0
-1.5407005165534002,-0.4230027165092361,-0.4683811628464775,-0.4319130608499433,0.9390440254752672,0.0,1.0,1.0,0.0,0.0
0.8437982873363414,-0.11421595968072623,-0.4683811628464775,-0.4319130608499433,-0.5324722920253365,0.0,1.0,0.0,1.0,0.0
-1.5407005165534002,1.0437343784261859,0.46039739302523075,-0.4319130608499433,-0.10810420040105422,0.0,1.0,1.0,0.0,0.0
-1.5407005165534002,1.4297178244618232,0.46039739302523075,-0.4319130608499433,1.4928329431251695,1.0,0.0,1.0,0.0,0.0
0.8437982873363414,-0.886182851752001,-0.4683811628464775,-0.4319130608499433,-0.5117059704081176,1.0,0.0,0.0,1.0,0.0
0.8437982873363414,0.580554243183421,-0.4683811628464775,-0.4319130608499433,-0.5143340522505554,1.0,0.0,0.0,1.0,0.0
0.8437982873363414,-0.6545927841306185,-0.4683811628464775,-0.4319130608499433,-0.5107743438726404,0.0,1.0,0.0,0.0,1.0
0.8437982873363414,0.27176748635491116,-0.4683811628464775,-0.4319130608499433,-0.5138255224822819,0.0,1.0,0.0,0.0,1.0
0.8437982873363414,0.4261608647691661,-0.4683811628464775,-0.4319130608499433,-0.511368306641984,0.0,1.0,0.0,0.0,1.0
0.8437982873363414,0.4261608647691661,-0.4683811628464775,-0.4319130608499433,-0.5082316950312727,0.0,1.0,0.0,0.0,1.0
0.8437982873363414,-0.34580602730210863,-0.4683811628464775,-0.4319130608499433,-0.5107743438726404,0.0,1.0,0.0,0.0,1.0
0.8437982873363414,-0.11421595968072623,-0.4683811628464775,-0.4319130608499433,-0.5143340522505554,0.0,1.0,0.0,1.0,0.0
0.8437982873363414,0.8507426554083671,-0.4683811628464775,-0.4319130608499433,-0.3648263003781299,0.0,1.0,0.0,0.0,1.0
0.8437982873363414,-0.26860933809498116,-0.4683811628464775,-0.4319130608499433,-0.5138255224822819,0.0,1.0,0.0,0.0,1.0
0.8437982873363414,-0.03701927047359876,-0.4683811628464775,-0.4319130608499433,-0.47873696847140645,0.0,1.0,0.0,0.0,1.0
-0.3484511146085294,-2.2049570524841218,0.46039739302523075,1.8291518126995099,-0.1075102376317107,1.0,0.0,0.0,0.0,1.0
-1.5407005165534002,-0.11421595968072623,-0.4683811628464775,-0.4319130608499433,-0.04758915797650111,0.0,1.0,1.0,0.0,0.0
0.8437982873363414,-0.11421595968072623,-0.4683811628464775,-0.4319130608499433,0.4772135628818086,0.0,1.0,0.0,0.0,1.0
0.8437982873363414,-1.040576230166256,-0.4683811628464775,-0.4319130608499433,-0.5143340522505554,1.0,0.0,0.0,1.0,0.0
0.8437982873363414,-0.11421595968072623,-0.4683811628464775,-0.4319130608499433,-0.5082316950312727,0.0,1.0,0.0,0.0,1.0
0.8437982873363414,-0.11421595968072623,-0.4683811628464775,-0.4319130608499433,-0.5249277443832301,0.0,1.0,1.0,0.0,0.0
0.8437982873363414,-0.11421595968072623,6.961847284127188,1.8291518126995099,0.7427515349216746,0.0,1.0,0.0,0.0,1.0
-0.3484511146085294,-0.6545927841306185,-0.4683811628464775,-0.4319130608499433,-0.4075428009131086,0.0,1.0,0.0,0.0,1.0
-0.3484511146085294,-0.886182851752001,-0.4683811628464775,-0.4319130608499433,-0.4075428009131086,0.0,1.0,0.0,0.0,1.0
-0.3484511146085294,2.1244880273259703,-0.4683811628464775,-0.4319130608499433,-0.42076457488822105,0.0,1.0,0.0,1.0,0.0
0.8437982873363414,-0.11421595968072623,-0.4683811628464775,-0.4319130608499433,-0.5143340522505554,0.0,1.0,0.0,1.0,0.0
0.8437982873363414,-0.11421595968072623,-0.4683811628464775,-0.4319130608499433,0.4772135628818086,0.0,1.0,0.0,0.0,1.0
0.8437982873363414,0.19457079714778366,-0.4683811628464775,-0.4319130608499433,-0.5082316950312727,0.0,1.0,0.0,0.0,1.0
0.8437982873363414,-2.198526568273168,4.175511616512064,1.8291518126995099,0.282023564865833,0.0,1.0,0.0,0.0,1.0
0.8437982873363414,0.27176748635491116,-0.4683811628464775,-0.4319130608499433,-0.47873696847140645,0.0,1.0,0.0,0.0,1.0
0.8437982873363414,0.2331691417513474,-0.4683811628464775,-0.4319130608499433,-0.47873696847140645,0.0,1.0,0.0,0.0,1.0
-1.5407005165534002,0.11737410794065618,-0.4683811628464775,-0.4319130608499433,0.3551664184961552,0.0,1.0,0.0,0.0,1.0
0.8437982873363414,-2.1213298790660406,-0.4683811628464775,0.6986193759247833,-0.4591585723928746,1.0,0.0,0.0,0.0,1.0
-1.5407005165534002,-1.040576230166256,-0.4683811628464775,-0.4319130608499433,1.0875347178111454,1.0,0.0,0.0,0.0,1.0
0.8437982873363414,-0.6545927841306185,-0.4683811628464775,-0.4319130608499433,-0.5082316950312727,0.0,1.0,0.0,0.0,1.0
0.8437982873363414,0.889341000011931,1.389175948896939,-0.4319130608499433,-0.3849986592260054,0.0,1.0,0.0,0.0,1.0
-0.3484511146085294,-0.5773960949234911,-0.4683811628464775,-0.4319130608499433,-0.45839577774046425,0.0,1.0,0.0,0.0,1.0
-0.3484511146085294,-0.34580602730210863,-0.4683811628464775,0.6986193759247833,-0.1431073214108596,1.0,0.0,0.0,0.0,1.0
0.8437982873363414,0.11737410794065618,-0.4683811628464775,-0.4319130608499433,-0.5138255224822819,0.0,1.0,0.0,0.0,1.0
0.8437982873363414,0.889341000011931,-0.4683811628464775,5.22074912302369,0.1353127267189122,1.0,0.0,0.0,0.0,1.0
-0.3484511146085294,1.892897959704588,0.46039739302523075,-0.4319130608499433,-0.1431073214108596,0.0,1.0,0.0,0.0,1.0
0.8437982873363414,-0.8475845071484372,-0.4683811628464775,-0.4319130608499433,-0.5249277443832301,0.0,1.0,1.0,0.0,0.0
-0.3484511146085294,0.3489641755620386,0.46039739302523075,-0.4319130608499433,-0.1431073214108596,0.0,1.0,0.0,0.0,1.0
0.8437982873363414,-0.4230027165092361,-0.4683811628464775,-0.4319130608499433,-0.5122145001763913,0.0,1.0,0.0,0.0,1.0
-1.5407005165534002,-0.5773960949234911,0.46039739302523075,-0.4319130608499433,0.6827450222653949,1.0,0.0,0.0,0.0,1.0
0.8437982873363414,-0.5773960949234911,-0.4683811628464775,-0.4319130608499433,-0.5082316950312727,0.0,1.0,0.0,0.0,1.0
0.8437982873363414,-0.11421595968072623,-0.4683811628464775,-0.4319130608499433,-0.5138255224822819,0.0,1.0,0.0,0.0,1.0
-1.5407005165534002,-0.11421595968072623,-0.4683811628464775,-0.4319130608499433,0.0501339905330916,0.0,1.0,0.0,0.0,1.0
-0.3484511146085294,-0.1914126488878537,-0.4683811628464775,-0.4319130608499433,-0.45839577774046425,1.0,0.0,0.0,0.0,1.0
-0.3484511146085294,-0.5773960949234911,-0.4683811628464775,-0.4319130608499433,-0.2448132750655708,1.0,0.0,0.0,0.0,1.0
0.8437982873363414,-0.11421595968072623,-0.4683811628464775,-0.4319130608499433,-0.35668982408575306,0.0,1.0,0.0,1.0,0.0
-0.3484511146085294,-1.2721662977876382,-0.4683811628464775,0.6986193759247833,-0.27532506116198413,1.0,0.0,0.0,0.0,1.0
0.8437982873363414,0.040177418733528716,0.46039739302523075,-0.4319130608499433,-0.3444851096471877,0.0,1.0,0.0,0.0,1.0
-1.5407005165534002,-0.11421595968072623,-0.4683811628464775,-0.4319130608499433,0.38296672386813385,0.0,1.0,0.0,0.0,1.0
-0.3484511146085294,0.3489641755620386,-0.4683811628464775,-0.4319130608499433,-0.4075428009131086,0.0,1.0,0.0,0.0,1.0
-1.5407005165534002,1.9700946489117155,-0.4683811628464775,-0.4319130608499433,2.0869645443517495,1.0,0.0,1.0,0.0,0.0
-1.5407005165534002,1.1981277568404407,-0.4683811628464775,0.6986193759247833,0.6168049842728996,1.0,0.0,1.0,0.0,0.0
-1.5407005165534002,-0.5773960949234911,-0.4683811628464775,0.6986193759247833,0.5887524481358571,1.0,0.0,1.0,0.0,0.0
-0.3484511146085294,0.3489641755620386,0.46039739302523075,0.6986193759247833,-0.010889581659735099,1.0,0.0,0.0,0.0,1.0
0.8437982873363414,-0.1914126488878537,-0.4683811628464775,-0.4319130608499433,-0.5300984750670356,0.0,1.0,0.0,0.0,1.0
-0.3484511146085294,-0.8089861625448734,0.46039739302523075,-0.4319130608499433,-0.1431073214108596,1.0,0.0,0.0,0.0,1.0
-1.5407005165534002,1.5841112028760782,0.46039739302523075,-0.4319130608499433,1.4928329431251695,0.0,1.0,1.0,0.0,0.0
-1.5407005165534002,-0.26860933809498116,-0.4683811628464775,-0.4319130608499433,-0.06174255848709068,0.0,1.0,1.0,0.0,0.0
-1.5407005165534002,1.3525211352546957,0.46039739302523075,-0.4319130608499433,0.5723940625500333,1.0,0.0,0.0,0.0,1.0
0.8437982873363414,0.19457079714778366,-0.4683811628464775,-0.4319130608499433,0.4772135628818086,0.0,1.0,0.0,0.0,1.0
-0.3484511146085294,-0.03701927047359876,-0.4683811628464775,1.8291518126995099,-0.20413089360368633,1.0,0.0,0.0,0.0,1.0
0.8437982873363414,-0.1914126488878537,-0.4683811628464775,1.8291518126995099,-0.44551370165055854,1.0,0.0,0.0,0.0,1.0
-0.3484511146085294,-0.4230027165092361,0.46039739302523075,-0.4319130608499433,-0.1431073214108596,1.0,0.0,0.0,0.0,1.0
-0.3484511146085294,1.5841112028760782,-0.4683811628464775,0.6986193759247833,-0.1431073214108596,1.0,0.0,0.0,0.0,1.0
0.8437982873363414,-0.11421595968072623,-0.4683811628464775,-0.4319130608499433,-0.5082316950312727,1.0,0.0,0.0,0.0,1.0
0.8437982873363414,-0.11421595968072623,-0.4683811628464775,-0.4319130608499433,-0.5143340522505554,1.0,0.0,0.0,1.0,0.0
-1.5407005165534002,-0.11421595968072623,-0.4683811628464775,-0.4319130608499433,0.0501339905330916,0.0,1.0,0.0,0.0,1.0
0.8437982873363414,-2.2178257405749497,1.389175948896939,0.6986193759247833,-0.2802415269616529,1.0,0.0,1.0,0.0,0.0
-0.3484511146085294,0.6577509323905485,0.46039739302523075,-0.4319130608499433,-0.2448132750655708,0.0,1.0,0.0,0.0,1.0
0.8437982873363414,0.734947621597676,0.46039739302523075,5.22074912302369,-0.035807540305139364,1.0,0.0,0.0,0.0,1.0
0.8437982873363414,-0.5773960949234911,-0.4683811628464775,-0.4319130608499433,-0.5249277443832301,0.0,1.0,1.0,0.0,0.0
-1.5407005165534002,0.040177418733528716,-0.4683811628464775,-0.4319130608499433,-0.1075102376317107,0.0,1.0,1.0,0.0,0.0
0.8437982873363414,-1.2721662977876382,-0.4683811628464775,-0.4319130608499433,-0.5249277443832301,1.0,0.0,1.0,0.0,0.0
-1.5407005165534002,1.3525211352546957,-0.4683811628464775,-0.4319130608499433,-0.1514980625873733,0.0,1.0,0.0,0.0,1.0
0.8437982873363414,-1.580953054616148,2.317954504768647,1.8291518126995099,-0.10445905902206941,1.0,0.0,0.0,0.0,1.0
-1.5407005165534002,2.6648648517758624,-0.4683811628464775,1.8291518126995099,1.0195605607455558,1.0,0.0,1.0,0.0,0.0
-0.3484511146085294,-2.2113952563639963,0.46039739302523075,0.6986193759247833,-0.2905809542101908,0.0,1.0,0.0,0.0,1.0
0.8437982873363414,-0.8089861625448734,-0.4683811628464775,-0.4319130608499433,-0.46509209772909044,0.0,1.0,0.0,0.0,1.0
0.8437982873363414,-0.6931911287341823,-0.4683811628464775,-0.4319130608499433,-0.5245046476160264,0.0,1.0,0.0,0.0,1.0
0.8437982873363414,-0.11421595968072623,-0.4683811628464775,-0.4319130608499433,-0.5249277443832301,0.0,1.0,1.0,0.0,0.0
-1.5407005165534002,1.1209310676333133,-0.4683811628464775,-0.4319130608499433,-0.10810420040105422,1.0,0.0,1.0,0.0,0.0
0.8437982873363414,-0.11421595968072623,0.46039739302523075,1.8291518126995099,-0.19497735777476233,0.0,1.0,0.0,0.0,1.0
0.8437982873363414,-0.11421595968072623,-0.4683811628464775,-0.4319130608499433,-0.5146737501357621,1.0,0.0,0.0,1.0,0.0
0.8437982873363414,0.27176748635491116,0.46039739302523075,0.6986193759247833,-0.2544753406627684,0.0,1.0,0.0,0.0,1.0
-0.3484511146085294,0.3489641755620386,-0.4683811628464775,0.6986193759247833,-0.20413089360368633,1.0,0.0,0.0,0.0,1.0
0.8437982873363414,-0.5773960949234911,-0.4683811628464775,-0.4319130608499433,-0.5082316950312727,0.0,1.0,0.0,0.0,1.0
-1.5407005165534002,0.8121443108048034,-0.4683811628464775,-0.4319130608499433,-0.10810420040105422,0.0,1.0,1.0,0.0,0.0
0.8437982873363414,-0.11421595968072623,0.46039739302523075,-0.4319130608499433,-0.35668982408575306,0.0,1.0,0.0,1.0,0.0
-1.5407005165534002,1.3525211352546957,-0.4683811628464775,-0.4319130608499433,0.190488206576593,0.0,1.0,0.0,0.0,1.0
0.8437982873363414,0.5033575539762936,-0.4683811628464775,-0.4319130608499433,-0.6719782804153577,0.0,1.0,0.0,0.0,1.0
0.8437982873363414,-0.8089861625448734,-0.4683811628464775,-0.4319130608499433,-0.511368306641984,0.0,1.0,0.0,0.0,1.0
0.8437982873363414,-1.1177729193733834,0.46039739302523075,-0.4319130608499433,-0.37796264135217245,1.0,0.0,1.0,0.0,0.0
-0.3484511146085294,0.040177418733528716,-0.4683811628464775,-0.4319130608499433,-0.4075428009131086,0.0,1.0,0.0,0.0,1.0
-0.3484511146085294,-0.34580602730210863,-0.4683811628464775,-0.4319130608499433,-0.45839577774046425,0.0,1.0,0.0,0.0,1.0
-0.3484511146085294,-0.5773960949234911,1.389175948896939,-0.4319130608499433,-0.03123077239067733,0.0,1.0,0.0,0.0,1.0
-1.5407005165534002,0.4261608647691661,0.46039739302523075,-0.4319130608499433,1.1587288853694433,1.0,0.0,0.0,0.0,1.0
-0.3484511146085294,1.892897959704588,-0.4683811628464775,-0.4319130608499433,-0.3872016101821664,0.0,1.0,0.0,0.0,1.0
-0.3484511146085294,0.5033575539762936,-0.4683811628464775,-0.4319130608499433,-0.4075428009131086,0.0,1.0,0.0,0.0,1.0
0.8437982873363414,-0.11421595968072623,-0.4683811628464775,-0.4319130608499433,-0.2137929592008839,0.0,1.0,0.0,0.0,1.0
0.8437982873363414,-0.11421595968072623,-0.4683811628464775,-0.4319130608499433,-0.5145883171346921,1.0,0.0,0.0,1.0,0.0
-0.3484511146085294,0.5033575539762936,-0.4683811628464775,-0.4319130608499433,-0.4100854497544764,0.0,1.0,1.0,0.0,0.0
0.8437982873363414,-0.11421595968072623,-0.4683811628464775,-0.4319130608499433,-0.5082316950312727,0.0,1.0,0.0,0.0,1.0
-1.5407005165534002,0.4261608647691661,-0.4683811628464775,-0.4319130608499433,2.0869645443517495,1.0,0.0,0.0,0.0,1.0
0.8437982873363414,1.2367261014440045,-0.4683811628464775,-0.4319130608499433,-0.5250131773843,0.0,1.0,1.0,0.0,0.0
0.8437982873363414,0.5033575539762936,-0.4683811628464775,1.8291518126995099,-0.3485533477933762,1.0,0.0,0.0,0.0,1.0
0.8437982873363414,-0.11421595968072623,-0.4683811628464775,-0.4319130608499433,0.4772135628818086,0.0,1.0,0.0,0.0,1.0
-1.5407005165534002,2.3560780949473528,0.46039739302523075,0.6986193759247833,0.9390440254752672,0.0,1.0,1.0,0.0,0.0
-1.5407005165534002,0.9665376892190584,0.46039739302523075,-0.4319130608499433,0.38576363759363846,0.0,1.0,0.0,0.0,1.0
0.8437982873363414,-0.03701927047359876,-0.4683811628464775,-0.4319130608499433,-0.5107743438726404,1.0,0.0,0.0,0.0,1.0
0.8437982873363414,0.07877576333709245,-0.4683811628464775,-0.4319130608499433,-0.5082316950312727,0.0,1.0,0.0,0.0,1.0
-1.5407005165534002,-0.5773960949234911,-0.4683811628464775,1.8291518126995099,0.3349106607662829,1.0,0.0,1.0,0.0,0.0
-1.5407005165534002,-1.1177729193733834,-0.4683811628464775,0.6986193759247833,3.626878115685147,1.0,0.0,0.0,0.0,1.0
-0.3484511146085294,3.1280449870186273,-0.4683811628464775,-0.4319130608499433,-0.45839577774046425,0.0,1.0,0.0,0.0,1.0
0.8437982873363414,-0.8089861625448734,-0.4683811628464775,-0.4319130608499433,-0.5138255224822819,0.0,1.0,0.0,0.0,1.0
-0.3484511146085294,-0.11421595968072623,-0.4683811628464775,-0.4319130608499433,-0.4541587077112089,0.0,1.0,0.0,1.0,0.0
0.8437982873363414,-0.11421595968072623,-0.4683811628464775,-0.4319130608499433,-0.5122145001763913,0.0,1.0,0.0,0.0,1.0
-0.3484511146085294,-2.1213298790660406,0.46039739302523075,0.6986193759247833,-0.1431073214108596,1.0,0.0,0.0,0.0,1.0
-1.5407005165534002,0.8121443108048034,0.46039739302523075,0.6986193759247833,2.0639118728963726,1.0,0.0,1.0,0.0,0.0
0.8437982873363414,0.19457079714778366,-0.4683811628464775,-0.4319130608499433,-0.5178083276274003,0.0,1.0,0.0,0.0,1.0
-1.5407005165534002,-0.11421595968072623,-0.4683811628464775,-0.4319130608499433,-0.6719782804153577,0.0,1.0,0.0,0.0,1.0
-1.5407005165534002,0.734947621597676,-0.4683811628464775,-0.4319130608499433,1.5431773901842516,1.0,0.0,1.0,0.0,0.0
-0.3484511146085294,-0.6545927841306185,-0.4683811628464775,0.6986193759247833,-0.2448132750655708,1.0,0.0,0.0,0.0,1.0
-1.5407005165534002,1.0437343784261859,-0.4683811628464775,0.6986193759247833,3.626878115685147,1.0,0.0,0.0,0.0,1.0
-0.3484511146085294,-2.1213298790660406,0.46039739302523075,0.6986193759247833,-0.20413089360368633,0.0,1.0,0.0,0.0,1.0
0.8437982873363414,-0.4230027165092361,-0.4683811628464775,-0.4319130608499433,-0.5267075985721875,0.0,1.0,0.0,0.0,1.0
-0.3484511146085294,1.1209310676333133,-0.4683811628464775,-0.4319130608499433,-0.4075428009131086,0.0,1.0,0.0,0.0,1.0
0.8437982873363414,-1.040576230166256,-0.4683811628464775,-0.4319130608499433,-0.5138255224822819,0.0,1.0,0.0,0.0,1.0
0.8437982873363414,-0.11421595968072623,-0.4683811628464775,-0.4319130608499433,-0.5143340522505554,0.0,1.0,0.0,1.0,0.0
-0.3484511146085294,-0.4230027165092361,-0.4683811628464775,-0.4319130608499433,-0.4075428009131086,1.0,0.0,0.0,0.0,1.0
0.8437982873363414,0.040177418733528716,-0.4683811628464775,-0.4319130608499433,-0.5167912680908532,1.0,0.0,0.0,1.0,0.0
-1.5407005165534002,0.580554243183421,0.46039739302523075,0.6986193759247833,1.0195605607455558,0.0,1.0,1.0,0.0,0.0
0.8437982873363414,0.8121443108048034,-0.4683811628464775,-0.4319130608499433,-0.5250131773843,0.0,1.0,1.0,0.0,0.0
-0.3484511146085294,-0.34580602730210863,-0.4683811628464775,-0.4319130608499433,-0.03123077239067733,0.0,1.0,0.0,0.0,1.0
-0.3484511146085294,1.6613078920832056,-0.4683811628464775,-0.4319130608499433,-0.41720486651030625,0.0,1.0,0.0,0.0,1.0
0.8437982873363414,-0.11421595968072623,-0.4683811628464775,-0.4319130608499433,-0.5143340522505554,0.0,1.0,0.0,1.0,0.0
0.8437982873363414,-0.11421595968072623,1.389175948896939,-0.4319130608499433,-0.23099753832111478,0.0,1.0,1.0,0.0,0.0
0.8437982873363414,-0.11421595968072623,-0.4683811628464775,-0.4319130608499433,-0.511368306641984,0.0,1.0,0.0,0.0,1.0
0.8437982873363414,-0.886182851752001,-0.4683811628464775,-0.4319130608499433,-0.5134024257150782,0.0,1.0,0.0,0.0,1.0
0.8437982873363414,-1.040576230166256,0.46039739302523075,0.6986193759247833,-0.49873846131714195,1.0,0.0,1.0,0.0,0.0
-0.3484511146085294,-0.5001994057163636,-0.4683811628464775,-0.4319130608499433,-0.45839577774046425,0.0,1.0,0.0,0.0,1.0
0.8437982873363414,-1.9669365006517856,0.46039739302523075,0.6986193759247833,-0.44551370165055854,0.0,1.0,0.0,0.0,1.0
-1.5407005165534002,0.040177418733528716,0.46039739302523075,-0.4319130608499433,0.5027254842965563,0.0,1.0,1.0,0.0,0.0
-0.3484511146085294,2.5104714733616076,-0.4683811628464775,-0.4319130608499433,-0.45839577774046425,0.0,1.0,0.0,0.0,1.0
-0.3484511146085294,-1.6581497438232757,0.46039739302523075,0.6986193759247833,0.0755604789467694,0.0,1.0,0.0,0.0,1.0
-0.3484511146085294,-0.03701927047359876,0.46039739302523075,-0.4319130608499433,-0.10810420040105422,0.0,1.0,1.0,0.0,0.0
0.8437982873363414,-0.11421595968072623,6.961847284127188,1.8291518126995099,0.7427515349216746,0.0,1.0,0.0,0.0,1.0
-1.5407005165534002,1.9700946489117155,-0.4683811628464775,-0.4319130608499433,-0.05157196312161957,0.0,1.0,0.0,0.0,1.0
0.8437982873363414,-0.11421595968072623,-0.4683811628464775,-0.4319130608499433,-0.5143340522505554,0.0,1.0,0.0,1.0,0.0
-0.3484511146085294,-0.34580602730210863,-0.4683811628464775,-0.4319130608499433,-0.4075428009131086,0.0,1.0,0.0,0.0,1.0
-1.5407005165534002,1.1981277568404407,0.46039739302523075,-0.4319130608499433,0.3970367254967267,1.0,0.0,0.0,0.0,1.0
0.8437982873363414,-0.11421595968072623,-0.4683811628464775,-0.4319130608499433,-0.5117059704081176,1.0,0.0,0.0,1.0,0.0
0.8437982873363414,-0.03701927047359876,-0.4683811628464775,-0.4319130608499433,-0.5082316950312727,0.0,1.0,0.0,0.0,1.0
-1.5407005165534002,0.11737410794065618,0.46039739302523075,-0.4319130608499433,1.632170099632124,1.0,0.0,1.0,0.0,0.0
0.8437982873363414,-1.5037563654090207,-0.4683811628464775,1.8291518126995099,-0.18073852426310277,1.0,0.0,0.0,0.0,1.0
0.8437982873363414,-0.886182851752001,-0.4683811628464775,-0.4319130608499433,-0.4717863835986435,1.0,0.0,0.0,0.0,1.0
-1.5407005165534002,-0.11421595968072623,0.46039739302523075,-0.4319130608499433,0.9994736348987504,0.0,1.0,1.0,0.0,0.0
-1.5407005165534002,-0.34580602730210863,-0.4683811628464775,-0.4319130608499433,-0.1431073214108596,0.0,1.0,1.0,0.0,0.0
0.8437982873363414,-1.8897398114446582,-0.4683811628464775,-0.4319130608499433,-0.4182219260468533,1.0,0.0,0.0,0.0,1.0
-0.3484511146085294,-0.11421595968072623,-0.4683811628464775,-0.4319130608499433,-0.4100854497544764,0.0,1.0,0.0,0.0,1.0
0.8437982873363414,-0.886182851752001,-0.4683811628464775,-0.4319130608499433,-0.5082316950312727,1.0,0.0,0.0,0.0,1.0
0.8437982873363414,-0.8089861625448734,-0.4683811628464775,-0.4319130608499433,-0.511368306641984,0.0,1.0,0.0,0.0,1.0
0.8437982873363414,0.8121443108048034,-0.4683811628464775,-0.4319130608499433,-0.511368306641984,0.0,1.0,0.0,0.0,1.0
-0.3484511146085294,0.040177418733528716,-0.4683811628464775,-0.4319130608499433,-0.4075428009131086,0.0,1.0,0.0,0.0,1.0
0.8437982873363414,-0.6545927841306185,1.389175948896939,-0.4319130608499433,-0.18073852426310277,0.0,1.0,0.0,0.0,1.0
0.8437982873363414,-0.11421595968072623,-0.4683811628464775,-0.4319130608499433,-0.5143340522505554,0.0,1.0,0.0,1.0,0.0
0.8437982873363414,-0.11421595968072623,-0.4683811628464775,-0.4319130608499433,-0.5064518408423153,1.0,0.0,0.0,1.0,0.0
-0.3484511146085294,2.5104714733616076,-0.4683811628464775,-0.4319130608499433,-0.4749229952093548,0.0,1.0,0.0,1.0,0.0
0.8437982873363414,2.3946764395509166,-0.4683811628464775,-0.4319130608499433,-0.37796264135217245,0.0,1.0,0.0,0.0,1.0
-0.3484511146085294,-0.03701927047359876,0.46039739302523075,-0.4319130608499433,-0.1431073214108596,1.0,0.0,0.0,0.0,1.0
0.8437982873363414,0.9665376892190584,-0.4683811628464775,-0.4319130608499433,-0.5163681713236496,0.0,1.0,0.0,0.0,1.0
-1.5407005165534002,1.892897959704588,0.46039739302523075,0.6986193759247833,0.9931170127953309,1.0,0.0,0.0,0.0,1.0
0.8437982873363414,-0.8089861625448734,-0.4683811628464775,-0.4319130608499433,-0.5117059704081176,1.0,0.0,0.0,1.0,0.0
0.8437982873363414,-0.5773960949234911,-0.4683811628464775,-0.4319130608499433,-0.5270472964573942,0.0,1.0,0.0,0.0,1.0
0.8437982873363414,-0.9633795409591285,1.389175948896939,-0.4319130608499433,-0.5082316950312727,0.0,1.0,0.0,0.0,1.0
-0.3484511146085294,-0.11421595968072623,-0.4683811628464775,-0.4319130608499433,-0.4075428009131086,1.0,0.0,0.0,0.0,1.0
-1.5407005165534002,0.734947621597676,0.46039739302523075,-0.4319130608499433,0.7780089208156168,0.0,1.0,1.0,0.0,0.0
0.8437982873363414,-0.34580602730210863,-0.4683811628464775,-0.4319130608499433,-0.5138255224822819,1.0,0.0,0.0,0.0,1.0
-1.5407005165534002,2.5104714733616076,-0.4683811628464775,-0.4319130608499433,-0.13191966650884138,0.0,1.0,0.0,0.0,1.0
0.8437982873363414,1.0437343784261859,-0.4683811628464775,-0.4319130608499433,-0.5082316950312727,0.0,1.0,0.0,0.0,1.0
0.8437982873363414,0.734947621597676,-0.4683811628464775,0.6986193759247833,-0.39906662673552507,0.0,1.0,1.0,0.0,0.0
0.8437982873363414,-0.11421595968072623,0.46039739302523075,0.6986193759247833,-0.3618605547695586,0.0,1.0,1.0,0.0,0.0
-0.3484511146085294,-0.4230027165092361,1.389175948896939,-0.4319130608499433,0.8230992383088964,0.0,1.0,0.0,0.0,1.0
0.8437982873363414,0.9665376892190584,-0.4683811628464775,0.6986193759247833,-0.501026845274373,0.0,1.0,0.0,0.0,1.0
0.8437982873363414,-0.11421595968072623,-0.4683811628464775,-0.4319130608499433,-0.511368306641984,0.0,1.0,0.0,0.0,1.0
-0.3484511146085294,-0.11421595968072623,-0.4683811628464775,-0.4319130608499433,-0.0007189862942639826,1.0,0.0,0.0,0.0,1.0
0.8437982873363414,-0.886182851752001,-0.4683811628464775,-0.4319130608499433,-0.5031463973485372,0.0,1.0,0.0,0.0,1.0
-1.5407005165534002,1.892897959704588,0.46039739302523075,-0.4319130608499433,0.9200595921660788,1.0,0.0,1.0,0.0,0.0
0.8437982873363414,-0.11421595968072623,-0.4683811628464775,-0.4319130608499433,-0.5143340522505554,0.0,1.0,0.0,1.0,0.0
0.8437982873363414,-1.580953054616148,3.2467330606403557,1.8291518126995099,-0.03351915634790835,0.0,1.0,0.0,0.0,1.0
0.8437982873363414,-0.26860933809498116,-0.4683811628464775,-0.4319130608499433,-0.5082316950312727,0.0,1.0,0.0,0.0,1.0
-0.3484511146085294,-0.5001994057163636,-0.4683811628464775,-0.4319130608499433,-0.4075428009131086,0.0,1.0,0.0,0.0,1.0
0.8437982873363414,0.5033575539762936,0.46039739302523075,-0.4319130608499433,-0.31804156169696285,1.0,0.0,0.0,0.0,1.0
-1.5407005165534002,1.738504581290333,0.46039739302523075,-0.4319130608499433,0.9200595921660788,1.0,0.0,1.0,0.0,0.0
0.8437982873363414,-0.0756176150771625,-0.4683811628464775,-0.4319130608499433,-0.3444851096471877,0.0,1.0,0.0,0.0,1.0
0.8437982873363414,-0.4230027165092361,-0.4683811628464775,-0.4319130608499433,-0.5195047829343609,0.0,1.0,0.0,0.0,1.0
-1.5407005165534002,0.2331691417513474,-0.4683811628464775,-0.4319130608499433,3.630183559178924,0.0,1.0,1.0,0.0,0.0
-1.5407005165534002,-0.34580602730210863,0.46039739302523075,-0.4319130608499433,0.4557719137323223,0.0,1.0,1.0,0.0,0.0
0.8437982873363414,-0.11421595968072623,-0.4683811628464775,-0.4319130608499433,-0.5249277443832301,0.0,1.0,1.0,0.0,0.0
0.8437982873363414,-0.11421595968072623,-0.4683811628464775,-0.4319130608499433,-0.5117059704081176,1.0,0.0,0.0,1.0,0.0
-0.3484511146085294,0.27176748635491116,-0.4683811628464775,1.8291518126995099,-0.1431073214108596,1.0,0.0,0.0,0.0,1.0
0.8437982873363414,-0.11421595968072623,-0.4683811628464775,-0.4319130608499433,-0.5148425820188289,0.0,1.0,0.0,1.0,0.0
-0.3484511146085294,0.3489641755620386,0.46039739302523075,-0.4319130608499433,-0.2448132750655708,0.0,1.0,0.0,0.0,1.0
0.8437982873363414,-0.11421595968072623,0.46039739302523075,1.8291518126995099,-0.19497735777476233,1.0,0.0,0.0,0.0,1.0
-1.5407005165534002,0.27176748635491116,-0.4683811628464775,-0.4319130608499433,-0.13191966650884138,0.0,1.0,0.0,0.0,1.0
0.8437982873363414,-0.11421595968072623,0.46039739302523075,-0.4319130608499433,-0.2658318274478534,0.0,1.0,0.0,0.0,1.0
-0.3484511146085294,2.3560780949473528,0.46039739302523075,0.6986193759247833,0.12132815809138942,0.0,1.0,0.0,0.0,1.0
-1.5407005165534002,0.27176748635491116,0.46039739302523075,-0.4319130608499433,1.1587288853694433,1.0,0.0,0.0,1.0,0.0
0.8437982873363414,-0.11421595968072623,-0.4683811628464775,-0.4319130608499433,-0.5117059704081176,1.0,0.0,0.0,1.0,0.0
0.8437982873363414,-1.7353464330304031,3.2467330606403557,0.6986193759247833,-0.07954110037666513,0.0,1.0,0.0,1.0,0.0
0.8437982873363414,0.11737410794065618,-0.4683811628464775,-0.4319130608499433,-0.5122145001763913,1.0,0.0,0.0,0.0,1.0
-0.3484511146085294,0.040177418733528716,2.317954504768647,-0.4319130608499433,-0.2448132750655708,1.0,0.0,0.0,0.0,1.0
-1.5407005165534002,3.205241676225755,-0.4683811628464775,-0.4319130608499433,0.3349960937673528,0.0,1.0,1.0,0.0,0.0
-1.5407005165534002,-0.11421595968072623,-0.4683811628464775,-0.4319130608499433,0.9390440254752672,1.0,0.0,1.0,0.0,0.0
0.8437982873363414,-0.886182851752001,-0.4683811628464775,-0.4319130608499433,-0.5346752429814976,1.0,0.0,0.0,1.0,0.0
-1.5407005165534002,-0.26860933809498116,-0.4683811628464775,-0.4319130608499433,0.9319246087194373,1.0,0.0,0.0,0.0,1.0
-1.5407005165534002,-1.4265596762018933,0.46039739302523075,1.8291518126995099,1.7689646072977103,0.0,1.0,0.0,0.0,1.0
0.8437982873363414,-0.6545927841306185,-0.4683811628464775,-0.4319130608499433,-0.5143340522505554,1.0,0.0,0.0,1.0,0.0
0.8437982873363414,-0.886182851752001,-0.4683811628464775,-0.4319130608499433,-0.5143340522505554,0.0,1.0,0.0,0.0,1.0
0.8437982873363414,-0.11421595968072623,-0.4683811628464775,-0.4319130608499433,-0.5117059704081176,0.0,1.0,0.0,1.0,0.0
0.8437982873363414,-0.03701927047359876,2.317954504768647,0.6986193759247833,-0.22396355456635503,0.0,1.0,0.0,0.0,1.0
-0.3484511146085294,-0.4230027165092361,0.46039739302523075,1.8291518126995099,0.6501991170958875,1.0,0.0,0.0,0.0,1.0
0.8437982873363414,-0.8089861625448734,-0.4683811628464775,-0.4319130608499433,-0.5163681713236496,0.0,1.0,0.0,0.0,1.0
0.8437982873363414,0.8121443108048034,0.46039739302523075,6.351281559798417,0.282023564865833,0.0,1.0,0.0,0.0,1.0
0.8437982873363414,-0.1914126488878537,-0.4683811628464775,-0.4319130608499433,-0.5117059704081176,1.0,0.0,0.0,1.0,0.0
0.8437982873363414,0.040177418733528716,-0.4683811628464775,-0.4319130608499433,-0.49577271570857057,1.0,0.0,0.0,0.0,1.0
0.8437982873363414,-0.11421595968072623,-0.4683811628464775,-0.4319130608499433,-0.3770310148166953,1.0,0.0,0.0,0.0,1.0
-0.3484511146085294,-0.5001994057163636,-0.4683811628464775,-0.4319130608499433,-0.4075428009131086,0.0,1.0,0.0,0.0,1.0
0.8437982873363414,-1.1177729193733834,0.46039739302523075,0.6986193759247833,-0.5249277443832301,0.0,1.0,1.0,0.0,0.0
-0.3484511146085294,-1.8897398114446582,0.46039739302523075,1.8291518126995099,-0.1075102376317107,1.0,0.0,0.0,0.0,1.0
0.8437982873363414,-0.4230027165092361,-0.4683811628464775,-0.4319130608499433,-0.5134024257150782,0.0,1.0,0.0,0.0,1.0
0.8437982873363414,-1.4265596762018933,-0.4683811628464775,-0.4319130608499433,-0.28981815955778045,0.0,1.0,1.0,0.0,0.0
0.8437982873363414,-1.040576230166256,-0.4683811628464775,-0.4319130608499433,-0.5082316950312727,0.0,1.0,0.0,0.0,1.0
0.8437982873363414,-0.731789473337746,-0.4683811628464775,-0.4319130608499433,-0.5122145001763913,0.0,1.0,0.0,0.0,1.0
-0.3484511146085294,-2.2242562247859037,0.46039739302523075,0.6986193759247833,-0.3770310148166953,0.0,1.0,0.0,0.0,1.0
-0.3484511146085294,0.3489641755620386,-0.4683811628464775,-0.4319130608499433,-0.45839577774046425,1.0,0.0,0.0,0.0,1.0
0.8437982873363414,-0.11421595968072623,-0.4683811628464775,-0.4319130608499433,-0.5145883171346921,0.0,1.0,0.0,1.0,0.0
-0.3484511146085294,-0.8089861625448734,0.46039739302523075,0.6986193759247833,0.0755604789467694,0.0,1.0,0.0,0.0,1.0
0.8437982873363414,-0.11421595968072623,-0.4683811628464775,-0.4319130608499433,-0.5250131773843,1.0,0.0,1.0,0.0,0.0
0.8437982873363414,-0.11421595968072623,-0.4683811628464775,-0.4319130608499433,-0.511368306641984,0.0,1.0,0.0,0.0,1.0
0.8437982873363414,-0.11421595968072623,-0.4683811628464775,4.090216686248963,-0.15395527842767112,1.0,0.0,0.0,0.0,1.0
0.8437982873363414,0.11737410794065618,-0.4683811628464775,-0.4319130608499433,-0.5143340522505554,0.0,1.0,0.0,1.0,0.0
0.8437982873363414,0.9665376892190584,-0.4683811628464775,-0.4319130608499433,-0.5184022903967438,0.0,1.0,0.0,0.0,1.0
0.8437982873363414,-0.11421595968072623,-0.4683811628464775,-0.4319130608499433,-0.511368306641984,0.0,1.0,0.0,0.0,1.0
0.8437982873363414,-0.11421595968072623,-0.4683811628464775,-0.4319130608499433,-0.5115371385250508,0.0,1.0,0.0,0.0,1.0
0.8437982873363414,0.11737410794065618,-0.4683811628464775,-0.4319130608499433,-0.5146737501357621,0.0,1.0,0.0,1.0,0.0
0.8437982873363414,-0.5001994057163636,-0.4683811628464775,-0.4319130608499433,-0.5122145001763913,0.0,1.0,0.0,0.0,1.0
-0.3484511146085294,-1.3493629869947659,1.389175948896939,0.6986193759247833,0.12132815809138942,1.0,0.0,0.0,0.0,1.0
-0.3484511146085294,-0.26860933809498116,-0.4683811628464775,-0.4319130608499433,-0.3973722055476375,1.0,0.0,0.0,0.0,1.0
-0.3484511146085294,-1.040576230166256,-0.4683811628464775,-0.4319130608499433,-0.45839577774046425,0.0,1.0,0.0,0.0,1.0
0.8437982873363414,-0.26860933809498116,-0.4683811628464775,-0.4319130608499433,-0.5117059704081176,0.0,1.0,0.0,1.0,0.0
-1.5407005165534002,1.5841112028760782,1.389175948896939,-0.4319130608499433,2.046621860775072,0.0,1.0,0.0,0.0,1.0
0.8437982873363414,-0.8089861625448734,-0.4683811628464775,-0.4319130608499433,-0.6719782804153577,0.0,1.0,0.0,0.0,1.0
0.8437982873363414,-2.1213298790660406,0.46039739302523075,0.6986193759247833,-0.2608319627661878,1.0,0.0,0.0,0.0,1.0
-1.5407005165534002,0.4261608647691661,-0.4683811628464775,-0.4319130608499433,-0.1372592290757137,0.0,1.0,0.0,0.0,1.0
0.8437982873363414,-0.6545927841306185,-0.4683811628464775,-0.4319130608499433,-0.5146737501357621,0.0,1.0,0.0,1.0,0.0
0.8437982873363414,-0.11421595968072623,6.961847284127188,1.8291518126995099,0.7427515349216746,0.0,1.0,0.0,0.0,1.0
-1.5407005165534002,0.889341000011931,-0.4683811628464775,-0.4319130608499433,2.0639118728963726,1.0,0.0,1.0,0.0,0.0
-0.3484511146085294,0.040177418733528716,-0.4683811628464775,-0.4319130608499433,-0.45839577774046425,0.0,1.0,0.0,0.0,1.0
0.8437982873363414,0.4261608647691661,-0.4683811628464775,-0.4319130608499433,-0.5270472964573942,0.0,1.0,0.0,0.0,1.0
0.8437982873363414,-1.1949696085805108,-0.4683811628464775,-0.4319130608499433,-0.5122145001763913,1.0,0.0,0.0,0.0,1.0
0.8437982873363414,-0.11421595968072623,-0.4683811628464775,-0.4319130608499433,-0.511368306641984,0.0,1.0,1.0,0.0,0.0
0.8437982873363414,-0.34580602730210863,-0.4683811628464775,-0.4319130608499433,-0.5163681713236496,0.0,1.0,0.0,0.0,1.0
-1.5407005165534002,-0.03701927047359876,-0.4683811628464775,-0.4319130608499433,3.626878115685147,1.0,0.0,0.0,0.0,1.0
0.8437982873363414,-0.11421595968072623,-0.4683811628464775,-0.4319130608499433,-0.47873696847140645,0.0,1.0,0.0,0.0,1.0
0.8437982873363414,-0.11421595968072623,-0.4683811628464775,-0.4319130608499433,-0.18073852426310277,0.0,1.0,0.0,1.0,0.0
0.8437982873363414,-2.044133189858913,3.2467330606403557,1.8291518126995099,-0.03351915634790835,0.0,1.0,0.0,0.0,1.0
0.8437982873363414,-0.6545927841306185,-0.4683811628464775,-0.4319130608499433,-0.5004349166241026,0.0,1.0,0.0,0.0,1.0
0.8437982873363414,-0.03701927047359876,-0.4683811628464775,-0.4319130608499433,-0.5122145001763913,0.0,1.0,0.0,0.0,1.0
