SK_ID_CURR,actual,predicted,probability_class_1
396899,0,0,0.0
322041,0,0,0.0
220127,0,1,1.0
251531,0,1,1.0
345558,0,0,0.0
251419,0,0,0.0
433604,0,0,0.0
268026,0,0,0.0
218614,0,1,1.0
394494,1,0,0.0
317152,0,0,0.0
283503,0,0,0.0
423786,0,0,0.0
384173,0,0,0.0
181767,0,0,0.0
421714,0,0,0.0
144778,0,1,1.0
126190,0,0,0.0
153287,0,0,0.0
410121,0,0,0.0
127514,0,0,0.0
342485,0,0,0.0
189919,0,0,0.0
377920,0,1,1.0
249019,0,0,0.0
406911,0,0,0.0
253144,0,0,0.0
448406,0,0,0.0
240417,0,0,0.0
265348,0,0,0.0
420691,0,0,0.0
449490,0,0,0.0
208491,0,0,0.0
329639,0,0,0.0
436053,0,1,1.0
155172,0,1,1.0
272065,0,1,1.0
221899,0,0,0.0
263977,0,0,0.0
408451,0,0,0.0
123333,0,0,0.0
203949,0,0,0.0
112457,0,0,0.0
179429,0,0,0.0
111773,0,0,0.0
261753,0,0,0.0
266559,0,0,0.0
443433,0,0,0.0
413440,0,0,0.0
326378,0,0,0.0
154190,0,0,0.0
270238,0,0,0.0
249893,0,0,0.0
117020,0,0,0.0
306428,0,0,0.0
119882,0,0,0.0
363647,0,0,0.0
118311,0,0,0.0
152261,0,0,0.0
408541,0,0,0.0
170656,0,0,0.0
448392,0,0,0.0
370041,0,0,0.0
281928,1,1,1.0
295467,0,0,0.0
414450,1,0,0.0
356788,0,0,0.0
456244,0,0,0.0
184322,0,0,0.0
349385,0,0,0.0
447129,1,1,1.0
401571,0,0,0.0
300307,0,0,0.0
319206,0,0,0.0
351153,0,0,0.0
215089,0,0,0.0
155938,0,0,0.0
187959,0,0,0.0
255038,0,0,0.0
318285,0,0,0.0
316811,0,0,0.0
395003,0,0,0.0
328533,0,0,0.0
178549,0,0,0.0
223754,0,0,0.0
372969,0,1,1.0
156496,0,0,0.0
116054,0,0,0.0
270339,0,0,0.0
250898,0,0,0.0
233559,0,0,0.0
118970,0,0,0.0
293029,0,1,1.0
327011,0,0,0.0
100730,0,0,0.0
251241,0,0,0.0
282922,0,0,0.0
155358,0,0,0.0
376757,0,1,1.0
339784,1,0,0.0
437609,1,0,0.0
411375,0,1,1.0
308960,0,0,0.0
248218,0,0,0.0
224443,0,0,0.0
390340,0,0,0.0
407758,0,1,1.0
324518,0,1,1.0
341529,0,0,0.0
103587,0,0,0.0
217773,0,0,0.0
142021,0,0,0.0
162581,0,0,0.0
370308,0,0,0.0
387469,0,0,0.0
163805,0,0,0.0
136502,0,0,0.0
405868,0,0,0.0
264828,0,0,0.0
131066,0,0,0.0
242214,0,0,0.0
171577,0,0,0.0
451461,0,0,0.0
269580,0,0,0.0
217571,1,0,0.0
308497,0,0,0.0
183838,0,0,0.0
331021,0,0,0.0
200264,0,0,0.0
396044,0,1,1.0
438161,0,0,0.0
368675,0,0,0.0
200635,0,0,0.0
214259,0,0,0.0
397839,0,0,0.0
359635,0,0,0.0
115543,0,0,0.0
401776,0,0,0.0
421559,1,0,0.0
102801,0,0,0.0
199942,0,0,0.0
390614,0,0,0.0
171842,0,0,0.0
180022,0,0,0.0
439138,0,0,0.0
430363,0,0,0.0
374895,0,0,0.0
369060,0,0,0.0
438625,0,0,0.0
243479,1,0,0.0
214726,0,0,0.0
214133,0,0,0.0
304302,0,0,0.0
355331,0,1,1.0
187323,0,0,0.0
409151,0,0,0.0
113070,0,0,0.0
232944,0,0,0.0
243200,0,0,0.0
275909,0,0,0.0
357979,0,0,0.0
455460,0,0,0.0
399318,0,0,0.0
221044,0,0,0.0
117890,0,0,0.0
203688,0,0,0.0
362048,0,0,0.0
241000,0,0,0.0
189840,0,0,0.0
107776,0,0,0.0
429068,0,0,0.0
220962,0,0,0.0
404631,0,0,0.0
118802,0,0,0.0
400386,0,0,0.0
260131,0,0,0.0
388419,0,0,0.0
380403,0,0,0.0
247192,0,0,0.0
197602,0,0,0.0
229824,0,0,0.0
257503,0,1,1.0
219505,0,0,0.0
274533,0,0,0.0
260922,0,0,0.0
114659,0,0,0.0
430050,1,0,0.0
285344,0,1,1.0
380379,0,0,0.0
133959,1,1,1.0
229833,0,0,0.0
411221,0,0,0.0
201779,0,0,0.0
215672,0,0,0.0
266001,0,0,0.0
191623,1,0,0.0
407642,0,0,0.0
371675,0,0,0.0
420025,0,0,0.0
230913,0,0,0.0
314715,1,1,1.0
199987,0,0,0.0
244509,0,1,1.0
117866,0,0,0.0
138624,0,0,0.0
105076,0,0,0.0
151505,0,0,0.0
313271,0,0,0.0
160219,0,0,0.0
104124,0,0,0.0
420164,0,0,0.0
407222,0,0,0.0
362359,0,0,0.0
351236,0,0,0.0
157421,0,1,1.0
429886,0,0,0.0
327848,0,0,0.0
307190,0,0,0.0
372652,0,0,0.0
174034,0,0,0.0
156767,0,0,0.0
235857,0,0,0.0
341995,0,1,1.0
227454,0,0,0.0
407564,0,0,0.0
261790,0,0,0.0
208710,0,0,0.0
168953,0,1,1.0
169657,0,0,0.0
326216,0,0,0.0
194615,0,0,0.0
453617,0,0,0.0
356878,0,0,0.0
222416,0,1,1.0
262596,0,0,0.0
241659,0,1,1.0
290452,0,0,0.0
405561,1,0,0.0
228156,0,0,0.0
199193,0,0,0.0
187055,0,0,0.0
147687,0,0,0.0
450406,1,0,0.0
136718,0,1,1.0
399005,0,0,0.0
313605,0,0,0.0
355065,0,0,0.0
244149,0,0,0.0
363126,1,0,0.0
223868,0,0,0.0
411680,0,0,0.0
302468,0,0,0.0
268837,0,0,0.0
299043,0,0,0.0
217591,0,1,1.0
416003,0,0,0.0
366343,0,0,0.0
121904,0,0,0.0
417040,0,1,1.0
187449,1,0,0.0
113428,0,0,0.0
164968,0,0,0.0
162070,0,0,0.0
166914,0,0,0.0
403532,0,0,0.0
436114,1,0,0.0
342655,0,0,0.0
205501,0,0,0.0
407157,0,0,0.0
411393,0,0,0.0
394795,0,0,0.0
234339,0,0,0.0
265761,0,0,0.0
115645,1,1,1.0
324503,0,1,1.0
182877,0,0,0.0
382475,1,1,1.0
397499,0,0,0.0
185530,0,0,0.0
320081,0,1,1.0
253115,0,0,0.0
380114,0,0,0.0
240055,0,0,0.0
107083,0,0,0.0
422717,0,0,0.0
269901,1,1,1.0
300141,0,0,0.0
146921,0,0,0.0
283913,0,0,0.0
245040,0,0,0.0
166347,0,0,0.0
297074,0,0,0.0
418563,0,0,0.0
301742,0,0,0.0
240659,0,0,0.0
190546,0,0,0.0
169973,0,0,0.0
296668,0,0,0.0
361658,0,0,0.0
362897,0,1,1.0
100098,0,0,0.0
443747,1,0,0.0
292566,0,0,0.0
146894,0,1,1.0
271185,0,0,0.0
273057,0,0,0.0
449320,0,0,0.0
399559,1,0,0.0
163293,0,0,0.0
302076,0,1,1.0
337834,0,0,0.0
116353,0,0,0.0
349540,0,0,0.0
355845,0,0,0.0
437919,0,0,0.0
222007,1,0,0.0
411359,0,0,0.0
206470,0,0,0.0
388901,0,1,1.0
339223,0,0,0.0
164304,0,0,0.0
449249,0,0,0.0
217410,0,0,0.0
158728,0,0,0.0
135512,0,1,1.0
305328,0,1,1.0
175037,0,0,0.0
217814,0,0,0.0
331962,0,0,0.0
398864,0,0,0.0
299843,0,0,0.0
235477,1,0,0.0
249701,0,0,0.0
240272,0,0,0.0
404236,0,0,0.0
348713,1,0,0.0
352377,0,0,0.0
285191,0,0,0.0
362008,0,0,0.0
304400,0,0,0.0
259096,0,1,1.0
208850,0,0,0.0
215491,0,0,0.0
205785,0,1,1.0
349358,0,0,0.0
372130,0,0,0.0
323104,0,0,0.0
310617,1,0,0.0
107783,0,0,0.0
198637,0,0,0.0
244738,0,0,0.0
248057,0,0,0.0
178734,0,0,0.0
351343,0,0,0.0
241009,0,0,0.0
100593,0,0,0.0
156462,0,0,0.0
273851,0,0,0.0
371505,0,0,0.0
429884,1,0,0.0
213900,0,0,0.0
179964,0,0,0.0
453654,0,0,0.0
192404,0,0,0.0
276623,0,0,0.0
382930,0,1,1.0
311581,0,0,0.0
413901,0,0,0.0
391101,0,0,0.0
432802,0,1,1.0
260705,0,0,0.0
287269,0,0,0.0
387725,0,0,0.0
259330,0,0,0.0
297612,0,0,0.0
314170,0,0,0.0
153672,0,0,0.0
132627,0,0,0.0
305799,0,0,0.0
351821,0,0,0.0
387699,0,0,0.0
307622,0,0,0.0
300916,0,1,1.0
159738,0,0,0.0
428013,0,0,0.0
128431,0,0,0.0
162591,0,0,0.0
195099,0,1,1.0
356200,0,0,0.0
448628,0,1,1.0
328353,0,0,0.0
454615,0,0,0.0
239539,0,0,0.0
330966,0,0,0.0
301896,0,0,0.0
133983,0,0,0.0
292900,0,0,0.0
271798,0,0,0.0
370653,0,0,0.0
414808,0,0,0.0
409612,0,0,0.0
172603,0,0,0.0
360848,1,1,1.0
386068,0,0,0.0
270105,0,0,0.0
361641,0,0,0.0
189569,0,0,0.0
399795,0,0,0.0
397287,1,0,0.0
260603,0,0,0.0
223963,0,0,0.0
322513,0,0,0.0
367599,0,0,0.0
187385,0,0,0.0
302551,0,0,0.0
386024,0,0,0.0
287111,0,0,0.0
180395,0,1,1.0
418246,0,0,0.0
103972,0,0,0.0
292616,0,0,0.0
141633,0,0,0.0
196025,0,1,1.0
150777,0,0,0.0
394118,0,0,0.0
392274,0,0,0.0
357435,0,1,1.0
401567,0,1,1.0
432142,0,0,0.0
325671,0,0,0.0
310365,0,0,0.0
264633,0,0,0.0
108307,1,0,0.0
447918,0,0,0.0
264607,0,0,0.0
292696,0,0,0.0
273491,0,1,1.0
196151,0,0,0.0
225365,0,0,0.0
368936,0,1,1.0
107900,0,0,0.0
167141,0,0,0.0
385181,0,0,0.0
396108,0,0,0.0
426947,0,0,0.0
228261,0,0,0.0
208325,0,0,0.0
151820,0,0,0.0
316960,1,0,0.0
201288,0,1,1.0
231153,0,0,0.0
233148,0,0,0.0
250414,0,0,0.0
409128,0,0,0.0
151123,0,0,0.0
168878,0,1,1.0
392248,0,0,0.0
417113,0,0,0.0
111443,0,0,0.0
228042,0,0,0.0
215610,0,1,1.0
186687,0,0,0.0
226491,1,0,0.0
168917,0,0,0.0
394547,0,0,0.0
240352,0,0,0.0
384197,0,0,0.0
123978,0,0,0.0
215580,0,0,0.0
288410,0,0,0.0
294211,0,0,0.0
142920,1,0,0.0
368301,0,0,0.0
261022,0,0,0.0
246961,0,0,0.0
211092,0,0,0.0
325773,0,0,0.0
238790,0,0,0.0
226796,0,0,0.0
426686,1,1,1.0
281903,0,0,0.0
272369,0,0,0.0
302660,0,0,0.0
197048,0,0,0.0
281617,0,0,0.0
412892,0,0,0.0
299667,1,0,0.0
174302,0,0,0.0
118649,0,0,0.0
322545,1,0,0.0
212760,0,0,0.0
383330,0,0,0.0
406270,0,0,0.0
349489,0,0,0.0
165615,0,1,1.0
324927,0,0,0.0
396347,0,1,1.0
264468,0,0,0.0
278572,0,0,0.0
250983,0,0,0.0
188840,0,0,0.0
305470,0,0,0.0
361482,0,0,0.0
282248,1,0,0.0
427273,1,0,0.0
135970,0,0,0.0
334179,0,0,0.0
236046,1,0,0.0
130040,0,0,0.0
112464,0,0,0.0
235239,0,0,0.0
142865,0,0,0.0
202799,0,0,0.0
281535,0,0,0.0
361835,0,1,1.0
165916,0,0,0.0
279665,0,0,0.0
305432,0,0,0.0
284385,0,1,1.0
443055,0,0,0.0
138846,0,0,0.0
180595,0,0,0.0
285504,0,0,0.0
117465,0,0,0.0
264878,0,0,0.0
149798,0,0,0.0
248107,0,0,0.0
224903,0,0,0.0
223747,0,0,0.0
122487,0,0,0.0
320125,0,0,0.0
362968,0,0,0.0
190093,0,0,0.0
351242,0,0,0.0
148140,0,0,0.0
188815,0,0,0.0
298927,1,0,0.0
388887,0,0,0.0
132824,1,0,0.0
314903,0,0,0.0
448077,0,0,0.0
295043,0,0,0.0
184181,0,0,0.0
105402,0,0,0.0
193894,0,0,0.0
442791,0,0,0.0
161428,0,0,0.0
265615,1,0,0.0
306837,0,0,0.0
218400,0,0,0.0
245333,0,0,0.0
296928,0,0,0.0
136192,0,0,0.0
293660,0,0,0.0
317333,0,0,0.0
418181,0,0,0.0
241869,0,0,0.0
193741,0,0,0.0
268511,0,0,0.0
376481,0,0,0.0
222080,0,0,0.0
156452,0,0,0.0
331773,0,0,0.0
402432,0,0,0.0
300905,0,0,0.0
351881,0,0,0.0
305381,0,0,0.0
327795,0,0,0.0
410733,0,0,0.0
166492,0,0,0.0
225093,0,0,0.0
162644,0,0,0.0
253902,0,0,0.0
184170,0,0,0.0
334118,0,0,0.0
402222,1,0,0.0
138002,0,0,0.0
236020,0,0,0.0
285197,0,0,0.0
137528,0,0,0.0
111909,0,0,0.0
449064,0,0,0.0
419369,0,1,1.0
304832,0,0,0.0
409625,0,0,0.0
170320,1,0,0.0
108678,0,0,0.0
205701,0,1,1.0
338611,1,0,0.0
104212,0,0,0.0
104807,1,1,1.0
344130,0,0,0.0
208937,0,0,0.0
114865,0,0,0.0
225068,0,1,1.0
216155,0,0,0.0
313098,0,0,0.0
384344,0,0,0.0
431998,0,0,0.0
405911,0,0,0.0
358618,0,0,0.0
247720,0,0,0.0
273484,0,0,0.0
419402,1,0,0.0
404666,0,0,0.0
119123,0,0,0.0
112158,1,0,0.0
261375,0,0,0.0
169687,0,0,0.0
387651,0,0,0.0
328600,0,0,0.0
120297,0,0,0.0
249734,0,0,0.0
397786,0,0,0.0
358195,0,1,1.0
221239,0,1,1.0
386035,0,0,0.0
389263,0,0,0.0
176173,0,0,0.0
291604,0,0,0.0
354583,0,0,0.0
184684,0,0,0.0
427117,0,0,0.0
225390,0,0,0.0
229849,0,1,1.0
373111,0,0,0.0
130631,1,0,0.0
406395,0,0,0.0
220543,0,0,0.0
140059,0,0,0.0
406055,0,0,0.0
206436,0,0,0.0
217918,0,0,0.0
199063,1,0,0.0
149603,0,0,0.0
333862,0,0,0.0
110059,0,0,0.0
236428,1,0,0.0
305588,0,0,0.0
388122,0,0,0.0
147679,0,0,0.0
258878,1,0,0.0
368817,0,0,0.0
214038,0,0,0.0
440070,0,0,0.0
423581,0,0,0.0
374478,0,0,0.0
278496,0,0,0.0
319042,1,0,0.0
179495,0,0,0.0
231114,0,0,0.0
160712,0,0,0.0
122109,0,0,0.0
323757,0,0,0.0
423992,0,0,0.0
214202,0,0,0.0
110801,0,0,0.0
114933,0,0,0.0
256648,0,0,0.0
229653,0,0,0.0
335614,0,0,0.0
160065,0,1,1.0
404726,1,0,0.0
430862,0,1,1.0
383122,0,0,0.0
442619,0,0,0.0
439375,0,0,0.0
362114,0,0,0.0
288519,0,0,0.0
375939,0,0,0.0
356317,0,0,0.0
256245,0,0,0.0
182252,0,0,0.0
419294,0,0,0.0
279537,0,0,0.0
407294,0,0,0.0
185259,0,0,0.0
298196,0,0,0.0
433903,0,0,0.0
405678,0,0,0.0
403227,0,0,0.0
153708,0,0,0.0
348602,0,0,0.0
323144,0,0,0.0
351333,0,0,0.0
267314,0,0,0.0
378085,0,0,0.0
454422,1,0,0.0
283673,0,0,0.0
227389,0,1,1.0
159676,0,0,0.0
224114,0,1,1.0
184746,0,0,0.0
425110,0,0,0.0
334797,0,0,0.0
123367,0,0,0.0
329947,0,0,0.0
394639,0,0,0.0
250287,0,0,0.0
342808,0,0,0.0
221801,0,0,0.0
208006,0,0,0.0
379659,0,0,0.0
113394,1,1,1.0
232740,0,0,0.0
356225,0,0,0.0
137332,1,1,1.0
348193,1,0,0.0
331463,1,1,1.0
110176,0,0,0.0
141117,0,0,0.0
335179,0,0,0.0
447716,0,0,0.0
269122,0,0,0.0
429374,0,0,0.0
425668,0,0,0.0
349466,0,0,0.0
246106,0,0,0.0
304854,0,0,0.0
379068,0,0,0.0
247429,0,0,0.0
365977,0,0,0.0
290460,0,0,0.0
259956,0,0,0.0
136649,0,0,0.0
400417,0,0,0.0
357474,0,0,0.0
373818,0,0,0.0
203831,0,0,0.0
275463,0,0,0.0
268724,0,0,0.0
185492,0,0,0.0
372093,0,0,0.0
225407,0,0,0.0
283447,0,0,0.0
189007,0,0,0.0
179362,0,0,0.0
208456,0,0,0.0
316413,0,0,0.0
161835,0,0,0.0
380642,0,0,0.0
415153,0,0,0.0
116494,0,0,0.0
232210,0,0,0.0
295127,0,0,0.0
187604,1,0,0.0
449986,0,0,0.0
129523,0,0,0.0
389687,1,0,0.0
424308,0,0,0.0
103100,0,0,0.0
169335,0,0,0.0
345217,0,0,0.0
148331,1,0,0.0
210443,0,0,0.0
300822,0,0,0.0
228686,0,0,0.0
177033,0,1,1.0
446395,0,0,0.0
245363,0,0,0.0
151825,0,0,0.0
272958,0,0,0.0
442142,0,0,0.0
102612,0,0,0.0
437293,0,0,0.0
395710,0,0,0.0
426414,0,0,0.0
293582,0,0,0.0
208408,0,0,0.0
115657,1,0,0.0
208838,0,0,0.0
157626,0,0,0.0
236217,0,0,0.0
206567,1,0,0.0
133948,0,1,1.0
433552,0,0,0.0
111287,0,0,0.0
454473,0,0,0.0
237946,0,0,0.0
429461,0,0,0.0
193393,0,1,1.0
392078,0,0,0.0
293147,0,0,0.0
176479,0,0,0.0
342538,0,0,0.0
255340,0,0,0.0
239892,0,0,0.0
275893,0,0,0.0
245677,0,0,0.0
147068,0,0,0.0
162370,0,0,0.0
256009,0,0,0.0
218523,0,0,0.0
343438,0,1,1.0
193880,0,0,0.0
140176,0,0,0.0
293865,0,0,0.0
287507,0,0,0.0
152805,1,0,0.0
378442,1,0,0.0
190432,0,0,0.0
303369,0,0,0.0
312369,0,0,0.0
420172,0,0,0.0
452003,0,0,0.0
211871,0,0,0.0
287709,0,0,0.0
148759,0,0,0.0
310815,0,1,1.0
278980,0,0,0.0
388462,0,0,0.0
156711,0,0,0.0
294505,1,0,0.0
205554,0,0,0.0
112642,0,0,0.0
231486,0,0,0.0
441066,0,0,0.0
221696,0,0,0.0
273139,0,0,0.0
369064,0,0,0.0
232199,0,0,0.0
176071,1,0,0.0
182365,0,0,0.0
296824,0,0,0.0
433141,0,1,1.0
242855,1,0,0.0
359274,0,1,1.0
431450,0,0,0.0
176489,0,0,0.0
232129,0,0,0.0
148454,0,0,0.0
450245,0,0,0.0
237021,0,1,1.0
254799,0,0,0.0
355479,0,0,0.0
302421,0,0,0.0
390942,0,0,0.0
109819,0,1,1.0
138956,0,0,0.0
446423,0,0,0.0
294107,0,0,0.0
163081,0,0,0.0
234390,0,0,0.0
209120,0,0,0.0
252823,0,0,0.0
379188,0,0,0.0
268172,0,0,0.0
317104,0,0,0.0
247724,0,0,0.0
152109,0,0,0.0
444924,0,0,0.0
285150,0,0,0.0
455713,0,0,0.0
454421,0,0,0.0
428460,0,0,0.0
234287,0,0,0.0
228106,0,0,0.0
214003,0,0,0.0
115127,0,0,0.0
275402,0,0,0.0
344907,0,0,0.0
207316,0,0,0.0
231709,1,0,0.0
393941,0,1,1.0
272481,0,0,0.0
284736,0,0,0.0
240564,0,0,0.0
219148,0,1,1.0
145743,0,1,1.0
107062,0,0,0.0
424875,0,0,0.0
102419,0,0,0.0
414418,0,0,0.0
156763,0,0,0.0
323513,0,0,0.0
256447,0,0,0.0
300934,0,0,0.0
422309,0,0,0.0
358502,1,0,0.0
327396,0,0,0.0
186673,1,0,0.0
381883,0,0,0.0
197346,1,0,0.0
170244,0,0,0.0
160206,0,0,0.0
314040,0,0,0.0
116911,0,0,0.0
151259,0,0,0.0
281578,0,0,0.0
347874,0,0,0.0
209809,0,0,0.0
260068,0,0,0.0
123980,0,0,0.0
255673,0,0,0.0
420101,0,0,0.0
193702,0,0,0.0
261927,0,0,0.0
381375,1,0,0.0
271680,0,0,0.0
128671,0,0,0.0
176792,0,0,0.0
412068,0,0,0.0
376365,0,0,0.0
340372,0,0,0.0
259895,0,1,1.0
422230,0,0,0.0
296380,0,1,1.0
112789,0,0,0.0
359464,0,0,0.0
311520,0,0,0.0
307226,0,0,0.0
405389,1,0,0.0
386649,0,0,0.0
219777,0,0,0.0
435815,0,0,0.0
170900,0,0,0.0
414141,0,1,1.0
186216,1,0,0.0
440581,0,0,0.0
371723,0,0,0.0
321260,1,0,0.0
229848,1,0,0.0
187256,0,0,0.0
188513,0,0,0.0
317405,1,0,0.0
427579,0,1,1.0
178278,0,0,0.0
262894,0,0,0.0
367964,0,0,0.0
404256,0,0,0.0
229004,1,0,0.0
326616,0,0,0.0
407311,0,0,0.0
448215,0,0,0.0
271976,0,0,0.0
239109,0,0,0.0
207453,0,0,0.0
225594,1,1,1.0
373503,1,0,0.0
277643,0,0,0.0
279292,0,0,0.0
120661,0,0,0.0
132069,0,0,0.0
162508,0,0,0.0
109651,1,1,1.0
359278,0,1,1.0
222645,0,0,0.0
408128,0,0,0.0
249619,0,1,1.0
202658,0,0,0.0
278712,0,0,0.0
111384,1,0,0.0
106097,0,0,0.0
282532,0,0,0.0
294984,0,0,0.0
374842,0,0,0.0
395534,0,1,1.0
403767,0,0,0.0
310539,0,0,0.0
147436,0,0,0.0
272547,0,0,0.0
239067,0,0,0.0
417202,0,0,0.0
247519,0,0,0.0
112001,0,0,0.0
112144,0,0,0.0
207983,0,0,0.0
404657,0,1,1.0
262642,0,0,0.0
295174,0,0,0.0
288166,0,0,0.0
304082,0,0,0.0
347669,0,0,0.0
222741,0,0,0.0
296079,0,0,0.0
166366,0,0,0.0
180525,0,0,0.0
302344,0,0,0.0
357189,0,0,0.0
452277,0,0,0.0
451034,0,0,0.0
441685,0,0,0.0
390537,0,0,0.0
201440,0,0,0.0
337104,0,0,0.0
350908,0,0,0.0
212038,0,0,0.0
177268,0,0,0.0
204234,0,0,0.0
253831,0,0,0.0
103131,0,0,0.0
159521,1,0,0.0
282245,0,0,0.0
421409,0,0,0.0
254369,0,0,0.0
102600,0,0,0.0
108465,0,0,0.0
242965,0,0,0.0
104554,0,0,0.0
356468,0,0,0.0
181645,0,0,0.0
395015,0,0,0.0
427318,0,0,0.0
312908,0,0,0.0
194688,0,0,0.0
302890,0,0,0.0
144830,0,0,0.0
152167,0,0,0.0
407897,0,0,0.0
348132,0,0,0.0
138023,0,1,1.0
342618,1,0,0.0
291639,0,0,0.0
141233,0,1,1.0
217716,0,0,0.0
212120,0,0,0.0
430463,0,0,0.0
147466,0,0,0.0
345224,0,0,0.0
330763,0,0,0.0
297940,0,0,0.0
143747,0,1,1.0
261176,1,0,0.0
146490,0,0,0.0
335710,0,0,0.0
438505,1,0,0.0
236055,0,0,0.0
262013,1,0,0.0
272666,0,0,0.0
385823,0,0,0.0
325532,0,0,0.0
216978,0,0,0.0
205710,0,0,0.0
282653,1,1,1.0
400453,0,0,0.0
117898,1,0,0.0
318869,0,1,1.0
338755,0,0,0.0
228688,0,0,0.0
436268,0,0,0.0
227995,0,0,0.0
346816,0,0,0.0
351315,0,0,0.0
341683,0,0,0.0
228118,0,0,0.0
125484,0,1,1.0
307307,1,0,0.0
347789,0,0,0.0
129300,0,0,0.0
253956,0,0,0.0
244145,0,0,0.0
391874,1,1,1.0
151281,0,0,0.0
123941,0,0,0.0
108999,0,0,0.0
192190,0,0,0.0
228982,0,0,0.0
272860,0,0,0.0
326377,1,0,0.0
278811,0,0,0.0
446236,1,0,0.0
338579,0,0,0.0
396741,0,0,0.0
415226,1,0,0.0
369783,0,0,0.0
203977,0,0,0.0
237897,1,0,0.0
319217,1,0,0.0
180157,0,0,0.0
352799,0,0,0.0
195364,0,0,0.0
270198,0,1,1.0
228857,0,0,0.0
452362,0,0,0.0
283289,0,0,0.0
262972,0,0,0.0
447957,0,0,0.0
310488,1,0,0.0
373764,0,0,0.0
100020,0,0,0.0
401807,0,0,0.0
244319,0,0,0.0
228584,0,0,0.0
102672,0,0,0.0
420217,0,0,0.0
376803,0,1,1.0
321525,0,0,0.0
402359,0,0,0.0
367201,0,1,1.0
273725,0,0,0.0
293986,0,0,0.0
455049,1,0,0.0
196321,0,0,0.0
375902,0,0,0.0
328309,0,0,0.0
335041,0,0,0.0
335516,0,0,0.0
296071,0,0,0.0
183496,0,1,1.0
360560,1,0,0.0
130646,0,0,0.0
321962,0,0,0.0
221915,0,0,0.0
244675,0,0,0.0
274494,0,0,0.0
297008,0,0,0.0
372650,1,0,0.0
134432,0,1,1.0
189322,0,0,0.0
349319,0,0,0.0
180749,0,0,0.0
112479,0,0,0.0
136910,0,0,0.0
309989,0,0,0.0
424876,0,0,0.0
116356,0,0,0.0
373614,0,0,0.0
335741,0,0,0.0
417082,0,0,0.0
106363,0,0,0.0
282198,0,0,0.0
392073,0,0,0.0
189724,0,0,0.0
153061,0,0,0.0
370147,1,0,0.0
102008,0,0,0.0
127075,0,0,0.0
428045,0,0,0.0
364305,0,0,0.0
276735,0,0,0.0
182369,0,0,0.0
377979,0,0,0.0
371798,0,0,0.0
375511,0,0,0.0
339177,0,0,0.0
385800,0,0,0.0
146469,0,0,0.0
227918,0,1,1.0
340763,0,0,0.0
152722,0,0,0.0
353283,0,0,0.0
164449,0,0,0.0
289779,0,0,0.0
181657,0,0,0.0
156065,0,1,1.0
276336,0,0,0.0
310415,0,0,0.0
133260,0,0,0.0
278435,0,0,0.0
451489,0,0,0.0
422656,0,0,0.0
165378,0,0,0.0
443886,0,0,0.0
259543,0,0,0.0
348015,0,0,0.0
112698,0,1,1.0
285152,1,0,0.0
203888,0,0,0.0
441625,0,0,0.0
205511,1,0,0.0
411431,0,0,0.0
134256,0,0,0.0
125026,0,0,0.0
244139,0,1,1.0
109415,0,1,1.0
141891,0,0,0.0
322853,0,0,0.0
192393,0,1,1.0
292223,0,0,0.0
408675,1,0,0.0
124544,1,0,0.0
240141,0,0,0.0
301250,0,0,0.0
401452,0,0,0.0
355314,0,0,0.0
375222,0,0,0.0
232117,0,0,0.0
432304,0,0,0.0
335353,0,0,0.0
220861,0,0,0.0
423358,0,0,0.0
387102,0,0,0.0
294179,0,0,0.0
315802,0,0,0.0
266612,0,0,0.0
186835,0,0,0.0
400028,0,0,0.0
230518,0,1,1.0
245395,0,1,1.0
365788,0,0,0.0
336672,0,0,0.0
336698,0,0,0.0
124471,0,0,0.0
190376,0,0,0.0
431690,0,0,0.0
427983,0,0,0.0
305333,0,0,0.0
179853,1,0,0.0
303323,1,1,1.0
102841,0,0,0.0
291650,0,0,0.0
204652,0,0,0.0
276504,0,0,0.0
176415,0,1,1.0
214764,1,0,0.0
131916,0,1,1.0
254410,0,0,0.0
177952,0,1,1.0
250751,0,0,0.0
218419,0,0,0.0
432361,0,1,1.0
301470,0,0,0.0
240235,0,0,0.0
304656,0,0,0.0
145443,0,0,0.0
104469,0,0,0.0
151534,0,0,0.0
118006,0,0,0.0
236238,0,0,0.0
423482,0,0,0.0
310632,0,0,0.0
263966,0,0,0.0
177619,0,0,0.0
399748,0,0,0.0
433285,0,1,1.0
242718,0,0,0.0
211352,0,0,0.0
258639,0,0,0.0
177648,1,1,1.0
342379,0,0,0.0
156258,0,1,1.0
117638,0,0,0.0
312085,0,0,0.0
396737,0,0,0.0
264839,0,0,0.0
285441,0,0,0.0
375989,0,0,0.0
344191,0,0,0.0
219394,0,0,0.0
134828,0,0,0.0
416473,0,0,0.0
114626,0,0,0.0
113011,0,0,0.0
334930,0,0,0.0
115445,0,0,0.0
243781,0,0,0.0
139692,0,0,0.0
268048,0,0,0.0
160802,0,0,0.0
234504,0,0,0.0
207025,0,0,0.0
282450,0,0,0.0
253647,0,0,0.0
434885,0,0,0.0
122963,0,0,0.0
234080,0,0,0.0
379772,0,0,0.0
354290,0,0,0.0
172848,0,1,1.0
115448,0,0,0.0
204712,0,0,0.0
289862,1,0,0.0
330628,1,0,0.0
341373,0,0,0.0
325827,0,0,0.0
402735,0,0,0.0
352835,0,0,0.0
229191,0,0,0.0
369690,0,1,1.0
266991,0,0,0.0
116663,0,0,0.0
147405,0,0,0.0
150934,0,0,0.0
371739,0,0,0.0
326171,0,0,0.0
453900,0,1,1.0
346491,0,0,0.0
350526,0,1,1.0
367122,0,0,0.0
113784,0,1,1.0
167531,0,0,0.0
294120,0,0,0.0
275737,0,0,0.0
333944,0,1,1.0
236706,0,0,0.0
451363,0,0,0.0
216994,0,0,0.0
121821,0,0,0.0
227672,0,1,1.0
156885,0,0,0.0
320283,0,0,0.0
244603,0,0,0.0
139753,0,0,0.0
236980,0,0,0.0
123848,0,0,0.0
367696,0,0,0.0
194954,0,0,0.0
209499,0,0,0.0
372661,0,0,0.0
111984,0,0,0.0
164478,0,0,0.0
178493,0,0,0.0
148658,0,0,0.0
448920,0,0,0.0
431645,0,0,0.0
305204,0,1,1.0
223929,0,0,0.0
205490,0,0,0.0
113333,0,0,0.0
376372,0,0,0.0
418650,0,0,0.0
108343,0,0,0.0
258684,0,0,0.0
212043,0,1,1.0
326246,0,1,1.0
104328,0,0,0.0
258598,0,0,0.0
402023,0,0,0.0
252779,0,0,0.0
311185,0,0,0.0
309641,0,0,0.0
315313,0,0,0.0
444029,0,0,0.0
126673,0,0,0.0
245609,0,0,0.0
400178,0,0,0.0
214812,0,0,0.0
398421,0,0,0.0
266598,0,0,0.0
302111,0,0,0.0
356270,0,0,0.0
194297,0,0,0.0
411598,0,0,0.0
230294,0,0,0.0
254797,1,0,0.0
388599,0,0,0.0
296737,0,0,0.0
235331,0,0,0.0
228906,0,0,0.0
422994,1,0,0.0
349649,0,0,0.0
137106,0,0,0.0
142076,0,0,0.0
423224,0,0,0.0
164168,0,0,0.0
197287,0,0,0.0
276786,0,0,0.0
267840,0,0,0.0
399910,0,0,0.0
278706,0,0,0.0
176157,0,0,0.0
130117,0,0,0.0
104800,1,0,0.0
215190,0,0,0.0
390083,0,0,0.0
224436,0,0,0.0
390440,0,0,0.0
229521,0,0,0.0
299890,0,0,0.0
384272,0,0,0.0
113969,0,0,0.0
171527,0,0,0.0
145093,0,0,0.0
193940,0,0,0.0
218409,0,0,0.0
227999,0,0,0.0
425614,1,0,0.0
411550,0,0,0.0
124428,0,0,0.0
246288,0,0,0.0
173965,0,0,0.0
220410,0,0,0.0
189367,0,0,0.0
301144,0,0,0.0
204302,0,0,0.0
147867,1,1,1.0
338650,0,1,1.0
187116,0,0,0.0
200562,0,0,0.0
199780,0,0,0.0
266496,0,0,0.0
221497,0,0,0.0
208329,0,0,0.0
204761,1,0,0.0
423023,0,0,0.0
183168,0,0,0.0
300425,0,0,0.0
144771,0,0,0.0
308595,0,0,0.0
209130,0,0,0.0
436162,0,0,0.0
299861,0,0,0.0
118988,0,1,1.0
218628,0,0,0.0
123930,0,0,0.0
395646,0,0,0.0
455717,0,0,0.0
122371,0,0,0.0
300864,0,0,0.0
206017,0,0,0.0
400007,0,0,0.0
116564,0,0,0.0
209905,0,0,0.0
159393,1,0,0.0
298191,0,0,0.0
354855,0,0,0.0
395582,0,0,0.0
119122,0,0,0.0
218134,0,0,0.0
197993,0,0,0.0
305166,0,0,0.0
165398,0,0,0.0
383100,0,1,1.0
305071,0,0,0.0
324629,0,0,0.0
231974,0,0,0.0
127890,0,0,0.0
216100,1,0,0.0
284712,0,0,0.0
159417,0,0,0.0
215917,0,0,0.0
375027,0,0,0.0
383929,1,0,0.0
266682,0,0,0.0
215547,0,1,1.0
334514,1,0,0.0
317416,1,0,0.0
325748,0,0,0.0
214221,0,1,1.0
235486,0,0,0.0
317128,0,0,0.0
304871,0,0,0.0
223107,0,0,0.0
328673,0,0,0.0
269310,0,0,0.0
443950,0,0,0.0
303736,0,0,0.0
440318,0,1,1.0
274123,0,0,0.0
378229,0,0,0.0
207912,0,0,0.0
243710,0,0,0.0
375467,0,0,0.0
196241,0,0,0.0
243367,0,0,0.0
221049,0,0,0.0
307361,0,1,1.0
419781,0,0,0.0
347191,0,0,0.0
419364,0,0,0.0
384541,0,0,0.0
417013,0,0,0.0
344592,0,0,0.0
359356,1,0,0.0
256088,0,0,0.0
148351,0,1,1.0
185197,0,0,0.0
325509,0,0,0.0
180675,0,1,1.0
439838,0,0,0.0
421473,0,0,0.0
133836,0,0,0.0
296486,0,0,0.0
172193,0,1,1.0
314630,0,0,0.0
124034,0,0,0.0
288874,0,0,0.0
149180,0,0,0.0
367166,0,0,0.0
413507,0,0,0.0
377222,0,0,0.0
191752,0,0,0.0
380316,0,0,0.0
393799,0,0,0.0
136568,0,0,0.0
379401,0,0,0.0
358722,0,0,0.0
418905,0,0,0.0
106700,0,0,0.0
307287,0,0,0.0
249926,0,0,0.0
219162,0,0,0.0
386105,0,0,0.0
190150,0,0,0.0
159451,0,1,1.0
227565,0,0,0.0
374419,0,0,0.0
171406,0,0,0.0
455710,0,0,0.0
242198,0,0,0.0
177027,0,0,0.0
259108,0,0,0.0
453792,0,0,0.0
146985,0,0,0.0
217161,0,0,0.0
418500,0,0,0.0
436588,0,0,0.0
167618,0,0,0.0
294077,0,0,0.0
234344,0,0,0.0
136435,0,0,0.0
403345,0,1,1.0
155609,0,0,0.0
193109,1,0,0.0
151284,0,0,0.0
241584,0,0,0.0
407775,0,0,0.0
189596,0,0,0.0
272677,1,0,0.0
269820,0,0,0.0
247879,0,0,0.0
231853,0,0,0.0
136363,0,0,0.0
282713,0,0,0.0
212563,0,0,0.0
392318,0,0,0.0
388742,0,0,0.0
417124,0,0,0.0
285627,0,0,0.0
277126,0,0,0.0
228788,0,0,0.0
105272,0,1,1.0
218871,0,0,0.0
183800,0,0,0.0
182904,0,0,0.0
341303,0,0,0.0
341480,0,0,0.0
193796,0,0,0.0
199051,0,0,0.0
212477,0,0,0.0
427569,0,0,0.0
395954,0,0,0.0
256489,0,0,0.0
303956,0,0,0.0
190004,0,1,1.0
427875,0,1,1.0
261081,0,0,0.0
127815,0,0,0.0
241089,1,0,0.0
306755,0,0,0.0
150232,0,0,0.0
181376,0,0,0.0
422818,0,0,0.0
212526,0,0,0.0
318423,0,0,0.0
223986,0,0,0.0
196539,0,0,0.0
446794,0,0,0.0
333994,0,0,0.0
442094,0,0,0.0
203655,0,0,0.0
101110,0,0,0.0
251960,0,0,0.0
286234,0,0,0.0
108805,0,0,0.0
332916,0,0,0.0
236036,0,1,1.0
323992,0,0,0.0
350658,0,0,0.0
192465,0,0,0.0
223362,1,0,0.0
209863,0,0,0.0
321101,0,0,0.0
166199,0,0,0.0
434455,0,0,0.0
443000,1,0,0.0
172675,0,0,0.0
375782,0,0,0.0
363515,0,0,0.0
130611,0,0,0.0
232272,0,0,0.0
225160,0,0,0.0
161938,0,0,0.0
242076,0,0,0.0
250259,0,0,0.0
183206,0,0,0.0
348693,0,0,0.0
202784,0,0,0.0
113779,0,0,0.0
142632,0,0,0.0
205156,0,0,0.0
173758,0,0,0.0
346561,0,0,0.0
189778,0,1,1.0
267654,0,0,0.0
445122,0,1,1.0
247751,0,0,0.0
387830,0,1,1.0
384217,0,0,0.0
271812,0,0,0.0
299735,0,0,0.0
230149,0,0,0.0
291307,0,0,0.0
228450,0,0,0.0
335244,0,1,1.0
143337,0,0,0.0
139859,0,0,0.0
188902,0,0,0.0
197361,0,0,0.0
356173,0,0,0.0
375720,0,0,0.0
281348,0,0,0.0
207031,0,0,0.0
187911,0,0,0.0
327844,0,0,0.0
104912,0,0,0.0
334067,0,0,0.0
179730,0,0,0.0
218436,0,0,0.0
180268,0,0,0.0
382743,0,0,0.0
315708,0,0,0.0
438550,0,0,0.0
430254,0,0,0.0
179131,0,0,0.0
338949,1,0,0.0
175397,0,0,0.0
411622,0,0,0.0
241405,0,1,1.0
310179,0,0,0.0
166741,0,0,0.0
233473,0,0,0.0
321450,0,0,0.0
240145,0,0,0.0
220697,0,0,0.0
165637,0,0,0.0
421226,0,0,0.0
103917,1,0,0.0
357173,0,0,0.0
256868,0,0,0.0
100182,0,0,0.0
361667,0,0,0.0
356701,0,0,0.0
258235,0,0,0.0
374367,1,0,0.0
118129,0,0,0.0
193965,0,0,0.0
226248,0,0,0.0
455858,0,0,0.0
249363,0,0,0.0
410583,0,0,0.0
313094,0,0,0.0
397840,0,0,0.0
202440,0,0,0.0
292804,0,0,0.0
279459,0,0,0.0
181681,0,0,0.0
107905,0,0,0.0
218132,0,0,0.0
409887,0,0,0.0
399480,0,0,0.0
198031,0,1,1.0
224851,0,0,0.0
330589,0,0,0.0
196225,0,0,0.0
266986,0,0,0.0
282562,0,0,0.0
311383,0,1,1.0
309184,0,1,1.0
263835,0,0,0.0
265916,0,0,0.0
365315,0,0,0.0
268146,0,0,0.0
163424,0,0,0.0
278160,0,0,0.0
148594,0,0,0.0
446491,0,0,0.0
206286,0,0,0.0
455964,1,0,0.0
303358,0,0,0.0
334151,0,0,0.0
103706,0,0,0.0
386102,0,0,0.0
439881,0,0,0.0
291712,0,0,0.0
357443,0,0,0.0
373797,0,0,0.0
124204,0,0,0.0
392449,0,0,0.0
249361,0,0,0.0
417562,0,0,0.0
374570,0,0,0.0
422109,0,0,0.0
100284,0,0,0.0
168757,0,0,0.0
179521,1,0,0.0
386266,0,0,0.0
349026,0,0,0.0
422938,0,0,0.0
129572,0,0,0.0
129138,0,1,1.0
103579,0,0,0.0
229378,0,0,0.0
430385,0,0,0.0
358128,0,1,1.0
335306,0,0,0.0
421793,0,0,0.0
392539,0,0,0.0
170912,0,0,0.0
357202,0,1,1.0
455304,0,0,0.0
134073,0,0,0.0
385675,0,0,0.0
399744,0,0,0.0
125435,0,0,0.0
416652,1,0,0.0
151076,0,0,0.0
127837,0,0,0.0
290764,0,0,0.0
292113,0,0,0.0
173735,0,1,1.0
361363,0,0,0.0
345089,0,0,0.0
284696,0,0,0.0
367603,0,0,0.0
290096,0,0,0.0
369501,0,0,0.0
371263,0,0,0.0
385882,1,0,0.0
428934,0,1,1.0
392242,0,0,0.0
131879,0,0,0.0
352424,0,0,0.0
322891,0,0,0.0
150150,0,0,0.0
276700,0,0,0.0
232594,0,0,0.0
133828,0,0,0.0
314996,0,1,1.0
270742,0,0,0.0
202648,0,0,0.0
300838,0,0,0.0
343682,0,1,1.0
350229,0,0,0.0
259719,0,0,0.0
339969,0,0,0.0
240162,0,0,0.0
227154,0,0,0.0
160037,0,1,1.0
125150,0,0,0.0
356590,0,0,0.0
325456,1,0,0.0
120689,1,0,0.0
168833,0,0,0.0
330950,0,0,0.0
183026,0,0,0.0
381517,1,0,0.0
237365,0,0,0.0
424509,0,0,0.0
299945,0,0,0.0
332530,0,0,0.0
408699,0,0,0.0
282838,0,0,0.0
296948,0,0,0.0
148875,0,0,0.0
282407,0,0,0.0
177206,0,0,0.0
178183,0,0,0.0
423524,0,1,1.0
174332,1,0,0.0
162765,0,0,0.0
205487,0,0,0.0
307437,0,0,0.0
190964,0,0,0.0
140346,0,0,0.0
450841,0,0,0.0
256327,0,0,0.0
234959,0,0,0.0
428883,0,0,0.0
212589,0,0,0.0
439635,0,0,0.0
278865,0,0,0.0
230793,0,0,0.0
455554,0,0,0.0
154697,0,0,0.0
168648,0,0,0.0
114325,0,0,0.0
118258,0,0,0.0
220023,0,0,0.0
213831,0,0,0.0
134713,0,0,0.0
436785,0,0,0.0
217373,1,0,0.0
409650,0,0,0.0
124883,0,0,0.0
265574,0,0,0.0
120610,0,0,0.0
406309,0,0,0.0
283850,0,0,0.0
131119,0,0,0.0
421238,0,0,0.0
292305,1,1,1.0
247881,0,1,1.0
208318,0,0,0.0
369836,0,1,1.0
174200,0,0,0.0
143980,0,0,0.0
293651,0,0,0.0
177358,0,0,0.0
283554,0,0,0.0
101344,0,1,1.0
170443,0,0,0.0
149370,1,0,0.0
381170,0,0,0.0
402510,0,0,0.0
399782,0,0,0.0
297977,0,0,0.0
379612,0,0,0.0
256733,0,0,0.0
282572,0,0,0.0
287284,0,0,0.0
396529,1,0,0.0
406764,0,0,0.0
245649,1,0,0.0
198382,0,0,0.0
183722,0,0,0.0
448304,0,0,0.0
156545,0,0,0.0
115967,0,0,0.0
389602,0,1,1.0
304515,0,0,0.0
181199,1,1,1.0
164277,0,0,0.0
309470,0,1,1.0
288747,0,0,0.0
234940,0,0,0.0
186058,0,0,0.0
196615,0,0,0.0
378633,0,0,0.0
182642,0,0,0.0
356111,1,0,0.0
290287,0,0,0.0
451738,0,0,0.0
183754,0,0,0.0
217495,0,0,0.0
212367,0,0,0.0
234554,0,1,1.0
335432,0,0,0.0
366024,0,0,0.0
428847,0,0,0.0
290032,0,0,0.0
263573,0,0,0.0
421513,0,0,0.0
157175,0,0,0.0
182948,0,0,0.0
230229,0,0,0.0
420865,0,0,0.0
230281,0,0,0.0
213852,0,0,0.0
332789,0,0,0.0
399554,0,0,0.0
145936,0,0,0.0
345579,0,0,0.0
189323,0,0,0.0
134881,0,0,0.0
107148,0,1,1.0
330869,0,0,0.0
305709,0,0,0.0
221847,0,0,0.0
238612,0,1,1.0
156322,1,1,1.0
279144,0,0,0.0
393845,0,0,0.0
434902,0,0,0.0
213516,0,0,0.0
152952,0,0,0.0
347705,0,0,0.0
398153,0,0,0.0
398808,1,0,0.0
456098,0,0,0.0
189655,0,0,0.0
436960,0,0,0.0
368965,0,0,0.0
428641,0,0,0.0
374056,0,0,0.0
272285,0,0,0.0
335488,0,0,0.0
392103,0,0,0.0
101595,0,0,0.0
319816,0,1,1.0
340011,0,1,1.0
174859,0,0,0.0
126045,0,0,0.0
330941,0,0,0.0
393848,1,0,0.0
124981,0,0,0.0
106180,0,0,0.0
208501,0,0,0.0
404561,0,0,0.0
369372,0,0,0.0
357801,0,0,0.0
418027,0,0,0.0
360447,1,0,0.0
186516,0,0,0.0
210266,0,1,1.0
192834,0,0,0.0
179739,0,0,0.0
231439,0,0,0.0
246575,0,0,0.0
168216,0,0,0.0
449647,0,0,0.0
403113,1,0,0.0
210250,0,0,0.0
369952,0,0,0.0
144723,0,0,0.0
381829,0,0,0.0
168749,0,0,0.0
381597,1,1,1.0
124142,1,0,0.0
314724,0,0,0.0
277857,0,0,0.0
291540,0,1,1.0
223804,0,0,0.0
313209,0,1,1.0
269709,0,0,0.0
323296,0,0,0.0
376287,0,0,0.0
159197,0,0,0.0
165444,0,0,0.0
402850,0,0,0.0
338794,0,0,0.0
274781,0,1,1.0
184190,0,0,0.0
243635,0,0,0.0
105328,0,0,0.0
230560,0,0,0.0
110470,0,0,0.0
331828,0,0,0.0
235157,0,1,1.0
318726,0,0,0.0
110899,1,0,0.0
432449,0,0,0.0
327081,1,0,0.0
101415,0,0,0.0
409716,0,0,0.0
396317,1,0,0.0
368744,0,0,0.0
132567,0,0,0.0
248634,0,0,0.0
187515,0,0,0.0
149384,0,0,0.0
373333,0,0,0.0
245703,0,1,1.0
352188,0,0,0.0
339941,0,0,0.0
238955,0,0,0.0
131749,0,1,1.0
269346,0,0,0.0
394215,0,0,0.0
122360,0,0,0.0
410324,0,0,0.0
281866,1,1,1.0
418329,0,0,0.0
364114,0,0,0.0
315911,0,0,0.0
214792,0,0,0.0
119556,0,0,0.0
295003,0,0,0.0
228960,0,0,0.0
370317,0,0,0.0
135424,0,0,0.0
162534,0,0,0.0
223052,0,0,0.0
435360,1,1,1.0
147857,0,1,1.0
320646,0,0,0.0
136992,0,0,0.0
297112,0,0,0.0
168180,0,0,0.0
380666,0,0,0.0
345873,0,0,0.0
435315,0,0,0.0
379780,0,0,0.0
427735,0,0,0.0
175154,1,0,0.0
334098,0,0,0.0
186517,0,0,0.0
272824,0,1,1.0
132450,0,0,0.0
297398,0,0,0.0
224776,0,0,0.0
139425,0,0,0.0
168647,0,0,0.0
339206,0,0,0.0
296987,0,0,0.0
154568,0,0,0.0
189487,1,0,0.0
107104,0,0,0.0
210227,0,0,0.0
382539,0,0,0.0
280403,0,0,0.0
149226,0,0,0.0
294439,1,0,0.0
197239,0,0,0.0
450539,0,0,0.0
453898,0,0,0.0
444365,1,0,0.0
221393,0,0,0.0
100305,0,0,0.0
237190,0,0,0.0
259004,0,0,0.0
429978,0,0,0.0
398672,0,0,0.0
106263,0,0,0.0
326774,1,0,0.0
172450,0,0,0.0
413744,0,0,0.0
453200,0,1,1.0
110478,0,0,0.0
392238,0,0,0.0
292688,0,0,0.0
352333,0,0,0.0
397800,0,0,0.0
216728,0,0,0.0
310243,0,0,0.0
439861,0,0,0.0
375174,0,0,0.0
122038,0,0,0.0
441927,0,0,0.0
413165,0,1,1.0
305175,0,0,0.0
157248,1,0,0.0
441334,0,0,0.0
250711,0,0,0.0
282047,0,0,0.0
238091,1,1,1.0
175451,0,0,0.0
453922,0,0,0.0
263742,0,0,0.0
392833,0,0,0.0
153638,0,0,0.0
293749,0,0,0.0
387695,0,0,0.0
177125,0,0,0.0
169939,0,0,0.0
226406,0,0,0.0
417617,0,0,0.0
167919,0,0,0.0
158859,1,0,0.0
155758,0,0,0.0
357480,0,0,0.0
107646,0,0,0.0
449405,0,0,0.0
373389,1,1,1.0
229942,0,0,0.0
161516,0,0,0.0
300124,0,0,0.0
101766,0,0,0.0
331330,0,0,0.0
453103,0,0,0.0
135270,0,0,0.0
289870,0,0,0.0
321802,0,0,0.0
443754,0,0,0.0
364038,0,0,0.0
218101,0,0,0.0
166022,0,0,0.0
442144,0,0,0.0
330161,0,0,0.0
361787,1,0,0.0
366324,0,0,0.0
152714,0,0,0.0
178844,0,0,0.0
361466,0,0,0.0
304662,0,0,0.0
403657,0,0,0.0
429034,0,0,0.0
239119,0,0,0.0
262141,0,0,0.0
175180,0,0,0.0
364904,0,0,0.0
148619,0,0,0.0
411869,0,0,0.0
366959,0,0,0.0
432603,0,0,0.0
432154,0,0,0.0
375186,0,0,0.0
161763,0,0,0.0
102330,0,1,1.0
411684,0,0,0.0
137502,0,0,0.0
224914,0,0,0.0
311579,0,0,0.0
418513,0,0,0.0
111634,0,0,0.0
354905,0,0,0.0
228518,0,0,0.0
396413,0,0,0.0
131583,0,0,0.0
101716,0,0,0.0
120443,0,0,0.0
316634,1,0,0.0
351997,0,0,0.0
435597,0,0,0.0
325049,0,0,0.0
208232,0,0,0.0
403869,0,0,0.0
140805,0,0,0.0
428084,0,0,0.0
352990,0,0,0.0
250817,0,1,1.0
130085,1,0,0.0
427805,0,0,0.0
365664,0,0,0.0
123309,0,0,0.0
312430,0,0,0.0
348222,0,0,0.0
206340,1,0,0.0
444075,0,1,1.0
377649,0,0,0.0
185165,0,0,0.0
282552,0,0,0.0
393997,0,0,0.0
279161,0,0,0.0
446252,0,0,0.0
103337,0,0,0.0
249993,0,0,0.0
240258,0,0,0.0
355301,0,0,0.0
394136,0,0,0.0
152600,0,0,0.0
110276,0,0,0.0
121837,0,1,1.0
226298,0,0,0.0
191017,0,0,0.0
206847,1,0,0.0
241082,0,0,0.0
271345,0,0,0.0
331943,1,0,0.0
396070,0,0,0.0
144360,0,0,0.0
153021,0,0,0.0
161209,0,0,0.0
234130,0,0,0.0
336172,0,0,0.0
104834,0,0,0.0
159785,0,0,0.0
175858,0,0,0.0
268527,0,0,0.0
356995,0,0,0.0
183829,1,0,0.0
405785,0,0,0.0
450207,0,0,0.0
299703,0,0,0.0
188348,0,0,0.0
239580,0,0,0.0
239355,0,0,0.0
420704,0,0,0.0
343610,0,0,0.0
216764,0,0,0.0
397389,0,0,0.0
142815,1,0,0.0
308278,0,0,0.0
148780,0,0,0.0
442713,1,1,1.0
140226,0,0,0.0
177017,0,0,0.0
282462,0,0,0.0
347212,0,0,0.0
286380,0,0,0.0
415253,0,0,0.0
283364,0,1,1.0
422347,0,0,0.0
114163,0,0,0.0
388408,0,0,0.0
411914,0,0,0.0
373041,0,0,0.0
144288,0,0,0.0
374144,0,0,0.0
156604,0,1,1.0
293576,0,0,0.0
352720,0,0,0.0
173184,0,0,0.0
219302,0,1,1.0
440308,0,0,0.0
363633,1,0,0.0
183582,0,0,0.0
213228,1,1,1.0
355658,0,0,0.0
308158,0,0,0.0
441487,0,0,0.0
184911,0,1,1.0
450333,0,0,0.0
145224,0,0,0.0
337470,0,0,0.0
235739,0,0,0.0
265160,0,0,0.0
132564,0,0,0.0
445571,0,0,0.0
160127,0,0,0.0
394199,0,0,0.0
384259,0,0,0.0
319720,0,0,0.0
130207,0,0,0.0
436838,0,0,0.0
152715,0,0,0.0
129894,0,0,0.0
327336,0,0,0.0
278580,0,0,0.0
387881,1,0,0.0
105945,0,1,1.0
287416,0,0,0.0
150883,0,0,0.0
402742,0,0,0.0
312733,0,0,0.0
286743,0,0,0.0
104493,0,0,0.0
121798,0,0,0.0
373498,0,0,0.0
218809,0,0,0.0
425772,0,0,0.0
268251,0,0,0.0
197133,0,1,1.0
107451,0,0,0.0
120744,0,0,0.0
284782,0,0,0.0
450282,0,0,0.0
255628,0,0,0.0
403627,0,0,0.0
370707,0,0,0.0
124784,0,0,0.0
325436,0,0,0.0
432139,0,0,0.0
100105,0,0,0.0
330147,0,0,0.0
267775,0,0,0.0
395187,0,0,0.0
120989,0,0,0.0
234047,0,0,0.0
170377,0,0,0.0
108504,1,0,0.0
431068,1,0,0.0
282939,0,0,0.0
229715,0,0,0.0
174650,1,1,1.0
277561,0,0,0.0
106283,0,0,0.0
177683,0,0,0.0
225000,0,0,0.0
251038,0,0,0.0
372100,0,0,0.0
137684,0,0,0.0
294664,0,0,0.0
124161,0,0,0.0
255999,0,0,0.0
334758,0,0,0.0
207406,0,0,0.0
430958,0,0,0.0
138534,0,0,0.0
410272,0,0,0.0
245537,0,0,0.0
165663,0,0,0.0
258578,0,0,0.0
292197,0,0,0.0
245380,0,0,0.0
238070,0,0,0.0
303934,0,0,0.0
188986,0,0,0.0
280217,0,0,0.0
321168,0,0,0.0
213006,1,0,0.0
387236,0,0,0.0
280510,0,0,0.0
111626,0,0,0.0
289084,0,0,0.0
135688,0,1,1.0
117831,0,0,0.0
178696,0,0,0.0
417643,0,0,0.0
410517,0,0,0.0
199340,0,0,0.0
308848,1,0,0.0
337910,0,0,0.0
147807,0,0,0.0
333133,0,0,0.0
355865,1,1,1.0
345410,0,0,0.0
196056,0,1,1.0
379901,0,0,0.0
376855,0,0,0.0
377852,0,0,0.0
298561,0,0,0.0
243164,0,0,0.0
124987,0,0,0.0
351141,0,0,0.0
172275,1,0,0.0
321733,0,0,0.0
388743,0,0,0.0
443584,0,0,0.0
406818,0,0,0.0
306730,0,0,0.0
109454,0,0,0.0
246726,0,0,0.0
355435,0,0,0.0
213036,1,0,0.0
127227,0,0,0.0
381090,0,0,0.0
182768,0,0,0.0
383364,1,0,0.0
368873,0,1,1.0
182408,0,0,0.0
444917,0,0,0.0
276096,1,0,0.0
419962,0,0,0.0
288892,0,0,0.0
112857,0,0,0.0
133997,0,0,0.0
264478,0,0,0.0
331759,0,0,0.0
344455,0,0,0.0
124279,0,0,0.0
292756,0,0,0.0
372845,0,0,0.0
165160,0,0,0.0
343966,0,0,0.0
259111,0,0,0.0
394246,0,0,0.0
382255,0,0,0.0
291253,0,0,0.0
314739,0,0,0.0
192878,0,0,0.0
247905,0,1,1.0
421676,0,0,0.0
176471,0,0,0.0
213471,0,1,1.0
443388,0,0,0.0
324405,0,0,0.0
175602,0,0,0.0
455741,0,0,0.0
446112,0,0,0.0
277256,0,0,0.0
366890,0,0,0.0
264096,0,0,0.0
413903,0,0,0.0
269237,0,1,1.0
148703,0,0,0.0
360338,0,0,0.0
119229,0,0,0.0
193649,0,0,0.0
217850,0,0,0.0
151796,0,1,1.0
173732,0,0,0.0
402027,0,0,0.0
115088,0,1,1.0
118283,0,0,0.0
418444,0,0,0.0
330609,0,0,0.0
374538,0,0,0.0
110945,0,0,0.0
393976,0,0,0.0
267534,0,0,0.0
168711,0,0,0.0
365514,0,0,0.0
217463,1,0,0.0
300777,0,0,0.0
451502,0,0,0.0
356206,0,0,0.0
104606,0,0,0.0
405533,0,0,0.0
101166,0,0,0.0
228127,0,0,0.0
167565,0,0,0.0
135990,0,0,0.0
324470,0,0,0.0
244198,0,0,0.0
180763,0,1,1.0
269323,0,0,0.0
149642,1,1,1.0
365935,0,0,0.0
415389,1,0,0.0
278558,0,0,0.0
419403,0,1,1.0
268770,0,0,0.0
404040,0,0,0.0
368222,0,0,0.0
222793,0,0,0.0
341030,0,0,0.0
123484,0,0,0.0
134703,0,0,0.0
335031,0,0,0.0
156266,1,1,1.0
322012,1,0,0.0
357226,0,0,0.0
298965,0,0,0.0
428515,0,1,1.0
398720,0,0,0.0
348398,0,0,0.0
141968,0,0,0.0
276220,0,0,0.0
319149,0,0,0.0
138337,0,0,0.0
353416,0,0,0.0
209013,0,0,0.0
104205,0,1,1.0
447739,0,0,0.0
196392,0,0,0.0
164066,0,0,0.0
192168,0,0,0.0
244539,0,1,1.0
376668,0,0,0.0
167397,0,0,0.0
401653,0,0,0.0
235826,1,0,0.0
372199,0,0,0.0
239055,0,0,0.0
196981,0,0,0.0
358282,0,0,0.0
450299,0,0,0.0
230802,0,1,1.0
201199,0,0,0.0
179562,0,0,0.0
138323,0,0,0.0
215055,0,0,0.0
437445,0,0,0.0
128847,0,0,0.0
245931,0,0,0.0
432744,0,0,0.0
319671,0,0,0.0
337524,0,0,0.0
403139,1,0,0.0
280127,0,0,0.0
404560,0,0,0.0
392333,0,0,0.0
137003,0,0,0.0
392130,0,0,0.0
332748,0,0,0.0
324250,0,0,0.0
389273,0,0,0.0
333387,0,0,0.0
354749,0,0,0.0
191839,0,0,0.0
213223,0,0,0.0
212452,1,0,0.0
240679,0,0,0.0
315723,0,0,0.0
375035,0,0,0.0
374052,0,1,1.0
287503,0,0,0.0
427761,0,0,0.0
272197,0,0,0.0
399787,0,0,0.0
346782,0,0,0.0
265601,0,1,1.0
196967,0,0,0.0
448164,1,1,1.0
120862,0,0,0.0
108858,0,0,0.0
443851,0,0,0.0
392673,0,0,0.0
108339,0,0,0.0
200695,0,0,0.0
262460,0,0,0.0
237482,0,0,0.0
405469,0,0,0.0
271437,0,0,0.0
107465,1,0,0.0
336578,0,0,0.0
362342,0,0,0.0
404438,0,0,0.0
156257,0,0,0.0
440870,0,0,0.0
145592,0,0,0.0
170304,0,0,0.0
105580,0,1,1.0
106970,0,0,0.0
334751,0,0,0.0
208956,0,0,0.0
423634,0,0,0.0
222567,0,0,0.0
214305,0,0,0.0
256300,0,0,0.0
402988,0,0,0.0
440717,1,0,0.0
282285,0,0,0.0
256291,1,0,0.0
375791,0,0,0.0
362877,0,0,0.0
425983,0,0,0.0
358145,0,0,0.0
328023,0,0,0.0
390243,0,0,0.0
237555,0,0,0.0
261244,0,0,0.0
180484,0,0,0.0
339322,0,0,0.0
149876,0,0,0.0
423349,0,0,0.0
246544,0,0,0.0
359827,0,0,0.0
300529,1,0,0.0
264503,0,0,0.0
250109,0,0,0.0
316250,0,0,0.0
371451,0,1,1.0
241408,0,0,0.0
145240,1,0,0.0
434253,0,0,0.0
152407,0,0,0.0
211908,0,0,0.0
234133,0,0,0.0
112631,0,0,0.0
407650,0,1,1.0
174927,0,0,0.0
127871,0,0,0.0
330576,0,0,0.0
448390,0,0,0.0
316576,0,0,0.0
153024,0,0,0.0
223453,0,0,0.0
233747,0,0,0.0
295166,0,0,0.0
224820,0,0,0.0
338091,0,0,0.0
304054,0,0,0.0
336080,0,0,0.0
267116,0,0,0.0
439090,0,1,1.0
145319,0,0,0.0
254320,0,0,0.0
297938,0,0,0.0
394755,0,0,0.0
332899,0,0,0.0
180489,0,0,0.0
105183,0,0,0.0
377005,0,0,0.0
371652,0,0,0.0
215555,0,0,0.0
293932,0,0,0.0
350664,0,0,0.0
399818,1,0,0.0
194904,0,0,0.0
259391,0,0,0.0
318082,0,0,0.0
274783,0,0,0.0
306898,0,0,0.0
133130,0,1,1.0
249257,0,0,0.0
273816,0,0,0.0
439482,0,0,0.0
359290,0,0,0.0
148568,0,0,0.0
228579,0,0,0.0
274819,0,0,0.0
305895,0,0,0.0
148125,0,0,0.0
322686,0,0,0.0
277949,0,0,0.0
179576,0,0,0.0
241011,0,0,0.0
193306,0,0,0.0
203426,0,0,0.0
334213,0,1,1.0
103717,0,0,0.0
130185,0,0,0.0
429575,0,0,0.0
357513,0,0,0.0
131150,0,0,0.0
242149,0,0,0.0
159405,0,0,0.0
311930,0,0,0.0
193056,0,0,0.0
108311,0,0,0.0
450743,0,0,0.0
213011,0,0,0.0
425953,0,0,0.0
377000,1,0,0.0
309040,0,0,0.0
358277,0,0,0.0
193323,0,0,0.0
176830,0,0,0.0
321002,0,0,0.0
236438,1,1,1.0
299997,1,0,0.0
301149,0,0,0.0
351488,0,0,0.0
252186,0,0,0.0
395902,0,0,0.0
226806,0,1,1.0
244404,0,0,0.0
153698,0,0,0.0
176754,0,0,0.0
245402,0,0,0.0
130272,1,0,0.0
271131,0,0,0.0
304143,0,0,0.0
370987,0,0,0.0
124879,0,0,0.0
175623,0,0,0.0
324962,0,0,0.0
135348,0,0,0.0
195286,0,0,0.0
201346,0,0,0.0
178224,1,0,0.0
417175,0,0,0.0
263330,0,0,0.0
384167,0,0,0.0
387845,0,1,1.0
356265,0,0,0.0
117979,0,0,0.0
375817,0,1,1.0
422624,0,0,0.0
255504,0,0,0.0
367474,1,1,1.0
237039,0,0,0.0
204904,0,0,0.0
387429,0,0,0.0
411644,1,0,0.0
406643,0,1,1.0
230384,0,0,0.0
280015,0,0,0.0
364047,0,0,0.0
290093,0,0,0.0
179700,1,0,0.0
291837,0,0,0.0
449603,0,0,0.0
188864,0,1,1.0
249010,0,0,0.0
243134,0,0,0.0
381270,0,0,0.0
444714,0,1,1.0
331128,0,0,0.0
245118,0,0,0.0
100162,0,0,0.0
346435,0,0,0.0
242917,0,0,0.0
453784,1,0,0.0
303836,0,0,0.0
444645,0,0,0.0
403015,0,0,0.0
141842,0,0,0.0
369418,0,0,0.0
285874,0,0,0.0
132801,0,0,0.0
439480,0,0,0.0
141670,0,0,0.0
170873,0,0,0.0
365654,0,0,0.0
408246,0,0,0.0
101857,0,1,1.0
397335,0,0,0.0
264613,0,0,0.0
262909,0,0,0.0
281636,0,0,0.0
198555,0,1,1.0
437863,0,1,1.0
299355,0,0,0.0
255139,0,0,0.0
126480,1,0,0.0
342547,0,0,0.0
388799,0,1,1.0
292420,1,0,0.0
131025,1,0,0.0
221833,0,0,0.0
440061,0,0,0.0
402775,0,0,0.0
283633,0,0,0.0
391361,0,0,0.0
450534,0,1,1.0
274092,0,0,0.0
274535,0,0,0.0
123631,1,0,0.0
110995,0,0,0.0
166096,0,1,1.0
174011,0,0,0.0
260210,0,0,0.0
359164,0,0,0.0
350090,0,1,1.0
114543,0,0,0.0
285325,0,0,0.0
418258,0,0,0.0
404226,0,0,0.0
387563,0,0,0.0
439695,0,0,0.0
407318,0,0,0.0
418461,0,1,1.0
438210,1,0,0.0
352332,0,0,0.0
334902,0,0,0.0
443247,1,1,1.0
391057,0,0,0.0
145153,0,0,0.0
234399,0,0,0.0
390010,0,0,0.0
215723,0,0,0.0
234234,1,0,0.0
416414,0,0,0.0
265201,0,1,1.0
160221,1,0,0.0
242709,0,0,0.0
180316,0,0,0.0
145839,0,0,0.0
326441,0,0,0.0
276287,1,1,1.0
191606,0,0,0.0
291223,0,0,0.0
255281,0,0,0.0
404601,0,0,0.0
428245,0,0,0.0
218214,1,1,1.0
139074,0,1,1.0
129778,0,1,1.0
175241,0,0,0.0
379832,0,0,0.0
294589,0,0,0.0
298541,0,0,0.0
346260,0,0,0.0
273573,0,0,0.0
135135,0,0,0.0
188665,0,0,0.0
416169,0,0,0.0
327926,1,0,0.0
282792,1,0,0.0
452053,1,0,0.0
312209,0,0,0.0
203529,0,0,0.0
330437,0,0,0.0
326680,0,0,0.0
226570,0,0,0.0
238251,0,1,1.0
135617,0,0,0.0
259940,0,0,0.0
161523,1,0,0.0
405306,0,0,0.0
290842,0,0,0.0
315255,0,0,0.0
106567,0,0,0.0
370765,1,0,0.0
292472,0,0,0.0
209977,0,0,0.0
364041,0,0,0.0
229494,0,0,0.0
455205,0,0,0.0
222014,0,0,0.0
105489,0,0,0.0
210501,0,0,0.0
126053,0,0,0.0
134504,0,0,0.0
177668,0,0,0.0
328047,0,0,0.0
150832,1,0,0.0
316470,0,0,0.0
140405,1,0,0.0
220573,0,0,0.0
147074,0,0,0.0
164545,0,0,0.0
381988,0,0,0.0
269158,0,0,0.0
361202,0,0,0.0
209973,0,0,0.0
139817,0,0,0.0
324832,1,0,0.0
254148,0,0,0.0
306541,0,0,0.0
426332,0,0,0.0
142765,0,1,1.0
266215,0,1,1.0
401545,0,0,0.0
139942,0,0,0.0
378084,0,0,0.0
256632,0,0,0.0
303355,0,0,0.0
428440,0,0,0.0
298744,0,0,0.0
309190,0,0,0.0
285629,1,0,0.0
172912,0,0,0.0
377287,0,0,0.0
114457,0,0,0.0
425104,1,1,1.0
432614,0,0,0.0
254037,1,0,0.0
191901,0,0,0.0
452446,0,0,0.0
359070,0,0,0.0
370084,0,0,0.0
108861,0,0,0.0
299408,0,0,0.0
200170,1,0,0.0
239501,0,0,0.0
403874,0,0,0.0
210322,0,0,0.0
428557,0,0,0.0
141568,0,0,0.0
265657,0,1,1.0
449847,0,0,0.0
201863,0,0,0.0
233397,0,0,0.0
277057,0,0,0.0
454717,0,0,0.0
449661,0,0,0.0
240246,0,0,0.0
166610,0,0,0.0
274138,1,0,0.0
260577,0,0,0.0
149442,1,0,0.0
370385,0,0,0.0
119549,0,0,0.0
251549,0,0,0.0
168724,0,0,0.0
218410,0,0,0.0
436056,0,0,0.0
381306,0,0,0.0
400821,0,0,0.0
159443,0,0,0.0
193573,0,1,1.0
245454,0,0,0.0
279587,0,0,0.0
433778,1,0,0.0
200311,0,0,0.0
185693,0,0,0.0
248442,0,0,0.0
161077,0,0,0.0
369086,0,0,0.0
318247,0,0,0.0
311005,0,1,1.0
332319,0,0,0.0
293056,0,0,0.0
267593,0,0,0.0
336772,0,0,0.0
107792,0,1,1.0
246523,0,0,0.0
441050,0,0,0.0
257928,0,0,0.0
434558,0,0,0.0
401634,0,0,0.0
220341,0,0,0.0
163892,0,0,0.0
161953,0,0,0.0
405817,0,0,0.0
126946,0,0,0.0
159119,0,0,0.0
234317,0,0,0.0
296023,0,0,0.0
141495,0,0,0.0
169334,0,0,0.0
366021,0,0,0.0
102724,0,1,1.0
336960,0,0,0.0
163464,0,0,0.0
320667,0,0,0.0
162945,0,0,0.0
434398,0,0,0.0
270098,0,0,0.0
432211,0,0,0.0
311570,0,0,0.0
195834,0,0,0.0
256831,0,0,0.0
323878,0,0,0.0
378494,0,0,0.0
441827,0,0,0.0
202615,0,0,0.0
444532,0,0,0.0
445884,1,0,0.0
184332,0,0,0.0
435011,1,0,0.0
430946,0,0,0.0
168797,0,0,0.0
198330,0,0,0.0
382554,0,0,0.0
333332,1,0,0.0
396793,0,1,1.0
158835,0,0,0.0
387227,0,1,1.0
131838,0,0,0.0
186307,0,0,0.0
381686,0,0,0.0
280944,0,0,0.0
266739,0,0,0.0
183760,1,0,0.0
196888,0,0,0.0
152325,1,0,0.0
223210,0,0,0.0
430532,0,0,0.0
276679,0,1,1.0
105484,0,1,1.0
233691,0,0,0.0
453676,0,0,0.0
412358,0,0,0.0
390026,0,0,0.0
401788,0,0,0.0
425509,0,0,0.0
220736,0,1,1.0
211266,0,0,0.0
328135,0,0,0.0
330529,0,0,0.0
365165,0,0,0.0
134365,0,1,1.0
112626,0,0,0.0
353232,0,0,0.0
279094,0,0,0.0
223105,0,0,0.0
304866,0,0,0.0
369942,0,0,0.0
148158,0,0,0.0
103095,0,0,0.0
143087,0,0,0.0
259063,0,1,1.0
221434,0,0,0.0
341658,0,0,0.0
110207,0,0,0.0
416233,0,0,0.0
262442,0,0,0.0
286337,0,0,0.0
162421,0,0,0.0
121795,0,0,0.0
229656,0,0,0.0
301085,0,0,0.0
256795,0,0,0.0
395129,0,0,0.0
425715,0,0,0.0
454828,0,0,0.0
228132,0,0,0.0
142141,0,0,0.0
451892,0,0,0.0
132765,0,0,0.0
415315,0,0,0.0
218922,0,0,0.0
318099,0,0,0.0
258646,0,0,0.0
165296,0,1,1.0
284479,0,0,0.0
129476,0,1,1.0
396580,0,0,0.0
128115,0,0,0.0
381172,0,0,0.0
413451,0,0,0.0
127293,0,0,0.0
304571,0,0,0.0
251325,0,0,0.0
147130,0,0,0.0
148096,0,0,0.0
133559,1,0,0.0
127750,0,0,0.0
354976,1,0,0.0
426423,0,0,0.0
341130,0,0,0.0
440550,0,0,0.0
452738,0,0,0.0
261025,0,0,0.0
372522,0,0,0.0
392645,0,0,0.0
184321,0,0,0.0
138123,0,0,0.0
366577,0,0,0.0
438795,0,0,0.0
333314,0,0,0.0
373691,0,0,0.0
119154,0,0,0.0
109230,0,0,0.0
119918,0,0,0.0
232577,0,0,0.0
102900,0,0,0.0
303231,0,1,1.0
172286,0,1,1.0
209435,0,0,0.0
382746,0,0,0.0
211640,0,0,0.0
219803,0,0,0.0
197243,0,0,0.0
450814,0,0,0.0
222927,0,0,0.0
364368,0,0,0.0
150159,0,0,0.0
259416,0,0,0.0
206503,0,0,0.0
335919,0,0,0.0
183584,1,0,0.0
379092,0,0,0.0
159246,0,0,0.0
436819,0,0,0.0
202442,0,0,0.0
304353,0,0,0.0
332689,0,0,0.0
438115,0,0,0.0
164461,0,0,0.0
184149,0,0,0.0
329754,0,0,0.0
280130,0,0,0.0
408162,0,0,0.0
167810,0,0,0.0
147539,0,0,0.0
320425,0,0,0.0
340159,1,1,1.0
241928,0,0,0.0
300472,0,0,0.0
324903,0,0,0.0
267910,1,0,0.0
233656,0,0,0.0
387271,0,0,0.0
351193,0,0,0.0
140277,0,0,0.0
263845,1,0,0.0
122575,0,0,0.0
203225,0,0,0.0
310681,0,0,0.0
439645,0,0,0.0
129078,0,0,0.0
211534,0,0,0.0
370008,0,0,0.0
124224,0,0,0.0
122370,0,0,0.0
212698,0,0,0.0
226369,0,0,0.0
139854,0,0,0.0
162174,0,1,1.0
355458,0,0,0.0
413845,0,1,1.0
382279,0,0,0.0
172933,0,0,0.0
187482,1,1,1.0
273631,0,0,0.0
178984,0,0,0.0
222962,0,0,0.0
154524,0,0,0.0
394756,0,0,0.0
215735,0,0,0.0
266251,1,0,0.0
302223,0,0,0.0
297874,0,0,0.0
342348,0,0,0.0
136347,0,0,0.0
244083,0,0,0.0
365807,0,0,0.0
114580,1,0,0.0
150175,0,0,0.0
319400,0,1,1.0
328308,0,0,0.0
398282,0,0,0.0
165075,0,0,0.0
127540,0,0,0.0
354814,0,0,0.0
155702,0,0,0.0
158669,0,0,0.0
179030,0,0,0.0
420982,0,0,0.0
181253,0,0,0.0
160727,0,0,0.0
420478,0,0,0.0
262120,0,0,0.0
424542,0,0,0.0
345561,0,0,0.0
245936,0,1,1.0
370717,0,0,0.0
133423,0,0,0.0
222972,0,0,0.0
205749,0,0,0.0
294914,1,0,0.0
343173,1,1,1.0
104167,0,0,0.0
220923,0,0,0.0
411885,0,0,0.0
378149,0,0,0.0
393481,0,0,0.0
404240,0,0,0.0
228703,0,0,0.0
231111,0,0,0.0
102555,0,0,0.0
343861,0,0,0.0
174439,0,0,0.0
131928,1,0,0.0
229170,0,0,0.0
188887,0,1,1.0
246689,1,0,0.0
322025,0,0,0.0
243786,0,0,0.0
440485,0,0,0.0
156737,0,0,0.0
343031,0,0,0.0
184300,0,0,0.0
176469,0,1,1.0
317496,0,0,0.0
257143,0,0,0.0
309400,0,0,0.0
290655,0,0,0.0
335744,0,0,0.0
453443,1,1,1.0
311151,0,0,0.0
150269,0,0,0.0
337390,0,0,0.0
216040,0,0,0.0
185343,0,0,0.0
446183,0,0,0.0
315206,0,0,0.0
167613,0,0,0.0
316774,0,0,0.0
377688,0,0,0.0
191128,0,0,0.0
148220,0,0,0.0
439466,0,0,0.0
124588,0,0,0.0
247447,0,0,0.0
410704,0,0,0.0
260652,0,0,0.0
183672,0,0,0.0
143974,1,0,0.0
106147,0,0,0.0
174076,0,0,0.0
279469,0,0,0.0
391739,0,0,0.0
388147,0,0,0.0
155866,0,0,0.0
302846,0,0,0.0
353829,0,0,0.0
103183,0,0,0.0
146403,1,0,0.0
290328,0,0,0.0
155165,0,0,0.0
132808,0,0,0.0
407230,0,0,0.0
252791,0,0,0.0
422924,0,0,0.0
226902,0,0,0.0
210478,0,0,0.0
210911,0,1,1.0
212496,1,0,0.0
271426,0,0,0.0
177307,0,0,0.0
280596,0,0,0.0
297660,0,0,0.0
394954,0,0,0.0
244622,0,0,0.0
103707,0,0,0.0
130193,1,0,0.0
382980,1,0,0.0
378816,0,0,0.0
183406,0,0,0.0
422562,0,0,0.0
442096,0,0,0.0
183088,0,0,0.0
215419,0,0,0.0
310209,0,0,0.0
333825,0,0,0.0
420945,0,1,1.0
270185,0,0,0.0
435731,0,1,1.0
441145,0,0,0.0
195766,0,0,0.0
449055,0,0,0.0
373316,0,0,0.0
110031,0,0,0.0
173017,0,0,0.0
159913,0,0,0.0
198536,0,0,0.0
266487,0,0,0.0
102189,0,0,0.0
316172,0,0,0.0
427105,0,0,0.0
201711,0,0,0.0
327966,0,0,0.0
382888,0,0,0.0
246761,0,0,0.0
413963,0,0,0.0
225373,1,0,0.0
420661,0,0,0.0
112485,0,0,0.0
167303,0,0,0.0
434075,0,0,0.0
213794,0,0,0.0
423182,0,0,0.0
154181,1,0,0.0
268757,0,0,0.0
421813,0,0,0.0
122796,0,0,0.0
433220,1,1,1.0
221100,0,0,0.0
263605,0,0,0.0
134505,0,0,0.0
281796,0,0,0.0
101489,0,0,0.0
126355,0,0,0.0
136632,0,0,0.0
437490,0,0,0.0
309351,0,0,0.0
424984,0,0,0.0
289815,0,0,0.0
393255,0,0,0.0
236371,0,0,0.0
334781,0,1,1.0
351987,0,0,0.0
184004,0,0,0.0
319368,0,0,0.0
357580,0,0,0.0
449624,0,0,0.0
387347,0,0,0.0
174353,0,0,0.0
215809,0,0,0.0
163905,0,1,1.0
354150,0,0,0.0
100045,0,0,0.0
160528,0,0,0.0
259924,0,1,1.0
231000,0,0,0.0
113163,0,0,0.0
381404,0,0,0.0
296788,0,0,0.0
264522,0,0,0.0
151238,0,0,0.0
294851,1,0,0.0
138029,0,0,0.0
187264,0,0,0.0
219253,0,0,0.0
326769,0,1,1.0
236383,0,0,0.0
128887,0,0,0.0
306564,1,0,0.0
310925,0,0,0.0
368067,0,0,0.0
313321,0,1,1.0
191911,0,0,0.0
259021,0,0,0.0
159724,0,0,0.0
207343,0,0,0.0
417967,0,0,0.0
273908,0,0,0.0
182812,0,0,0.0
453985,0,0,0.0
108371,0,0,0.0
193296,0,0,0.0
215728,0,0,0.0
123896,0,0,0.0
334550,0,0,0.0
419082,0,0,0.0
373521,0,0,0.0
131529,0,0,0.0
431676,0,0,0.0
198840,0,0,0.0
381328,0,0,0.0
425161,0,0,0.0
144437,0,0,0.0
343688,0,1,1.0
113794,0,0,0.0
236608,0,0,0.0
170114,0,0,0.0
215127,0,1,1.0
282342,0,0,0.0
160700,0,0,0.0
336197,0,0,0.0
199042,1,0,0.0
397210,1,0,0.0
179169,0,0,0.0
263201,0,0,0.0
402412,0,0,0.0
422137,0,0,0.0
418501,0,0,0.0
420767,0,0,0.0
217626,0,0,0.0
389116,0,0,0.0
384764,0,0,0.0
325416,0,0,0.0
116207,0,0,0.0
272252,0,1,1.0
292498,1,0,0.0
428030,1,0,0.0
177393,0,0,0.0
384925,0,0,0.0
358673,0,0,0.0
272528,0,0,0.0
294692,0,0,0.0
378881,0,1,1.0
321225,0,0,0.0
246593,0,0,0.0
109137,0,0,0.0
114986,0,0,0.0
250856,0,0,0.0
116721,0,0,0.0
138929,0,0,0.0
112554,0,1,1.0
212959,0,0,0.0
372313,0,0,0.0
203215,0,0,0.0
141078,0,0,0.0
219352,0,0,0.0
387793,0,0,0.0
149422,0,0,0.0
144232,0,0,0.0
422204,1,0,0.0
317586,0,0,0.0
193350,0,0,0.0
338805,0,0,0.0
144389,0,1,1.0
374644,0,0,0.0
429215,0,0,0.0
248511,0,0,0.0
161197,0,0,0.0
159614,0,0,0.0
449042,0,0,0.0
103332,0,0,0.0
144484,0,0,0.0
359570,0,0,0.0
408018,0,1,1.0
284092,0,0,0.0
222702,0,0,0.0
318330,0,0,0.0
331694,0,0,0.0
257130,0,0,0.0
441697,0,0,0.0
137642,0,0,0.0
136442,0,1,1.0
322101,0,0,0.0
143603,0,0,0.0
340351,0,0,0.0
389175,0,0,0.0
350246,0,0,0.0
236379,0,0,0.0
265605,0,0,0.0
124130,0,0,0.0
100058,0,0,0.0
241504,1,0,0.0
366154,1,0,0.0
109245,0,0,0.0
209843,0,0,0.0
415827,0,0,0.0
266445,0,0,0.0
242925,0,0,0.0
229526,0,0,0.0
227806,0,0,0.0
188743,0,0,0.0
408547,0,0,0.0
347937,0,0,0.0
239545,0,0,0.0
362794,0,0,0.0
120375,0,0,0.0
337502,0,0,0.0
315218,0,0,0.0
145531,1,0,0.0
443580,0,0,0.0
218623,0,0,0.0
421530,0,0,0.0
339769,1,1,1.0
261959,0,0,0.0
312019,0,0,0.0
214697,0,0,0.0
423517,0,0,0.0
419295,0,0,0.0
312756,1,0,0.0
389809,0,0,0.0
401347,0,0,0.0
106122,1,0,0.0
140207,0,0,0.0
145969,0,0,0.0
239333,0,0,0.0
201790,0,0,0.0
240103,0,0,0.0
147471,0,0,0.0
166116,0,0,0.0
441593,0,0,0.0
214756,0,0,0.0
337374,0,0,0.0
436427,0,0,0.0
352132,0,0,0.0
191783,0,0,0.0
413148,1,0,0.0
243671,0,0,0.0
324867,0,0,0.0
193268,0,0,0.0
155348,0,0,0.0
284148,0,0,0.0
455535,0,0,0.0
130252,0,0,0.0
247651,0,0,0.0
451689,0,0,0.0
410500,0,0,0.0
369071,0,0,0.0
136851,0,0,0.0
351299,0,0,0.0
442241,0,0,0.0
270667,0,0,0.0
248735,0,0,0.0
130890,0,0,0.0
248151,0,0,0.0
264178,0,0,0.0
273100,0,0,0.0
289609,0,0,0.0
411191,0,0,0.0
341549,0,0,0.0
221460,0,0,0.0
423974,0,0,0.0
442475,0,0,0.0
337658,0,0,0.0
164114,0,0,0.0
211542,0,0,0.0
236402,0,0,0.0
186367,0,0,0.0
150249,0,0,0.0
258658,0,1,1.0
137110,0,0,0.0
211122,0,0,0.0
191544,0,0,0.0
278514,0,0,0.0
296564,0,0,0.0
232474,0,1,1.0
349106,0,0,0.0
446077,0,0,0.0
118714,0,0,0.0
371580,0,0,0.0
289139,0,0,0.0
256272,0,0,0.0
217360,0,0,0.0
275621,0,0,0.0
431033,0,0,0.0
182146,0,0,0.0
188532,0,0,0.0
371488,0,0,0.0
332409,0,0,0.0
386485,0,0,0.0
118309,0,0,0.0
233110,0,0,0.0
293422,1,1,1.0
338540,0,0,0.0
199572,1,1,1.0
292129,0,0,0.0
115431,0,0,0.0
444919,1,0,0.0
420376,0,0,0.0
173619,0,0,0.0
365182,0,0,0.0
133754,0,0,0.0
292632,0,0,0.0
432500,0,0,0.0
154492,0,0,0.0
353707,0,0,0.0
365829,0,0,0.0
355324,0,0,0.0
453720,0,0,0.0
239697,0,0,0.0
112151,0,0,0.0
125422,1,0,0.0
354805,0,0,0.0
119931,0,0,0.0
316863,0,0,0.0
177685,0,0,0.0
276124,0,0,0.0
257126,0,0,0.0
402317,1,0,0.0
176335,0,0,0.0
271732,0,0,0.0
163367,0,0,0.0
264179,0,0,0.0
142348,0,0,0.0
357006,0,0,0.0
126869,0,0,0.0
196224,0,0,0.0
204406,0,0,0.0
271956,0,0,0.0
263914,0,0,0.0
136498,0,0,0.0
294491,0,0,0.0
149095,0,0,0.0
233935,0,0,0.0
236697,0,0,0.0
396624,0,0,0.0
117695,0,0,0.0
379243,0,0,0.0
335670,0,0,0.0
319492,0,0,0.0
345519,0,0,0.0
170342,0,0,0.0
293572,0,0,0.0
293428,0,0,0.0
325357,0,0,0.0
269910,0,0,0.0
258430,0,0,0.0
335104,1,0,0.0
137177,0,0,0.0
247088,0,0,0.0
270429,0,0,0.0
268543,0,0,0.0
379733,0,1,1.0
318380,0,0,0.0
157008,0,0,0.0
269731,0,0,0.0
117548,0,0,0.0
413637,0,0,0.0
173281,0,0,0.0
108156,0,0,0.0
219144,0,0,0.0
174948,0,0,0.0
138279,0,0,0.0
128390,0,1,1.0
427037,0,0,0.0
283926,1,0,0.0
390714,0,0,0.0
400051,0,0,0.0
237134,0,0,0.0
453734,0,0,0.0
123996,0,0,0.0
455422,0,1,1.0
402170,0,0,0.0
151955,1,0,0.0
385987,0,0,0.0
145356,0,0,0.0
281447,0,0,0.0
373730,0,0,0.0
307507,0,0,0.0
129731,0,0,0.0
336462,0,0,0.0
237497,0,0,0.0
285351,0,1,1.0
442313,0,0,0.0
298322,0,1,1.0
315727,0,0,0.0
120042,0,0,0.0
168343,0,0,0.0
208099,0,0,0.0
301993,0,0,0.0
434729,0,0,0.0
212965,0,0,0.0
398922,0,0,0.0
306487,0,0,0.0
411361,0,0,0.0
270737,0,0,0.0
432900,0,0,0.0
380278,0,0,0.0
450087,0,0,0.0
268729,0,0,0.0
370212,0,0,0.0
217883,0,0,0.0
294559,0,0,0.0
360897,0,0,0.0
263781,0,0,0.0
170401,0,0,0.0
333024,0,0,0.0
398588,0,0,0.0
366775,0,0,0.0
377396,0,0,0.0
265454,0,0,0.0
193899,0,0,0.0
359141,0,0,0.0
161119,0,0,0.0
374526,0,0,0.0
433556,0,0,0.0
343752,0,0,0.0
179832,0,0,0.0
415215,0,0,0.0
105594,0,0,0.0
263398,0,0,0.0
356222,0,0,0.0
439204,0,0,0.0
359900,0,0,0.0
444748,0,0,0.0
395758,0,0,0.0
175599,0,0,0.0
175812,1,1,1.0
282466,0,0,0.0
143865,0,0,0.0
221000,0,0,0.0
226352,0,0,0.0
409070,0,0,0.0
338846,0,0,0.0
433322,0,0,0.0
431074,0,0,0.0
430725,0,0,0.0
272473,0,1,1.0
207126,1,0,0.0
299254,0,0,0.0
364782,0,0,0.0
433445,1,0,0.0
356098,0,0,0.0
350053,0,0,0.0
135789,0,0,0.0
444485,0,0,0.0
259517,0,0,0.0
117153,0,0,0.0
108149,0,0,0.0
221850,0,0,0.0
270536,0,0,0.0
186245,0,1,1.0
183293,0,0,0.0
224384,0,0,0.0
347371,0,0,0.0
393335,0,0,0.0
276690,1,0,0.0
301279,0,0,0.0
412112,0,1,1.0
281338,1,0,0.0
231183,0,0,0.0
323138,0,0,0.0
315478,0,0,0.0
399680,0,0,0.0
243053,0,0,0.0
118227,0,0,0.0
193956,0,0,0.0
406215,0,0,0.0
174825,0,0,0.0
385315,0,0,0.0
364384,0,0,0.0
141836,0,0,0.0
382372,0,0,0.0
167244,0,0,0.0
278638,0,1,1.0
385869,0,0,0.0
353840,0,0,0.0
232479,1,1,1.0
282213,0,1,1.0
372416,0,0,0.0
380846,0,0,0.0
217754,0,0,0.0
262148,0,0,0.0
292185,0,0,0.0
355120,0,0,0.0
382314,1,0,0.0
444272,0,0,0.0
153044,0,0,0.0
377286,0,0,0.0
156196,0,0,0.0
441942,0,0,0.0
334595,0,0,0.0
345699,0,1,1.0
114264,0,0,0.0
334856,0,0,0.0
387225,0,0,0.0
102318,0,0,0.0
448858,0,0,0.0
156259,0,0,0.0
137573,0,0,0.0
422298,1,0,0.0
169967,0,0,0.0
366276,1,0,0.0
431471,0,0,0.0
210466,0,0,0.0
326930,0,0,0.0
421211,0,0,0.0
431091,0,0,0.0
133196,0,0,0.0
339247,0,0,0.0
338282,0,0,0.0
274301,0,0,0.0
275515,0,0,0.0
253254,0,0,0.0
403914,0,0,0.0
120248,0,0,0.0
259359,0,0,0.0
200270,0,0,0.0
207415,0,0,0.0
337936,0,0,0.0
139563,0,1,1.0
165949,0,0,0.0
413446,0,0,0.0
161262,0,0,0.0
149355,0,0,0.0
405160,0,1,1.0
337196,0,0,0.0
246829,0,0,0.0
362126,0,0,0.0
401845,0,0,0.0
180748,0,1,1.0
213583,0,0,0.0
266913,0,0,0.0
353974,0,0,0.0
278319,0,0,0.0
300372,0,0,0.0
110165,0,0,0.0
434143,0,0,0.0
296608,0,1,1.0
130801,0,0,0.0
297984,0,0,0.0
225049,0,0,0.0
130541,0,0,0.0
445586,0,0,0.0
230124,1,0,0.0
421962,0,0,0.0
299382,0,0,0.0
115608,0,0,0.0
328773,0,0,0.0
197689,0,0,0.0
244143,0,0,0.0
122091,0,0,0.0
142979,0,0,0.0
447133,0,0,0.0
266989,0,0,0.0
203684,0,0,0.0
262766,0,0,0.0
203666,0,1,1.0
383940,0,1,1.0
252294,0,0,0.0
368639,0,0,0.0
441886,0,0,0.0
127136,0,0,0.0
329577,0,0,0.0
320257,0,0,0.0
373588,0,0,0.0
327960,0,0,0.0
404161,0,0,0.0
342383,0,0,0.0
335942,0,0,0.0
171904,0,0,0.0
131696,0,0,0.0
303894,0,0,0.0
204522,0,0,0.0
176064,0,0,0.0
445839,0,0,0.0
143038,0,0,0.0
332254,0,0,0.0
282769,0,0,0.0
242311,0,0,0.0
277867,1,1,1.0
224489,0,0,0.0
189728,0,0,0.0
431454,0,0,0.0
245042,0,1,1.0
378677,0,0,0.0
389112,0,0,0.0
255423,0,0,0.0
353908,0,0,0.0
359605,0,0,0.0
215991,0,0,0.0
195229,0,0,0.0
427031,0,0,0.0
177212,1,0,0.0
272920,0,0,0.0
451484,0,0,0.0
410478,0,0,0.0
212909,0,0,0.0
327121,0,0,0.0
386222,0,0,0.0
283384,0,0,0.0
359385,0,0,0.0
177025,0,0,0.0
455256,0,0,0.0
230390,0,0,0.0
258595,0,0,0.0
284318,0,0,0.0
245997,0,0,0.0
123491,0,1,1.0
131287,0,1,1.0
135820,0,0,0.0
264244,0,0,0.0
135216,0,0,0.0
165440,0,0,0.0
345707,0,0,0.0
325174,0,0,0.0
159982,0,0,0.0
312190,0,0,0.0
430287,0,0,0.0
349991,0,0,0.0
165668,0,0,0.0
153220,1,0,0.0
325264,0,0,0.0
114549,0,0,0.0
347518,0,0,0.0
317073,0,0,0.0
443108,0,0,0.0
186790,0,0,0.0
293690,0,0,0.0
278753,0,0,0.0
404638,0,0,0.0
125005,0,0,0.0
255430,0,0,0.0
407278,0,0,0.0
227297,0,0,0.0
118812,0,0,0.0
146042,0,0,0.0
157513,0,0,0.0
311444,0,0,0.0
222964,0,0,0.0
288921,0,0,0.0
296775,0,0,0.0
372813,0,0,0.0
186751,0,0,0.0
162095,0,0,0.0
127044,0,0,0.0
278499,0,0,0.0
301091,0,0,0.0
427625,0,0,0.0
386591,0,0,0.0
198360,0,0,0.0
384802,1,0,0.0
378172,1,0,0.0
435619,1,0,0.0
295832,0,0,0.0
356315,0,0,0.0
373828,0,0,0.0
273442,0,0,0.0
269070,0,0,0.0
242866,0,0,0.0
308792,0,0,0.0
367887,0,0,0.0
243322,0,0,0.0
399665,0,0,0.0
336926,1,0,0.0
341244,0,0,0.0
157669,1,1,1.0
223281,0,0,0.0
115893,0,0,0.0
219756,0,0,0.0
145387,0,0,0.0
453331,0,0,0.0
334476,1,1,1.0
258633,0,1,1.0
454505,0,0,0.0
153758,0,0,0.0
266371,0,0,0.0
126080,0,1,1.0
110484,0,0,0.0
338680,0,0,0.0
106641,0,0,0.0
217567,0,0,0.0
392358,0,0,0.0
413567,1,1,1.0
160300,0,0,0.0
423085,0,0,0.0
375798,0,0,0.0
107922,0,0,0.0
209345,0,1,1.0
373462,0,0,0.0
290266,0,0,0.0
137772,0,0,0.0
200120,0,0,0.0
431847,0,0,0.0
421512,0,0,0.0
187443,0,0,0.0
248897,0,0,0.0
455732,0,0,0.0
180378,0,0,0.0
228481,0,0,0.0
284471,0,0,0.0
200401,0,0,0.0
235092,0,0,0.0
109163,0,0,0.0
123412,0,0,0.0
147526,0,0,0.0
440521,0,0,0.0
409468,0,0,0.0
307905,1,0,0.0
377066,0,0,0.0
122302,0,0,0.0
390459,0,0,0.0
385714,0,0,0.0
129388,0,0,0.0
382332,0,0,0.0
364193,0,0,0.0
164845,0,0,0.0
272441,0,0,0.0
427383,0,0,0.0
312846,0,0,0.0
394929,0,0,0.0
214144,0,0,0.0
122450,0,0,0.0
132930,0,0,0.0
110734,1,0,0.0
175923,0,1,1.0
438142,0,1,1.0
248138,0,0,0.0
372903,0,0,0.0
396708,0,0,0.0
453775,0,0,0.0
286178,0,0,0.0
101319,0,0,0.0
191613,0,0,0.0
255668,0,0,0.0
324737,0,0,0.0
410455,0,0,0.0
330194,1,0,0.0
384704,0,0,0.0
351247,0,0,0.0
122438,0,1,1.0
426959,0,0,0.0
349473,0,0,0.0
144049,1,0,0.0
215867,0,0,0.0
383930,0,0,0.0
347066,0,0,0.0
197654,0,0,0.0
310391,0,0,0.0
246984,0,0,0.0
145739,0,0,0.0
124846,1,0,0.0
171483,0,0,0.0
131552,0,0,0.0
250693,0,0,0.0
234093,0,0,0.0
222961,0,0,0.0
120868,0,0,0.0
193483,1,0,0.0
331991,0,0,0.0
122828,0,0,0.0
372592,0,0,0.0
162545,0,0,0.0
183510,0,0,0.0
446494,0,0,0.0
210138,0,0,0.0
107399,0,0,0.0
193578,0,0,0.0
418071,0,0,0.0
276543,0,0,0.0
297397,0,0,0.0
145435,0,0,0.0
263403,1,1,1.0
346988,0,0,0.0
296704,0,0,0.0
110767,0,0,0.0
394120,0,0,0.0
398160,0,0,0.0
403920,0,0,0.0
405571,1,0,0.0
211418,0,0,0.0
282035,0,0,0.0
241734,0,0,0.0
237115,0,0,0.0
383376,0,0,0.0
344340,1,1,1.0
362541,0,0,0.0
301395,0,1,1.0
365914,0,0,0.0
363499,1,1,1.0
418663,0,0,0.0
101338,0,0,0.0
426093,0,1,1.0
167134,0,0,0.0
201749,0,0,0.0
139146,0,0,0.0
269513,0,0,0.0
346158,0,0,0.0
344970,0,0,0.0
388025,0,1,1.0
256074,0,0,0.0
223779,0,1,1.0
230731,0,0,0.0
310846,1,0,0.0
167511,1,1,1.0
434314,0,1,1.0
445980,0,0,0.0
295928,0,0,0.0
222948,0,0,0.0
206911,0,0,0.0
102542,0,1,1.0
276427,1,0,0.0
128800,0,0,0.0
192623,1,1,1.0
205925,0,0,0.0
338279,0,0,0.0
176637,0,0,0.0
241222,0,0,0.0
335157,0,0,0.0
224123,0,0,0.0
143134,0,0,0.0
247404,0,0,0.0
261321,0,0,0.0
225616,0,0,0.0
346864,1,0,0.0
342952,0,0,0.0
294284,0,0,0.0
250868,0,0,0.0
380647,0,0,0.0
202572,0,0,0.0
171474,0,0,0.0
317990,0,0,0.0
186191,0,0,0.0
430347,1,0,0.0
365498,1,1,1.0
420159,0,0,0.0
123900,1,0,0.0
426645,0,1,1.0
261110,0,1,1.0
434836,0,0,0.0
229457,0,0,0.0
143875,0,0,0.0
403680,0,0,0.0
243359,0,0,0.0
159454,0,0,0.0
177238,0,0,0.0
216061,0,0,0.0
159462,0,0,0.0
370936,0,0,0.0
421210,0,0,0.0
125841,0,0,0.0
116148,0,0,0.0
188461,0,0,0.0
282038,0,0,0.0
432647,0,0,0.0
350823,0,0,0.0
109784,0,0,0.0
428159,0,0,0.0
248650,0,0,0.0
161963,0,0,0.0
335555,1,0,0.0
440718,0,0,0.0
389546,1,0,0.0
341744,0,0,0.0
234711,0,0,0.0
177866,0,1,1.0
233787,1,0,0.0
386001,0,0,0.0
286383,0,0,0.0
111131,0,0,0.0
185934,0,0,0.0
280502,0,0,0.0
155050,0,0,0.0
115238,0,0,0.0
305387,0,0,0.0
253211,0,1,1.0
180609,0,0,0.0
444623,0,0,0.0
205393,0,0,0.0
431167,0,0,0.0
203027,0,1,1.0
341090,1,0,0.0
418545,0,0,0.0
253810,0,0,0.0
296888,0,0,0.0
274027,0,0,0.0
389549,0,0,0.0
296575,0,0,0.0
410489,0,0,0.0
375212,0,0,0.0
118795,0,0,0.0
303531,0,0,0.0
409337,0,1,1.0
369545,0,0,0.0
356116,0,0,0.0
284324,0,0,0.0
429113,0,0,0.0
359621,0,0,0.0
263670,0,0,0.0
400857,0,0,0.0
143146,0,0,0.0
325968,0,0,0.0
448653,0,0,0.0
306145,0,0,0.0
278351,0,0,0.0
335941,0,0,0.0
255148,0,1,1.0
408569,0,0,0.0
117702,0,0,0.0
287995,0,0,0.0
174212,0,0,0.0
301018,0,0,0.0
319809,0,0,0.0
427453,1,0,0.0
351313,0,0,0.0
452955,0,0,0.0
305961,0,0,0.0
320533,0,0,0.0
441807,0,0,0.0
275271,0,0,0.0
147860,0,0,0.0
165629,0,0,0.0
437271,0,0,0.0
429115,0,0,0.0
392285,0,0,0.0
213488,0,1,1.0
383530,0,0,0.0
424973,0,0,0.0
400751,0,0,0.0
180384,0,0,0.0
174751,0,0,0.0
140446,0,0,0.0
216348,1,0,0.0
134571,0,0,0.0
105512,0,0,0.0
220440,0,1,1.0
404301,0,0,0.0
311734,1,1,1.0
264866,1,0,0.0
102685,0,0,0.0
251353,0,0,0.0
410864,0,0,0.0
367563,0,0,0.0
163856,0,0,0.0
274939,0,0,0.0
242482,0,0,0.0
406957,1,0,0.0
394314,0,1,1.0
218031,0,0,0.0
229184,0,0,0.0
115104,1,1,1.0
123092,0,0,0.0
136475,0,0,0.0
269220,0,0,0.0
124672,0,0,0.0
118061,0,0,0.0
156907,0,0,0.0
363430,0,0,0.0
105306,0,0,0.0
231880,0,0,0.0
219019,1,0,0.0
302848,0,1,1.0
164405,0,0,0.0
379657,0,0,0.0
268750,0,0,0.0
184021,0,0,0.0
148519,0,0,0.0
151649,0,0,0.0
423246,0,0,0.0
170743,0,0,0.0
124097,0,0,0.0
105605,0,0,0.0
133205,0,0,0.0
338249,0,0,0.0
183659,0,0,0.0
323846,0,0,0.0
346171,0,0,0.0
291565,0,0,0.0
108912,1,0,0.0
168320,0,0,0.0
378682,0,0,0.0
420670,0,0,0.0
233642,0,0,0.0
427713,0,0,0.0
144075,0,0,0.0
443713,0,0,0.0
342867,0,1,1.0
352889,0,1,1.0
433378,0,0,0.0
230998,0,0,0.0
248663,1,0,0.0
293901,0,0,0.0
115242,0,0,0.0
347338,0,0,0.0
350736,0,0,0.0
149129,0,0,0.0
160231,0,0,0.0
109205,0,0,0.0
120177,0,0,0.0
351961,0,0,0.0
285174,0,0,0.0
429961,0,0,0.0
350887,0,0,0.0
422310,0,0,0.0
313621,1,0,0.0
266019,0,0,0.0
395988,0,0,0.0
387219,0,0,0.0
311527,1,0,0.0
287713,0,0,0.0
192055,1,0,0.0
411140,0,0,0.0
371495,0,0,0.0
382324,0,1,1.0
239652,0,0,0.0
391001,0,0,0.0
393779,0,0,0.0
441122,0,0,0.0
301862,0,0,0.0
350181,1,0,0.0
101120,0,0,0.0
352682,0,0,0.0
194145,0,0,0.0
114517,0,0,0.0
202859,0,0,0.0
386233,0,0,0.0
436241,0,1,1.0
291400,0,0,0.0
242531,0,0,0.0
254948,0,0,0.0
105219,0,0,0.0
250387,0,0,0.0
237111,0,0,0.0
112941,0,0,0.0
398178,0,0,0.0
104275,0,0,0.0
218989,0,0,0.0
253928,0,0,0.0
320262,0,0,0.0
102684,0,0,0.0
358070,0,0,0.0
414190,0,0,0.0
435181,0,0,0.0
223193,0,0,0.0
296797,1,0,0.0
114591,0,0,0.0
265608,1,1,1.0
295951,0,0,0.0
120509,0,1,1.0
440423,0,0,0.0
341015,0,0,0.0
108128,0,0,0.0
115018,0,1,1.0
436379,0,0,0.0
176868,0,0,0.0
282459,0,0,0.0
123358,0,0,0.0
119976,0,0,0.0
169936,0,0,0.0
180474,0,0,0.0
232073,1,0,0.0
100413,0,0,0.0
343858,0,0,0.0
390493,0,0,0.0
306467,0,0,0.0
166925,0,0,0.0
237319,0,0,0.0
256121,0,0,0.0
113944,0,0,0.0
366705,1,1,1.0
203893,0,0,0.0
257952,0,0,0.0
305302,0,0,0.0
427892,0,1,1.0
205790,0,0,0.0
242684,0,0,0.0
301947,0,0,0.0
196792,0,0,0.0
105565,0,1,1.0
280979,0,0,0.0
401729,0,0,0.0
204034,0,0,0.0
341846,0,0,0.0
417802,0,0,0.0
285449,0,0,0.0
254896,0,0,0.0
445949,0,1,1.0
156441,0,1,1.0
326784,0,0,0.0
309051,0,0,0.0
343925,0,0,0.0
455548,0,0,0.0
341229,0,0,0.0
288128,0,0,0.0
267765,0,0,0.0
387345,0,0,0.0
333038,0,0,0.0
299753,0,0,0.0
443755,0,0,0.0
369356,0,1,1.0
274227,0,0,0.0
158650,0,0,0.0
354835,0,1,1.0
119211,0,0,0.0
282264,0,0,0.0
127221,0,0,0.0
437685,0,0,0.0
291923,0,0,0.0
247877,0,0,0.0
131403,1,0,0.0
339795,0,0,0.0
261603,0,0,0.0
287453,0,0,0.0
407607,0,0,0.0
362138,0,0,0.0
380483,0,0,0.0
168762,0,0,0.0
143694,0,0,0.0
171754,1,0,0.0
119249,0,0,0.0
135415,1,0,0.0
360200,1,0,0.0
432242,0,0,0.0
350753,0,0,0.0
410430,0,0,0.0
293742,0,0,0.0
347600,0,0,0.0
353187,0,0,0.0
185759,0,0,0.0
350791,0,0,0.0
406799,0,0,0.0
255719,0,0,0.0
284482,0,1,1.0
371010,0,0,0.0
380706,0,0,0.0
371024,1,0,0.0
327100,0,0,0.0
406406,0,0,0.0
356337,0,0,0.0
131659,0,0,0.0
188291,0,0,0.0
439748,0,0,0.0
169509,0,0,0.0
122128,0,0,0.0
281655,0,0,0.0
107799,0,0,0.0
373387,0,0,0.0
361015,0,0,0.0
373103,0,0,0.0
127930,0,0,0.0
172005,0,0,0.0
120568,0,0,0.0
364880,0,1,1.0
217747,0,0,0.0
285030,0,0,0.0
346106,0,0,0.0
343193,0,0,0.0
299103,0,0,0.0
281898,1,0,0.0
327143,0,0,0.0
204378,0,0,0.0
143414,0,0,0.0
287598,0,0,0.0
374618,0,0,0.0
317570,0,0,0.0
349038,1,0,0.0
206212,0,0,0.0
110503,0,0,0.0
368865,1,0,0.0
403706,0,0,0.0
175618,1,1,1.0
288087,0,0,0.0
347342,0,0,0.0
330959,0,0,0.0
257300,0,0,0.0
251095,1,0,0.0
153217,0,1,1.0
350132,0,0,0.0
166823,0,0,0.0
130157,0,0,0.0
206892,0,0,0.0
124137,0,0,0.0
160353,0,0,0.0
352836,0,0,0.0
117851,0,0,0.0
165451,0,0,0.0
204773,0,0,0.0
263538,0,0,0.0
126210,0,0,0.0
153101,0,0,0.0
111354,0,0,0.0
229133,0,0,0.0
121501,0,0,0.0
415042,1,0,0.0
214457,0,0,0.0
346261,0,0,0.0
426422,0,0,0.0
118315,0,0,0.0
284045,0,0,0.0
293773,0,1,1.0
236549,0,0,0.0
285465,0,0,0.0
123571,0,0,0.0
132045,0,0,0.0
335043,0,0,0.0
371200,1,0,0.0
355204,0,0,0.0
210945,0,0,0.0
244199,0,0,0.0
429919,0,0,0.0
340301,0,0,0.0
450028,0,0,0.0
270177,0,1,1.0
325746,0,0,0.0
219132,1,0,0.0
178941,0,0,0.0
404246,0,0,0.0
147455,0,0,0.0
296277,1,0,0.0
190308,0,0,0.0
308862,0,0,0.0
235050,0,0,0.0
407320,0,0,0.0
247578,0,0,0.0
413051,0,0,0.0
330834,0,0,0.0
282366,0,0,0.0
274551,0,0,0.0
115177,0,0,0.0
441135,0,0,0.0
299738,0,0,0.0
304797,0,0,0.0
404576,0,1,1.0
432730,0,0,0.0
362676,0,0,0.0
372734,1,0,0.0
431614,0,0,0.0
313850,0,0,0.0
135080,0,0,0.0
382736,0,0,0.0
385379,0,0,0.0
110912,0,0,0.0
418150,0,1,1.0
317547,0,1,1.0
200204,0,0,0.0
195318,1,0,0.0
213319,0,0,0.0
355607,0,0,0.0
136761,0,0,0.0
283844,0,0,0.0
350592,0,0,0.0
439384,0,0,0.0
295165,0,0,0.0
293442,0,0,0.0
115296,0,0,0.0
398413,0,0,0.0
380732,0,0,0.0
267305,0,0,0.0
145633,0,0,0.0
294201,0,0,0.0
376892,0,0,0.0
121779,0,0,0.0
177374,0,0,0.0
113274,0,0,0.0
296483,1,0,0.0
393769,0,0,0.0
398559,0,0,0.0
309758,0,0,0.0
396784,0,0,0.0
107264,0,0,0.0
259728,0,0,0.0
349795,1,0,0.0
153446,0,0,0.0
375141,0,0,0.0
432962,0,0,0.0
258959,0,1,1.0
118790,0,0,0.0
151013,0,0,0.0
290182,0,0,0.0
395142,0,0,0.0
445924,0,0,0.0
266495,0,0,0.0
345802,0,0,0.0
352387,1,0,0.0
325387,0,0,0.0
103050,0,0,0.0
161634,0,0,0.0
278366,0,0,0.0
325479,0,0,0.0
269064,0,0,0.0
170987,0,0,0.0
201139,0,0,0.0
203554,0,1,1.0
143471,0,1,1.0
272994,0,0,0.0
451220,0,0,0.0
198780,0,0,0.0
438104,0,0,0.0
432913,0,0,0.0
233374,0,0,0.0
199831,0,1,1.0
438554,0,1,1.0
107360,0,0,0.0
358981,0,0,0.0
278447,0,0,0.0
426970,0,0,0.0
420712,0,1,1.0
414123,0,0,0.0
434332,0,0,0.0
454455,0,1,1.0
381305,1,1,1.0
153028,0,0,0.0
219200,0,0,0.0
325783,0,0,0.0
220821,0,0,0.0
419574,0,0,0.0
389185,0,0,0.0
435183,1,1,1.0
431850,0,0,0.0
426814,0,0,0.0
399614,0,1,1.0
407444,0,0,0.0
183604,1,0,0.0
299185,0,0,0.0
387206,0,0,0.0
348459,0,0,0.0
183236,1,0,0.0
105497,0,0,0.0
362857,0,0,0.0
178727,0,0,0.0
250120,0,0,0.0
167440,0,0,0.0
258530,0,0,0.0
313032,0,0,0.0
366097,0,0,0.0
117833,0,0,0.0
121986,0,0,0.0
281871,0,0,0.0
140991,0,0,0.0
392731,0,0,0.0
313729,0,0,0.0
163887,0,0,0.0
334316,0,0,0.0
422791,0,1,1.0
445759,0,1,1.0
396302,0,0,0.0
319833,0,0,0.0
375550,0,0,0.0
315077,0,0,0.0
445633,0,0,0.0
111371,0,0,0.0
434352,0,0,0.0
198701,0,0,0.0
330637,0,0,0.0
166598,0,0,0.0
134784,0,0,0.0
384101,0,1,1.0
446299,0,0,0.0
125331,0,0,0.0
205498,0,0,0.0
115733,0,0,0.0
114132,0,0,0.0
279924,1,0,0.0
193764,0,0,0.0
205405,0,0,0.0
104609,0,0,0.0
163415,0,0,0.0
371145,0,0,0.0
223063,0,0,0.0
325175,0,0,0.0
396288,1,0,0.0
307578,0,0,0.0
243536,0,0,0.0
311299,0,0,0.0
257068,0,0,0.0
191612,0,0,0.0
444473,0,0,0.0
201341,0,0,0.0
240619,0,0,0.0
444071,0,0,0.0
189647,0,0,0.0
428346,0,0,0.0
142631,1,1,1.0
150465,0,0,0.0
153186,0,0,0.0
421182,0,0,0.0
310282,0,0,0.0
253186,1,0,0.0
165983,0,0,0.0
158317,0,0,0.0
443939,0,0,0.0
443366,0,0,0.0
111094,0,0,0.0
182013,0,0,0.0
107881,0,0,0.0
331046,0,0,0.0
143767,0,0,0.0
298817,0,0,0.0
188358,0,1,1.0
133524,0,0,0.0
151712,0,0,0.0
163598,0,0,0.0
378453,0,0,0.0
300149,0,0,0.0
164369,0,0,0.0
312220,0,0,0.0
220738,0,0,0.0
274940,0,0,0.0
315698,0,0,0.0
351966,0,0,0.0
421162,0,0,0.0
352417,0,0,0.0
220855,0,0,0.0
276333,0,0,0.0
220835,0,0,0.0
242634,0,0,0.0
105061,0,0,0.0
444101,0,0,0.0
193084,0,0,0.0
118705,0,0,0.0
205129,0,0,0.0
373068,0,0,0.0
117813,0,1,1.0
263151,0,0,0.0
402727,0,0,0.0
325788,0,0,0.0
346584,0,0,0.0
333834,1,0,0.0
130741,0,0,0.0
240517,0,0,0.0
262774,0,1,1.0
359488,0,0,0.0
440735,0,0,0.0
230214,1,0,0.0
360370,0,0,0.0
384990,0,0,0.0
405040,0,0,0.0
302191,0,0,0.0
161218,0,0,0.0
424418,0,0,0.0
273444,0,1,1.0
241877,0,0,0.0
268540,0,0,0.0
414217,0,0,0.0
207279,0,1,1.0
239839,0,1,1.0
223408,0,0,0.0
391393,0,0,0.0
432053,0,0,0.0
153718,0,0,0.0
241989,0,0,0.0
411470,0,0,0.0
454179,0,0,0.0
317615,0,0,0.0
330976,0,0,0.0
149455,0,0,0.0
106973,0,0,0.0
144902,0,1,1.0
258710,0,0,0.0
122533,0,0,0.0
164446,0,0,0.0
399234,0,0,0.0
375098,0,0,0.0
399697,0,1,1.0
440836,0,0,0.0
300081,0,0,0.0
245391,0,0,0.0
402840,0,0,0.0
230147,0,0,0.0
165841,0,0,0.0
209605,0,0,0.0
391541,1,0,0.0
450891,0,0,0.0
422710,0,0,0.0
289300,0,0,0.0
178770,1,1,1.0
238799,0,0,0.0
417130,0,0,0.0
451069,0,0,0.0
392099,0,0,0.0
454363,0,0,0.0
448874,0,0,0.0
218466,0,0,0.0
166470,0,0,0.0
346930,0,0,0.0
324922,0,0,0.0
413994,0,0,0.0
387654,0,0,0.0
356194,0,0,0.0
344357,0,0,0.0
147104,0,0,0.0
385985,0,0,0.0
102940,0,0,0.0
115140,0,0,0.0
407018,1,0,0.0
404622,0,0,0.0
332079,0,0,0.0
285069,0,0,0.0
403585,0,0,0.0
111394,0,1,1.0
105690,0,0,0.0
175869,0,0,0.0
379946,0,0,0.0
333899,0,0,0.0
111334,0,1,1.0
239693,0,0,0.0
342899,0,0,0.0
246105,0,0,0.0
264583,0,0,0.0
399815,0,0,0.0
306466,0,0,0.0
109164,0,0,0.0
381675,0,0,0.0
111317,0,0,0.0
211294,0,0,0.0
215019,0,0,0.0
196269,0,0,0.0
169104,0,0,0.0
116931,0,0,0.0
214128,0,0,0.0
114786,1,0,0.0
304160,0,0,0.0
163775,0,0,0.0
208498,0,0,0.0
176798,0,0,0.0
297048,0,0,0.0
186780,0,0,0.0
221403,0,0,0.0
324670,0,0,0.0
393242,1,0,0.0
113384,0,0,0.0
221084,1,1,1.0
106414,0,1,1.0
266297,0,0,0.0
172904,0,0,0.0
402235,0,0,0.0
104939,0,0,0.0
118316,0,0,0.0
444204,0,0,0.0
128387,0,0,0.0
415457,0,0,0.0
173466,0,0,0.0
244411,0,0,0.0
156059,0,0,0.0
284588,0,0,0.0
167277,0,0,0.0
129159,0,1,1.0
443822,1,0,0.0
135244,0,0,0.0
340361,0,0,0.0
296059,0,0,0.0
262255,0,0,0.0
262210,0,0,0.0
139444,0,0,0.0
116224,0,0,0.0
321043,0,0,0.0
363137,0,0,0.0
316370,0,0,0.0
273830,0,0,0.0
328216,0,1,1.0
269519,0,0,0.0
101890,0,0,0.0
398541,0,0,0.0
174229,0,0,0.0
137750,0,0,0.0
395803,1,1,1.0
334051,0,0,0.0
142666,0,0,0.0
250463,0,1,1.0
273072,0,0,0.0
183411,0,0,0.0
315443,0,0,0.0
122168,0,0,0.0
331163,0,0,0.0
110387,0,0,0.0
239033,0,0,0.0
390661,1,1,1.0
312407,1,0,0.0
295406,0,0,0.0
378553,0,0,0.0
227017,0,0,0.0
208379,0,0,0.0
357715,0,0,0.0
434030,0,0,0.0
134904,1,1,1.0
148775,0,0,0.0
108794,0,0,0.0
424686,0,0,0.0
279237,0,0,0.0
282364,0,1,1.0
378200,0,0,0.0
183589,0,0,0.0
285108,0,0,0.0
200178,0,0,0.0
391273,0,0,0.0
404432,0,0,0.0
241152,0,0,0.0
388570,0,0,0.0
152197,0,0,0.0
372103,0,0,0.0
451614,0,0,0.0
452196,0,0,0.0
276671,0,0,0.0
270085,0,0,0.0
330874,0,0,0.0
173037,0,0,0.0
310442,0,1,1.0
280789,0,0,0.0
393632,0,0,0.0
375192,0,0,0.0
149621,0,0,0.0
335745,0,0,0.0
317997,0,1,1.0
352856,0,0,0.0
116857,0,0,0.0
291120,0,0,0.0
368363,0,0,0.0
226653,0,0,0.0
273439,1,0,0.0
208306,0,0,0.0
123808,0,0,0.0
300167,0,0,0.0
115202,0,0,0.0
206613,0,0,0.0
111570,0,1,1.0
202969,0,0,0.0
273012,0,0,0.0
277649,0,1,1.0
401569,0,0,0.0
114286,0,0,0.0
437521,0,1,1.0
191496,0,0,0.0
246298,0,0,0.0
409808,0,1,1.0
111407,0,0,0.0
304638,0,0,0.0
255957,0,0,0.0
203022,0,0,0.0
266322,0,0,0.0
129041,0,0,0.0
259277,0,0,0.0
337565,0,0,0.0
416184,0,0,0.0
288951,0,0,0.0
138278,0,0,0.0
247180,0,0,0.0
175273,0,0,0.0
433974,0,0,0.0
310341,0,0,0.0
175321,0,0,0.0
201354,0,1,1.0
141943,0,0,0.0
254566,0,0,0.0
355457,0,0,0.0
363505,0,0,0.0
292949,0,0,0.0
327074,0,0,0.0
363485,1,0,0.0
435234,0,0,0.0
326588,0,0,0.0
200088,0,0,0.0
289569,0,0,0.0
337806,0,0,0.0
113111,0,0,0.0
292447,0,0,0.0
206598,0,0,0.0
142107,0,0,0.0
277490,0,1,1.0
384240,0,0,0.0
340678,0,0,0.0
149819,0,0,0.0
373368,1,0,0.0
241759,0,0,0.0
343984,0,0,0.0
316542,0,0,0.0
368299,0,0,0.0
312173,0,0,0.0
255209,1,0,0.0
236799,1,0,0.0
301864,0,1,1.0
376211,0,0,0.0
248118,0,1,1.0
416671,0,0,0.0
237379,0,1,1.0
226923,0,0,0.0
249554,0,0,0.0
424169,0,0,0.0
157842,0,0,0.0
265640,0,0,0.0
149313,0,0,0.0
204333,1,0,0.0
194194,1,0,0.0
301809,0,0,0.0
260629,1,0,0.0
255008,0,0,0.0
358170,0,0,0.0
249821,0,1,1.0
137253,1,1,1.0
440492,1,0,0.0
322601,0,0,0.0
371043,0,1,1.0
173851,0,0,0.0
188148,1,0,0.0
179795,0,0,0.0
113236,0,0,0.0
107155,0,0,0.0
258656,0,0,0.0
100440,0,0,0.0
175800,0,0,0.0
234134,0,0,0.0
254221,0,0,0.0
110169,0,0,0.0
121517,0,0,0.0
158113,1,0,0.0
301158,0,0,0.0
383247,0,0,0.0
326250,1,1,1.0
453852,0,0,0.0
415046,0,0,0.0
157911,0,0,0.0
451343,0,0,0.0
236764,0,0,0.0
121834,0,1,1.0
199312,0,0,0.0
368206,0,0,0.0
252511,0,0,0.0
146070,1,0,0.0
113893,0,0,0.0
285568,0,0,0.0
104440,0,0,0.0
446366,0,0,0.0
422865,0,0,0.0
143168,0,0,0.0
215378,0,0,0.0
186827,0,0,0.0
222997,1,0,0.0
388888,0,0,0.0
209898,0,0,0.0
375130,0,0,0.0
117395,0,0,0.0
231431,0,0,0.0
105469,0,0,0.0
221786,0,0,0.0
310600,0,0,0.0
367379,0,0,0.0
114338,0,0,0.0
279389,1,0,0.0
286748,0,0,0.0
163147,0,0,0.0
240955,0,0,0.0
204421,0,0,0.0
246674,0,0,0.0
440289,0,0,0.0
434125,1,0,0.0
125971,0,0,0.0
136785,0,0,0.0
196179,0,0,0.0
106844,0,0,0.0
155708,0,0,0.0
160183,1,0,0.0
158943,0,0,0.0
263906,0,0,0.0
418857,0,0,0.0
225454,1,0,0.0
235141,0,0,0.0
160619,0,0,0.0
279139,0,0,0.0
269361,0,0,0.0
331825,0,0,0.0
115508,0,1,1.0
441848,0,1,1.0
435312,0,0,0.0
193023,0,0,0.0
230888,0,0,0.0
148900,0,0,0.0
410109,0,0,0.0
267553,0,0,0.0
242138,0,0,0.0
167636,0,0,0.0
414608,0,0,0.0
180635,0,0,0.0
369332,0,1,1.0
254415,0,0,0.0
141048,0,0,0.0
324717,0,0,0.0
136611,0,0,0.0
446039,0,0,0.0
382686,0,0,0.0
417957,0,0,0.0
424556,0,0,0.0
296448,0,0,0.0
200509,0,0,0.0
154977,0,0,0.0
310987,1,0,0.0
357651,1,0,0.0
453391,0,0,0.0
378814,1,0,0.0
446298,0,0,0.0
391902,0,1,1.0
200318,1,0,0.0
193911,0,0,0.0
422617,0,0,0.0
228543,0,0,0.0
351129,0,0,0.0
436725,0,0,0.0
314541,0,0,0.0
373831,0,0,0.0
232192,0,0,0.0
132059,0,0,0.0
141001,0,0,0.0
104002,0,0,0.0
295547,0,0,0.0
108163,0,1,1.0
303742,0,0,0.0
248263,0,0,0.0
279490,0,0,0.0
372705,0,0,0.0
213121,1,0,0.0
420968,0,0,0.0
245648,0,0,0.0
302714,0,0,0.0
123374,0,0,0.0
301850,0,0,0.0
453595,0,0,0.0
372572,0,1,1.0
450045,0,0,0.0
395853,0,1,1.0
283024,1,0,0.0
293414,0,0,0.0
212527,0,0,0.0
373683,1,0,0.0
399857,0,0,0.0
325241,0,0,0.0
279330,0,1,1.0
123737,0,1,1.0
349447,0,0,0.0
338915,0,0,0.0
331958,0,0,0.0
194674,0,0,0.0
166282,0,0,0.0
369515,0,0,0.0
284143,0,0,0.0
281205,0,0,0.0
150295,0,0,0.0
342065,0,0,0.0
256326,0,0,0.0
373727,0,0,0.0
198694,0,0,0.0
324402,0,0,0.0
199528,0,1,1.0
347357,0,0,0.0
142937,0,0,0.0
420493,0,1,1.0
119300,0,0,0.0
448113,0,0,0.0
450632,0,0,0.0
264016,0,0,0.0
299348,0,0,0.0
455442,0,0,0.0
437104,0,1,1.0
352261,0,1,1.0
218721,0,0,0.0
304836,0,0,0.0
216081,0,1,1.0
173493,0,0,0.0
333042,0,0,0.0
316762,1,1,1.0
374782,0,0,0.0
309518,0,0,0.0
136170,0,0,0.0
223905,0,0,0.0
232076,0,0,0.0
194390,0,1,1.0
371687,0,0,0.0
453750,0,0,0.0
142406,1,0,0.0
353407,0,0,0.0
230868,0,0,0.0
180556,0,0,0.0
432982,0,0,0.0
335330,0,0,0.0
453135,0,0,0.0
398797,0,0,0.0
199934,0,0,0.0
205116,0,0,0.0
309141,0,1,1.0
304289,0,0,0.0
423551,0,0,0.0
236334,0,0,0.0
413806,0,1,1.0
353120,0,0,0.0
152643,0,0,0.0
411724,0,0,0.0
328689,0,0,0.0
409242,0,0,0.0
178655,0,0,0.0
451624,1,0,0.0
336957,0,0,0.0
260005,0,1,1.0
431991,0,0,0.0
393930,0,0,0.0
312943,0,0,0.0
190278,0,0,0.0
193291,0,0,0.0
272018,0,0,0.0
402834,0,0,0.0
164734,0,0,0.0
173573,1,0,0.0
231667,0,0,0.0
136631,0,0,0.0
351685,0,0,0.0
330827,0,0,0.0
232435,0,0,0.0
173707,0,0,0.0
440633,0,0,0.0
445654,0,0,0.0
374659,0,1,1.0
348615,0,0,0.0
156900,0,0,0.0
441202,0,0,0.0
254915,0,1,1.0
387276,0,0,0.0
130237,0,0,0.0
439045,0,0,0.0
380517,0,0,0.0
125879,0,0,0.0
211125,0,0,0.0
215216,0,0,0.0
331797,0,1,1.0
161165,0,0,0.0
224681,0,0,0.0
188605,0,0,0.0
115194,0,0,0.0
398476,0,1,1.0
434402,0,0,0.0
309728,0,1,1.0
190297,0,1,1.0
437004,0,0,0.0
455165,0,0,0.0
219384,0,0,0.0
209756,0,1,1.0
326654,0,0,0.0
309961,1,0,0.0
266649,0,0,0.0
320757,0,0,0.0
424495,0,0,0.0
214824,0,0,0.0
134225,0,0,0.0
333090,1,0,0.0
389204,0,0,0.0
333667,0,0,0.0
359238,0,0,0.0
211141,0,1,1.0
255759,0,0,0.0
344663,0,0,0.0
166416,0,0,0.0
445604,1,0,0.0
423827,0,0,0.0
441144,0,0,0.0
423240,0,0,0.0
313912,0,0,0.0
263121,0,0,0.0
447856,0,0,0.0
124636,0,0,0.0
372751,0,0,0.0
339860,0,0,0.0
114122,0,0,0.0
345574,0,0,0.0
425823,0,0,0.0
290873,0,0,0.0
418037,0,0,0.0
156160,0,0,0.0
433981,0,0,0.0
258177,0,0,0.0
175771,0,0,0.0
434849,0,0,0.0
223536,0,0,0.0
384420,0,0,0.0
166810,0,0,0.0
100743,0,0,0.0
329682,0,0,0.0
244914,0,0,0.0
201632,0,0,0.0
340024,0,0,0.0
173828,0,1,1.0
268037,0,0,0.0
309670,0,0,0.0
152150,0,0,0.0
341173,1,0,0.0
222045,0,0,0.0
191687,0,0,0.0
119369,0,0,0.0
222746,0,0,0.0
224148,0,0,0.0
195418,0,0,0.0
220992,0,0,0.0
111398,0,0,0.0
320299,0,0,0.0
126444,0,0,0.0
347285,0,0,0.0
179242,0,0,0.0
403849,0,1,1.0
423785,0,0,0.0
150361,0,0,0.0
245942,0,0,0.0
348955,0,0,0.0
139730,0,0,0.0
400348,1,0,0.0
249875,0,0,0.0
251119,0,0,0.0
121159,0,0,0.0
259172,0,0,0.0
337315,0,0,0.0
364992,0,0,0.0
358598,0,0,0.0
262211,0,1,1.0
337591,0,0,0.0
334573,0,0,0.0
200411,0,0,0.0
293539,1,1,1.0
203382,0,0,0.0
213298,0,0,0.0
330991,0,0,0.0
270664,0,0,0.0
330405,0,0,0.0
398868,0,1,1.0
317962,0,0,0.0
334780,0,0,0.0
101529,0,0,0.0
368385,0,0,0.0
291558,0,0,0.0
243247,1,0,0.0
146212,0,0,0.0
363659,0,0,0.0
278484,0,0,0.0
177771,0,0,0.0
154713,0,0,0.0
141204,1,0,0.0
195460,0,1,1.0
103855,0,0,0.0
322389,0,0,0.0
274130,0,0,0.0
203048,0,0,0.0
418798,0,0,0.0
156929,0,0,0.0
382647,0,0,0.0
127879,0,0,0.0
273551,0,0,0.0
126563,0,0,0.0
432455,0,0,0.0
434419,0,1,1.0
103659,0,0,0.0
241814,0,0,0.0
197204,0,0,0.0
413433,0,0,0.0
169821,0,0,0.0
360498,0,1,1.0
168248,0,0,0.0
268754,0,0,0.0
397302,0,1,1.0
410210,0,0,0.0
109557,0,1,1.0
454987,0,0,0.0
353790,0,0,0.0
400016,0,0,0.0
387621,0,0,0.0
356799,0,0,0.0
291753,0,1,1.0
202264,1,0,0.0
333265,0,0,0.0
177177,0,0,0.0
373582,0,0,0.0
220026,0,0,0.0
139739,0,1,1.0
332065,0,0,0.0
361437,1,0,0.0
288150,0,0,0.0
131205,0,0,0.0
423359,0,0,0.0
213271,0,0,0.0
102556,0,0,0.0
298658,0,0,0.0
187883,0,0,0.0
450284,0,0,0.0
187210,0,0,0.0
302521,0,0,0.0
319070,0,0,0.0
190579,0,0,0.0
251256,0,0,0.0
228341,0,0,0.0
160045,0,0,0.0
213231,0,0,0.0
394869,0,0,0.0
448181,0,0,0.0
105535,0,0,0.0
217927,0,0,0.0
228929,0,0,0.0
455111,0,0,0.0
257453,0,0,0.0
122611,0,0,0.0
406509,0,0,0.0
229537,0,0,0.0
118794,0,0,0.0
103939,1,0,0.0
241414,0,0,0.0
188143,0,0,0.0
448758,0,0,0.0
354160,0,0,0.0
412355,0,1,1.0
361738,0,0,0.0
351397,0,0,0.0
190514,0,0,0.0
130832,0,0,0.0
312855,0,0,0.0
347558,0,0,0.0
179689,0,0,0.0
446539,0,0,0.0
102283,0,0,0.0
406622,0,0,0.0
213197,0,0,0.0
112403,0,0,0.0
454829,0,0,0.0
283156,1,1,1.0
191228,0,0,0.0
312433,0,0,0.0
272615,0,0,0.0
103546,0,0,0.0
397766,1,0,0.0
304189,0,0,0.0
272665,0,1,1.0
345547,0,0,0.0
136444,0,0,0.0
148613,0,0,0.0
433760,0,0,0.0
166152,0,0,0.0
341061,0,0,0.0
168775,0,0,0.0
429970,0,0,0.0
163340,0,0,0.0
118268,0,0,0.0
100357,0,0,0.0
413807,0,0,0.0
453121,0,0,0.0
406420,0,0,0.0
103486,1,0,0.0
398977,0,0,0.0
434750,0,0,0.0
434756,0,0,0.0
372655,0,0,0.0
350434,0,0,0.0
308470,0,0,0.0
208029,0,0,0.0
333146,0,0,0.0
239676,0,0,0.0
162853,0,0,0.0
166732,0,1,1.0
147125,0,0,0.0
110654,0,0,0.0
102141,0,0,0.0
315866,1,0,0.0
347978,0,1,1.0
432171,0,0,0.0
256193,0,0,0.0
183353,0,0,0.0
179588,0,1,1.0
428698,0,0,0.0
182738,0,0,0.0
296232,1,0,0.0
142651,0,0,0.0
446897,0,0,0.0
239424,0,0,0.0
224881,0,0,0.0
262451,0,0,0.0
354087,0,0,0.0
396308,0,1,1.0
119722,0,0,0.0
299319,0,0,0.0
196464,0,0,0.0
424753,0,0,0.0
267660,0,0,0.0
234728,0,0,0.0
342962,0,0,0.0
327034,0,0,0.0
298878,0,0,0.0
294673,0,0,0.0
166852,0,0,0.0
357778,0,0,0.0
254497,0,0,0.0
415342,0,0,0.0
224284,0,0,0.0
435820,0,0,0.0
305984,0,0,0.0
281908,0,0,0.0
264126,0,0,0.0
316280,0,0,0.0
348558,0,0,0.0
197569,1,0,0.0
432756,0,0,0.0
238597,0,0,0.0
211947,1,0,0.0
202496,0,1,1.0
298867,0,0,0.0
372131,0,1,1.0
436897,0,0,0.0
206891,0,0,0.0
177528,0,0,0.0
260859,0,0,0.0
340173,1,0,0.0
328781,0,0,0.0
259262,0,0,0.0
157062,0,0,0.0
252658,0,0,0.0
293840,0,0,0.0
307238,0,0,0.0
373528,0,1,1.0
341459,0,0,0.0
315905,0,1,1.0
317463,0,0,0.0
390528,0,0,0.0
219440,0,0,0.0
312774,0,0,0.0
164329,0,0,0.0
100520,0,0,0.0
365119,0,0,0.0
387483,0,0,0.0
329504,0,0,0.0
208722,0,1,1.0
296065,1,0,0.0
343220,0,0,0.0
439326,0,0,0.0
237063,0,0,0.0
377537,0,0,0.0
303156,0,0,0.0
231729,0,0,0.0
316167,0,0,0.0
330057,0,0,0.0
134231,0,0,0.0
451632,0,0,0.0
373826,0,0,0.0
398099,0,0,0.0
295634,1,0,0.0
174266,0,0,0.0
348839,0,0,0.0
140592,0,0,0.0
335570,0,0,0.0
419039,0,0,0.0
427055,1,0,0.0
308697,0,0,0.0
144370,0,0,0.0
179334,0,0,0.0
347455,0,1,1.0
297319,0,0,0.0
385220,0,1,1.0
208805,0,0,0.0
396639,0,0,0.0
178545,0,0,0.0
154025,0,0,0.0
355233,0,0,0.0
282093,0,0,0.0
410477,0,0,0.0
393089,0,1,1.0
402206,0,0,0.0
246948,0,0,0.0
386125,0,0,0.0
114069,0,0,0.0
245968,0,0,0.0
202162,0,0,0.0
125900,0,0,0.0
352240,0,0,0.0
194441,0,0,0.0
196811,0,0,0.0
131433,0,0,0.0
370720,0,0,0.0
287651,0,0,0.0
404146,0,0,0.0
188499,0,0,0.0
214220,1,0,0.0
361004,0,0,0.0
335909,0,0,0.0
438866,1,0,0.0
221490,0,0,0.0
160152,0,0,0.0
152239,0,0,0.0
137038,1,0,0.0
188280,0,0,0.0
321810,0,0,0.0
355398,0,0,0.0
327868,0,0,0.0
310804,0,0,0.0
447570,0,0,0.0
210477,0,0,0.0
452229,0,1,1.0
219320,0,0,0.0
248751,0,0,0.0
198414,0,0,0.0
406702,0,0,0.0
367292,0,0,0.0
410780,0,0,0.0
174480,0,0,0.0
276829,0,0,0.0
234148,0,0,0.0
407239,0,0,0.0
299202,0,0,0.0
139948,1,0,0.0
275756,0,0,0.0
397824,0,0,0.0
330720,0,0,0.0
416036,1,0,0.0
133398,0,0,0.0
288075,0,0,0.0
444037,0,0,0.0
245945,0,0,0.0
119399,0,0,0.0
158335,1,1,1.0
180333,1,1,1.0
121993,0,0,0.0
175868,0,1,1.0
390593,0,0,0.0
410657,0,0,0.0
210365,0,0,0.0
439672,0,0,0.0
105948,0,0,0.0
349656,0,0,0.0
140815,0,0,0.0
427199,0,0,0.0
286736,0,0,0.0
147388,0,1,1.0
216477,0,0,0.0
412446,0,0,0.0
169442,1,0,0.0
267798,0,0,0.0
304193,0,0,0.0
156238,0,0,0.0
127545,0,0,0.0
253082,0,1,1.0
237340,0,0,0.0
221193,0,0,0.0
131559,0,0,0.0
376665,1,0,0.0
322015,0,1,1.0
225394,0,0,0.0
184625,0,0,0.0
329008,1,0,0.0
244752,0,0,0.0
440312,0,0,0.0
294968,0,0,0.0
430844,0,0,0.0
278334,0,0,0.0
377886,0,0,0.0
268848,0,0,0.0
311836,1,0,0.0
182331,0,1,1.0
205780,0,0,0.0
167596,0,0,0.0
145069,0,1,1.0
203578,0,0,0.0
244299,0,0,0.0
254467,0,0,0.0
188360,0,0,0.0
342212,0,0,0.0
191313,1,0,0.0
174525,0,0,0.0
246854,0,0,0.0
338195,0,0,0.0
423879,0,0,0.0
194461,0,0,0.0
445490,0,0,0.0
107387,0,0,0.0
371261,1,0,0.0
345875,0,0,0.0
209335,0,0,0.0
130176,0,0,0.0
252494,0,1,1.0
177240,0,0,0.0
394778,0,0,0.0
155694,0,1,1.0
423311,1,0,0.0
298186,0,0,0.0
423640,0,0,0.0
159248,0,0,0.0
118001,0,0,0.0
162538,1,0,0.0
105713,1,0,0.0
213681,0,0,0.0
227184,1,1,1.0
206133,0,0,0.0
310529,0,0,0.0
155549,0,0,0.0
184351,0,0,0.0
202614,0,0,0.0
269187,0,0,0.0
120361,0,1,1.0
373810,0,0,0.0
173161,0,0,0.0
298717,0,0,0.0
148483,1,0,0.0
154140,0,0,0.0
357475,0,0,0.0
272594,0,0,0.0
293034,0,0,0.0
155677,0,0,0.0
233860,0,0,0.0
301222,0,0,0.0
166557,0,0,0.0
345052,0,0,0.0
176824,0,0,0.0
358993,1,0,0.0
242770,0,0,0.0
307611,0,0,0.0
306814,0,0,0.0
453468,0,1,1.0
309877,0,0,0.0
233672,0,0,0.0
154621,0,1,1.0
215069,0,0,0.0
397805,0,0,0.0
330184,1,0,0.0
347661,0,0,0.0
263534,0,0,0.0
444494,0,1,1.0
174567,0,0,0.0
187486,0,0,0.0
446456,0,0,0.0
379367,0,0,0.0
304157,0,0,0.0
220941,0,0,0.0
340971,0,0,0.0
261143,0,0,0.0
193179,0,0,0.0
424346,1,1,1.0
431781,0,0,0.0
351623,0,0,0.0
384311,0,0,0.0
413337,0,0,0.0
113355,0,0,0.0
323467,0,0,0.0
418249,0,0,0.0
416821,0,0,0.0
439192,0,0,0.0
452175,0,0,0.0
276924,0,0,0.0
434153,0,0,0.0
256378,0,0,0.0
350884,0,0,0.0
391263,0,1,1.0
442818,0,0,0.0
430852,0,0,0.0
254610,1,0,0.0
423103,0,0,0.0
405807,0,0,0.0
446175,0,0,0.0
154679,0,0,0.0
137070,0,1,1.0
381451,1,1,1.0
253095,0,1,1.0
275606,0,0,0.0
303745,0,0,0.0
348355,0,0,0.0
320820,0,0,0.0
257165,0,0,0.0
126847,1,0,0.0
427675,1,0,0.0
318353,0,0,0.0
221254,0,0,0.0
121658,0,0,0.0
252536,0,0,0.0
336069,0,0,0.0
396221,0,0,0.0
178274,0,0,0.0
121961,0,0,0.0
334199,0,0,0.0
302566,0,0,0.0
200678,0,0,0.0
279739,0,0,0.0
147355,1,0,0.0
206176,0,0,0.0
250315,0,1,1.0
111829,0,0,0.0
297009,0,0,0.0
171296,0,0,0.0
193716,0,0,0.0
389853,0,0,0.0
128854,0,0,0.0
209349,0,0,0.0
424793,0,0,0.0
231230,0,0,0.0
200379,0,0,0.0
445375,0,0,0.0
439148,0,0,0.0
196805,0,0,0.0
330246,0,0,0.0
357238,0,0,0.0
234294,0,0,0.0
205825,0,0,0.0
297603,0,0,0.0
259714,0,0,0.0
176024,0,0,0.0
444133,0,0,0.0
142172,0,0,0.0
301129,0,0,0.0
235590,0,0,0.0
343921,0,0,0.0
164346,0,0,0.0
281744,0,0,0.0
107143,0,0,0.0
167504,0,1,1.0
371902,0,0,0.0
327013,0,0,0.0
279041,1,0,0.0
268197,1,1,1.0
299350,0,0,0.0
351977,0,0,0.0
164257,0,0,0.0
426643,0,0,0.0
173167,0,0,0.0
282375,0,0,0.0
232361,0,0,0.0
370123,0,0,0.0
456155,0,0,0.0
174444,0,0,0.0
180623,0,0,0.0
409824,0,0,0.0
310792,0,0,0.0
160403,0,1,1.0
195759,0,0,0.0
414723,0,0,0.0
374855,0,0,0.0
448624,0,0,0.0
253310,0,0,0.0
144514,1,0,0.0
407308,0,0,0.0
133759,0,0,0.0
313791,0,0,0.0
255864,0,0,0.0
318528,0,0,0.0
150065,0,0,0.0
212052,0,0,0.0
346859,0,0,0.0
375083,0,0,0.0
199963,0,0,0.0
108549,0,0,0.0
373989,0,0,0.0
165459,1,0,0.0
455406,0,0,0.0
213485,0,0,0.0
132260,0,0,0.0
208597,0,0,0.0
238374,1,0,0.0
384343,0,0,0.0
100979,0,0,0.0
314707,0,0,0.0
294646,0,0,0.0
331708,0,0,0.0
268387,0,0,0.0
218639,0,0,0.0
191700,0,1,1.0
243942,0,0,0.0
292249,0,0,0.0
185673,0,0,0.0
309390,0,0,0.0
257140,0,0,0.0
101154,0,0,0.0
337924,0,0,0.0
281425,0,0,0.0
110101,0,0,0.0
245373,0,0,0.0
281153,0,0,0.0
277612,1,0,0.0
329316,0,0,0.0
175850,0,1,1.0
239955,0,0,0.0
443952,0,0,0.0
157139,0,0,0.0
214845,1,0,0.0
351366,0,0,0.0
409180,0,0,0.0
418319,0,0,0.0
258749,0,0,0.0
410400,1,0,0.0
247980,0,0,0.0
449838,0,0,0.0
165353,0,0,0.0
220198,0,0,0.0
365228,0,0,0.0
430412,1,0,0.0
167858,0,0,0.0
295564,0,0,0.0
295358,0,0,0.0
368961,0,0,0.0
384605,1,0,0.0
102589,0,0,0.0
239212,0,0,0.0
392725,0,0,0.0
243547,0,0,0.0
455888,0,0,0.0
236556,0,0,0.0
107115,0,0,0.0
343916,0,0,0.0
385430,0,0,0.0
284599,0,0,0.0
409438,0,0,0.0
227974,0,0,0.0
219705,0,0,0.0
237485,0,0,0.0
432460,0,0,0.0
127505,0,0,0.0
340345,0,0,0.0
265006,0,0,0.0
424372,0,0,0.0
223325,0,0,0.0
115486,0,0,0.0
300260,0,1,1.0
405826,0,1,1.0
155405,0,1,1.0
314766,0,0,0.0
399741,0,0,0.0
397904,0,1,1.0
163535,0,0,0.0
101663,0,0,0.0
226572,0,0,0.0
307886,0,0,0.0
281169,0,0,0.0
243303,0,0,0.0
171734,0,0,0.0
382102,0,0,0.0
184978,0,0,0.0
169283,0,0,0.0
112906,0,0,0.0
379069,0,0,0.0
346800,1,0,0.0
266992,0,1,1.0
443461,0,0,0.0
258789,1,0,0.0
276789,0,0,0.0
363328,0,0,0.0
217620,0,0,0.0
455711,0,0,0.0
366849,0,0,0.0
356473,0,0,0.0
281637,0,0,0.0
373412,0,0,0.0
146368,0,1,1.0
105838,0,0,0.0
362272,0,0,0.0
143750,0,0,0.0
424341,0,0,0.0
383392,0,0,0.0
185605,0,0,0.0
327712,0,0,0.0
274770,0,0,0.0
312333,0,1,1.0
177502,1,0,0.0
434754,0,0,0.0
409869,0,0,0.0
335945,0,0,0.0
439767,0,0,0.0
191397,0,0,0.0
192042,0,1,1.0
117403,0,0,0.0
266545,0,0,0.0
137655,0,1,1.0
179859,0,1,1.0
219893,0,0,0.0
165446,0,1,1.0
418632,0,0,0.0
220454,0,0,0.0
184730,1,0,0.0
147726,0,0,0.0
420151,0,0,0.0
314125,0,1,1.0
285229,0,0,0.0
226929,0,0,0.0
333703,0,1,1.0
192741,1,1,1.0
371775,0,0,0.0
106338,0,0,0.0
126908,0,1,1.0
372909,0,0,0.0
329499,0,1,1.0
411683,0,0,0.0
263283,0,0,0.0
229222,0,0,0.0
421193,0,0,0.0
144374,0,0,0.0
292148,0,0,0.0
410286,0,0,0.0
141419,0,0,0.0
454238,0,0,0.0
353788,0,0,0.0
396439,0,0,0.0
201877,0,0,0.0
301197,0,0,0.0
395345,0,0,0.0
370503,0,0,0.0
320246,0,1,1.0
224833,0,0,0.0
220768,0,0,0.0
259254,0,0,0.0
389071,0,0,0.0
286796,0,0,0.0
128761,0,0,0.0
445897,0,0,0.0
419541,0,0,0.0
252435,0,0,0.0
146784,1,0,0.0
294918,0,0,0.0
358176,0,0,0.0
395250,0,0,0.0
317078,0,0,0.0
447162,0,0,0.0
162260,0,0,0.0
301688,1,0,0.0
348395,0,0,0.0
184861,0,0,0.0
393453,0,0,0.0
160972,0,0,0.0
329766,0,0,0.0
197642,1,0,0.0
256475,0,0,0.0
445812,0,0,0.0
125304,0,0,0.0
229094,0,0,0.0
343604,0,0,0.0
413333,0,0,0.0
271761,0,0,0.0
293948,0,0,0.0
213625,0,1,1.0
302626,1,1,1.0
164035,0,0,0.0
132895,0,0,0.0
446852,0,0,0.0
361889,0,0,0.0
163517,0,0,0.0
299313,0,0,0.0
382829,0,0,0.0
204725,0,0,0.0
315536,0,0,0.0
426924,0,1,1.0
207346,0,0,0.0
325874,0,0,0.0
350170,0,0,0.0
361801,0,1,1.0
399553,1,0,0.0
280671,1,0,0.0
412718,0,0,0.0
412601,0,0,0.0
450327,0,0,0.0
183803,0,0,0.0
210185,1,0,0.0
303949,0,0,0.0
368937,0,0,0.0
115668,0,0,0.0
227057,0,0,0.0
125438,0,0,0.0
401451,1,1,1.0
249285,0,0,0.0
337521,0,0,0.0
286486,0,0,0.0
159478,1,0,0.0
435484,0,0,0.0
208417,0,0,0.0
427217,0,0,0.0
238730,0,0,0.0
215873,0,0,0.0
445252,0,0,0.0
124036,0,0,0.0
187571,0,0,0.0
242701,0,0,0.0
139506,0,0,0.0
116004,0,0,0.0
450749,0,0,0.0
148520,0,0,0.0
344652,0,0,0.0
155608,0,0,0.0
453293,0,0,0.0
357749,0,0,0.0
236827,0,0,0.0
193192,0,1,1.0
442733,0,0,0.0
346522,0,0,0.0
104645,0,1,1.0
314446,0,0,0.0
210936,0,0,0.0
378902,0,1,1.0
392501,0,0,0.0
178321,0,0,0.0
415919,0,0,0.0
354630,0,1,1.0
270100,0,0,0.0
421220,0,1,1.0
342601,0,1,1.0
259373,0,0,0.0
328037,0,0,0.0
152733,0,0,0.0
288612,0,0,0.0
167062,0,1,1.0
149773,0,1,1.0
132899,0,0,0.0
260810,0,0,0.0
212881,0,0,0.0
355912,0,0,0.0
331358,0,1,1.0
154999,0,0,0.0
267505,0,0,0.0
183284,0,0,0.0
204788,1,0,0.0
247121,0,0,0.0
438204,0,0,0.0
123281,0,0,0.0
358092,0,0,0.0
444426,0,0,0.0
200507,0,0,0.0
296567,0,0,0.0
451753,0,0,0.0
201225,0,0,0.0
147317,0,0,0.0
289860,0,0,0.0
441768,0,0,0.0
319589,0,0,0.0
319741,0,0,0.0
319299,0,0,0.0
431875,0,0,0.0
311532,1,0,0.0
318671,0,1,1.0
163720,0,0,0.0
172231,0,0,0.0
378702,0,0,0.0
274968,0,0,0.0
141929,0,0,0.0
154867,1,0,0.0
442977,0,1,1.0
402135,0,0,0.0
200872,0,0,0.0
237735,0,0,0.0
370530,0,0,0.0
104134,0,0,0.0
232313,0,0,0.0
363436,0,0,0.0
246824,0,0,0.0
260564,0,0,0.0
193794,0,1,1.0
164723,0,0,0.0
220623,0,0,0.0
421090,0,0,0.0
268356,0,0,0.0
383356,1,0,0.0
369323,0,0,0.0
196513,0,1,1.0
278780,0,0,0.0
368018,0,0,0.0
401286,0,0,0.0
326167,0,0,0.0
386900,0,0,0.0
406629,1,0,0.0
299927,0,0,0.0
421751,0,0,0.0
359527,1,1,1.0
430054,0,0,0.0
443444,0,0,0.0
202939,0,0,0.0
285506,0,0,0.0
246359,0,0,0.0
118369,0,0,0.0
364486,0,0,0.0
172070,0,0,0.0
328858,0,0,0.0
151142,0,0,0.0
291557,0,0,0.0
236505,0,1,1.0
378988,0,0,0.0
418262,0,0,0.0
156393,0,0,0.0
127891,0,0,0.0
398466,0,0,0.0
369766,0,0,0.0
404375,0,0,0.0
244473,0,0,0.0
169384,0,0,0.0
212767,0,0,0.0
114548,0,0,0.0
449911,0,1,1.0
185869,0,0,0.0
183877,0,0,0.0
436074,0,0,0.0
341477,0,0,0.0
198931,0,1,1.0
247430,1,0,0.0
419994,0,0,0.0
331492,0,1,1.0
195230,0,0,0.0
172579,0,0,0.0
219477,0,1,1.0
259673,0,0,0.0
181517,0,0,0.0
148593,0,0,0.0
399671,1,0,0.0
305769,0,0,0.0
147809,0,0,0.0
381366,0,1,1.0
444361,0,0,0.0
267104,0,0,0.0
201726,0,1,1.0
188968,0,0,0.0
385383,0,0,0.0
104325,0,0,0.0
197114,0,0,0.0
148104,0,0,0.0
382205,0,0,0.0
110959,0,0,0.0
128879,0,0,0.0
112103,0,1,1.0
271080,0,0,0.0
127799,0,0,0.0
378390,0,1,1.0
328512,0,0,0.0
200122,0,1,1.0
352669,0,0,0.0
302240,0,0,0.0
204512,0,0,0.0
203521,0,0,0.0
225030,0,1,1.0
293036,0,0,0.0
164553,0,0,0.0
417634,0,1,1.0
362271,0,0,0.0
187492,0,0,0.0
362360,0,0,0.0
267859,1,0,0.0
361792,0,0,0.0
290396,0,0,0.0
179627,0,0,0.0
429276,0,1,1.0
386370,0,0,0.0
190657,0,0,0.0
216134,0,0,0.0
295839,0,0,0.0
237559,0,0,0.0
321930,0,0,0.0
180390,0,0,0.0
435814,0,0,0.0
392034,0,0,0.0
145177,0,0,0.0
128877,0,0,0.0
117455,0,0,0.0
162819,0,0,0.0
276171,0,0,0.0
325446,0,0,0.0
435314,0,0,0.0
443750,0,1,1.0
437756,0,0,0.0
248714,0,1,1.0
143067,0,0,0.0
132506,0,0,0.0
228003,0,0,0.0
315518,0,0,0.0
198043,0,0,0.0
240862,0,0,0.0
102412,0,0,0.0
173771,0,0,0.0
136172,0,0,0.0
212803,0,0,0.0
140142,0,0,0.0
304560,0,0,0.0
277034,0,0,0.0
445556,0,0,0.0
237723,0,0,0.0
112320,0,0,0.0
258722,1,1,1.0
319805,0,0,0.0
315490,0,0,0.0
300863,0,0,0.0
368045,0,0,0.0
169803,0,0,0.0
119666,0,1,1.0
375424,0,0,0.0
229603,0,0,0.0
436101,0,0,0.0
206763,0,0,0.0
221800,0,0,0.0
350683,0,0,0.0
272980,0,0,0.0
129392,0,0,0.0
386530,0,0,0.0
432299,0,0,0.0
155181,0,0,0.0
339790,0,0,0.0
205384,0,0,0.0
365911,0,0,0.0
373066,1,0,0.0
419235,0,0,0.0
166998,0,0,0.0
128354,0,0,0.0
282196,0,0,0.0
423401,0,0,0.0
202684,0,0,0.0
135665,0,0,0.0
309866,0,1,1.0
307377,0,0,0.0
220520,0,0,0.0
303865,0,0,0.0
411292,0,0,0.0
408117,0,0,0.0
235309,1,1,1.0
209131,0,0,0.0
376686,0,0,0.0
167792,0,1,1.0
253433,0,0,0.0
344518,0,0,0.0
242300,0,0,0.0
147979,0,1,1.0
133030,0,0,0.0
237855,0,0,0.0
239337,0,0,0.0
170484,0,0,0.0
229292,0,0,0.0
293680,0,0,0.0
279866,0,0,0.0
249469,0,0,0.0
174811,0,0,0.0
104995,0,0,0.0
275751,0,0,0.0
104633,0,0,0.0
193035,0,0,0.0
357180,0,0,0.0
118760,0,0,0.0
106279,0,0,0.0
159845,0,0,0.0
256643,0,0,0.0
265936,0,0,0.0
420108,0,0,0.0
421410,0,0,0.0
218752,0,0,0.0
446936,0,0,0.0
120861,0,0,0.0
186311,1,0,0.0
381908,0,0,0.0
233576,1,0,0.0
290320,0,0,0.0
302650,0,0,0.0
444827,0,0,0.0
384729,0,0,0.0
436290,0,0,0.0
186301,0,0,0.0
378939,0,1,1.0
268524,0,1,1.0
451405,0,1,1.0
285438,0,0,0.0
261683,1,1,1.0
395106,1,0,0.0
117139,0,0,0.0
362689,0,1,1.0
139826,0,0,0.0
346938,1,0,0.0
365338,0,0,0.0
147313,0,0,0.0
166649,0,0,0.0
374914,0,0,0.0
426247,0,0,0.0
253920,0,0,0.0
252685,0,0,0.0
346754,0,0,0.0
416417,0,0,0.0
260479,0,0,0.0
381356,0,0,0.0
377289,0,0,0.0
331911,0,0,0.0
304488,0,0,0.0
400325,0,0,0.0
211080,0,0,0.0
191801,0,0,0.0
220843,0,1,1.0
275099,0,0,0.0
212434,0,0,0.0
390699,0,0,0.0
192929,0,0,0.0
325792,0,0,0.0
258980,0,0,0.0
411605,0,0,0.0
142828,0,0,0.0
449710,0,0,0.0
324904,0,0,0.0
216010,0,1,1.0
444040,0,0,0.0
385378,0,0,0.0
388990,0,0,0.0
235750,1,0,0.0
209641,0,0,0.0
279263,0,0,0.0
124508,0,0,0.0
271957,0,0,0.0
278593,0,0,0.0
348623,0,0,0.0
312161,0,0,0.0
278945,0,0,0.0
194420,0,0,0.0
105339,1,0,0.0
155386,0,0,0.0
361649,0,0,0.0
369744,0,0,0.0
106963,0,0,0.0
361824,0,0,0.0
373555,0,0,0.0
388445,0,0,0.0
363676,0,0,0.0
399942,0,1,1.0
243240,0,0,0.0
346985,1,0,0.0
317542,0,0,0.0
275414,0,0,0.0
127373,0,0,0.0
133100,1,0,0.0
225799,0,0,0.0
282414,0,0,0.0
100652,0,0,0.0
119439,0,0,0.0
364383,0,0,0.0
400829,0,0,0.0
332639,0,0,0.0
101625,0,0,0.0
101130,0,0,0.0
433630,0,0,0.0
420027,0,0,0.0
236481,0,0,0.0
226393,0,0,0.0
241162,1,0,0.0
315653,0,0,0.0
117078,0,0,0.0
201134,0,1,1.0
266919,0,0,0.0
283225,0,0,0.0
388172,0,0,0.0
161678,1,0,0.0
424666,0,0,0.0
286569,0,0,0.0
333360,0,0,0.0
144250,0,0,0.0
227410,0,0,0.0
392690,0,0,0.0
413164,0,0,0.0
355006,0,0,0.0
235024,0,0,0.0
254475,0,0,0.0
429394,0,1,1.0
358660,0,0,0.0
199377,0,1,1.0
211153,0,0,0.0
119555,0,0,0.0
169038,0,0,0.0
113745,0,0,0.0
113184,1,0,0.0
394737,0,1,1.0
241080,0,0,0.0
136676,1,0,0.0
450925,0,0,0.0
325116,0,0,0.0
306724,0,0,0.0
137740,0,0,0.0
358662,0,0,0.0
135170,0,0,0.0
109718,0,0,0.0
349059,0,0,0.0
369076,0,0,0.0
420877,0,0,0.0
297577,0,0,0.0
397341,0,0,0.0
230700,0,0,0.0
161551,0,0,0.0
171823,0,1,1.0
255701,0,0,0.0
364050,0,0,0.0
213643,0,0,0.0
186205,0,0,0.0
337577,0,0,0.0
360608,1,0,0.0
338010,0,0,0.0
194953,0,1,1.0
297647,0,0,0.0
392568,0,1,1.0
123783,1,0,0.0
247949,0,0,0.0
254185,0,0,0.0
214278,0,0,0.0
288830,0,0,0.0
264329,0,0,0.0
176492,0,0,0.0
195581,0,0,0.0
240567,0,1,1.0
250433,0,0,0.0
291057,0,0,0.0
278542,0,1,1.0
401191,0,1,1.0
187500,0,0,0.0
312941,0,0,0.0
265497,0,0,0.0
447650,0,0,0.0
330771,0,0,0.0
375869,0,0,0.0
414836,0,0,0.0
292343,0,1,1.0
324097,0,0,0.0
253747,0,0,0.0
289955,0,0,0.0
353426,0,0,0.0
391705,0,1,1.0
177037,0,0,0.0
104235,0,0,0.0
354263,0,0,0.0
392597,0,0,0.0
251181,0,0,0.0
392557,0,1,1.0
406599,0,0,0.0
423431,0,0,0.0
145377,0,1,1.0
284879,0,0,0.0
287754,0,0,0.0
408155,0,0,0.0
261514,0,0,0.0
281360,0,0,0.0
235010,0,0,0.0
120616,0,0,0.0
136227,0,0,0.0
179154,0,0,0.0
350122,0,0,0.0
239115,0,0,0.0
293019,0,0,0.0
269083,0,0,0.0
398331,0,0,0.0
357263,0,0,0.0
197902,0,0,0.0
435074,0,0,0.0
279106,0,0,0.0
240107,1,0,0.0
171217,0,0,0.0
336304,0,0,0.0
200163,0,0,0.0
409788,0,0,0.0
297729,0,0,0.0
443374,1,0,0.0
145241,0,0,0.0
285435,0,0,0.0
378058,0,0,0.0
189039,0,0,0.0
119652,0,0,0.0
216604,0,0,0.0
143511,0,0,0.0
259118,0,0,0.0
332252,0,0,0.0
276049,0,0,0.0
397922,0,0,0.0
387783,0,0,0.0
419712,0,0,0.0
112750,0,0,0.0
140575,0,0,0.0
186424,0,0,0.0
113726,1,0,0.0
350966,0,0,0.0
337312,0,0,0.0
310384,0,0,0.0
112763,0,0,0.0
243024,0,0,0.0
294786,0,0,0.0
342974,0,0,0.0
445250,0,0,0.0
303686,0,0,0.0
392670,0,0,0.0
299634,0,0,0.0
447389,0,0,0.0
282884,0,0,0.0
216707,0,0,0.0
120836,0,0,0.0
173092,0,0,0.0
295102,1,0,0.0
360962,0,0,0.0
394982,0,0,0.0
261681,0,0,0.0
144303,0,0,0.0
248403,0,0,0.0
173294,0,0,0.0
179607,0,0,0.0
299239,0,0,0.0
170286,1,0,0.0
267851,0,0,0.0
123440,0,0,0.0
179828,0,0,0.0
205318,0,0,0.0
253830,0,0,0.0
151946,0,0,0.0
452988,0,0,0.0
446513,1,0,0.0
396739,0,1,1.0
235539,0,0,0.0
183017,0,0,0.0
366190,0,0,0.0
220090,0,0,0.0
243940,0,1,1.0
199475,1,0,0.0
104028,0,0,0.0
435982,1,1,1.0
361647,0,0,0.0
260143,0,0,0.0
340960,0,0,0.0
405045,0,0,0.0
168598,0,0,0.0
168015,0,0,0.0
213099,0,0,0.0
351941,0,0,0.0
412708,1,0,0.0
230608,0,0,0.0
318783,0,0,0.0
250760,1,0,0.0
374977,0,1,1.0
328881,0,1,1.0
196774,0,0,0.0
427708,1,0,0.0
209802,0,0,0.0
262015,0,0,0.0
222261,0,1,1.0
347210,0,0,0.0
420110,0,0,0.0
326663,0,0,0.0
107806,0,0,0.0
316436,0,0,0.0
375361,0,0,0.0
427815,0,0,0.0
429355,0,0,0.0
117883,1,0,0.0
124484,0,0,0.0
374847,0,0,0.0
158921,0,0,0.0
108600,0,0,0.0
262034,0,0,0.0
191240,0,0,0.0
211824,0,0,0.0
296516,0,0,0.0
269674,0,0,0.0
184948,0,0,0.0
273814,0,0,0.0
384255,0,0,0.0
393679,0,0,0.0
285432,0,0,0.0
245310,0,0,0.0
175175,0,0,0.0
400868,0,0,0.0
388916,1,0,0.0
329637,0,0,0.0
391226,0,0,0.0
198176,0,0,0.0
110924,1,1,1.0
349019,1,0,0.0
378168,0,0,0.0
191218,0,0,0.0
214774,0,0,0.0
304823,0,0,0.0
245727,0,0,0.0
336945,0,0,0.0
399407,0,0,0.0
395161,0,0,0.0
129094,0,0,0.0
446507,0,0,0.0
411386,0,0,0.0
154686,0,0,0.0
219110,0,0,0.0
432765,0,0,0.0
142023,0,0,0.0
221744,0,0,0.0
141817,0,0,0.0
343929,1,0,0.0
268608,0,0,0.0
269371,0,0,0.0
159559,0,0,0.0
153770,0,0,0.0
149564,0,0,0.0
135706,0,0,0.0
412023,0,0,0.0
135440,0,0,0.0
338985,0,0,0.0
393226,0,0,0.0
320853,0,0,0.0
409069,0,0,0.0
133917,0,0,0.0
331187,0,0,0.0
335424,0,0,0.0
183045,0,0,0.0
117169,0,0,0.0
289259,0,0,0.0
409577,0,0,0.0
181207,0,0,0.0
256286,0,0,0.0
245142,0,0,0.0
343065,0,0,0.0
227979,0,0,0.0
159036,0,0,0.0
113668,1,0,0.0
248171,1,0,0.0
129207,1,0,0.0
387603,1,0,0.0
362041,0,1,1.0
214889,0,0,0.0
163581,0,0,0.0
245550,0,1,1.0
223212,0,0,0.0
168992,0,0,0.0
393865,0,0,0.0
416796,1,0,0.0
236824,0,0,0.0
254146,1,0,0.0
380561,0,0,0.0
120878,0,0,0.0
328014,0,0,0.0
104256,0,0,0.0
244599,0,1,1.0
383857,0,0,0.0
310770,0,0,0.0
318246,0,0,0.0
184543,0,0,0.0
313328,0,0,0.0
374472,0,0,0.0
322498,1,0,0.0
240278,0,1,1.0
119878,0,0,0.0
372648,0,1,1.0
401710,0,0,0.0
201357,0,0,0.0
110028,1,0,0.0
415655,0,0,0.0
413247,0,0,0.0
236298,0,0,0.0
154457,0,1,1.0
102757,0,1,1.0
433295,0,0,0.0
280759,0,0,0.0
331753,0,1,1.0
335738,0,0,0.0
234866,0,0,0.0
223143,1,0,0.0
311941,1,0,0.0
390503,0,0,0.0
363181,0,0,0.0
430037,0,0,0.0
352105,0,0,0.0
239170,0,0,0.0
253449,0,0,0.0
138748,0,0,0.0
302115,0,0,0.0
133088,0,0,0.0
136106,0,0,0.0
248729,0,0,0.0
239080,0,0,0.0
141512,0,0,0.0
106260,0,0,0.0
172667,0,0,0.0
453698,0,1,1.0
347972,0,0,0.0
362714,0,0,0.0
443640,0,0,0.0
444763,0,0,0.0
333824,0,0,0.0
343408,0,0,0.0
105813,0,0,0.0
176334,0,0,0.0
354715,0,0,0.0
433827,0,0,0.0
150884,0,0,0.0
396697,0,0,0.0
421809,0,1,1.0
419614,0,1,1.0
236156,1,0,0.0
178718,0,0,0.0
388373,0,0,0.0
215907,0,0,0.0
184723,1,0,0.0
306020,0,0,0.0
274880,0,0,0.0
164019,0,0,0.0
268336,0,0,0.0
151791,0,0,0.0
420979,0,0,0.0
132941,0,0,0.0
193920,0,0,0.0
351573,0,1,1.0
246399,0,0,0.0
276752,0,0,0.0
358690,0,0,0.0
424712,0,0,0.0
181857,0,0,0.0
237571,0,0,0.0
327261,0,0,0.0
187978,0,0,0.0
273067,0,0,0.0
308067,0,0,0.0
311633,1,0,0.0
156559,0,0,0.0
427679,1,0,0.0
168654,0,0,0.0
275988,0,1,1.0
400431,0,0,0.0
136966,0,0,0.0
169873,0,0,0.0
191328,0,0,0.0
121654,0,0,0.0
276839,0,0,0.0
273667,0,0,0.0
348082,0,0,0.0
135972,0,0,0.0
264756,0,0,0.0
371454,0,0,0.0
116800,0,1,1.0
132550,0,0,0.0
188323,0,0,0.0
233099,1,0,0.0
274449,0,1,1.0
350508,0,1,1.0
223770,0,0,0.0
308275,0,0,0.0
440426,0,0,0.0
420537,0,0,0.0
444227,0,0,0.0
138290,0,0,0.0
286306,0,0,0.0
272160,0,0,0.0
328045,0,0,0.0
338096,0,0,0.0
357101,0,0,0.0
315284,0,0,0.0
286621,0,0,0.0
142178,0,0,0.0
170069,0,1,1.0
390212,1,0,0.0
251284,0,0,0.0
229043,0,1,1.0
228346,1,1,1.0
158880,0,0,0.0
111992,0,0,0.0
165968,0,0,0.0
418907,0,0,0.0
227874,1,0,0.0
172140,0,1,1.0
371939,0,0,0.0
253952,0,1,1.0
427946,0,0,0.0
286645,1,0,0.0
225035,0,1,1.0
215366,0,0,0.0
140507,0,0,0.0
189952,0,0,0.0
365018,0,0,0.0
335238,0,0,0.0
351308,0,0,0.0
332213,0,0,0.0
216479,1,1,1.0
118370,0,0,0.0
255101,0,0,0.0
205592,0,0,0.0
124717,0,0,0.0
390923,0,0,0.0
112664,0,0,0.0
377827,0,0,0.0
342226,0,0,0.0
362746,0,0,0.0
182797,0,0,0.0
168973,0,0,0.0
137369,0,0,0.0
249558,1,0,0.0
180174,0,0,0.0
124797,0,0,0.0
354541,1,0,0.0
296459,1,1,1.0
236855,0,0,0.0
141143,0,0,0.0
219523,0,0,0.0
122297,1,1,1.0
382526,0,0,0.0
262695,0,0,0.0
189671,0,0,0.0
268875,0,1,1.0
364360,0,0,0.0
422804,0,1,1.0
290656,0,0,0.0
421229,0,0,0.0
199774,0,0,0.0
116150,0,0,0.0
221896,1,0,0.0
103355,0,0,0.0
374082,0,0,0.0
284973,0,0,0.0
361808,0,0,0.0
172595,0,0,0.0
379993,0,0,0.0
205576,0,0,0.0
426966,0,0,0.0
202195,0,0,0.0
395826,0,0,0.0
242068,0,0,0.0
176551,0,0,0.0
414352,0,0,0.0
376143,0,0,0.0
368611,0,0,0.0
157904,0,1,1.0
397343,0,0,0.0
105717,0,0,0.0
305097,0,0,0.0
316117,0,0,0.0
303994,0,0,0.0
321102,0,0,0.0
449279,0,0,0.0
315594,0,0,0.0
274891,0,0,0.0
230499,0,0,0.0
252288,0,0,0.0
298854,0,0,0.0
433764,0,0,0.0
123778,0,1,1.0
217290,0,0,0.0
410855,0,1,1.0
380083,0,0,0.0
364540,1,0,0.0
377796,0,0,0.0
363964,0,0,0.0
203767,0,0,0.0
380256,1,0,0.0
316759,0,0,0.0
268483,0,0,0.0
170018,0,0,0.0
265998,0,0,0.0
156622,0,0,0.0
133804,0,0,0.0
205051,0,0,0.0
322560,0,1,1.0
218791,0,0,0.0
260756,0,0,0.0
128867,0,0,0.0
301771,0,0,0.0
178778,0,0,0.0
456251,0,0,0.0
384105,1,1,1.0
220482,0,0,0.0
192615,0,0,0.0
168608,0,0,0.0
162974,0,0,0.0
241057,0,0,0.0
372600,0,0,0.0
343797,0,0,0.0
137372,1,0,0.0
404010,0,0,0.0
270236,0,0,0.0
207447,0,0,0.0
402059,0,0,0.0
248818,0,0,0.0
302545,0,0,0.0
123763,0,0,0.0
187013,0,0,0.0
229275,0,0,0.0
408047,0,0,0.0
324549,0,1,1.0
358000,0,1,1.0
425792,0,0,0.0
400749,0,0,0.0
276099,1,0,0.0
341960,0,0,0.0
364640,0,0,0.0
123814,0,0,0.0
264136,0,0,0.0
129004,0,0,0.0
347578,0,0,0.0
324652,0,0,0.0
320408,0,0,0.0
103121,0,0,0.0
304429,0,0,0.0
173069,0,0,0.0
165258,0,0,0.0
183987,0,0,0.0
252502,0,0,0.0
374599,0,0,0.0
391444,0,0,0.0
268528,0,0,0.0
456099,0,0,0.0
314045,0,0,0.0
129978,0,0,0.0
302870,0,0,0.0
166172,0,0,0.0
175646,0,0,0.0
254178,0,0,0.0
410949,0,0,0.0
121755,0,0,0.0
424387,0,0,0.0
359462,0,0,0.0
165324,0,0,0.0
453817,0,0,0.0
112210,0,0,0.0
280926,0,0,0.0
305036,0,0,0.0
330962,0,0,0.0
185867,0,0,0.0
279088,0,0,0.0
414671,0,0,0.0
257904,0,0,0.0
126668,0,0,0.0
360557,0,0,0.0
180486,0,0,0.0
131092,0,0,0.0
121613,0,0,0.0
219293,1,0,0.0
173451,0,0,0.0
397797,0,0,0.0
263429,0,0,0.0
317305,0,0,0.0
102872,0,0,0.0
315631,0,0,0.0
452276,0,0,0.0
331629,1,1,1.0
229078,0,0,0.0
451636,0,0,0.0
419814,0,0,0.0
224901,0,0,0.0
189162,0,1,1.0
164415,0,1,1.0
259335,0,0,0.0
454301,0,0,0.0
293868,0,1,1.0
422353,0,0,0.0
270128,0,0,0.0
364748,0,0,0.0
405201,0,0,0.0
101262,0,0,0.0
418275,0,0,0.0
201708,1,0,0.0
160499,0,0,0.0
227277,0,0,0.0
190349,1,0,0.0
151061,0,0,0.0
190611,0,0,0.0
405077,0,0,0.0
367130,0,0,0.0
404894,1,0,0.0
245690,0,0,0.0
318742,0,0,0.0
286652,0,0,0.0
274202,0,0,0.0
169067,0,1,1.0
177165,0,0,0.0
184783,0,0,0.0
392307,0,0,0.0
159695,0,0,0.0
192412,0,0,0.0
420257,0,1,1.0
370032,0,0,0.0
438949,0,0,0.0
178165,0,0,0.0
416298,0,0,0.0
201397,0,0,0.0
313055,0,1,1.0
253599,1,0,0.0
166638,0,0,0.0
361802,0,0,0.0
408151,0,0,0.0
223932,0,0,0.0
112782,0,0,0.0
238721,0,1,1.0
218471,0,0,0.0
297677,0,0,0.0
419240,0,0,0.0
298214,0,0,0.0
266718,0,0,0.0
268147,1,1,1.0
301297,0,0,0.0
312003,0,1,1.0
279586,0,0,0.0
384987,0,0,0.0
360874,0,0,0.0
375022,0,1,1.0
146197,0,0,0.0
110502,0,0,0.0
356464,0,1,1.0
221640,0,0,0.0
439201,0,0,0.0
390653,1,0,0.0
409738,0,0,0.0
434835,0,0,0.0
215692,0,0,0.0
425907,0,0,0.0
379221,0,0,0.0
274183,0,0,0.0
215725,0,0,0.0
249048,0,0,0.0
298302,0,0,0.0
363098,1,0,0.0
338006,0,0,0.0
172564,0,0,0.0
122052,0,0,0.0
163028,0,0,0.0
389117,0,0,0.0
412885,0,0,0.0
441946,0,0,0.0
387166,0,0,0.0
125245,0,0,0.0
361393,0,0,0.0
409847,0,0,0.0
222642,0,0,0.0
233962,0,0,0.0
239537,0,0,0.0
254048,0,0,0.0
345131,1,0,0.0
147991,0,1,1.0
407507,1,0,0.0
177921,0,0,0.0
426218,0,0,0.0
425068,0,0,0.0
224602,0,0,0.0
155867,0,0,0.0
214838,0,0,0.0
349421,0,0,0.0
425028,0,0,0.0
189963,0,0,0.0
197476,0,1,1.0
101760,0,0,0.0
349328,0,0,0.0
316454,0,0,0.0
241338,1,0,0.0
299273,0,0,0.0
408640,0,0,0.0
388868,0,0,0.0
117261,0,0,0.0
351550,0,0,0.0
331978,0,0,0.0
247035,0,1,1.0
240497,0,0,0.0
202678,0,0,0.0
399927,0,0,0.0
107954,0,0,0.0
222922,1,0,0.0
435668,0,0,0.0
349882,0,1,1.0
106478,1,0,0.0
317067,0,0,0.0
182765,0,0,0.0
270493,0,0,0.0
172109,0,0,0.0
450151,0,0,0.0
317362,0,0,0.0
248111,0,0,0.0
259343,0,0,0.0
444466,0,0,0.0
310157,0,0,0.0
207411,0,0,0.0
258780,0,0,0.0
115358,0,0,0.0
193766,0,0,0.0
271328,1,0,0.0
378594,0,0,0.0
128305,0,0,0.0
225899,0,0,0.0
249685,0,0,0.0
215011,0,0,0.0
236291,0,1,1.0
451367,0,1,1.0
205313,0,0,0.0
127848,0,0,0.0
400199,1,1,1.0
314144,0,0,0.0
287113,0,0,0.0
440929,0,0,0.0
181648,0,0,0.0
350134,0,0,0.0
139812,0,0,0.0
286324,0,0,0.0
111337,0,0,0.0
417322,0,0,0.0
116581,0,0,0.0
455104,0,0,0.0
367635,0,0,0.0
244986,0,0,0.0
219816,0,0,0.0
323203,0,0,0.0
343728,0,0,0.0
227001,0,0,0.0
103595,0,0,0.0
188512,0,0,0.0
365381,0,0,0.0
145193,0,0,0.0
248688,0,0,0.0
455549,0,0,0.0
107560,0,1,1.0
284699,0,0,0.0
120015,0,0,0.0
375245,0,0,0.0
382793,0,0,0.0
183201,0,0,0.0
309192,0,0,0.0
375955,0,0,0.0
432908,0,0,0.0
194342,0,0,0.0
300380,0,0,0.0
201465,0,0,0.0
250362,0,0,0.0
198346,0,0,0.0
431836,0,0,0.0
445236,0,0,0.0
425594,0,0,0.0
350420,0,0,0.0
347526,0,0,0.0
383708,0,0,0.0
423950,0,0,0.0
270428,0,0,0.0
314425,0,0,0.0
278826,0,0,0.0
280181,0,0,0.0
127376,0,0,0.0
307565,0,0,0.0
224461,0,0,0.0
176405,0,0,0.0
292239,0,0,0.0
358564,0,0,0.0
158985,0,0,0.0
334804,0,0,0.0
116624,0,0,0.0
308388,0,0,0.0
348780,0,0,0.0
388695,0,0,0.0
359579,0,0,0.0
171161,0,0,0.0
121158,0,0,0.0
240380,0,1,1.0
144481,0,0,0.0
288016,0,0,0.0
158842,0,0,0.0
444070,1,1,1.0
389850,0,0,0.0
365939,0,0,0.0
424480,0,0,0.0
373861,0,0,0.0
445740,0,0,0.0
163371,0,0,0.0
423500,0,0,0.0
161656,0,0,0.0
156120,0,0,0.0
432548,0,0,0.0
205352,0,0,0.0
254619,0,0,0.0
234937,0,1,1.0
256505,0,0,0.0
447725,0,0,0.0
248254,0,0,0.0
426999,0,0,0.0
289175,0,0,0.0
317580,0,0,0.0
117462,0,0,0.0
336997,0,0,0.0
257655,0,0,0.0
412827,0,0,0.0
340158,0,0,0.0
297926,0,0,0.0
391672,0,0,0.0
353335,0,0,0.0
257317,0,0,0.0
189698,1,0,0.0
450092,0,0,0.0
210274,0,0,0.0
334306,0,0,0.0
410346,0,0,0.0
258516,0,0,0.0
219076,0,0,0.0
333504,0,0,0.0
238740,1,0,0.0
445301,0,0,0.0
253652,0,0,0.0
187090,0,0,0.0
177101,0,0,0.0
423610,1,0,0.0
293713,0,0,0.0
103393,0,1,1.0
344451,0,0,0.0
349905,0,0,0.0
172861,0,0,0.0
349868,0,0,0.0
363252,0,0,0.0
208918,0,0,0.0
260827,0,0,0.0
296283,0,0,0.0
378784,0,0,0.0
379072,0,0,0.0
386883,0,0,0.0
331123,0,1,1.0
374461,0,0,0.0
279255,0,0,0.0
110144,0,0,0.0
298313,0,1,1.0
284843,0,0,0.0
422359,0,0,0.0
114924,0,0,0.0
363445,0,0,0.0
293871,0,0,0.0
359502,1,0,0.0
112915,0,0,0.0
155902,0,0,0.0
183402,0,0,0.0
124763,0,0,0.0
290602,0,0,0.0
196581,0,0,0.0
120238,0,0,0.0
354435,0,0,0.0
175881,0,0,0.0
288888,0,0,0.0
242141,0,0,0.0
320197,0,0,0.0
298477,0,0,0.0
324845,0,0,0.0
231092,0,0,0.0
290474,0,0,0.0
404212,0,0,0.0
328423,0,0,0.0
262496,0,0,0.0
442779,0,1,1.0
187376,0,0,0.0
189021,0,0,0.0
101141,0,0,0.0
136216,0,0,0.0
106191,0,0,0.0
381956,0,0,0.0
423893,0,1,1.0
451834,0,0,0.0
391345,0,0,0.0
170274,0,0,0.0
336254,1,0,0.0
317539,1,0,0.0
305681,0,1,1.0
287960,0,0,0.0
200561,0,0,0.0
168025,0,0,0.0
345628,0,1,1.0
299500,1,0,0.0
132980,0,0,0.0
360719,0,1,1.0
232060,0,0,0.0
141305,0,0,0.0
204138,0,0,0.0
163642,0,1,1.0
307438,0,0,0.0
412820,0,0,0.0
218758,0,0,0.0
170660,0,0,0.0
206444,0,0,0.0
322988,0,0,0.0
126041,0,0,0.0
376860,0,0,0.0
326889,1,0,0.0
126169,0,0,0.0
176807,0,0,0.0
160978,0,0,0.0
450377,0,0,0.0
399897,0,0,0.0
229468,0,0,0.0
335509,0,0,0.0
325910,0,0,0.0
118588,0,0,0.0
292614,0,0,0.0
289385,0,0,0.0
328933,0,0,0.0
351353,0,0,0.0
210595,0,0,0.0
371665,0,0,0.0
276819,1,0,0.0
152547,0,0,0.0
249694,0,0,0.0
422620,0,0,0.0
297724,1,0,0.0
210894,0,0,0.0
269156,0,0,0.0
207680,0,0,0.0
199710,0,1,1.0
288890,0,0,0.0
237247,0,0,0.0
141917,0,0,0.0
168936,0,0,0.0
285332,0,0,0.0
311730,0,0,0.0
110263,0,0,0.0
135849,0,0,0.0
369037,0,0,0.0
450702,0,0,0.0
417768,0,0,0.0
319633,0,0,0.0
207512,0,0,0.0
315606,0,0,0.0
437937,0,1,1.0
132628,0,0,0.0
322507,0,0,0.0
267157,0,0,0.0
139035,0,0,0.0
125322,1,0,0.0
278014,0,0,0.0
311994,0,0,0.0
116658,0,0,0.0
436361,0,0,0.0
319562,0,0,0.0
295459,0,0,0.0
216864,0,0,0.0
358547,0,0,0.0
432714,0,0,0.0
125118,0,0,0.0
358197,0,0,0.0
160079,0,0,0.0
454478,0,0,0.0
154283,0,0,0.0
338017,0,0,0.0
199155,0,0,0.0
254153,0,0,0.0
404895,0,0,0.0
267246,0,0,0.0
276384,0,0,0.0
307237,0,1,1.0
176210,0,0,0.0
237306,0,0,0.0
400425,0,0,0.0
131076,0,0,0.0
447189,0,0,0.0
401856,0,0,0.0
100889,0,0,0.0
182639,0,0,0.0
178291,0,0,0.0
216928,0,0,0.0
190787,0,0,0.0
450733,0,0,0.0
384459,1,0,0.0
354540,0,0,0.0
175501,0,0,0.0
225340,0,0,0.0
100610,0,0,0.0
275939,0,0,0.0
214955,0,0,0.0
253233,0,0,0.0
426923,0,0,0.0
193467,0,0,0.0
115282,0,0,0.0
418096,0,0,0.0
151438,0,0,0.0
339000,0,0,0.0
333924,0,1,1.0
354862,0,0,0.0
432851,0,0,0.0
277441,0,0,0.0
353747,0,0,0.0
445527,0,0,0.0
410862,1,0,0.0
109795,0,0,0.0
342828,0,0,0.0
105681,0,0,0.0
156212,1,1,1.0
315175,0,0,0.0
275546,0,0,0.0
123140,0,0,0.0
222548,0,0,0.0
161276,0,0,0.0
344613,0,0,0.0
239959,0,0,0.0
382974,1,1,1.0
380134,0,0,0.0
289155,0,0,0.0
257535,1,0,0.0
196571,0,0,0.0
353758,0,0,0.0
103045,0,0,0.0
111820,0,1,1.0
242211,0,0,0.0
368106,0,0,0.0
385877,0,0,0.0
199778,0,0,0.0
210900,0,0,0.0
147314,0,0,0.0
354179,0,0,0.0
359094,0,0,0.0
142367,0,0,0.0
437427,0,0,0.0
183984,0,0,0.0
420893,0,0,0.0
399783,1,0,0.0
215611,0,1,1.0
180643,0,0,0.0
213646,0,0,0.0
177999,0,0,0.0
144405,0,0,0.0
280278,0,0,0.0
370071,0,0,0.0
109128,0,0,0.0
408767,1,0,0.0
114773,0,1,1.0
166369,0,0,0.0
274670,0,0,0.0
189545,0,0,0.0
151578,0,0,0.0
193606,0,0,0.0
390457,0,0,0.0
143255,0,1,1.0
387111,0,0,0.0
138249,0,0,0.0
320742,0,1,1.0
243711,0,0,0.0
359625,0,1,1.0
166120,0,0,0.0
351741,0,0,0.0
367575,0,0,0.0
351183,0,0,0.0
256846,0,0,0.0
272554,0,0,0.0
211704,0,0,0.0
432238,0,1,1.0
156227,1,1,1.0
272310,0,0,0.0
293410,0,0,0.0
291799,0,0,0.0
106561,0,0,0.0
196289,0,0,0.0
183576,0,0,0.0
351228,0,0,0.0
338068,0,0,0.0
268710,0,0,0.0
436014,0,0,0.0
147079,0,0,0.0
281101,0,0,0.0
219485,0,0,0.0
118721,0,0,0.0
142032,0,0,0.0
225005,0,0,0.0
307769,0,1,1.0
416732,0,0,0.0
336233,0,0,0.0
432201,0,0,0.0
168335,0,0,0.0
162086,0,0,0.0
325119,0,0,0.0
177342,0,0,0.0
128563,0,0,0.0
140773,0,0,0.0
427821,0,0,0.0
439644,0,0,0.0
115641,0,0,0.0
277606,0,0,0.0
348970,0,0,0.0
332400,0,0,0.0
305865,0,0,0.0
279053,0,0,0.0
111297,0,0,0.0
292970,0,1,1.0
347872,0,0,0.0
207645,0,0,0.0
394261,0,0,0.0
159289,0,0,0.0
128152,1,0,0.0
108983,0,0,0.0
205242,0,0,0.0
117344,0,0,0.0
271126,0,0,0.0
364542,1,0,0.0
317847,0,0,0.0
158630,0,1,1.0
269600,0,0,0.0
268514,0,0,0.0
344523,0,0,0.0
241478,0,0,0.0
364194,0,0,0.0
434367,0,0,0.0
377057,0,0,0.0
282527,0,0,0.0
171057,0,0,0.0
358925,0,0,0.0
413361,0,0,0.0
262487,0,0,0.0
319303,0,0,0.0
454830,0,0,0.0
426603,0,0,0.0
256384,0,0,0.0
294139,0,0,0.0
298903,0,0,0.0
402085,0,0,0.0
295000,1,1,1.0
261523,1,0,0.0
396265,0,0,0.0
316088,0,0,0.0
148795,0,0,0.0
198552,0,0,0.0
428618,0,0,0.0
293112,0,0,0.0
179032,0,0,0.0
295786,0,0,0.0
148926,0,0,0.0
158060,0,0,0.0
154863,0,0,0.0
348953,0,0,0.0
236869,0,0,0.0
396181,0,0,0.0
357470,0,0,0.0
138027,1,0,0.0
107065,0,0,0.0
253155,0,0,0.0
296918,0,1,1.0
351475,0,0,0.0
248673,0,0,0.0
432190,0,0,0.0
195171,0,0,0.0
270492,0,0,0.0
353109,0,0,0.0
397024,0,0,0.0
144815,0,0,0.0
207475,0,0,0.0
180348,0,0,0.0
276360,0,0,0.0
132386,0,0,0.0
174040,1,0,0.0
337626,0,1,1.0
129406,0,0,0.0
213164,0,0,0.0
223860,0,1,1.0
455417,0,0,0.0
191283,0,0,0.0
262503,0,0,0.0
158639,0,0,0.0
280125,0,1,1.0
155068,0,0,0.0
326458,0,0,0.0
140228,0,0,0.0
135044,0,0,0.0
347314,0,0,0.0
333631,0,0,0.0
209976,0,0,0.0
396558,0,0,0.0
173326,0,1,1.0
156445,0,0,0.0
343706,1,0,0.0
100534,0,0,0.0
325009,0,0,0.0
385297,0,0,0.0
191460,1,0,0.0
323229,0,0,0.0
425260,0,1,1.0
205458,0,1,1.0
145357,0,0,0.0
137535,0,0,0.0
317567,1,0,0.0
190987,1,0,0.0
256630,0,0,0.0
196399,0,0,0.0
363407,0,0,0.0
291197,0,0,0.0
412131,0,0,0.0
223956,0,0,0.0
132958,1,0,0.0
272428,0,0,0.0
332462,0,0,0.0
381315,0,0,0.0
229627,0,0,0.0
279364,0,0,0.0
218604,0,0,0.0
240286,0,0,0.0
249482,0,0,0.0
301110,1,0,0.0
251574,0,0,0.0
295562,0,0,0.0
442600,1,0,0.0
296715,0,0,0.0
185379,0,0,0.0
328098,0,0,0.0
178388,0,0,0.0
105609,0,0,0.0
384474,0,1,1.0
286247,0,0,0.0
367195,0,0,0.0
388822,0,0,0.0
114977,0,0,0.0
211850,0,0,0.0
369251,0,0,0.0
149270,0,0,0.0
228119,0,0,0.0
390424,0,0,0.0
333084,0,0,0.0
394655,0,0,0.0
104694,0,0,0.0
157799,0,0,0.0
353397,0,0,0.0
318224,0,0,0.0
151656,1,0,0.0
212095,0,0,0.0
398885,0,0,0.0
316823,1,0,0.0
218017,0,0,0.0
122159,0,0,0.0
182951,0,0,0.0
424497,0,0,0.0
302004,0,0,0.0
364235,0,1,1.0
350637,0,0,0.0
410261,0,0,0.0
443968,0,0,0.0
420472,0,1,1.0
180604,0,0,0.0
255781,0,0,0.0
129386,0,0,0.0
135181,0,0,0.0
142919,0,0,0.0
250689,0,0,0.0
176496,0,0,0.0
366932,0,0,0.0
137569,0,0,0.0
160688,0,0,0.0
367210,1,0,0.0
244807,0,0,0.0
307141,0,0,0.0
226409,0,0,0.0
281280,0,0,0.0
177326,0,0,0.0
240979,0,1,1.0
182372,0,0,0.0
357555,0,0,0.0
264923,0,0,0.0
297941,0,0,0.0
338939,0,0,0.0
238700,0,0,0.0
291655,0,0,0.0
449010,0,0,0.0
189830,1,0,0.0
383935,0,0,0.0
443480,0,0,0.0
236132,1,0,0.0
453351,0,0,0.0
247388,0,0,0.0
327557,0,0,0.0
129430,0,0,0.0
160043,0,0,0.0
451746,1,0,0.0
233604,0,0,0.0
171253,1,0,0.0
182023,0,0,0.0
368822,0,1,1.0
303401,1,0,0.0
383850,0,0,0.0
300426,0,0,0.0
308501,1,0,0.0
110764,0,0,0.0
344740,0,0,0.0
233085,0,0,0.0
381119,0,0,0.0
440045,1,0,0.0
349788,0,1,1.0
345844,0,0,0.0
225518,0,0,0.0
376439,0,0,0.0
385177,0,0,0.0
455951,0,0,0.0
439678,0,0,0.0
136280,0,0,0.0
359521,0,0,0.0
352638,0,0,0.0
380470,0,0,0.0
444686,0,0,0.0
211528,1,0,0.0
328439,0,0,0.0
118431,1,0,0.0
191924,0,1,1.0
444723,0,0,0.0
235266,0,0,0.0
393332,0,0,0.0
213521,0,1,1.0
304321,0,0,0.0
299290,0,0,0.0
329707,0,0,0.0
234953,0,0,0.0
237846,0,0,0.0
110089,0,0,0.0
416205,0,0,0.0
418154,0,1,1.0
382117,0,0,0.0
451115,0,1,1.0
286976,0,0,0.0
435149,1,0,0.0
160760,0,1,1.0
441641,0,0,0.0
426257,0,0,0.0
138450,1,0,0.0
127556,0,0,0.0
205756,0,0,0.0
151299,0,0,0.0
374354,0,0,0.0
215180,0,0,0.0
238130,0,0,0.0
400995,0,0,0.0
419244,0,0,0.0
238743,0,0,0.0
188820,0,0,0.0
384134,0,0,0.0
126098,0,1,1.0
303396,0,1,1.0
173010,0,0,0.0
339138,0,0,0.0
410834,0,0,0.0
168884,0,0,0.0
312142,0,0,0.0
232259,0,0,0.0
123825,0,0,0.0
194645,0,0,0.0
206866,0,0,0.0
306356,0,0,0.0
406665,0,0,0.0
367285,0,0,0.0
283928,0,0,0.0
352841,0,0,0.0
270655,1,1,1.0
388995,0,0,0.0
226306,0,0,0.0
439062,0,0,0.0
217643,0,0,0.0
336507,0,0,0.0
292667,0,0,0.0
174993,0,1,1.0
264519,0,0,0.0
396279,1,1,1.0
435246,0,0,0.0
442222,0,0,0.0
229586,0,0,0.0
342035,1,0,0.0
105693,0,1,1.0
348617,0,0,0.0
196781,0,0,0.0
423507,0,0,0.0
366692,0,0,0.0
300020,0,0,0.0
165032,0,0,0.0
423579,0,0,0.0
321901,0,0,0.0
144040,0,0,0.0
426121,0,0,0.0
320158,0,0,0.0
393634,0,0,0.0
408415,0,0,0.0
174831,0,0,0.0
230736,0,0,0.0
318047,0,0,0.0
250886,0,0,0.0
166600,0,0,0.0
352559,0,0,0.0
287162,0,0,0.0
132281,0,1,1.0
358362,0,0,0.0
312374,0,0,0.0
222693,0,0,0.0
433060,0,0,0.0
273836,0,1,1.0
133990,0,0,0.0
223919,0,0,0.0
165167,0,0,0.0
430285,0,0,0.0
379893,0,0,0.0
164944,0,0,0.0
323080,0,0,0.0
197567,0,0,0.0
135350,0,0,0.0
106531,0,0,0.0
144119,0,0,0.0
276462,0,0,0.0
349550,0,0,0.0
285821,1,0,0.0
159635,0,0,0.0
210600,0,0,0.0
287018,0,0,0.0
118464,1,0,0.0
122130,0,0,0.0
253172,0,0,0.0
370989,0,0,0.0
319076,0,0,0.0
308600,0,0,0.0
345672,0,0,0.0
421679,0,1,1.0
255699,0,0,0.0
277142,0,0,0.0
114402,0,0,0.0
345380,0,0,0.0
178687,0,0,0.0
370614,0,0,0.0
332740,0,0,0.0
374557,0,0,0.0
108264,0,0,0.0
155426,0,0,0.0
217992,1,0,0.0
402765,0,0,0.0
323761,1,0,0.0
421025,0,0,0.0
268978,0,0,0.0
278988,0,0,0.0
371199,0,1,1.0
221534,0,0,0.0
235417,0,0,0.0
335086,0,0,0.0
388432,0,0,0.0
195811,0,0,0.0
455267,0,0,0.0
198401,1,0,0.0
418413,0,0,0.0
254812,0,0,0.0
341037,0,0,0.0
123304,0,0,0.0
452850,0,0,0.0
107833,0,0,0.0
416811,1,0,0.0
279746,0,0,0.0
333004,0,0,0.0
419702,0,0,0.0
366351,0,0,0.0
196228,0,0,0.0
397812,0,0,0.0
432456,0,0,0.0
304335,0,0,0.0
133638,0,0,0.0
391067,0,0,0.0
250960,0,0,0.0
147544,0,0,0.0
360119,0,0,0.0
206509,0,0,0.0
336012,0,0,0.0
421825,0,0,0.0
127572,0,0,0.0
152641,0,0,0.0
384608,0,0,0.0
114774,0,0,0.0
169479,0,0,0.0
165109,0,0,0.0
435124,0,0,0.0
330603,0,0,0.0
110099,1,0,0.0
232652,0,0,0.0
438751,0,0,0.0
254300,1,0,0.0
226883,0,0,0.0
153441,0,0,0.0
452970,0,0,0.0
149088,0,0,0.0
100919,0,0,0.0
182322,0,0,0.0
227490,0,0,0.0
150139,1,0,0.0
232755,0,0,0.0
448621,0,0,0.0
340002,0,0,0.0
455431,0,0,0.0
348050,0,0,0.0
167847,0,0,0.0
290761,0,0,0.0
233499,0,0,0.0
115531,0,0,0.0
237503,0,0,0.0
374965,0,0,0.0
158827,0,0,0.0
164710,0,0,0.0
165149,0,0,0.0
106737,0,0,0.0
247390,0,0,0.0
258844,0,0,0.0
181699,1,0,0.0
297892,0,0,0.0
400769,0,0,0.0
305051,0,0,0.0
298211,0,0,0.0
301629,0,0,0.0
208371,0,0,0.0
393578,0,0,0.0
151129,0,0,0.0
280858,1,1,1.0
406264,0,0,0.0
206620,1,0,0.0
193529,0,0,0.0
240762,1,0,0.0
208198,0,0,0.0
377327,0,0,0.0
188181,0,0,0.0
300343,0,0,0.0
196311,0,0,0.0
425254,0,0,0.0
326573,0,0,0.0
315565,0,0,0.0
236936,0,0,0.0
325204,0,1,1.0
235851,0,0,0.0
296039,0,0,0.0
262264,0,0,0.0
337734,0,0,0.0
411996,0,0,0.0
307318,0,1,1.0
245082,0,0,0.0
286036,0,0,0.0
219957,0,0,0.0
415932,0,0,0.0
366626,0,0,0.0
301893,0,0,0.0
395096,0,0,0.0
380661,0,0,0.0
118290,0,0,0.0
294380,0,0,0.0
275031,0,0,0.0
234096,0,0,0.0
404497,0,0,0.0
303075,0,0,0.0
401062,0,0,0.0
346900,0,0,0.0
384725,0,0,0.0
189211,0,0,0.0
376800,0,0,0.0
135670,0,0,0.0
178502,0,1,1.0
289459,0,0,0.0
343943,0,0,0.0
229412,0,0,0.0
327292,1,0,0.0
372859,0,0,0.0
232348,0,0,0.0
323949,0,0,0.0
120717,0,0,0.0
397193,0,0,0.0
266095,0,0,0.0
132253,0,0,0.0
146310,0,0,0.0
163745,0,0,0.0
353962,0,0,0.0
404251,0,0,0.0
169933,0,0,0.0
325915,0,0,0.0
433908,0,0,0.0
328278,0,0,0.0
275782,0,0,0.0
241529,0,0,0.0
282373,0,0,0.0
283446,0,0,0.0
348478,0,0,0.0
118244,0,0,0.0
126929,0,0,0.0
186057,0,0,0.0
350443,0,0,0.0
191588,0,0,0.0
284538,0,0,0.0
224483,0,0,0.0
144918,0,0,0.0
166228,0,0,0.0
272049,0,0,0.0
336372,0,0,0.0
340030,0,0,0.0
435674,0,0,0.0
331924,0,0,0.0
421374,0,0,0.0
274586,0,0,0.0
381098,0,0,0.0
335034,0,0,0.0
378528,0,0,0.0
157185,0,0,0.0
354521,1,0,0.0
241035,0,0,0.0
386856,0,0,0.0
452285,0,0,0.0
355483,0,0,0.0
305464,0,0,0.0
211644,0,0,0.0
388978,0,0,0.0
150978,0,0,0.0
178921,0,0,0.0
310755,0,0,0.0
319744,0,0,0.0
387514,0,0,0.0
437282,0,0,0.0
371131,0,1,1.0
363575,0,0,0.0
347358,0,1,1.0
416596,0,0,0.0
293141,1,0,0.0
290904,0,0,0.0
192538,0,0,0.0
128775,1,0,0.0
206379,0,0,0.0
224297,0,0,0.0
367615,0,0,0.0
128237,0,0,0.0
118416,0,0,0.0
423441,0,0,0.0
150009,0,0,0.0
428417,1,1,1.0
383218,0,0,0.0
300816,0,0,0.0
263526,0,0,0.0
181429,0,0,0.0
440108,1,0,0.0
361749,0,0,0.0
222040,0,0,0.0
372151,0,0,0.0
301954,0,0,0.0
425793,0,0,0.0
104881,0,0,0.0
385771,0,0,0.0
181490,0,0,0.0
175112,0,0,0.0
362226,0,0,0.0
317917,0,0,0.0
160617,0,0,0.0
334516,0,0,0.0
451143,0,0,0.0
367307,0,0,0.0
431603,0,0,0.0
144469,0,0,0.0
261367,0,0,0.0
314877,0,0,0.0
320808,0,0,0.0
323728,0,0,0.0
320459,0,1,1.0
309175,0,0,0.0
340563,0,0,0.0
132759,0,0,0.0
324404,0,0,0.0
159263,0,0,0.0
233012,0,1,1.0
284162,0,0,0.0
244016,0,0,0.0
405105,0,0,0.0
113165,0,0,0.0
331172,0,0,0.0
338471,0,1,1.0
162704,0,1,1.0
416106,0,0,0.0
356311,0,0,0.0
353827,0,0,0.0
146226,0,0,0.0
334895,0,0,0.0
339429,0,0,0.0
421726,0,0,0.0
311265,0,0,0.0
421132,0,0,0.0
297261,0,0,0.0
145848,0,0,0.0
259340,0,0,0.0
150628,0,0,0.0
138955,0,0,0.0
154674,0,0,0.0
422090,0,0,0.0
293228,0,0,0.0
143786,0,0,0.0
338866,0,0,0.0
239661,0,0,0.0
365733,0,1,1.0
310894,0,0,0.0
268127,0,0,0.0
109710,0,0,0.0
401755,0,0,0.0
301506,0,0,0.0
220935,0,0,0.0
127938,0,0,0.0
255294,0,0,0.0
443255,0,0,0.0
105774,0,0,0.0
387152,0,1,1.0
315068,0,0,0.0
381622,0,0,0.0
423113,0,0,0.0
272217,0,0,0.0
312807,0,0,0.0
247111,0,0,0.0
290637,0,0,0.0
145911,0,0,0.0
346187,0,0,0.0
234307,0,0,0.0
297804,0,0,0.0
106159,0,0,0.0
142515,0,0,0.0
165023,0,0,0.0
149657,0,0,0.0
209895,0,0,0.0
101849,0,0,0.0
120765,0,0,0.0
396365,0,0,0.0
412826,0,0,0.0
413088,0,0,0.0
443038,0,0,0.0
206576,0,0,0.0
180248,0,0,0.0
310902,0,0,0.0
123510,0,0,0.0
322694,0,0,0.0
326832,0,0,0.0
392794,1,0,0.0
326586,0,0,0.0
329166,0,0,0.0
419202,0,0,0.0
446996,0,0,0.0
415920,0,0,0.0
312156,0,0,0.0
251613,0,0,0.0
405950,0,0,0.0
382635,0,0,0.0
254781,0,1,1.0
401237,0,0,0.0
321546,0,0,0.0
209515,0,0,0.0
108121,1,0,0.0
382105,0,0,0.0
180230,0,0,0.0
329656,0,0,0.0
121873,0,0,0.0
234828,0,0,0.0
338921,0,0,0.0
367684,0,0,0.0
246570,0,0,0.0
376676,0,0,0.0
141469,0,0,0.0
156548,0,0,0.0
421405,1,0,0.0
243074,0,0,0.0
311490,1,0,0.0
121729,0,0,0.0
415162,0,0,0.0
224219,0,0,0.0
391637,0,0,0.0
224924,0,0,0.0
232974,0,0,0.0
386797,0,0,0.0
205505,0,0,0.0
399110,0,0,0.0
211935,0,0,0.0
372610,0,0,0.0
434824,0,0,0.0
187558,0,0,0.0
432722,0,0,0.0
132027,0,0,0.0
313874,0,0,0.0
240518,0,0,0.0
252804,0,0,0.0
199882,0,0,0.0
451686,0,0,0.0
187951,0,0,0.0
274769,0,0,0.0
343448,0,0,0.0
324349,0,0,0.0
212528,1,1,1.0
324760,1,0,0.0
100259,0,0,0.0
204276,0,0,0.0
259395,0,0,0.0
372855,0,0,0.0
342789,0,0,0.0
271281,0,0,0.0
175425,0,0,0.0
380007,0,0,0.0
115577,0,0,0.0
358075,0,0,0.0
133925,0,0,0.0
369409,0,1,1.0
305888,1,0,0.0
220884,0,0,0.0
254351,1,0,0.0
251084,0,0,0.0
386232,0,0,0.0
134465,0,0,0.0
438144,0,0,0.0
248806,0,0,0.0
191221,0,0,0.0
347993,0,1,1.0
455989,0,0,0.0
184477,0,0,0.0
319265,0,0,0.0
124959,0,0,0.0
126491,0,0,0.0
260263,0,0,0.0
169236,0,0,0.0
185672,0,1,1.0
247165,0,0,0.0
296289,0,0,0.0
211314,0,0,0.0
405093,0,1,1.0
171383,0,0,0.0
327209,0,0,0.0
313894,0,0,0.0
160497,1,0,0.0
350917,0,1,1.0
313446,0,0,0.0
236729,0,0,0.0
322064,0,0,0.0
378447,0,0,0.0
452613,0,0,0.0
335241,0,0,0.0
259735,0,0,0.0
148560,0,0,0.0
121797,0,0,0.0
449739,0,1,1.0
351067,0,0,0.0
292851,0,0,0.0
114040,0,0,0.0
186177,0,0,0.0
336636,0,0,0.0
108944,0,0,0.0
127117,0,0,0.0
361767,0,0,0.0
255730,0,0,0.0
202210,0,0,0.0
277174,0,0,0.0
309657,0,0,0.0
173242,1,0,0.0
285836,0,0,0.0
169159,0,0,0.0
339655,0,0,0.0
157674,1,0,0.0
418245,0,0,0.0
293687,0,1,1.0
449619,0,1,1.0
139388,0,0,0.0
135164,0,0,0.0
327223,0,0,0.0
165555,0,0,0.0
113826,0,0,0.0
206390,0,0,0.0
123995,0,0,0.0
158631,0,0,0.0
262233,0,0,0.0
180123,0,0,0.0
199808,0,0,0.0
104568,0,0,0.0
164716,0,0,0.0
106638,0,0,0.0
139862,0,0,0.0
359716,0,0,0.0
302955,0,0,0.0
356851,0,0,0.0
317295,1,0,0.0
300294,0,0,0.0
183617,0,0,0.0
451021,0,0,0.0
244787,0,0,0.0
295705,0,0,0.0
418135,0,0,0.0
250484,0,0,0.0
239875,0,0,0.0
283235,0,0,0.0
214866,0,1,1.0
347925,0,0,0.0
297279,0,0,0.0
389156,1,0,0.0
108939,0,0,0.0
187848,0,0,0.0
322565,0,1,1.0
221368,0,0,0.0
119914,0,0,0.0
380346,0,0,0.0
154937,0,0,0.0
441687,0,0,0.0
323638,0,1,1.0
258838,0,0,0.0
436828,0,0,0.0
400942,0,0,0.0
326885,0,0,0.0
157111,0,0,0.0
379902,0,0,0.0
379227,0,0,0.0
196965,0,0,0.0
327038,0,0,0.0
253440,0,1,1.0
342793,0,0,0.0
333921,0,0,0.0
189672,0,0,0.0
223865,0,0,0.0
426030,0,0,0.0
351876,0,0,0.0
357003,0,0,0.0
422632,0,0,0.0
182411,0,0,0.0
176092,0,0,0.0
224053,0,0,0.0
302248,0,0,0.0
426287,0,0,0.0
429797,1,0,0.0
314044,0,0,0.0
182565,0,0,0.0
114387,1,0,0.0
416150,0,1,1.0
326320,0,0,0.0
375202,0,0,0.0
432855,0,0,0.0
385516,0,0,0.0
447016,1,0,0.0
179863,0,0,0.0
337753,0,0,0.0
368969,0,0,0.0
404718,0,0,0.0
330499,0,0,0.0
244962,0,0,0.0
452716,0,0,0.0
283067,0,1,1.0
166037,0,0,0.0
439478,0,0,0.0
399259,0,0,0.0
160057,0,0,0.0
189258,0,0,0.0
101820,0,0,0.0
111011,0,0,0.0
436613,0,0,0.0
317860,0,0,0.0
238024,0,0,0.0
310615,0,0,0.0
153038,0,0,0.0
183949,0,0,0.0
226641,1,1,1.0
373506,0,0,0.0
304986,0,0,0.0
214386,0,0,0.0
374126,0,0,0.0
157587,0,0,0.0
366026,1,0,0.0
244685,0,0,0.0
278078,0,0,0.0
185166,1,0,0.0
438885,0,0,0.0
279390,0,0,0.0
367035,0,0,0.0
209728,0,1,1.0
378903,1,0,0.0
392417,0,0,0.0
191773,0,0,0.0
205410,0,0,0.0
324973,0,0,0.0
396228,0,0,0.0
420337,0,0,0.0
259464,0,0,0.0
151489,0,0,0.0
370062,0,0,0.0
387550,0,0,0.0
347225,0,0,0.0
112538,0,0,0.0
356455,1,1,1.0
158031,0,0,0.0
362818,0,0,0.0
101096,1,0,0.0
101747,0,0,0.0
309349,0,0,0.0
221851,0,0,0.0
353992,0,1,1.0
120632,0,0,0.0
418926,0,0,0.0
219408,0,0,0.0
301557,0,0,0.0
159739,0,0,0.0
172081,0,0,0.0
418854,0,0,0.0
297193,0,0,0.0
408763,0,0,0.0
211633,0,0,0.0
397945,0,0,0.0
154003,0,0,0.0
442731,0,0,0.0
363558,0,0,0.0
178606,1,1,1.0
350266,0,0,0.0
236478,0,0,0.0
168250,0,0,0.0
388810,0,0,0.0
162785,0,0,0.0
105653,1,1,1.0
403044,0,0,0.0
335880,0,1,1.0
173679,0,0,0.0
371745,0,0,0.0
294303,0,0,0.0
302964,0,0,0.0
316706,0,1,1.0
406201,0,0,0.0
428988,0,0,0.0
347940,0,0,0.0
299442,0,0,0.0
395464,0,0,0.0
122784,0,0,0.0
106310,0,0,0.0
215707,0,0,0.0
404176,0,1,1.0
374800,0,0,0.0
326276,0,0,0.0
261388,0,0,0.0
423397,0,0,0.0
430202,0,0,0.0
201846,0,0,0.0
316360,0,1,1.0
336222,0,0,0.0
181916,0,0,0.0
219353,0,0,0.0
237237,0,0,0.0
309799,0,0,0.0
437236,0,0,0.0
434047,0,0,0.0
179005,0,0,0.0
453409,0,1,1.0
370349,0,1,1.0
435780,0,0,0.0
142386,0,0,0.0
170990,0,0,0.0
262586,0,0,0.0
332008,0,0,0.0
326948,0,0,0.0
389950,0,0,0.0
456133,0,0,0.0
177231,0,0,0.0
346603,0,0,0.0
134473,0,0,0.0
407862,0,0,0.0
336744,0,0,0.0
186079,0,1,1.0
283919,1,0,0.0
335837,0,1,1.0
297130,0,0,0.0
394326,1,1,1.0
343486,0,1,1.0
296255,0,0,0.0
114203,0,0,0.0
264286,0,0,0.0
343770,0,1,1.0
386326,0,0,0.0
352455,0,0,0.0
300041,0,0,0.0
300804,0,0,0.0
300992,0,0,0.0
389267,0,0,0.0
185258,0,0,0.0
256269,0,0,0.0
269284,0,0,0.0
430481,0,0,0.0
370591,0,0,0.0
126727,0,0,0.0
406457,1,0,0.0
278006,0,0,0.0
233514,0,0,0.0
305306,0,0,0.0
267026,0,1,1.0
285567,0,0,0.0
131660,0,0,0.0
419886,0,0,0.0
136938,0,0,0.0
128346,0,0,0.0
379060,0,0,0.0
329275,0,1,1.0
409315,0,0,0.0
412498,0,0,0.0
371337,0,0,0.0
142914,0,0,0.0
240942,0,0,0.0
258896,0,0,0.0
447051,0,0,0.0
265522,0,0,0.0
453884,1,0,0.0
279730,0,0,0.0
330855,0,0,0.0
240949,0,0,0.0
261094,0,1,1.0
342037,0,0,0.0
421168,0,0,0.0
101439,0,0,0.0
406112,0,0,0.0
152333,0,1,1.0
243540,0,0,0.0
301128,0,0,0.0
348449,0,0,0.0
298902,0,0,0.0
326957,0,0,0.0
249714,0,0,0.0
176390,0,0,0.0
194172,1,1,1.0
441830,0,0,0.0
434693,0,0,0.0
344935,0,0,0.0
416940,0,0,0.0
392321,0,0,0.0
392982,0,0,0.0
116905,0,0,0.0
282987,0,0,0.0
142059,0,0,0.0
215747,0,0,0.0
301655,0,1,1.0
332802,0,0,0.0
369028,0,0,0.0
304791,0,0,0.0
274898,1,0,0.0
181077,0,0,0.0
390568,0,0,0.0
317071,0,0,0.0
224610,0,0,0.0
403781,0,0,0.0
124338,0,0,0.0
294148,0,0,0.0
385065,0,0,0.0
225171,0,0,0.0
270401,0,0,0.0
196337,0,0,0.0
411744,0,0,0.0
417631,0,0,0.0
325010,1,0,0.0
321582,0,0,0.0
209890,0,0,0.0
275770,0,0,0.0
187586,0,0,0.0
126235,0,0,0.0
296233,0,0,0.0
253655,0,0,0.0
195197,0,0,0.0
287346,0,0,0.0
280049,0,0,0.0
122604,0,0,0.0
118237,0,0,0.0
114949,0,0,0.0
273971,0,0,0.0
438768,0,0,0.0
335259,0,0,0.0
269256,1,0,0.0
399356,0,0,0.0
451900,0,0,0.0
254712,0,0,0.0
118541,0,0,0.0
430969,0,0,0.0
288441,1,0,0.0
145822,0,0,0.0
166065,1,0,0.0
438448,0,0,0.0
212369,0,0,0.0
293020,0,0,0.0
326128,1,0,0.0
282912,0,0,0.0
260060,0,0,0.0
324043,0,0,0.0
284057,0,0,0.0
394923,1,0,0.0
343572,0,0,0.0
382317,0,0,0.0
202415,0,0,0.0
395375,0,0,0.0
261003,0,0,0.0
116370,0,0,0.0
434470,0,0,0.0
340038,0,0,0.0
100368,0,0,0.0
217200,0,0,0.0
343664,0,0,0.0
193387,0,0,0.0
404164,0,0,0.0
404407,0,0,0.0
235774,0,1,1.0
138255,0,0,0.0
213403,0,0,0.0
208832,0,0,0.0
417080,0,1,1.0
406315,0,1,1.0
353956,0,0,0.0
258757,0,0,0.0
403382,0,0,0.0
327649,1,0,0.0
136059,0,0,0.0
298434,0,0,0.0
290536,0,0,0.0
353683,0,0,0.0
428941,0,0,0.0
155579,0,0,0.0
354369,0,0,0.0
299027,0,0,0.0
420038,0,0,0.0
205522,0,0,0.0
270627,0,1,1.0
252674,0,0,0.0
160040,1,0,0.0
100062,0,0,0.0
141510,0,0,0.0
285371,0,0,0.0
433763,0,1,1.0
247359,1,0,0.0
207464,0,0,0.0
454348,0,0,0.0
344122,0,1,1.0
298964,0,0,0.0
202567,0,0,0.0
367240,0,0,0.0
266638,0,1,1.0
383610,0,0,0.0
417222,0,0,0.0
278523,0,0,0.0
282308,0,0,0.0
277383,1,1,1.0
187209,0,0,0.0
129225,0,0,0.0
210460,0,1,1.0
297437,0,0,0.0
279084,0,0,0.0
305625,0,0,0.0
343668,0,0,0.0
274505,0,0,0.0
208098,0,0,0.0
268702,0,0,0.0
365313,0,0,0.0
135815,1,0,0.0
308748,0,0,0.0
413102,0,0,0.0
188074,0,0,0.0
232446,0,0,0.0
145314,1,1,1.0
421398,0,1,1.0
388863,0,1,1.0
410169,0,0,0.0
106839,1,0,0.0
233527,0,0,0.0
206218,0,0,0.0
163839,0,0,0.0
291093,0,0,0.0
426194,1,0,0.0
375426,0,0,0.0
196390,0,0,0.0
455227,0,0,0.0
271766,0,0,0.0
127347,0,0,0.0
218572,0,0,0.0
295516,0,0,0.0
342024,1,0,0.0
241480,0,0,0.0
268896,0,0,0.0
142140,0,0,0.0
230254,0,0,0.0
224425,1,0,0.0
135653,0,0,0.0
175103,0,0,0.0
434299,0,0,0.0
274400,0,0,0.0
337461,0,0,0.0
122811,0,0,0.0
141436,0,1,1.0
373835,0,1,1.0
103277,0,0,0.0
116650,0,0,0.0
138629,0,0,0.0
428004,0,0,0.0
218087,0,0,0.0
400851,0,0,0.0
427210,0,0,0.0
136529,0,0,0.0
127273,0,0,0.0
107074,0,0,0.0
370101,1,0,0.0
221034,0,0,0.0
335343,0,0,0.0
254304,0,1,1.0
444524,1,1,1.0
438188,0,0,0.0
235916,0,1,1.0
212859,0,0,0.0
200933,0,0,0.0
182958,0,0,0.0
278100,0,0,0.0
217688,0,0,0.0
378891,0,0,0.0
325534,0,0,0.0
312322,0,0,0.0
282917,0,0,0.0
276125,0,0,0.0
133252,0,0,0.0
232792,0,0,0.0
355774,0,0,0.0
309791,0,0,0.0
326777,0,0,0.0
403984,0,0,0.0
369598,0,1,1.0
195409,1,0,0.0
433135,0,0,0.0
297163,0,0,0.0
307980,0,0,0.0
155862,0,0,0.0
291846,0,0,0.0
216232,0,0,0.0
129363,0,0,0.0
358199,0,0,0.0
234863,0,0,0.0
453957,1,0,0.0
366515,0,0,0.0
305388,0,0,0.0
192004,0,0,0.0
448082,0,0,0.0
238209,0,0,0.0
451796,0,0,0.0
310940,0,0,0.0
218323,0,0,0.0
382139,0,0,0.0
197758,0,0,0.0
343873,0,0,0.0
146712,0,0,0.0
224122,0,1,1.0
206874,1,0,0.0
266054,0,0,0.0
122366,0,0,0.0
234641,0,0,0.0
146673,0,0,0.0
147323,0,0,0.0
285094,0,0,0.0
189917,0,0,0.0
440867,0,0,0.0
365671,0,0,0.0
110145,0,0,0.0
299041,0,0,0.0
285401,0,0,0.0
399055,0,0,0.0
319790,0,0,0.0
423175,0,0,0.0
145861,0,0,0.0
312447,0,0,0.0
224321,1,0,0.0
311651,0,0,0.0
148861,0,0,0.0
196864,1,0,0.0
204598,0,1,1.0
410548,0,0,0.0
123613,0,0,0.0
245132,0,1,1.0
123084,0,0,0.0
398058,1,0,0.0
431664,1,0,0.0
351773,0,0,0.0
423047,0,0,0.0
364956,0,0,0.0
322004,0,0,0.0
338859,0,0,0.0
219101,0,0,0.0
263119,0,0,0.0
175912,0,0,0.0
258586,0,0,0.0
246174,0,1,1.0
261088,1,0,0.0
320976,0,1,1.0
384483,1,0,0.0
409766,0,0,0.0
409014,0,0,0.0
439795,0,0,0.0
278990,0,0,0.0
264372,0,0,0.0
239291,0,0,0.0
382419,0,0,0.0
356409,0,0,0.0
421616,0,0,0.0
216741,1,0,0.0
152594,1,0,0.0
204663,1,1,1.0
187869,0,0,0.0
449879,0,0,0.0
121450,0,0,0.0
100771,0,0,0.0
155875,0,0,0.0
274012,0,0,0.0
147958,0,0,0.0
179416,0,0,0.0
360596,0,0,0.0
380337,0,0,0.0
110762,0,0,0.0
322668,0,0,0.0
109138,0,0,0.0
254356,0,0,0.0
310258,0,0,0.0
379774,0,1,1.0
163605,0,0,0.0
229853,0,0,0.0
377126,0,1,1.0
119339,0,0,0.0
101744,0,0,0.0
427785,0,0,0.0
246279,0,0,0.0
295593,0,0,0.0
172133,0,0,0.0
347610,0,0,0.0
192514,0,0,0.0
385722,0,0,0.0
358030,0,1,1.0
394224,0,0,0.0
131463,1,0,0.0
128400,0,0,0.0
305288,0,0,0.0
143955,0,0,0.0
358595,0,0,0.0
419368,0,0,0.0
347221,0,0,0.0
134521,0,0,0.0
342215,0,0,0.0
276443,0,0,0.0
361328,0,0,0.0
314846,0,0,0.0
273958,1,0,0.0
150931,0,1,1.0
170253,0,0,0.0
143050,0,0,0.0
357432,0,0,0.0
417203,0,0,0.0
344787,0,0,0.0
386331,0,0,0.0
245085,0,0,0.0
264202,0,0,0.0
220951,0,0,0.0
139041,0,0,0.0
229887,0,0,0.0
120072,0,0,0.0
261073,0,1,1.0
240430,0,0,0.0
170784,0,1,1.0
431562,0,0,0.0
328319,0,0,0.0
146951,0,0,0.0
307827,0,0,0.0
103191,0,0,0.0
352845,0,0,0.0
218385,0,0,0.0
195947,0,0,0.0
148905,0,0,0.0
101940,0,0,0.0
268899,0,1,1.0
119076,0,1,1.0
165488,0,0,0.0
226588,0,0,0.0
242819,0,0,0.0
384936,0,0,0.0
343040,0,0,0.0
346839,0,0,0.0
216670,0,0,0.0
438633,0,0,0.0
443049,0,0,0.0
242664,0,0,0.0
343206,0,0,0.0
445517,0,0,0.0
100443,0,0,0.0
419857,0,0,0.0
381256,0,0,0.0
149418,0,0,0.0
163477,0,0,0.0
365540,0,0,0.0
170816,0,0,0.0
186628,0,0,0.0
173964,1,0,0.0
239098,0,0,0.0
112296,0,0,0.0
429883,0,0,0.0
283372,0,0,0.0
369650,0,0,0.0
351568,0,1,1.0
297510,1,0,0.0
204176,0,1,1.0
138783,0,0,0.0
346898,0,0,0.0
347828,0,0,0.0
248241,0,0,0.0
208174,0,0,0.0
179784,0,0,0.0
183318,0,0,0.0
367671,0,1,1.0
444000,0,0,0.0
236185,0,0,0.0
165362,0,0,0.0
354316,0,0,0.0
139242,0,0,0.0
440160,0,0,0.0
347504,0,0,0.0
434400,0,0,0.0
307405,0,0,0.0
247264,0,1,1.0
117015,0,0,0.0
426847,0,0,0.0
366950,0,0,0.0
390054,0,0,0.0
211760,1,0,0.0
109117,0,0,0.0
156764,0,0,0.0
418142,1,0,0.0
185863,0,1,1.0
248162,0,0,0.0
405610,0,0,0.0
104799,0,0,0.0
199511,0,0,0.0
136364,0,0,0.0
396809,0,0,0.0
139650,0,0,0.0
398144,0,0,0.0
200059,0,0,0.0
253246,0,0,0.0
224707,0,0,0.0
240796,0,0,0.0
206897,0,0,0.0
211874,1,0,0.0
211397,1,1,1.0
398213,0,0,0.0
440214,1,0,0.0
270824,0,0,0.0
114750,0,0,0.0
113182,0,0,0.0
327394,0,1,1.0
429729,0,0,0.0
425714,0,0,0.0
342480,0,0,0.0
210877,0,0,0.0
104786,0,0,0.0
259562,0,0,0.0
212945,0,0,0.0
279600,0,1,1.0
214140,0,0,0.0
244478,0,0,0.0
394726,0,0,0.0
201232,0,0,0.0
222451,0,1,1.0
387055,0,0,0.0
312350,1,0,0.0
410341,0,0,0.0
119065,0,0,0.0
389936,0,0,0.0
167747,0,1,1.0
241411,0,0,0.0
117519,0,0,0.0
376649,0,1,1.0
131729,0,0,0.0
433549,0,0,0.0
315963,0,0,0.0
221980,0,0,0.0
272352,0,0,0.0
143488,1,0,0.0
288661,0,0,0.0
418693,0,0,0.0
308016,0,0,0.0
332328,0,0,0.0
356002,0,0,0.0
442617,0,0,0.0
449693,0,0,0.0
372028,0,1,1.0
314648,0,0,0.0
342329,0,0,0.0
129426,1,0,0.0
173796,0,0,0.0
264231,0,0,0.0
310026,0,0,0.0
103041,0,0,0.0
195205,0,0,0.0
368552,0,0,0.0
337286,0,0,0.0
167838,1,0,0.0
298995,0,0,0.0
329930,1,0,0.0
300036,0,0,0.0
150471,0,0,0.0
274540,0,0,0.0
206899,0,0,0.0
239976,0,1,1.0
163152,0,0,0.0
437628,1,0,0.0
267346,0,0,0.0
287838,0,0,0.0
295774,0,0,0.0
152300,0,0,0.0
181892,0,0,0.0
118778,0,0,0.0
221861,1,0,0.0
318035,0,0,0.0
400715,0,0,0.0
332572,0,0,0.0
347416,0,0,0.0
119599,0,0,0.0
385476,0,0,0.0
421279,0,0,0.0
314921,0,0,0.0
274114,0,0,0.0
171683,0,0,0.0
413085,0,0,0.0
266160,0,0,0.0
221051,1,0,0.0
195754,0,0,0.0
414790,0,0,0.0
361056,0,0,0.0
140743,0,0,0.0
300926,0,0,0.0
322221,0,0,0.0
106431,1,0,0.0
166415,0,0,0.0
312120,0,1,1.0
261589,0,0,0.0
402888,0,0,0.0
210998,0,0,0.0
340791,0,0,0.0
331596,0,0,0.0
411259,1,0,0.0
424031,0,0,0.0
369720,0,0,0.0
169294,0,0,0.0
226460,0,0,0.0
216968,0,0,0.0
385006,0,1,1.0
132502,0,0,0.0
242305,0,1,1.0
356721,0,0,0.0
450727,0,0,0.0
131372,0,0,0.0
202638,0,0,0.0
187609,0,0,0.0
450682,0,0,0.0
321830,0,0,0.0
368941,0,0,0.0
173305,0,0,0.0
281115,0,0,0.0
449670,0,0,0.0
407116,0,0,0.0
223226,0,0,0.0
312638,0,0,0.0
346964,0,0,0.0
424975,0,0,0.0
453478,0,0,0.0
314226,0,0,0.0
188062,0,0,0.0
429352,0,0,0.0
254337,1,0,0.0
119716,0,0,0.0
375710,0,0,0.0
116717,0,1,1.0
210422,0,0,0.0
224031,0,0,0.0
393612,0,0,0.0
316993,0,0,0.0
453859,1,0,0.0
432692,0,0,0.0
270202,0,0,0.0
430246,0,0,0.0
348862,0,0,0.0
210004,0,0,0.0
236724,0,0,0.0
165322,0,0,0.0
123067,0,0,0.0
206321,0,1,1.0
174115,0,1,1.0
107443,1,0,0.0
186300,0,0,0.0
363279,0,0,0.0
122539,0,0,0.0
331864,0,1,1.0
140680,0,0,0.0
338521,0,0,0.0
128096,0,0,0.0
326623,0,0,0.0
383949,0,0,0.0
322688,0,0,0.0
202702,1,0,0.0
339610,0,0,0.0
258178,0,0,0.0
156880,0,0,0.0
211075,0,0,0.0
144782,0,0,0.0
228678,0,0,0.0
195543,0,0,0.0
355481,0,0,0.0
282185,0,0,0.0
306397,0,0,0.0
103506,0,0,0.0
362888,0,0,0.0
408621,0,0,0.0
150770,0,0,0.0
120703,0,0,0.0
141636,0,0,0.0
237686,0,0,0.0
190478,0,0,0.0
241038,0,0,0.0
137125,0,0,0.0
188543,0,0,0.0
444759,0,0,0.0
188600,0,0,0.0
294168,1,0,0.0
224518,0,1,1.0
307902,0,0,0.0
215567,0,1,1.0
387160,0,0,0.0
385085,0,0,0.0
165270,0,0,0.0
242015,0,1,1.0
221742,0,0,0.0
230378,0,0,0.0
183774,0,0,0.0
229442,0,1,1.0
327448,0,0,0.0
200927,0,0,0.0
107941,0,0,0.0
125493,0,0,0.0
263730,0,0,0.0
209069,0,0,0.0
254759,0,0,0.0
149007,0,0,0.0
289823,0,1,1.0
348350,0,0,0.0
260136,1,0,0.0
249161,0,1,1.0
341665,0,0,0.0
106134,0,0,0.0
364269,0,0,0.0
346867,0,0,0.0
274249,0,0,0.0
270286,0,0,0.0
115198,0,0,0.0
200630,0,0,0.0
190880,0,0,0.0
201146,0,1,1.0
441579,0,0,0.0
279352,0,0,0.0
188934,0,0,0.0
101321,0,0,0.0
396650,0,0,0.0
406433,0,1,1.0
125518,0,0,0.0
295295,0,0,0.0
450676,0,0,0.0
325670,1,0,0.0
142505,0,0,0.0
174860,0,0,0.0
310446,0,0,0.0
233203,1,0,0.0
390539,0,0,0.0
342145,0,0,0.0
133579,0,0,0.0
285062,0,0,0.0
274848,0,0,0.0
407995,0,1,1.0
258438,0,0,0.0
272879,0,0,0.0
166268,0,0,0.0
142978,0,0,0.0
165734,0,0,0.0
278285,0,0,0.0
283326,0,0,0.0
350096,0,0,0.0
418689,1,1,1.0
230654,0,0,0.0
381918,0,0,0.0
185100,0,0,0.0
129351,0,0,0.0
147467,0,0,0.0
288518,0,0,0.0
182210,0,0,0.0
390171,0,1,1.0
182213,0,0,0.0
116198,0,0,0.0
445121,0,1,1.0
327615,0,0,0.0
157378,0,0,0.0
440416,0,0,0.0
318921,0,0,0.0
354416,0,0,0.0
437060,0,0,0.0
301123,0,0,0.0
443864,0,0,0.0
314736,0,0,0.0
427903,1,0,0.0
272543,0,0,0.0
417887,0,0,0.0
167415,0,0,0.0
371546,0,0,0.0
153548,0,0,0.0
176149,0,0,0.0
376490,0,0,0.0
410931,0,0,0.0
181404,0,0,0.0
404695,0,0,0.0
184807,0,0,0.0
206837,0,0,0.0
255579,0,0,0.0
249484,0,0,0.0
133269,0,1,1.0
412772,0,0,0.0
455353,0,0,0.0
387789,0,0,0.0
165540,0,0,0.0
234873,0,0,0.0
109816,0,0,0.0
205211,0,0,0.0
273980,0,0,0.0
103508,0,0,0.0
244137,1,0,0.0
136376,0,0,0.0
230389,0,0,0.0
119841,0,0,0.0
313682,0,0,0.0
404847,0,0,0.0
374311,0,0,0.0
166261,0,1,1.0
265400,0,0,0.0
238749,0,0,0.0
255910,0,0,0.0
113314,0,0,0.0
373564,0,0,0.0
300478,0,0,0.0
306646,0,0,0.0
322779,0,0,0.0
295272,0,0,0.0
343619,0,0,0.0
108496,0,0,0.0
165532,0,0,0.0
242446,0,1,1.0
214728,0,1,1.0
279941,0,0,0.0
326549,0,0,0.0
170682,0,0,0.0
441736,0,0,0.0
184378,0,0,0.0
430517,0,0,0.0
381213,0,0,0.0
298899,0,0,0.0
122849,0,0,0.0
239036,0,0,0.0
174477,0,0,0.0
118620,0,0,0.0
260456,0,0,0.0
433064,0,0,0.0
273882,0,1,1.0
372833,0,0,0.0
246812,0,0,0.0
288186,0,1,1.0
270890,0,0,0.0
385772,0,0,0.0
221007,0,0,0.0
356049,0,0,0.0
384472,0,0,0.0
110624,0,0,0.0
299558,0,0,0.0
423591,0,1,1.0
170595,0,1,1.0
336099,0,0,0.0
197794,0,0,0.0
187172,0,0,0.0
298231,0,0,0.0
441958,0,0,0.0
149261,1,0,0.0
153766,0,0,0.0
399138,0,0,0.0
379581,0,0,0.0
275458,0,0,0.0
217455,0,0,0.0
274839,0,0,0.0
294106,0,1,1.0
400214,0,0,0.0
214121,0,0,0.0
196871,0,0,0.0
188518,0,0,0.0
190382,0,0,0.0
353999,0,0,0.0
166105,0,0,0.0
431981,0,0,0.0
152620,0,0,0.0
158680,0,0,0.0
402672,0,0,0.0
161060,0,0,0.0
188767,0,0,0.0
268454,0,0,0.0
367532,0,0,0.0
216505,0,1,1.0
221693,0,0,0.0
271020,0,0,0.0
452160,0,0,0.0
157536,0,0,0.0
215414,0,0,0.0
176048,0,0,0.0
174435,0,1,1.0
327317,0,0,0.0
137889,0,0,0.0
189849,0,0,0.0
383738,0,0,0.0
316675,0,0,0.0
232983,0,0,0.0
309317,0,1,1.0
381008,0,1,1.0
342080,0,0,0.0
263091,0,0,0.0
206439,0,0,0.0
157355,0,0,0.0
339233,0,0,0.0
129439,0,1,1.0
392927,0,0,0.0
125909,0,0,0.0
203014,0,0,0.0
217878,0,0,0.0
181912,0,0,0.0
271128,0,1,1.0
347729,0,0,0.0
412126,0,0,0.0
354795,0,0,0.0
247644,0,0,0.0
237719,0,0,0.0
110243,0,0,0.0
207988,0,1,1.0
344162,0,0,0.0
369021,1,0,0.0
107744,0,0,0.0
179125,0,0,0.0
301898,0,0,0.0
143015,0,0,0.0
280632,0,0,0.0
352832,0,0,0.0
191829,1,0,0.0
418892,0,1,1.0
412534,0,0,0.0
170958,0,0,0.0
325188,0,0,0.0
314946,0,0,0.0
257667,0,0,0.0
207302,0,0,0.0
451397,0,0,0.0
333511,1,1,1.0
166265,0,0,0.0
295393,0,0,0.0
343197,0,0,0.0
387693,1,0,0.0
309708,0,0,0.0
268061,0,0,0.0
134858,0,0,0.0
391931,0,0,0.0
215084,0,0,0.0
275109,0,0,0.0
357224,0,0,0.0
295424,0,0,0.0
144496,0,0,0.0
206635,0,0,0.0
258064,0,0,0.0
346361,0,0,0.0
385155,0,0,0.0
174344,0,0,0.0
226102,1,1,1.0
161814,0,0,0.0
254902,0,0,0.0
280334,0,0,0.0
296713,0,0,0.0
226111,0,0,0.0
207087,0,0,0.0
102179,0,0,0.0
407878,0,0,0.0
445530,0,0,0.0
190185,0,0,0.0
364802,0,0,0.0
314757,0,0,0.0
183594,0,0,0.0
271317,0,0,0.0
367293,0,0,0.0
260802,0,0,0.0
302406,0,0,0.0
301489,0,0,0.0
373550,0,0,0.0
384275,0,0,0.0
330918,0,0,0.0
118333,0,0,0.0
327504,0,0,0.0
123090,0,0,0.0
167024,0,1,1.0
257167,0,0,0.0
353186,0,0,0.0
314485,0,0,0.0
289539,0,0,0.0
356451,0,0,0.0
361415,0,0,0.0
119725,0,0,0.0
299576,0,0,0.0
128352,0,0,0.0
372921,0,0,0.0
314851,0,0,0.0
347791,0,1,1.0
134714,0,0,0.0
297314,0,0,0.0
326598,0,0,0.0
394176,0,0,0.0
128632,0,0,0.0
122932,0,0,0.0
314978,0,0,0.0
450590,0,0,0.0
205911,0,0,0.0
278705,0,0,0.0
375003,0,0,0.0
316743,0,0,0.0
448820,0,0,0.0
424565,0,0,0.0
269397,0,0,0.0
124945,0,1,1.0
293960,0,0,0.0
280160,0,0,0.0
188140,0,0,0.0
230480,0,0,0.0
159984,0,0,0.0
141429,0,0,0.0
352848,1,0,0.0
373203,0,0,0.0
408247,0,0,0.0
160838,0,0,0.0
342817,0,0,0.0
444230,0,0,0.0
402912,0,0,0.0
198131,0,1,1.0
119397,0,0,0.0
158258,0,0,0.0
271779,0,0,0.0
138775,0,0,0.0
170423,0,0,0.0
326263,0,0,0.0
149792,0,0,0.0
204861,0,0,0.0
186471,0,0,0.0
283849,0,0,0.0
454060,1,0,0.0
324438,0,0,0.0
334190,1,0,0.0
142504,0,1,1.0
133593,0,1,1.0
259864,0,0,0.0
424894,0,0,0.0
132051,1,1,1.0
144174,0,0,0.0
146966,0,0,0.0
162285,0,0,0.0
107772,0,0,0.0
154425,0,0,0.0
409331,0,0,0.0
413783,1,1,1.0
262974,0,0,0.0
260819,0,0,0.0
182016,0,0,0.0
123784,0,0,0.0
448991,0,0,0.0
107034,0,0,0.0
174579,0,0,0.0
425477,0,0,0.0
290648,0,1,1.0
187438,0,0,0.0
391318,1,0,0.0
226494,0,0,0.0
304915,0,1,1.0
275888,1,0,0.0
234926,0,0,0.0
168986,0,0,0.0
184116,0,0,0.0
312235,0,0,0.0
201141,0,0,0.0
315638,0,1,1.0
123792,0,0,0.0
216421,0,0,0.0
444677,0,0,0.0
161802,0,0,0.0
445637,0,0,0.0
144543,0,0,0.0
231135,0,1,1.0
374960,0,0,0.0
375567,0,0,0.0
323456,0,0,0.0
269379,0,1,1.0
255369,0,1,1.0
316687,0,0,0.0
188650,0,0,0.0
358492,0,0,0.0
139767,0,0,0.0
384299,0,0,0.0
108606,0,0,0.0
300527,0,1,1.0
306583,0,0,0.0
170308,0,0,0.0
124483,0,0,0.0
116924,0,0,0.0
134106,0,0,0.0
158646,0,0,0.0
378258,0,0,0.0
449374,0,0,0.0
388490,1,0,0.0
383901,0,0,0.0
422182,0,0,0.0
169959,0,0,0.0
106838,1,0,0.0
362997,0,0,0.0
412257,0,0,0.0
327973,0,0,0.0
326796,0,0,0.0
212593,0,0,0.0
300451,0,1,1.0
178334,0,0,0.0
196069,0,0,0.0
205207,0,0,0.0
169664,0,0,0.0
220462,0,0,0.0
406389,0,0,0.0
375228,0,0,0.0
174611,0,0,0.0
264208,0,0,0.0
370074,0,0,0.0
148056,0,0,0.0
249083,0,0,0.0
229069,0,0,0.0
367984,0,0,0.0
287839,0,0,0.0
454343,0,0,0.0
404662,0,0,0.0
250955,0,0,0.0
211285,0,0,0.0
142105,0,0,0.0
393523,0,0,0.0
251081,0,0,0.0
126811,0,0,0.0
246902,0,0,0.0
239068,0,0,0.0
287392,0,0,0.0
289081,0,0,0.0
431663,0,0,0.0
164043,0,0,0.0
260010,0,0,0.0
106459,0,0,0.0
444074,1,0,0.0
137271,0,0,0.0
398538,0,0,0.0
110609,0,0,0.0
195162,0,0,0.0
362328,0,0,0.0
429043,0,0,0.0
229017,0,0,0.0
211582,0,0,0.0
155388,0,0,0.0
232038,0,0,0.0
368023,0,0,0.0
268954,0,0,0.0
270396,0,0,0.0
281469,0,0,0.0
149149,0,0,0.0
228640,0,0,0.0
110919,0,0,0.0
220688,0,0,0.0
263101,0,0,0.0
115762,1,0,0.0
141609,0,1,1.0
343368,0,0,0.0
318420,0,0,0.0
431825,0,0,0.0
358624,0,1,1.0
289592,0,1,1.0
363447,0,0,0.0
165510,0,0,0.0
236533,0,0,0.0
112057,0,0,0.0
329370,0,0,0.0
431759,0,0,0.0
263013,0,0,0.0
303905,0,0,0.0
315906,0,0,0.0
231878,0,1,1.0
234202,1,1,1.0
105480,0,0,0.0
277029,0,0,0.0
196437,0,0,0.0
136021,0,0,0.0
373711,0,0,0.0
117179,0,0,0.0
453341,0,0,0.0
376038,0,0,0.0
120732,0,0,0.0
208762,0,0,0.0
132700,0,0,0.0
367279,0,0,0.0
419299,1,0,0.0
154607,0,0,0.0
455530,1,0,0.0
424506,0,0,0.0
300984,0,0,0.0
392205,0,1,1.0
101775,0,0,0.0
284582,1,1,1.0
124556,0,0,0.0
273409,0,0,0.0
144343,0,0,0.0
424667,0,0,0.0
453180,0,0,0.0
373290,0,0,0.0
397491,0,0,0.0
348874,0,0,0.0
133371,0,0,0.0
428259,0,0,0.0
176433,0,0,0.0
343800,1,0,0.0
202366,0,0,0.0
153329,0,1,1.0
179075,0,1,1.0
150155,0,0,0.0
255712,0,0,0.0
167961,0,0,0.0
182773,0,0,0.0
409452,0,0,0.0
403529,1,0,0.0
200013,0,0,0.0
298650,0,0,0.0
180560,0,0,0.0
400034,0,1,1.0
196344,0,0,0.0
336913,0,0,0.0
417747,0,0,0.0
437753,0,0,0.0
230919,0,0,0.0
331201,0,0,0.0
204752,0,0,0.0
133975,0,0,0.0
387150,0,0,0.0
375724,0,1,1.0
162275,0,0,0.0
389747,0,0,0.0
357661,0,0,0.0
269974,0,0,0.0
454166,1,0,0.0
220159,0,0,0.0
234218,1,0,0.0
415666,0,0,0.0
382437,0,0,0.0
230043,0,0,0.0
376577,0,0,0.0
171049,0,0,0.0
280086,0,0,0.0
111357,0,0,0.0
397647,0,0,0.0
420842,0,0,0.0
277484,0,0,0.0
299569,0,0,0.0
278486,0,0,0.0
441751,0,0,0.0
105701,0,0,0.0
386659,0,0,0.0
329144,0,0,0.0
219985,0,0,0.0
296026,0,0,0.0
342927,0,0,0.0
378468,0,0,0.0
312264,1,1,1.0
220080,0,0,0.0
347726,1,0,0.0
451728,0,0,0.0
449758,0,0,0.0
261125,0,1,1.0
295542,0,1,1.0
410511,1,1,1.0
180205,0,0,0.0
114911,1,0,0.0
391860,1,0,0.0
238724,0,0,0.0
152415,0,0,0.0
179485,1,1,1.0
353636,0,0,0.0
254117,0,0,0.0
418551,0,0,0.0
275276,0,0,0.0
303419,0,0,0.0
390868,0,0,0.0
148590,0,0,0.0
223694,0,0,0.0
385505,0,0,0.0
386156,0,0,0.0
439685,0,0,0.0
284014,0,0,0.0
248927,0,0,0.0
173555,0,0,0.0
127583,1,0,0.0
294185,0,0,0.0
156224,0,0,0.0
256256,0,0,0.0
284583,1,0,0.0
325098,0,0,0.0
379795,0,1,1.0
206631,0,0,0.0
360133,0,0,0.0
289994,0,0,0.0
435593,0,0,0.0
369059,0,0,0.0
177121,0,0,0.0
374378,0,0,0.0
442548,0,0,0.0
306237,0,0,0.0
122661,0,0,0.0
398034,0,0,0.0
129818,0,1,1.0
154068,0,0,0.0
225565,0,0,0.0
295078,0,0,0.0
264092,0,0,0.0
202434,0,0,0.0
330647,0,0,0.0
105897,0,0,0.0
423350,0,0,0.0
375833,0,0,0.0
351329,0,0,0.0
103400,0,0,0.0
452745,1,0,0.0
394093,0,0,0.0
271413,0,0,0.0
219922,0,0,0.0
281911,0,0,0.0
411785,0,1,1.0
229050,0,0,0.0
345423,0,0,0.0
132347,0,0,0.0
284771,0,0,0.0
172582,0,0,0.0
303253,0,0,0.0
361424,0,0,0.0
244305,0,0,0.0
281739,0,0,0.0
353044,0,0,0.0
366604,0,0,0.0
318378,0,0,0.0
417369,1,0,0.0
254044,0,0,0.0
350640,0,1,1.0
429518,0,0,0.0
167703,0,0,0.0
142045,0,0,0.0
173859,0,0,0.0
344951,0,0,0.0
173826,0,0,0.0
417134,0,0,0.0
383966,0,0,0.0
349537,0,0,0.0
385653,0,0,0.0
408804,0,0,0.0
285171,0,0,0.0
434823,0,0,0.0
203334,0,0,0.0
140056,0,0,0.0
382225,0,0,0.0
200174,0,0,0.0
331787,0,1,1.0
359537,0,0,0.0
317270,0,0,0.0
429775,0,0,0.0
369412,0,0,0.0
124382,0,0,0.0
105034,0,0,0.0
371277,0,0,0.0
450939,0,0,0.0
270046,0,0,0.0
254782,0,0,0.0
401426,0,0,0.0
268056,0,0,0.0
123250,0,0,0.0
161145,0,0,0.0
391822,0,0,0.0
163777,0,0,0.0
169410,0,0,0.0
235391,0,0,0.0
212102,0,0,0.0
200348,0,0,0.0
244587,0,0,0.0
348371,0,0,0.0
109598,0,0,0.0
257815,0,0,0.0
319418,0,0,0.0
216553,0,0,0.0
358991,0,0,0.0
144973,0,1,1.0
255696,0,0,0.0
307796,0,1,1.0
278262,0,0,0.0
219810,0,1,1.0
448148,0,0,0.0
427106,0,0,0.0
139182,0,0,0.0
345516,0,0,0.0
219277,0,1,1.0
422165,0,0,0.0
421448,0,0,0.0
412515,0,0,0.0
426483,0,0,0.0
399145,0,1,1.0
387518,0,0,0.0
280094,1,0,0.0
334078,0,0,0.0
201950,0,0,0.0
290138,0,1,1.0
329339,0,0,0.0
328298,0,0,0.0
131218,0,0,0.0
169025,0,0,0.0
309408,0,0,0.0
443098,0,0,0.0
411141,1,1,1.0
233140,0,0,0.0
216781,0,0,0.0
270501,1,0,0.0
391900,0,0,0.0
308853,0,0,0.0
332277,1,0,0.0
159469,0,0,0.0
323040,0,0,0.0
324507,0,0,0.0
327291,0,0,0.0
156872,0,0,0.0
106889,0,0,0.0
343772,0,1,1.0
293100,0,0,0.0
164408,0,0,0.0
246547,0,0,0.0
366485,0,0,0.0
219719,0,0,0.0
128736,0,0,0.0
197234,0,0,0.0
255768,0,0,0.0
188629,0,0,0.0
272974,0,1,1.0
255293,0,0,0.0
447712,0,0,0.0
425503,0,0,0.0
215576,0,0,0.0
454593,0,0,0.0
162290,0,0,0.0
168226,0,0,0.0
455118,1,0,0.0
424866,0,0,0.0
355746,0,0,0.0
280726,0,0,0.0
453726,0,0,0.0
236346,0,0,0.0
197586,0,0,0.0
129618,0,0,0.0
167337,0,0,0.0
248548,0,0,0.0
144805,0,0,0.0
217845,0,0,0.0
429445,0,0,0.0
243394,0,0,0.0
213039,0,0,0.0
140694,0,0,0.0
301903,0,0,0.0
245440,0,0,0.0
410139,0,0,0.0
170298,0,0,0.0
272561,0,0,0.0
241996,0,1,1.0
171729,0,0,0.0
360229,0,0,0.0
248313,0,0,0.0
441684,0,0,0.0
436085,0,0,0.0
344389,0,0,0.0
366042,0,1,1.0
453047,0,0,0.0
415237,0,0,0.0
149419,0,0,0.0
291797,0,0,0.0
117055,0,0,0.0
424711,0,0,0.0
317879,0,0,0.0
206985,0,0,0.0
112188,0,0,0.0
113487,0,0,0.0
401768,0,0,0.0
146125,0,1,1.0
212890,0,0,0.0
311022,0,0,0.0
225822,0,0,0.0
424384,0,0,0.0
339846,0,0,0.0
344044,0,0,0.0
446869,0,0,0.0
278425,1,0,0.0
244312,0,0,0.0
141526,0,0,0.0
162577,0,0,0.0
189226,0,0,0.0
252747,0,0,0.0
206604,0,0,0.0
140122,0,0,0.0
293714,0,0,0.0
244734,0,0,0.0
407835,0,1,1.0
245361,0,0,0.0
201075,0,0,0.0
304653,0,1,1.0
141824,0,0,0.0
239554,0,0,0.0
297371,0,0,0.0
190334,0,0,0.0
279365,0,0,0.0
132924,0,0,0.0
266228,0,0,0.0
397700,0,0,0.0
361910,0,0,0.0
188214,1,0,0.0
124663,0,0,0.0
267365,0,0,0.0
391569,0,0,0.0
153304,0,0,0.0
299115,0,0,0.0
348442,0,0,0.0
397429,0,0,0.0
162276,0,0,0.0
194635,0,0,0.0
407087,0,0,0.0
397008,0,0,0.0
233635,0,0,0.0
377167,0,0,0.0
273872,0,0,0.0
433684,0,0,0.0
174319,0,0,0.0
444745,0,0,0.0
186019,0,1,1.0
419448,0,0,0.0
391594,0,0,0.0
323799,0,0,0.0
327680,0,0,0.0
128277,1,1,1.0
173078,0,0,0.0
129374,0,0,0.0
323681,0,0,0.0
307865,0,0,0.0
134754,0,0,0.0
269996,0,0,0.0
158045,0,0,0.0
109833,0,0,0.0
151260,0,0,0.0
282589,0,1,1.0
400579,0,0,0.0
100735,0,0,0.0
367942,0,0,0.0
328824,0,0,0.0
312318,0,0,0.0
431460,0,0,0.0
291000,1,0,0.0
339835,0,0,0.0
185010,0,0,0.0
154413,0,0,0.0
197577,0,0,0.0
128022,0,0,0.0
439059,0,0,0.0
404445,0,0,0.0
447303,0,0,0.0
230989,0,0,0.0
418836,0,0,0.0
115182,0,0,0.0
192228,0,0,0.0
129095,0,0,0.0
353448,0,0,0.0
367508,0,0,0.0
130534,0,0,0.0
164665,0,0,0.0
137514,0,0,0.0
154561,0,0,0.0
310461,0,0,0.0
182279,0,1,1.0
166721,1,0,0.0
114263,0,0,0.0
248911,0,1,1.0
254657,1,0,0.0
262355,0,0,0.0
143007,0,0,0.0
418311,0,0,0.0
334711,0,0,0.0
372594,0,0,0.0
379443,0,0,0.0
111633,0,1,1.0
246998,0,0,0.0
388171,0,0,0.0
362869,0,0,0.0
144439,0,0,0.0
190572,0,0,0.0
191558,0,0,0.0
125362,0,0,0.0
185695,0,0,0.0
354284,0,0,0.0
137195,0,0,0.0
224196,0,1,1.0
439809,0,0,0.0
129277,0,0,0.0
131695,0,0,0.0
393011,0,0,0.0
108824,0,0,0.0
383159,0,0,0.0
199744,0,0,0.0
257979,0,0,0.0
453685,1,0,0.0
214743,0,0,0.0
399372,0,1,1.0
263239,0,0,0.0
144417,0,0,0.0
199302,0,0,0.0
188105,0,0,0.0
232015,0,0,0.0
362316,0,0,0.0
309563,0,0,0.0
189225,0,0,0.0
232385,0,0,0.0
358800,0,1,1.0
241131,0,0,0.0
187527,1,0,0.0
337281,0,0,0.0
110320,0,0,0.0
274263,0,0,0.0
434364,0,0,0.0
131100,0,0,0.0
325983,0,0,0.0
100893,0,0,0.0
429047,0,0,0.0
269319,0,0,0.0
389158,0,0,0.0
128045,0,0,0.0
282980,0,0,0.0
205356,0,0,0.0
404435,0,0,0.0
198393,0,0,0.0
345166,0,0,0.0
371290,0,1,1.0
244378,0,1,1.0
334223,0,0,0.0
224106,0,0,0.0
252222,0,0,0.0
357833,0,0,0.0
336675,0,0,0.0
181250,1,0,0.0
180922,0,0,0.0
368226,0,0,0.0
246914,0,0,0.0
181205,0,0,0.0
141729,0,0,0.0
207619,0,0,0.0
299896,0,1,1.0
171965,0,0,0.0
209183,0,0,0.0
325668,0,0,0.0
421490,0,0,0.0
389379,0,1,1.0
271164,0,0,0.0
390349,1,0,0.0
326996,0,0,0.0
169244,0,0,0.0
400301,0,0,0.0
326510,0,0,0.0
119881,0,0,0.0
115385,0,0,0.0
187273,0,1,1.0
103640,0,0,0.0
357961,0,0,0.0
271183,0,0,0.0
224098,0,0,0.0
187275,0,0,0.0
352363,0,0,0.0
382375,0,0,0.0
157036,0,0,0.0
122068,0,0,0.0
419146,0,1,1.0
421030,0,1,1.0
370990,0,0,0.0
152410,0,0,0.0
376926,0,0,0.0
123915,0,0,0.0
265691,0,0,0.0
361746,0,0,0.0
433508,0,0,0.0
350197,0,0,0.0
156398,0,0,0.0
354858,0,0,0.0
324881,1,0,0.0
125624,0,0,0.0
322256,0,0,0.0
125544,0,0,0.0
398561,0,0,0.0
276583,0,0,0.0
246047,0,0,0.0
359129,0,0,0.0
220968,0,0,0.0
272898,1,0,0.0
310672,0,0,0.0
110904,0,0,0.0
126556,1,0,0.0
153961,0,0,0.0
267746,0,0,0.0
162509,0,0,0.0
191817,0,1,1.0
219079,0,0,0.0
321096,0,1,1.0
281742,0,0,0.0
450961,0,0,0.0
366361,0,0,0.0
273557,0,0,0.0
328334,1,1,1.0
214275,0,0,0.0
243498,0,0,0.0
414624,0,0,0.0
199887,0,0,0.0
454302,0,1,1.0
178229,0,0,0.0
321665,1,1,1.0
396974,0,0,0.0
384808,0,1,1.0
193930,0,0,0.0
370109,0,0,0.0
263321,0,0,0.0
205664,0,1,1.0
297891,0,0,0.0
276863,0,0,0.0
322002,0,0,0.0
450195,0,1,1.0
242352,0,0,0.0
141398,0,0,0.0
250873,0,0,0.0
129213,0,0,0.0
387376,0,0,0.0
185427,0,0,0.0
320992,0,0,0.0
337100,0,0,0.0
332228,0,0,0.0
110725,0,0,0.0
213186,0,0,0.0
152025,0,0,0.0
176015,0,0,0.0
248834,0,1,1.0
182170,0,0,0.0
162964,0,0,0.0
280498,0,0,0.0
310818,0,1,1.0
320068,0,0,0.0
408512,0,0,0.0
406324,0,0,0.0
342880,0,1,1.0
440430,0,0,0.0
307881,0,0,0.0
180543,0,0,0.0
121906,0,0,0.0
196183,0,0,0.0
346094,1,0,0.0
246122,0,0,0.0
272524,0,0,0.0
156511,0,0,0.0
244230,0,0,0.0
138411,0,0,0.0
353372,0,0,0.0
116665,0,0,0.0
259925,0,0,0.0
322768,0,1,1.0
154335,0,0,0.0
343321,0,1,1.0
311523,0,0,0.0
437713,0,0,0.0
371436,0,0,0.0
342466,0,0,0.0
292283,0,0,0.0
254796,0,0,0.0
199826,0,0,0.0
236233,0,0,0.0
353248,0,0,0.0
280540,0,0,0.0
371177,0,0,0.0
386038,0,0,0.0
448503,0,0,0.0
243409,0,0,0.0
422348,0,1,1.0
107363,0,0,0.0
219649,0,0,0.0
115683,0,0,0.0
277962,0,0,0.0
306283,0,1,1.0
362525,0,1,1.0
419049,0,0,0.0
185404,0,0,0.0
159777,0,0,0.0
168304,0,1,1.0
375744,1,0,0.0
158838,0,0,0.0
142525,0,0,0.0
443775,0,0,0.0
123116,1,0,0.0
259532,0,0,0.0
161089,0,0,0.0
175035,0,0,0.0
132351,0,1,1.0
267969,0,0,0.0
348458,0,0,0.0
321668,0,1,1.0
113810,0,1,1.0
198504,0,0,0.0
338734,0,0,0.0
397852,0,1,1.0
210768,0,0,0.0
299098,0,0,0.0
200648,0,0,0.0
201478,0,0,0.0
401656,0,0,0.0
320930,0,0,0.0
387421,0,0,0.0
196671,1,0,0.0
153237,0,0,0.0
224308,0,0,0.0
164146,0,0,0.0
267605,0,0,0.0
138073,0,0,0.0
249218,0,0,0.0
141904,0,0,0.0
416398,1,1,1.0
106874,0,0,0.0
375612,0,0,0.0
337570,0,0,0.0
310399,0,0,0.0
347123,0,0,0.0
455233,0,0,0.0
441384,0,0,0.0
273052,0,1,1.0
152427,0,0,0.0
235017,0,1,1.0
298042,0,1,1.0
363925,0,0,0.0
228366,0,1,1.0
126562,0,0,0.0
179787,0,0,0.0
299656,0,0,0.0
144890,1,0,0.0
164789,0,0,0.0
445721,0,0,0.0
207629,1,0,0.0
142740,0,0,0.0
200820,0,0,0.0
324739,0,0,0.0
449163,0,0,0.0
223023,0,0,0.0
179080,0,1,1.0
247599,0,0,0.0
397039,0,0,0.0
340335,0,0,0.0
334891,0,0,0.0
351960,0,0,0.0
419283,0,0,0.0
361194,0,0,0.0
447027,0,0,0.0
243207,0,0,0.0
369480,0,1,1.0
176859,0,0,0.0
421731,0,0,0.0
388806,0,1,1.0
186416,0,0,0.0
102484,0,0,0.0
415972,0,0,0.0
410079,0,0,0.0
366907,0,0,0.0
392507,0,0,0.0
110209,0,0,0.0
194958,0,0,0.0
133840,1,0,0.0
203489,0,0,0.0
363583,0,1,1.0
130731,0,0,0.0
420428,0,0,0.0
166159,0,0,0.0
339849,0,0,0.0
344704,0,0,0.0
232848,0,0,0.0
372310,0,0,0.0
359703,0,0,0.0
247565,0,0,0.0
437036,0,0,0.0
124707,0,1,1.0
341747,0,0,0.0
388033,0,0,0.0
437333,0,1,1.0
351169,0,0,0.0
136983,0,0,0.0
132831,0,0,0.0
114123,0,0,0.0
248633,0,0,0.0
144466,0,0,0.0
330702,0,1,1.0
228171,0,0,0.0
246630,0,1,1.0
223130,0,0,0.0
270567,0,0,0.0
306890,0,1,1.0
209433,0,0,0.0
408998,0,0,0.0
125561,0,0,0.0
208407,0,0,0.0
263156,0,0,0.0
282436,0,0,0.0
347382,1,0,0.0
138376,0,0,0.0
377022,0,0,0.0
403326,0,0,0.0
421134,1,0,0.0
138851,0,0,0.0
211780,0,0,0.0
339493,0,0,0.0
109799,0,0,0.0
230954,0,0,0.0
362097,0,0,0.0
261279,0,0,0.0
261339,0,0,0.0
365855,0,0,0.0
175941,0,0,0.0
165645,0,0,0.0
372314,0,0,0.0
212673,0,0,0.0
351106,0,0,0.0
324095,0,0,0.0
277375,0,0,0.0
393501,0,0,0.0
375684,1,0,0.0
138262,0,0,0.0
100500,0,0,0.0
201931,0,0,0.0
210648,0,0,0.0
304240,0,0,0.0
291570,0,0,0.0
142705,0,0,0.0
121064,0,0,0.0
249817,0,0,0.0
285792,0,0,0.0
256530,0,0,0.0
437431,0,0,0.0
246913,0,0,0.0
263600,0,0,0.0
441291,0,0,0.0
292372,0,1,1.0
109660,0,0,0.0
281249,0,1,1.0
123600,0,1,1.0
309949,0,0,0.0
124754,0,0,0.0
173774,0,0,0.0
359923,0,0,0.0
343802,0,0,0.0
237629,0,0,0.0
184654,0,0,0.0
348596,0,0,0.0
284865,0,0,0.0
439261,0,0,0.0
306829,0,0,0.0
453285,0,0,0.0
311242,0,0,0.0
325914,0,0,0.0
232900,0,0,0.0
131434,1,0,0.0
292503,0,0,0.0
158726,0,0,0.0
192115,1,1,1.0
312974,0,0,0.0
376001,0,0,0.0
397716,0,0,0.0
137048,0,0,0.0
288514,0,0,0.0
386654,0,0,0.0
290104,0,0,0.0
361256,0,0,0.0
233428,0,0,0.0
417597,0,0,0.0
400179,0,0,0.0
330772,0,0,0.0
297695,0,0,0.0
427980,0,0,0.0
349052,0,0,0.0
301716,0,0,0.0
311035,0,0,0.0
129208,0,0,0.0
409487,0,0,0.0
208217,0,0,0.0
111015,0,0,0.0
242581,0,0,0.0
447774,0,0,0.0
370227,0,0,0.0
297783,0,0,0.0
310280,1,0,0.0
193567,0,0,0.0
212406,1,0,0.0
442078,0,0,0.0
224515,0,0,0.0
364335,0,0,0.0
205151,0,0,0.0
399582,0,0,0.0
422471,0,0,0.0
100972,0,0,0.0
171717,0,0,0.0
266312,0,0,0.0
158645,0,0,0.0
169279,0,0,0.0
327082,0,0,0.0
217967,0,0,0.0
286246,0,0,0.0
398510,1,0,0.0
126622,0,0,0.0
222632,0,0,0.0
142611,0,0,0.0
192090,1,0,0.0
276286,0,0,0.0
359532,0,0,0.0
243293,0,0,0.0
415127,0,0,0.0
403751,0,0,0.0
309451,0,0,0.0
244826,0,1,1.0
236823,0,0,0.0
159074,0,0,0.0
152947,0,0,0.0
287164,0,0,0.0
262761,0,1,1.0
308962,0,0,0.0
220016,1,0,0.0
348332,0,0,0.0
363634,0,0,0.0
343798,1,0,0.0
300376,1,0,0.0
150339,0,0,0.0
439407,0,0,0.0
182883,0,0,0.0
256944,0,0,0.0
237192,0,0,0.0
181180,0,0,0.0
264068,0,0,0.0
152234,0,0,0.0
205989,0,0,0.0
180234,0,1,1.0
438455,0,0,0.0
345090,0,0,0.0
268188,0,0,0.0
236576,0,0,0.0
313229,0,0,0.0
109867,0,0,0.0
222609,1,0,0.0
279923,0,1,1.0
200466,0,0,0.0
295673,0,1,1.0
179612,0,0,0.0
287230,0,1,1.0
123935,0,0,0.0
253408,0,0,0.0
158992,0,0,0.0
232822,0,0,0.0
275446,0,0,0.0
290088,0,0,0.0
193931,1,0,0.0
163537,0,0,0.0
384618,0,0,0.0
147512,0,0,0.0
428125,0,0,0.0
288680,0,0,0.0
216363,0,0,0.0
205091,0,0,0.0
419484,0,0,0.0
303266,0,0,0.0
145594,0,0,0.0
291999,0,0,0.0
116554,0,0,0.0
122073,0,0,0.0
136349,0,0,0.0
160332,0,0,0.0
326286,0,0,0.0
272609,0,0,0.0
278258,0,0,0.0
111972,0,0,0.0
453199,0,0,0.0
372019,0,0,0.0
228448,0,0,0.0
395184,0,0,0.0
200298,0,0,0.0
308649,0,0,0.0
216182,0,0,0.0
164492,1,0,0.0
185914,0,0,0.0
388461,0,0,0.0
243692,0,0,0.0
369634,0,0,0.0
214815,0,0,0.0
232004,0,0,0.0
145022,0,0,0.0
238381,0,0,0.0
143114,0,0,0.0
198910,0,0,0.0
380097,0,0,0.0
329175,0,0,0.0
254942,1,0,0.0
242030,0,0,0.0
388991,0,0,0.0
354376,0,0,0.0
343096,0,0,0.0
247254,0,0,0.0
286858,0,0,0.0
326086,0,0,0.0
281649,0,0,0.0
326983,0,0,0.0
351748,0,0,0.0
235640,0,0,0.0
335386,0,0,0.0
126339,0,0,0.0
392677,0,0,0.0
250294,0,0,0.0
294932,1,0,0.0
241303,0,0,0.0
209494,0,1,1.0
156694,0,0,0.0
252183,0,0,0.0
322052,1,0,0.0
412124,0,0,0.0
445412,0,0,0.0
317099,0,0,0.0
431961,0,0,0.0
141996,0,0,0.0
167738,0,0,0.0
256136,0,0,0.0
191445,0,1,1.0
398984,0,0,0.0
288816,0,0,0.0
416237,0,0,0.0
276493,0,0,0.0
114877,0,1,1.0
116192,0,0,0.0
109994,0,0,0.0
342741,0,0,0.0
165317,0,0,0.0
312607,1,0,0.0
145463,0,0,0.0
290471,1,0,0.0
316420,0,1,1.0
186039,0,0,0.0
404775,0,0,0.0
128505,0,0,0.0
268293,1,0,0.0
197465,0,0,0.0
407050,0,0,0.0
169273,0,1,1.0
260194,1,0,0.0
184650,0,0,0.0
151809,0,0,0.0
343737,0,1,1.0
264595,0,0,0.0
385983,0,0,0.0
164788,0,0,0.0
280695,0,0,0.0
172188,0,0,0.0
372377,0,0,0.0
168480,0,0,0.0
230264,0,0,0.0
106945,0,0,0.0
296545,0,0,0.0
278081,0,0,0.0
248220,0,0,0.0
221145,0,0,0.0
190918,0,0,0.0
402583,0,0,0.0
163518,1,0,0.0
313812,0,0,0.0
314403,0,0,0.0
181740,0,1,1.0
200837,0,0,0.0
257702,0,0,0.0
293592,0,0,0.0
246015,0,0,0.0
258588,0,0,0.0
405172,0,0,0.0
238574,0,0,0.0
396707,0,0,0.0
130411,0,0,0.0
243638,0,0,0.0
369859,0,1,1.0
106746,0,0,0.0
156549,0,0,0.0
238014,0,1,1.0
128525,0,1,1.0
434239,0,0,0.0
196478,0,0,0.0
295217,0,1,1.0
284923,0,0,0.0
197796,0,0,0.0
340139,1,0,0.0
383353,0,0,0.0
222494,1,0,0.0
133548,1,0,0.0
135296,0,0,0.0
305078,0,0,0.0
361009,0,0,0.0
150801,0,0,0.0
393106,0,0,0.0
312679,1,0,0.0
122156,0,0,0.0
178896,0,0,0.0
370343,0,0,0.0
256430,0,0,0.0
359918,0,0,0.0
162663,0,0,0.0
410544,0,0,0.0
141684,0,0,0.0
404605,0,0,0.0
256381,0,1,1.0
298263,0,0,0.0
423104,0,0,0.0
285361,0,0,0.0
376058,0,1,1.0
100764,0,0,0.0
226606,0,0,0.0
363010,0,0,0.0
447161,0,0,0.0
250036,0,0,0.0
128090,1,0,0.0
164978,0,1,1.0
114391,0,1,1.0
308705,1,0,0.0
417276,0,0,0.0
194010,0,0,0.0
235366,0,0,0.0
397324,0,0,0.0
381998,0,0,0.0
109585,0,0,0.0
402804,0,0,0.0
122574,0,0,0.0
257856,0,0,0.0
393238,0,0,0.0
258075,0,0,0.0
451988,0,0,0.0
112342,0,0,0.0
425035,0,0,0.0
179816,0,0,0.0
135000,0,1,1.0
254429,0,0,0.0
252399,0,0,0.0
323834,0,1,1.0
171444,0,0,0.0
199019,0,0,0.0
337393,0,0,0.0
383274,0,0,0.0
306671,0,0,0.0
362958,1,0,0.0
373694,0,0,0.0
347170,0,0,0.0
278582,0,1,1.0
368962,0,0,0.0
306052,0,1,1.0
205224,0,0,0.0
126173,0,0,0.0
295863,0,0,0.0
271962,0,0,0.0
416128,0,0,0.0
390975,0,0,0.0
154172,0,0,0.0
334981,1,1,1.0
106332,0,0,0.0
215836,0,0,0.0
157082,0,0,0.0
249802,0,0,0.0
321584,0,0,0.0
304250,0,0,0.0
435888,0,0,0.0
431966,0,0,0.0
250971,0,0,0.0
281155,0,0,0.0
154504,0,0,0.0
318812,0,0,0.0
435795,0,0,0.0
204283,0,0,0.0
338252,0,0,0.0
287722,0,0,0.0
259128,0,0,0.0
140155,0,0,0.0
341889,0,0,0.0
331494,0,0,0.0
148685,0,0,0.0
439907,0,0,0.0
356768,0,0,0.0
284658,0,0,0.0
128826,0,0,0.0
203925,1,0,0.0
332848,0,0,0.0
319467,0,0,0.0
362903,0,0,0.0
343618,0,0,0.0
318416,0,0,0.0
393984,0,0,0.0
287209,0,0,0.0
272647,0,0,0.0
455853,0,0,0.0
268490,0,0,0.0
245243,0,0,0.0
440078,1,0,0.0
166673,0,0,0.0
111767,0,0,0.0
228998,0,0,0.0
334102,0,0,0.0
391804,0,0,0.0
166213,0,0,0.0
313266,0,0,0.0
338592,0,0,0.0
418261,0,0,0.0
327186,0,0,0.0
202395,0,0,0.0
162159,0,0,0.0
323536,0,0,0.0
306718,0,0,0.0
190000,0,0,0.0
405008,0,0,0.0
217154,1,0,0.0
131389,0,0,0.0
138852,0,0,0.0
381407,0,0,0.0
231908,0,0,0.0
403774,0,0,0.0
348757,0,0,0.0
109552,0,0,0.0
175235,0,0,0.0
431194,0,0,0.0
386395,1,0,0.0
369926,0,0,0.0
143516,0,0,0.0
244585,0,0,0.0
204704,0,0,0.0
383188,0,0,0.0
332736,0,1,1.0
190885,0,0,0.0
101455,0,0,0.0
186323,1,0,0.0
341972,0,1,1.0
178898,0,0,0.0
164849,0,0,0.0
422201,0,0,0.0
217588,0,0,0.0
126387,0,0,0.0
229846,0,0,0.0
109591,0,0,0.0
225236,0,1,1.0
104112,0,0,0.0
409912,0,1,1.0
229465,0,0,0.0
215264,0,0,0.0
283527,1,0,0.0
125088,0,0,0.0
408081,0,0,0.0
361292,0,0,0.0
312467,0,0,0.0
292664,0,0,0.0
193215,0,0,0.0
304408,0,0,0.0
281575,0,0,0.0
113083,0,0,0.0
328445,0,1,1.0
226643,0,0,0.0
292418,0,0,0.0
342028,1,0,0.0
247671,0,0,0.0
331354,0,0,0.0
310953,0,1,1.0
389971,0,0,0.0
426575,0,0,0.0
378248,0,0,0.0
402945,0,0,0.0
411346,0,0,0.0
315934,0,0,0.0
134507,0,0,0.0
192659,0,0,0.0
423803,0,0,0.0
149468,0,0,0.0
385240,0,1,1.0
324519,0,0,0.0
251168,0,0,0.0
159558,0,1,1.0
211018,0,1,1.0
332346,0,0,0.0
397413,0,1,1.0
276112,0,0,0.0
438992,0,0,0.0
338447,0,1,1.0
364303,0,0,0.0
430029,0,0,0.0
381032,0,0,0.0
131313,0,0,0.0
118281,0,0,0.0
144110,0,0,0.0
184085,0,0,0.0
128310,0,0,0.0
405154,0,0,0.0
164927,0,0,0.0
136339,0,0,0.0
329396,0,0,0.0
285846,0,0,0.0
205854,1,0,0.0
421305,0,1,1.0
209534,0,0,0.0
355317,0,0,0.0
369217,0,0,0.0
364869,0,1,1.0
119291,0,0,0.0
391030,0,0,0.0
259275,0,0,0.0
341014,0,0,0.0
323639,1,0,0.0
405249,0,0,0.0
170717,0,0,0.0
241571,0,0,0.0
105449,0,0,0.0
366756,0,0,0.0
169776,0,0,0.0
177966,0,0,0.0
334908,0,0,0.0
253335,0,0,0.0
160389,0,0,0.0
348053,0,0,0.0
364406,0,0,0.0
304699,1,0,0.0
383826,0,0,0.0
252409,0,0,0.0
197142,0,0,0.0
109143,0,0,0.0
354754,0,0,0.0
210035,0,0,0.0
356751,0,0,0.0
133640,1,0,0.0
301798,0,0,0.0
353640,0,0,0.0
132474,0,0,0.0
140345,1,1,1.0
216832,0,0,0.0
103065,0,0,0.0
389103,0,0,0.0
191332,0,0,0.0
413947,0,1,1.0
400918,0,0,0.0
148200,0,0,0.0
450206,1,0,0.0
295754,0,0,0.0
143368,0,0,0.0
157181,0,0,0.0
142159,0,0,0.0
337325,0,0,0.0
193611,0,0,0.0
420224,0,0,0.0
251949,0,0,0.0
437064,0,0,0.0
232470,0,0,0.0
119263,0,0,0.0
131021,0,0,0.0
181586,0,0,0.0
220813,0,0,0.0
156575,0,0,0.0
142661,0,0,0.0
327167,0,0,0.0
205096,0,0,0.0
424227,0,1,1.0
309581,0,0,0.0
437106,0,0,0.0
411066,1,1,1.0
448249,0,0,0.0
191280,0,0,0.0
385944,1,0,0.0
448504,0,0,0.0
384691,0,0,0.0
415323,1,0,0.0
222069,0,0,0.0
196553,0,0,0.0
350709,0,0,0.0
109275,1,0,0.0
251055,0,0,0.0
314860,0,0,0.0
159080,0,0,0.0
143623,0,0,0.0
312571,0,0,0.0
101313,0,0,0.0
409330,0,0,0.0
395622,0,0,0.0
194321,0,1,1.0
253630,0,0,0.0
324849,0,0,0.0
375919,0,0,0.0
184487,0,0,0.0
193121,0,1,1.0
202282,0,0,0.0
329124,0,0,0.0
338145,0,0,0.0
373238,0,0,0.0
435020,0,0,0.0
206577,0,1,1.0
327724,0,0,0.0
235855,1,1,1.0
289822,0,0,0.0
287881,0,0,0.0
292134,0,0,0.0
265420,0,1,1.0
193846,0,0,0.0
275038,0,0,0.0
293514,0,0,0.0
370796,0,0,0.0
341722,0,0,0.0
416014,1,0,0.0
219824,0,0,0.0
231276,0,1,1.0
386140,0,0,0.0
378733,0,0,0.0
150416,0,0,0.0
308961,1,0,0.0
197686,0,0,0.0
391375,0,0,0.0
170890,0,0,0.0
451123,0,0,0.0
394631,0,0,0.0
155746,0,0,0.0
368368,0,0,0.0
138142,1,0,0.0
202965,0,0,0.0
367359,0,0,0.0
185164,0,0,0.0
114416,0,0,0.0
266699,0,0,0.0
367432,0,0,0.0
318933,0,0,0.0
393967,0,0,0.0
333772,0,0,0.0
198731,0,0,0.0
150653,0,0,0.0
153993,1,0,0.0
284610,1,0,0.0
302473,0,1,1.0
371716,0,0,0.0
324142,0,0,0.0
187223,0,0,0.0
181799,0,0,0.0
409283,0,0,0.0
106061,0,0,0.0
182892,0,0,0.0
122176,0,0,0.0
437871,0,0,0.0
156927,0,0,0.0
192662,0,0,0.0
146885,0,0,0.0
180725,0,0,0.0
440597,0,0,0.0
233038,0,0,0.0
177796,0,0,0.0
444894,0,0,0.0
260340,0,0,0.0
318064,0,0,0.0
438531,0,0,0.0
184503,0,0,0.0
186382,0,0,0.0
207388,0,0,0.0
281800,0,1,1.0
438017,1,0,0.0
400157,0,1,1.0
209611,0,0,0.0
371764,0,1,1.0
232151,0,0,0.0
415721,0,1,1.0
378009,0,0,0.0
145762,0,0,0.0
134818,1,0,0.0
360174,0,0,0.0
437720,0,0,0.0
230962,1,0,0.0
134243,1,0,0.0
257725,0,0,0.0
288239,0,0,0.0
198760,0,0,0.0
265829,0,0,0.0
278429,1,0,0.0
310657,0,0,0.0
405658,0,0,0.0
415778,0,0,0.0
215482,0,1,1.0
390387,0,0,0.0
437092,0,0,0.0
156137,0,0,0.0
399305,0,0,0.0
131847,0,0,0.0
122430,0,1,1.0
190434,0,0,0.0
225452,0,0,0.0
347153,0,0,0.0
145213,0,0,0.0
172321,0,0,0.0
358878,0,0,0.0
132945,0,0,0.0
258854,0,0,0.0
354062,0,0,0.0
338357,0,0,0.0
410145,0,0,0.0
295641,0,0,0.0
392228,0,0,0.0
282891,0,0,0.0
349189,0,0,0.0
228875,0,0,0.0
403045,0,0,0.0
188186,0,1,1.0
155302,0,0,0.0
415834,0,0,0.0
393771,0,0,0.0
214180,0,0,0.0
193884,0,0,0.0
361456,0,0,0.0
112707,0,0,0.0
379884,0,0,0.0
359973,0,1,1.0
158418,0,0,0.0
347297,0,0,0.0
299443,0,0,0.0
206380,0,0,0.0
228323,1,0,0.0
270990,1,0,0.0
133505,0,0,0.0
201759,1,0,0.0
190044,0,0,0.0
140326,0,1,1.0
444556,0,0,0.0
360976,0,0,0.0
137850,0,0,0.0
386732,0,0,0.0
274057,0,0,0.0
359989,0,0,0.0
124383,0,1,1.0
183444,1,0,0.0
370643,0,0,0.0
301255,0,0,0.0
187882,0,0,0.0
328379,0,0,0.0
446018,0,0,0.0
176230,0,0,0.0
272259,0,0,0.0
437131,0,0,0.0
424883,0,0,0.0
435672,0,0,0.0
211684,0,1,1.0
421688,0,0,0.0
102717,0,1,1.0
267791,0,1,1.0
450869,0,0,0.0
445590,0,0,0.0
423843,0,0,0.0
118259,0,0,0.0
236983,0,0,0.0
148291,0,0,0.0
342294,0,0,0.0
439866,0,0,0.0
232254,0,0,0.0
322632,0,1,1.0
316736,0,0,0.0
155975,0,0,0.0
219659,0,0,0.0
448432,1,1,1.0
263007,0,0,0.0
130119,0,0,0.0
243660,1,1,1.0
142208,0,0,0.0
277426,0,0,0.0
405929,0,0,0.0
249535,0,0,0.0
199456,0,0,0.0
176130,0,0,0.0
110413,0,0,0.0
350522,0,1,1.0
218193,0,0,0.0
451956,0,0,0.0
366521,0,0,0.0
226096,0,0,0.0
140665,0,0,0.0
315688,0,0,0.0
353712,0,0,0.0
322065,0,0,0.0
319733,0,0,0.0
261913,0,0,0.0
378449,0,1,1.0
129281,0,0,0.0
112599,0,1,1.0
369179,0,0,0.0
219237,0,0,0.0
275980,0,0,0.0
327427,0,0,0.0
168298,0,0,0.0
170911,0,0,0.0
399858,0,0,0.0
251189,0,0,0.0
431019,0,0,0.0
420903,0,0,0.0
332881,0,0,0.0
368575,0,0,0.0
289334,0,0,0.0
210608,0,0,0.0
338281,0,0,0.0
117585,0,0,0.0
337166,0,0,0.0
287213,0,0,0.0
300450,0,0,0.0
198612,0,0,0.0
444749,0,0,0.0
431474,0,0,0.0
455036,0,0,0.0
295887,1,0,0.0
233398,1,0,0.0
273924,0,0,0.0
356094,0,0,0.0
378601,0,0,0.0
251998,1,0,0.0
133094,0,1,1.0
164986,0,0,0.0
299474,0,0,0.0
300299,0,0,0.0
218124,0,0,0.0
414949,0,0,0.0
243492,0,0,0.0
220179,0,1,1.0
428377,0,0,0.0
243827,0,0,0.0
187170,0,0,0.0
293182,0,0,0.0
348600,0,0,0.0
255945,0,0,0.0
164089,0,0,0.0
247826,0,0,0.0
406566,0,0,0.0
455799,0,0,0.0
110630,0,0,0.0
389254,0,0,0.0
288116,0,0,0.0
239388,0,0,0.0
241149,0,0,0.0
168507,0,0,0.0
125223,0,0,0.0
297116,0,1,1.0
361708,0,0,0.0
441414,0,0,0.0
102494,0,0,0.0
243453,0,0,0.0
377826,0,0,0.0
203752,0,0,0.0
456175,0,0,0.0
294144,0,0,0.0
244055,0,0,0.0
174888,0,0,0.0
422244,0,0,0.0
138549,0,0,0.0
353584,0,0,0.0
257081,0,0,0.0
185138,0,0,0.0
434487,0,0,0.0
301411,0,0,0.0
328471,0,0,0.0
406160,0,0,0.0
409344,0,0,0.0
365714,0,0,0.0
448570,0,0,0.0
158980,0,0,0.0
441190,1,0,0.0
304881,0,0,0.0
205426,0,0,0.0
177659,0,0,0.0
259253,0,0,0.0
292624,0,0,0.0
113370,0,0,0.0
163653,0,0,0.0
142958,0,0,0.0
292310,0,0,0.0
450073,0,0,0.0
207432,0,0,0.0
388750,0,0,0.0
265606,0,0,0.0
196943,0,0,0.0
399120,0,0,0.0
315466,0,1,1.0
258507,0,0,0.0
345205,0,0,0.0
114455,0,0,0.0
224904,0,0,0.0
207617,0,0,0.0
203207,0,0,0.0
241638,0,0,0.0
434672,0,1,1.0
185836,0,0,0.0
165271,1,0,0.0
294131,0,0,0.0
444085,0,0,0.0
299828,0,0,0.0
161735,0,0,0.0
264297,0,1,1.0
212970,0,0,0.0
376690,0,0,0.0
251669,0,0,0.0
134344,0,0,0.0
180503,0,0,0.0
197814,0,0,0.0
116057,0,0,0.0
141624,0,0,0.0
309583,0,0,0.0
397937,0,0,0.0
332157,0,0,0.0
435947,0,0,0.0
140670,0,0,0.0
127818,0,0,0.0
208852,0,0,0.0
260418,0,0,0.0
103710,0,0,0.0
452157,0,0,0.0
142506,0,0,0.0
286451,0,0,0.0
230980,0,0,0.0
181191,0,0,0.0
239770,0,0,0.0
428492,0,0,0.0
167148,0,1,1.0
366926,0,0,0.0
334566,0,0,0.0
434117,0,0,0.0
338978,0,0,0.0
193584,0,0,0.0
342073,0,0,0.0
213448,0,0,0.0
363985,1,0,0.0
446114,0,0,0.0
195817,0,0,0.0
329171,0,0,0.0
424751,0,0,0.0
262674,0,0,0.0
108614,0,0,0.0
402894,0,0,0.0
229924,0,0,0.0
185301,0,0,0.0
251807,0,0,0.0
353163,0,0,0.0
408954,0,0,0.0
447220,0,0,0.0
404953,0,0,0.0
293195,0,0,0.0
277909,0,0,0.0
146431,0,0,0.0
339153,0,0,0.0
324713,0,0,0.0
233581,0,0,0.0
401860,0,0,0.0
452339,0,0,0.0
179379,0,0,0.0
333863,0,0,0.0
189298,0,0,0.0
436376,1,1,1.0
168475,0,0,0.0
231142,0,0,0.0
406838,0,1,1.0
262042,0,0,0.0
385291,0,0,0.0
155072,0,0,0.0
355450,0,0,0.0
132813,0,0,0.0
143582,0,0,0.0
375500,0,0,0.0
308534,0,0,0.0
149635,0,0,0.0
225641,0,0,0.0
223684,0,0,0.0
375278,0,0,0.0
349007,0,0,0.0
166334,0,0,0.0
273635,0,0,0.0
431967,0,0,0.0
283588,0,0,0.0
361276,0,0,0.0
387798,0,0,0.0
333067,0,0,0.0
427419,0,0,0.0
104349,0,0,0.0
335867,0,0,0.0
269339,0,0,0.0
133280,0,0,0.0
421271,0,0,0.0
390589,0,0,0.0
220020,0,0,0.0
177727,0,0,0.0
333313,0,0,0.0
366979,0,0,0.0
385674,0,0,0.0
122970,0,0,0.0
383269,0,0,0.0
133436,0,0,0.0
309193,0,0,0.0
192687,0,0,0.0
112136,0,0,0.0
206475,0,0,0.0
342207,0,0,0.0
104755,0,0,0.0
251916,0,0,0.0
440250,0,0,0.0
368690,0,0,0.0
210881,1,0,0.0
166704,0,0,0.0
211022,0,0,0.0
162839,0,0,0.0
171628,0,0,0.0
247458,0,1,1.0
414451,0,0,0.0
352951,0,0,0.0
230778,1,0,0.0
287138,0,0,0.0
161777,0,0,0.0
433387,0,1,1.0
202393,0,1,1.0
299641,0,0,0.0
308099,0,0,0.0
192919,0,0,0.0
336170,0,0,0.0
165676,0,0,0.0
456164,0,0,0.0
179775,0,0,0.0
421658,0,0,0.0
209891,0,0,0.0
230961,1,0,0.0
454175,0,1,1.0
223658,0,0,0.0
111329,0,0,0.0
149137,0,0,0.0
439129,0,0,0.0
281668,0,0,0.0
332576,0,0,0.0
289289,0,1,1.0
366815,0,0,0.0
394862,0,0,0.0
397619,0,0,0.0
103512,0,0,0.0
309718,0,1,1.0
292594,0,1,1.0
238919,0,0,0.0
335371,0,0,0.0
124640,0,0,0.0
435169,0,0,0.0
148873,0,0,0.0
358889,0,0,0.0
413339,0,0,0.0
117632,0,0,0.0
328084,0,0,0.0
164351,0,0,0.0
347306,0,0,0.0
359620,0,0,0.0
154089,1,0,0.0
412359,1,0,0.0
190079,0,0,0.0
108841,0,0,0.0
228028,0,1,1.0
370764,0,0,0.0
161177,0,0,0.0
416818,0,0,0.0
386682,0,0,0.0
363933,0,1,1.0
355365,0,0,0.0
308681,0,0,0.0
186400,0,0,0.0
190645,0,0,0.0
415868,1,0,0.0
266413,0,0,0.0
175877,0,0,0.0
163541,0,0,0.0
138793,0,1,1.0
225151,0,0,0.0
165978,0,0,0.0
188669,0,0,0.0
366811,1,1,1.0
427577,0,0,0.0
160624,0,0,0.0
400357,0,0,0.0
182512,0,0,0.0
257744,0,0,0.0
397172,0,0,0.0
394027,0,0,0.0
215989,0,0,0.0
149667,0,0,0.0
165600,0,0,0.0
378978,0,0,0.0
336130,0,0,0.0
454933,0,0,0.0
411226,0,0,0.0
418790,0,0,0.0
197593,0,0,0.0
202975,0,0,0.0
278521,0,0,0.0
208079,0,0,0.0
181679,0,0,0.0
246383,0,0,0.0
250194,0,0,0.0
368789,0,0,0.0
318491,0,0,0.0
298597,1,0,0.0
149332,0,0,0.0
226860,0,0,0.0
400937,0,1,1.0
357564,0,0,0.0
227706,0,0,0.0
110880,0,0,0.0
442115,0,0,0.0
436202,0,0,0.0
124024,0,0,0.0
115145,0,0,0.0
102061,0,0,0.0
215615,0,0,0.0
141547,0,0,0.0
319161,0,0,0.0
450614,0,0,0.0
247670,0,0,0.0
223476,0,0,0.0
352247,0,0,0.0
120567,1,0,0.0
296625,0,0,0.0
244118,0,0,0.0
309701,0,0,0.0
337833,0,0,0.0
300273,0,0,0.0
317238,0,0,0.0
260114,0,0,0.0
348629,0,0,0.0
421459,0,0,0.0
446640,1,0,0.0
357573,0,1,1.0
408740,0,0,0.0
221699,0,0,0.0
234466,0,0,0.0
178218,0,0,0.0
361414,0,0,0.0
126328,0,0,0.0
431983,0,0,0.0
417165,0,0,0.0
221420,0,0,0.0
455689,0,0,0.0
314258,0,0,0.0
350813,0,0,0.0
343904,0,0,0.0
281442,0,0,0.0
126873,0,0,0.0
187688,1,0,0.0
422125,1,0,0.0
337773,0,0,0.0
291665,0,0,0.0
156701,0,0,0.0
121124,0,0,0.0
343792,0,0,0.0
223076,1,0,0.0
240693,0,1,1.0
209622,0,0,0.0
360745,0,0,0.0
259975,0,0,0.0
165921,0,0,0.0
448072,0,0,0.0
322650,1,0,0.0
114186,0,0,0.0
188698,0,0,0.0
414636,1,0,0.0
107802,0,0,0.0
369960,0,0,0.0
111211,0,0,0.0
299080,0,0,0.0
375952,0,0,0.0
390239,0,0,0.0
437682,0,0,0.0
135404,0,0,0.0
402118,0,0,0.0
122861,1,0,0.0
275029,0,0,0.0
197397,0,0,0.0
251204,0,0,0.0
417524,0,0,0.0
322462,0,0,0.0
178329,0,0,0.0
182655,0,0,0.0
194673,0,0,0.0
417724,0,0,0.0
414595,0,0,0.0
193595,0,1,1.0
413061,0,0,0.0
210923,1,1,1.0
432791,1,1,1.0
359794,0,0,0.0
278255,0,1,1.0
109534,0,1,1.0
364002,0,0,0.0
267779,0,0,0.0
237903,0,0,0.0
419724,0,0,0.0
368810,0,0,0.0
321750,0,0,0.0
370889,0,0,0.0
105182,0,0,0.0
141858,0,0,0.0
266748,0,0,0.0
421037,0,0,0.0
267389,0,0,0.0
371067,0,0,0.0
262177,0,0,0.0
221214,0,0,0.0
278301,0,0,0.0
267016,0,1,1.0
438526,0,0,0.0
282628,0,0,0.0
413410,0,0,0.0
331028,0,0,0.0
374669,0,0,0.0
280905,0,0,0.0
140766,0,1,1.0
401618,1,0,0.0
131768,0,0,0.0
426256,0,0,0.0
359119,0,0,0.0
389203,0,0,0.0
183394,0,0,0.0
242919,0,0,0.0
170209,0,0,0.0
388564,0,0,0.0
413367,0,0,0.0
362415,0,0,0.0
159971,0,0,0.0
426733,0,0,0.0
308949,0,0,0.0
155259,0,0,0.0
102405,0,1,1.0
404013,0,0,0.0
130684,0,0,0.0
365355,0,0,0.0
124045,0,0,0.0
240068,0,1,1.0
115116,0,0,0.0
415644,0,0,0.0
181811,1,1,1.0
360363,0,0,0.0
128802,0,0,0.0
383581,0,0,0.0
293421,1,1,1.0
216092,0,0,0.0
325912,0,0,0.0
396531,0,0,0.0
189122,0,0,0.0
131192,0,0,0.0
293906,1,0,0.0
441328,0,0,0.0
397822,0,0,0.0
317097,0,0,0.0
141450,0,0,0.0
194703,1,0,0.0
401385,0,0,0.0
247621,0,0,0.0
234233,0,0,0.0
116968,0,0,0.0
406958,0,0,0.0
198010,0,0,0.0
373834,1,0,0.0
252043,0,1,1.0
137587,0,0,0.0
194749,0,0,0.0
342026,0,1,1.0
208443,0,0,0.0
132686,0,0,0.0
427385,0,0,0.0
121807,1,1,1.0
413009,1,1,1.0
447640,0,0,0.0
455219,0,0,0.0
118919,0,0,0.0
291703,0,0,0.0
382855,0,0,0.0
276757,0,1,1.0
375487,0,0,0.0
192601,1,0,0.0
214172,0,0,0.0
348817,0,0,0.0
104648,0,0,0.0
303483,0,0,0.0
217400,0,0,0.0
362352,0,0,0.0
288708,0,0,0.0
162573,0,0,0.0
164186,0,0,0.0
431939,0,0,0.0
416231,0,0,0.0
307228,0,0,0.0
185575,0,0,0.0
101550,0,0,0.0
316709,0,0,0.0
101589,0,0,0.0
334975,0,0,0.0
416209,0,0,0.0
211876,0,0,0.0
183731,0,0,0.0
349717,0,0,0.0
146798,0,0,0.0
310943,0,0,0.0
352793,0,0,0.0
153321,1,0,0.0
386764,0,0,0.0
233339,0,0,0.0
430110,0,0,0.0
201989,0,0,0.0
212234,1,0,0.0
372409,0,0,0.0
198404,0,0,0.0
281716,0,0,0.0
315998,0,0,0.0
185995,0,0,0.0
332219,0,0,0.0
110275,0,0,0.0
292764,0,0,0.0
384227,0,0,0.0
295674,0,0,0.0
204609,1,1,1.0
127868,0,0,0.0
240256,0,0,0.0
230299,0,0,0.0
230032,0,1,1.0
329792,0,0,0.0
159385,0,0,0.0
166693,0,0,0.0
191670,0,0,0.0
137077,1,0,0.0
235538,0,0,0.0
151170,0,0,0.0
238809,0,0,0.0
426141,0,0,0.0
104926,0,0,0.0
401331,0,0,0.0
190633,0,0,0.0
371749,0,0,0.0
134548,0,1,1.0
150497,0,0,0.0
425130,1,0,0.0
337994,0,0,0.0
398849,0,0,0.0
381626,0,0,0.0
376774,0,0,0.0
256008,0,0,0.0
134224,0,0,0.0
424142,0,0,0.0
254333,1,0,0.0
370452,0,1,1.0
439981,0,0,0.0
430767,0,0,0.0
385397,0,0,0.0
264400,0,0,0.0
272468,0,0,0.0
239248,0,0,0.0
268588,0,0,0.0
326902,0,1,1.0
445513,0,0,0.0
244640,0,0,0.0
291287,0,0,0.0
191525,0,0,0.0
125849,1,0,0.0
176343,0,0,0.0
171316,0,0,0.0
115743,0,0,0.0
375875,0,0,0.0
100827,0,0,0.0
454414,0,0,0.0
392966,0,0,0.0
169670,0,0,0.0
202278,0,0,0.0
364301,0,0,0.0
257269,0,0,0.0
293252,0,0,0.0
378973,0,1,1.0
170856,0,0,0.0
289676,0,0,0.0
139503,0,0,0.0
391114,0,0,0.0
374441,0,0,0.0
129586,0,0,0.0
431132,0,0,0.0
398600,0,0,0.0
412864,1,0,0.0
184406,0,0,0.0
128406,0,0,0.0
313199,0,0,0.0
370991,0,0,0.0
354522,0,1,1.0
360878,0,0,0.0
240092,0,0,0.0
158062,0,0,0.0
432775,0,0,0.0
292403,0,0,0.0
452549,0,0,0.0
231239,0,0,0.0
432883,1,0,0.0
140328,0,0,0.0
145593,0,0,0.0
162629,0,0,0.0
363856,0,0,0.0
270482,0,0,0.0
146326,0,0,0.0
175747,0,0,0.0
226304,0,0,0.0
377206,0,0,0.0
260215,0,0,0.0
364972,0,0,0.0
291392,0,1,1.0
119073,1,0,0.0
312075,0,0,0.0
347843,0,0,0.0
301999,0,1,1.0
286752,0,0,0.0
227044,0,0,0.0
336091,0,0,0.0
247448,0,0,0.0
276188,0,0,0.0
284876,0,0,0.0
132531,1,0,0.0
246852,0,0,0.0
432327,0,0,0.0
413847,0,0,0.0
374601,0,0,0.0
450472,0,0,0.0
384077,0,0,0.0
288941,0,1,1.0
180680,0,0,0.0
262299,0,0,0.0
224464,0,0,0.0
200283,0,0,0.0
219851,0,0,0.0
387592,0,0,0.0
150729,1,1,1.0
219176,0,0,0.0
133509,0,0,0.0
385866,0,0,0.0
368101,0,0,0.0
114923,0,1,1.0
115834,0,0,0.0
181231,0,0,0.0
398491,0,0,0.0
156974,0,0,0.0
343131,0,0,0.0
210840,0,0,0.0
429845,0,0,0.0
307101,0,0,0.0
247622,0,0,0.0
319323,0,0,0.0
287131,0,0,0.0
261384,0,0,0.0
401886,0,1,1.0
250169,0,0,0.0
129390,0,0,0.0
339930,0,0,0.0
382553,0,0,0.0
141599,0,1,1.0
384965,0,0,0.0
105463,0,0,0.0
198747,0,0,0.0
346590,0,0,0.0
218575,0,0,0.0
406718,0,0,0.0
154448,1,1,1.0
442453,0,0,0.0
212572,1,0,0.0
392144,0,0,0.0
322916,1,1,1.0
172979,0,0,0.0
258175,0,0,0.0
217843,0,0,0.0
342936,0,0,0.0
109821,0,0,0.0
442099,1,0,0.0
158407,0,0,0.0
262171,0,0,0.0
454533,0,0,0.0
409039,0,0,0.0
267733,0,0,0.0
427803,0,0,0.0
353687,0,0,0.0
221176,0,0,0.0
143496,0,0,0.0
310188,0,0,0.0
340733,0,0,0.0
107702,0,0,0.0
410838,0,0,0.0
244963,0,0,0.0
331940,0,0,0.0
319195,0,0,0.0
200303,1,1,1.0
427889,0,0,0.0
397660,0,0,0.0
275622,0,0,0.0
193876,0,0,0.0
438608,0,0,0.0
351047,0,0,0.0
352862,0,0,0.0
247069,0,0,0.0
429945,0,0,0.0
221540,0,0,0.0
379050,0,0,0.0
429120,0,0,0.0
371817,0,0,0.0
427924,0,0,0.0
389718,0,0,0.0
149651,0,0,0.0
248098,0,0,0.0
443273,0,0,0.0
279006,0,0,0.0
281097,1,1,1.0
374982,0,0,0.0
125629,0,0,0.0
308670,0,0,0.0
274025,0,0,0.0
220872,0,0,0.0
266535,0,0,0.0
242560,0,0,0.0
378412,0,0,0.0
123176,0,0,0.0
183423,0,0,0.0
241107,1,0,0.0
391256,0,0,0.0
120299,0,0,0.0
198109,0,0,0.0
158571,0,0,0.0
268890,0,0,0.0
231122,0,0,0.0
373337,0,0,0.0
178850,0,0,0.0
310810,0,0,0.0
188183,0,0,0.0
135651,0,0,0.0
207885,0,0,0.0
196654,0,0,0.0
404721,0,0,0.0
257858,0,0,0.0
256634,0,0,0.0
238804,0,0,0.0
381358,0,0,0.0
450599,0,0,0.0
392742,0,0,0.0
427580,0,0,0.0
291548,0,0,0.0
393790,0,0,0.0
130989,0,0,0.0
206230,0,0,0.0
309580,1,0,0.0
452058,1,0,0.0
297923,0,0,0.0
403182,0,0,0.0
193410,0,0,0.0
443302,0,0,0.0
323570,0,0,0.0
131723,0,0,0.0
156856,0,0,0.0
290769,0,0,0.0
178019,0,0,0.0
269631,0,0,0.0
321283,0,0,0.0
133650,0,0,0.0
338389,0,0,0.0
318571,0,0,0.0
120841,1,0,0.0
359648,0,0,0.0
245549,0,0,0.0
312914,0,0,0.0
399173,0,0,0.0
280646,0,0,0.0
229432,0,0,0.0
345566,0,0,0.0
283627,0,0,0.0
418128,0,0,0.0
419683,1,0,0.0
290373,0,0,0.0
257177,0,1,1.0
360564,0,0,0.0
453161,0,0,0.0
412331,0,1,1.0
276489,0,1,1.0
136223,0,0,0.0
207798,0,0,0.0
248901,0,0,0.0
370443,0,0,0.0
302792,0,1,1.0
294540,0,0,0.0
238874,0,0,0.0
412626,0,0,0.0
185691,0,0,0.0
201112,0,0,0.0
308323,0,0,0.0
359393,1,0,0.0
187824,0,0,0.0
292545,0,0,0.0
384910,0,0,0.0
196693,0,0,0.0
204136,0,0,0.0
154831,0,0,0.0
307262,0,0,0.0
414204,0,0,0.0
176011,0,0,0.0
132966,0,0,0.0
194567,0,1,1.0
392792,0,0,0.0
346297,1,0,0.0
382629,0,0,0.0
329107,0,0,0.0
363478,0,0,0.0
424100,0,1,1.0
258292,0,0,0.0
257897,0,0,0.0
282082,0,0,0.0
445323,0,0,0.0
247577,0,0,0.0
265476,1,0,0.0
301517,0,0,0.0
188831,0,0,0.0
386689,0,0,0.0
237314,0,0,0.0
441670,0,0,0.0
391428,0,0,0.0
297796,0,0,0.0
185796,0,0,0.0
223579,0,0,0.0
399766,0,0,0.0
149669,0,0,0.0
433528,0,0,0.0
195335,0,0,0.0
155725,0,0,0.0
374232,0,0,0.0
227829,0,1,1.0
290218,0,0,0.0
114673,0,0,0.0
416741,0,0,0.0
361814,1,0,0.0
286847,0,0,0.0
252319,0,1,1.0
327745,1,0,0.0
411637,1,1,1.0
391558,0,0,0.0
189777,0,0,0.0
252033,0,0,0.0
128989,1,0,0.0
152227,0,0,0.0
132653,0,0,0.0
101609,0,0,0.0
131960,0,0,0.0
254595,0,0,0.0
250597,0,0,0.0
396372,0,0,0.0
197117,1,0,0.0
405122,0,0,0.0
338119,1,0,0.0
410727,0,0,0.0
166146,0,0,0.0
211603,0,1,1.0
242307,0,0,0.0
317824,0,1,1.0
379081,1,0,0.0
419144,0,0,0.0
274529,0,1,1.0
278202,0,0,0.0
444747,0,0,0.0
380872,0,0,0.0
357679,0,0,0.0
120512,0,0,0.0
380671,0,0,0.0
295223,0,0,0.0
281033,0,0,0.0
409961,0,0,0.0
399545,0,0,0.0
289580,0,0,0.0
184940,0,0,0.0
375346,0,0,0.0
241200,1,0,0.0
238720,0,0,0.0
438744,0,0,0.0
249644,0,0,0.0
251024,0,0,0.0
389386,1,1,1.0
373243,0,0,0.0
146488,0,0,0.0
201144,0,0,0.0
309535,0,0,0.0
356343,1,1,1.0
181854,0,0,0.0
216492,0,0,0.0
407939,0,0,0.0
138563,0,1,1.0
250820,0,0,0.0
379422,0,0,0.0
455065,0,0,0.0
140453,0,0,0.0
263524,0,0,0.0
309196,0,0,0.0
271731,1,0,0.0
168095,0,0,0.0
443651,0,0,0.0
337049,1,1,1.0
150463,0,0,0.0
391304,0,0,0.0
435712,0,0,0.0
355139,0,0,0.0
163339,0,0,0.0
198532,0,1,1.0
203305,0,0,0.0
235625,0,0,0.0
121303,0,0,0.0
162113,0,0,0.0
335475,0,0,0.0
401024,0,0,0.0
343788,0,0,0.0
408320,0,0,0.0
357079,0,0,0.0
218007,0,0,0.0
368030,0,0,0.0
371509,0,0,0.0
336240,0,0,0.0
395680,0,0,0.0
252187,1,0,0.0
245356,0,1,1.0
103105,1,0,0.0
391351,0,0,0.0
204208,0,0,0.0
381818,1,0,0.0
204653,0,0,0.0
284925,0,0,0.0
429464,0,0,0.0
239230,0,0,0.0
208823,0,0,0.0
164943,0,0,0.0
107755,0,0,0.0
430137,0,0,0.0
272112,0,0,0.0
354112,0,0,0.0
406626,0,0,0.0
122418,1,1,1.0
216625,0,0,0.0
407867,0,0,0.0
191957,0,0,0.0
383789,0,0,0.0
113913,0,1,1.0
243866,0,0,0.0
220965,0,0,0.0
140595,0,0,0.0
307283,0,0,0.0
347410,0,1,1.0
365285,0,0,0.0
220307,0,0,0.0
378443,0,0,0.0
172077,0,0,0.0
195352,0,0,0.0
199216,0,1,1.0
161984,0,0,0.0
240855,0,0,0.0
169054,0,0,0.0
139059,0,0,0.0
300642,0,1,1.0
355097,0,0,0.0
196560,0,0,0.0
355546,0,0,0.0
353963,0,0,0.0
285728,0,0,0.0
285223,1,0,0.0
412410,0,1,1.0
196638,0,1,1.0
342647,0,0,0.0
293818,0,0,0.0
387546,0,1,1.0
331817,0,0,0.0
185305,1,1,1.0
372038,1,0,0.0
440960,0,0,0.0
118307,0,1,1.0
436782,0,0,0.0
386278,0,0,0.0
131938,0,0,0.0
432885,0,1,1.0
435232,0,0,0.0
273284,0,1,1.0
216398,0,0,0.0
266760,0,0,0.0
352812,0,0,0.0
128949,0,0,0.0
251410,0,0,0.0
160208,0,1,1.0
102375,0,0,0.0
105688,1,1,1.0
285065,0,0,0.0
321327,0,0,0.0
389785,0,0,0.0
394465,0,0,0.0
176246,0,0,0.0
312159,0,0,0.0
336805,0,0,0.0
373017,0,0,0.0
267924,0,1,1.0
256912,0,0,0.0
256629,0,0,0.0
438460,0,0,0.0
146343,0,0,0.0
403695,0,0,0.0
429512,0,0,0.0
183810,0,0,0.0
346367,0,0,0.0
224712,0,0,0.0
436019,1,0,0.0
206357,1,1,1.0
232016,0,0,0.0
455856,0,0,0.0
388306,0,0,0.0
215499,0,0,0.0
214317,0,0,0.0
166782,0,0,0.0
142698,0,0,0.0
347997,0,1,1.0
182159,0,0,0.0
236063,0,0,0.0
208761,0,0,0.0
307934,0,1,1.0
262076,0,0,0.0
308947,0,0,0.0
226949,0,0,0.0
439297,0,0,0.0
332447,0,0,0.0
194074,0,0,0.0
442589,0,0,0.0
119908,0,0,0.0
260687,0,0,0.0
237291,0,0,0.0
266230,1,0,0.0
299118,1,0,0.0
283080,0,0,0.0
256994,0,0,0.0
322953,0,1,1.0
393334,0,0,0.0
161930,0,0,0.0
116917,0,0,0.0
179963,0,0,0.0
331651,0,0,0.0
168519,0,0,0.0
122867,0,0,0.0
245551,0,0,0.0
358496,0,0,0.0
370835,0,1,1.0
141704,0,0,0.0
374117,0,0,0.0
354081,0,0,0.0
344536,0,0,0.0
150212,0,0,0.0
343776,0,0,0.0
331409,0,0,0.0
131305,0,0,0.0
371412,0,0,0.0
264398,0,0,0.0
425464,0,1,1.0
275544,0,0,0.0
148591,0,0,0.0
334734,0,0,0.0
210031,0,0,0.0
361308,0,0,0.0
157178,0,0,0.0
206343,0,0,0.0
166141,0,0,0.0
417810,0,0,0.0
405421,0,0,0.0
276400,0,0,0.0
134671,0,0,0.0
102373,0,0,0.0
424022,0,0,0.0
128265,0,0,0.0
351426,0,0,0.0
253741,0,1,1.0
131302,0,0,0.0
268252,0,0,0.0
123656,0,1,1.0
103510,0,0,0.0
447291,0,0,0.0
199899,0,0,0.0
414011,0,0,0.0
216455,0,0,0.0
259067,0,0,0.0
229210,0,0,0.0
311202,0,0,0.0
221221,0,0,0.0
378653,0,0,0.0
209916,0,0,0.0
361685,0,0,0.0
452705,0,1,1.0
347658,0,0,0.0
233606,0,0,0.0
323070,0,0,0.0
216536,0,0,0.0
240106,0,1,1.0
108328,0,0,0.0
285456,0,0,0.0
330198,1,0,0.0
387373,0,0,0.0
415366,0,0,0.0
138299,0,0,0.0
399463,0,0,0.0
373970,0,1,1.0
286122,0,0,0.0
119871,0,0,0.0
293437,0,1,1.0
414628,0,1,1.0
250475,0,0,0.0
436923,0,0,0.0
141099,0,0,0.0
430875,0,0,0.0
167412,0,0,0.0
238617,0,0,0.0
348996,0,0,0.0
161874,0,0,0.0
415328,0,0,0.0
137072,0,1,1.0
221425,0,1,1.0
257825,0,0,0.0
209469,1,0,0.0
241058,0,0,0.0
249800,0,0,0.0
342688,0,0,0.0
274622,0,0,0.0
335339,0,0,0.0
168682,0,0,0.0
270609,0,1,1.0
387396,0,0,0.0
287353,0,0,0.0
138098,0,0,0.0
365796,0,0,0.0
212366,0,0,0.0
155264,0,0,0.0
227857,0,1,1.0
410854,0,0,0.0
157374,0,0,0.0
342961,0,0,0.0
192673,0,0,0.0
220204,0,0,0.0
248742,0,0,0.0
116254,0,0,0.0
335902,0,0,0.0
129928,0,0,0.0
400353,1,0,0.0
121148,0,0,0.0
314522,0,0,0.0
403882,0,0,0.0
260887,0,0,0.0
237553,0,1,1.0
264891,0,0,0.0
199737,0,0,0.0
214579,0,0,0.0
183633,0,1,1.0
423271,0,0,0.0
378563,0,0,0.0
402205,0,0,0.0
144061,0,0,0.0
331188,0,0,0.0
270570,0,0,0.0
147322,1,0,0.0
288227,0,0,0.0
398264,0,0,0.0
156098,0,0,0.0
452610,1,0,0.0
318898,0,0,0.0
360385,1,0,0.0
172882,0,0,0.0
191004,0,0,0.0
287400,0,0,0.0
173956,1,0,0.0
410830,0,0,0.0
432845,0,0,0.0
171670,0,0,0.0
353580,0,0,0.0
172795,0,0,0.0
423308,0,0,0.0
299883,0,0,0.0
233808,0,0,0.0
225360,0,0,0.0
282402,0,0,0.0
146889,0,0,0.0
287534,0,0,0.0
422920,0,0,0.0
426326,0,0,0.0
227554,0,0,0.0
363140,0,0,0.0
365843,0,0,0.0
225386,1,0,0.0
281112,0,0,0.0
190057,0,0,0.0
182860,0,0,0.0
425616,0,0,0.0
207726,0,0,0.0
424238,0,0,0.0
268530,0,0,0.0
367688,0,0,0.0
207901,1,1,1.0
203477,0,0,0.0
132770,0,0,0.0
423661,0,0,0.0
407520,1,1,1.0
453280,0,0,0.0
145968,0,0,0.0
433073,0,0,0.0
170645,0,0,0.0
196352,0,0,0.0
423385,0,0,0.0
268098,1,1,1.0
382787,0,0,0.0
235892,0,0,0.0
265343,0,0,0.0
352296,0,0,0.0
386410,0,0,0.0
211030,0,0,0.0
276873,0,0,0.0
284079,0,0,0.0
109327,1,0,0.0
284414,0,0,0.0
217645,0,0,0.0
414242,0,0,0.0
454658,0,1,1.0
364276,0,0,0.0
196058,0,0,0.0
292356,0,0,0.0
172846,0,0,0.0
198545,0,0,0.0
135148,0,0,0.0
268470,0,0,0.0
262197,0,0,0.0
422426,0,0,0.0
293363,0,1,1.0
394007,0,0,0.0
210204,0,0,0.0
436418,0,1,1.0
159358,0,0,0.0
154836,0,0,0.0
281384,0,0,0.0
232253,0,0,0.0
366433,0,0,0.0
411088,0,0,0.0
300048,0,0,0.0
256535,0,0,0.0
285536,0,0,0.0
295069,0,0,0.0
412903,0,0,0.0
170500,0,0,0.0
136320,0,0,0.0
258742,0,0,0.0
285849,0,0,0.0
234974,0,0,0.0
362545,0,0,0.0
309880,0,1,1.0
402282,0,0,0.0
416752,0,0,0.0
230089,0,0,0.0
433506,0,1,1.0
380272,0,1,1.0
267909,1,1,1.0
280843,0,0,0.0
402884,1,0,0.0
179817,0,1,1.0
130825,0,0,0.0
369317,1,0,0.0
383776,0,0,0.0
377238,0,0,0.0
334361,0,0,0.0
454306,0,0,0.0
159801,0,1,1.0
296569,0,0,0.0
286422,0,0,0.0
387773,1,0,0.0
299381,0,1,1.0
299014,0,0,0.0
439074,0,0,0.0
102644,0,0,0.0
278586,1,1,1.0
368212,0,1,1.0
168630,0,0,0.0
163956,1,1,1.0
392259,0,1,1.0
198713,0,0,0.0
376578,0,0,0.0
341986,0,0,0.0
411258,0,0,0.0
450845,0,0,0.0
359939,0,0,0.0
352523,0,0,0.0
124447,0,0,0.0
437693,0,0,0.0
107087,0,1,1.0
381784,0,0,0.0
224174,0,1,1.0
374255,0,0,0.0
237215,0,0,0.0
261902,0,0,0.0
370696,0,0,0.0
310564,0,1,1.0
416459,0,0,0.0
222229,0,0,0.0
372433,0,1,1.0
453958,0,0,0.0
378933,0,0,0.0
359012,0,0,0.0
211938,0,0,0.0
401224,0,0,0.0
393968,0,0,0.0
327400,0,0,0.0
309684,1,0,0.0
406555,0,0,0.0
209041,0,0,0.0
121977,0,0,0.0
390949,0,0,0.0
103528,0,0,0.0
167567,0,0,0.0
300144,1,0,0.0
122953,0,0,0.0
181719,0,0,0.0
353859,0,0,0.0
336356,0,0,0.0
407879,0,0,0.0
298189,1,1,1.0
181218,0,0,0.0
176312,0,1,1.0
225979,1,0,0.0
214730,1,0,0.0
116668,0,0,0.0
204305,0,0,0.0
426340,0,0,0.0
322784,0,0,0.0
105671,0,0,0.0
392672,0,0,0.0
186824,0,0,0.0
446419,0,0,0.0
261897,0,1,1.0
137399,0,0,0.0
264171,0,0,0.0
336749,0,1,1.0
130583,0,0,0.0
135436,0,0,0.0
260722,0,0,0.0
286878,0,0,0.0
186641,0,1,1.0
421830,0,0,0.0
244836,0,0,0.0
442707,0,0,0.0
274810,0,1,1.0
276634,0,0,0.0
181826,0,0,0.0
189675,0,0,0.0
131578,0,1,1.0
317204,0,0,0.0
300624,0,0,0.0
163835,0,0,0.0
184975,0,1,1.0
335825,0,0,0.0
152924,0,0,0.0
350782,0,0,0.0
300783,0,0,0.0
110816,0,0,0.0
159367,0,0,0.0
272454,0,0,0.0
251546,0,0,0.0
241015,0,0,0.0
400189,0,1,1.0
185823,1,1,1.0
397176,0,0,0.0
365274,0,1,1.0
330710,0,0,0.0
216576,0,0,0.0
238368,0,1,1.0
323489,0,0,0.0
325837,0,0,0.0
284964,1,0,0.0
320290,0,0,0.0
333080,0,0,0.0
256278,0,0,0.0
133183,0,0,0.0
346565,0,0,0.0
187933,1,1,1.0
398487,0,0,0.0
126380,0,0,0.0
227763,0,0,0.0
130088,1,0,0.0
370507,0,0,0.0
446884,1,0,0.0
429210,0,0,0.0
388301,1,0,0.0
372007,0,0,0.0
431786,0,0,0.0
255309,0,0,0.0
283652,0,0,0.0
453850,0,0,0.0
108111,0,0,0.0
200923,0,0,0.0
419516,1,0,0.0
238399,0,0,0.0
179405,0,0,0.0
328797,0,0,0.0
257049,0,0,0.0
175776,0,0,0.0
276775,0,0,0.0
103090,0,0,0.0
205973,0,0,0.0
449013,0,0,0.0
428993,0,0,0.0
147341,0,0,0.0
145556,0,0,0.0
338746,0,1,1.0
192034,0,0,0.0
139835,0,0,0.0
396950,0,0,0.0
285750,0,0,0.0
120938,0,0,0.0
214584,0,0,0.0
242934,0,0,0.0
262534,0,0,0.0
295675,1,0,0.0
299353,1,1,1.0
159969,0,0,0.0
283747,1,0,0.0
245347,0,0,0.0
101406,1,0,0.0
414153,0,0,0.0
248813,1,0,0.0
430028,0,0,0.0
319682,0,0,0.0
355999,0,0,0.0
203764,0,0,0.0
120858,0,0,0.0
206203,0,0,0.0
338594,0,0,0.0
366971,0,0,0.0
353806,0,0,0.0
307884,0,0,0.0
210096,0,0,0.0
398670,1,0,0.0
435386,0,0,0.0
139718,1,0,0.0
339780,0,0,0.0
370671,0,0,0.0
244400,0,0,0.0
320555,0,1,1.0
115434,0,0,0.0
277462,0,0,0.0
296080,0,0,0.0
240319,0,0,0.0
199272,0,0,0.0
230841,1,0,0.0
125754,0,0,0.0
239827,1,0,0.0
106060,0,0,0.0
100908,0,0,0.0
399404,0,0,0.0
346097,1,1,1.0
403859,0,0,0.0
130909,1,0,0.0
329429,0,0,0.0
324039,0,0,0.0
116416,0,0,0.0
164662,0,0,0.0
118426,0,0,0.0
232212,0,0,0.0
122316,0,1,1.0
324317,0,1,1.0
298985,0,0,0.0
366690,0,0,0.0
234056,0,0,0.0
214560,0,0,0.0
363590,0,0,0.0
195902,0,0,0.0
244781,0,0,0.0
317669,0,0,0.0
299472,0,0,0.0
150188,0,1,1.0
164533,0,0,0.0
196175,0,0,0.0
212319,0,0,0.0
127404,1,0,0.0
272905,0,0,0.0
183469,0,0,0.0
130114,0,0,0.0
393986,0,0,0.0
153651,0,0,0.0
280661,0,0,0.0
444874,0,0,0.0
415624,0,0,0.0
167824,0,0,0.0
339633,0,0,0.0
418061,0,0,0.0
143052,0,0,0.0
346842,0,0,0.0
106404,0,0,0.0
101411,0,0,0.0
433608,0,0,0.0
389540,0,0,0.0
214191,0,0,0.0
191023,0,0,0.0
386607,0,1,1.0
301617,0,0,0.0
379614,0,0,0.0
364228,0,0,0.0
324107,0,0,0.0
272963,0,0,0.0
451426,0,0,0.0
161575,0,0,0.0
325043,0,0,0.0
202186,0,0,0.0
195375,1,0,0.0
145964,0,0,0.0
148840,0,0,0.0
329515,0,0,0.0
232225,0,0,0.0
444787,0,0,0.0
147749,0,0,0.0
411525,0,0,0.0
189528,0,0,0.0
441717,0,0,0.0
284458,0,1,1.0
261060,0,0,0.0
428946,0,0,0.0
285589,1,1,1.0
234247,0,0,0.0
371106,0,0,0.0
414326,0,0,0.0
168373,0,0,0.0
166577,0,0,0.0
334322,1,0,0.0
400721,1,0,0.0
432641,0,0,0.0
400433,0,0,0.0
242729,1,0,0.0
112451,0,0,0.0
404809,0,0,0.0
128127,0,1,1.0
424369,0,0,0.0
311223,0,0,0.0
297050,0,0,0.0
372870,0,0,0.0
148692,0,0,0.0
196000,1,0,0.0
245214,0,0,0.0
440815,0,0,0.0
206887,0,0,0.0
113906,0,0,0.0
247504,0,0,0.0
227608,0,1,1.0
214074,0,0,0.0
127761,0,0,0.0
162449,0,0,0.0
153333,0,0,0.0
320701,0,0,0.0
275202,0,0,0.0
191823,0,0,0.0
380490,0,0,0.0
338720,0,0,0.0
173288,0,0,0.0
346484,0,0,0.0
188574,0,1,1.0
251665,0,0,0.0
254277,0,0,0.0
190162,0,0,0.0
327528,0,0,0.0
454262,0,0,0.0
156902,0,0,0.0
100961,0,0,0.0
184741,0,0,0.0
152346,0,0,0.0
222895,0,0,0.0
165722,0,0,0.0
291360,0,0,0.0
300968,1,0,0.0
317173,0,0,0.0
422687,0,0,0.0
437201,0,0,0.0
105348,0,0,0.0
243695,0,0,0.0
178892,0,1,1.0
137919,0,0,0.0
332389,0,0,0.0
339285,0,0,0.0
377349,1,0,0.0
223284,0,0,0.0
385409,0,1,1.0
254059,0,0,0.0
393063,0,0,0.0
374437,0,0,0.0
103583,0,0,0.0
185383,0,0,0.0
232791,0,0,0.0
344673,0,0,0.0
444969,0,0,0.0
204567,0,0,0.0
399495,0,0,0.0
295296,0,0,0.0
395866,0,0,0.0
104361,0,0,0.0
339300,0,0,0.0
352062,0,0,0.0
445779,0,0,0.0
435580,0,0,0.0
191476,0,0,0.0
295331,0,0,0.0
307066,0,0,0.0
370542,0,0,0.0
261599,1,0,0.0
186373,0,0,0.0
362736,0,0,0.0
279585,0,0,0.0
180450,0,0,0.0
229594,1,0,0.0
108840,1,0,0.0
387130,0,0,0.0
405915,0,0,0.0
253076,0,0,0.0
373791,0,0,0.0
391991,0,1,1.0
132763,0,0,0.0
366022,0,0,0.0
269865,0,0,0.0
385958,0,0,0.0
296281,0,0,0.0
396179,0,0,0.0
189437,0,0,0.0
274044,0,0,0.0
342530,0,0,0.0
236866,0,0,0.0
103023,0,0,0.0
353291,0,0,0.0
360533,0,0,0.0
382665,0,0,0.0
387040,0,1,1.0
115196,0,0,0.0
232589,0,0,0.0
264815,0,0,0.0
187136,0,0,0.0
414031,0,0,0.0
311054,0,0,0.0
254793,0,0,0.0
188063,0,0,0.0
448109,0,0,0.0
345565,0,0,0.0
314633,1,0,0.0
437581,0,0,0.0
288868,1,0,0.0
364233,0,0,0.0
124745,0,0,0.0
395667,0,1,1.0
159961,0,0,0.0
285941,1,0,0.0
330354,0,0,0.0
350743,0,0,0.0
273789,0,0,0.0
115809,0,0,0.0
395133,0,1,1.0
366018,0,0,0.0
156035,0,0,0.0
115364,0,0,0.0
359844,0,0,0.0
100303,0,0,0.0
449755,0,0,0.0
289335,0,0,0.0
312035,0,0,0.0
344823,0,1,1.0
224210,0,0,0.0
165456,0,0,0.0
206675,0,0,0.0
357517,0,0,0.0
334438,0,0,0.0
154481,1,0,0.0
157484,0,0,0.0
280199,0,1,1.0
371387,0,0,0.0
220042,0,0,0.0
313547,0,0,0.0
328316,0,0,0.0
306239,0,0,0.0
255258,0,0,0.0
190338,0,0,0.0
146603,0,0,0.0
365560,0,0,0.0
417493,0,0,0.0
136760,0,0,0.0
321316,0,0,0.0
336043,1,0,0.0
154409,0,0,0.0
455568,0,0,0.0
270174,1,0,0.0
112712,0,1,1.0
418215,1,0,0.0
367355,0,0,0.0
312531,0,0,0.0
337966,0,0,0.0
450335,0,0,0.0
180869,0,1,1.0
347336,0,0,0.0
222468,0,0,0.0
352554,0,0,0.0
349477,0,0,0.0
416547,0,0,0.0
297860,0,0,0.0
339903,0,0,0.0
265387,0,0,0.0
251350,0,0,0.0
435009,0,0,0.0
393348,0,0,0.0
331843,0,0,0.0
328857,1,0,0.0
323668,0,0,0.0
276909,0,0,0.0
410397,0,0,0.0
311775,0,0,0.0
452827,0,1,1.0
232587,1,0,0.0
431902,0,0,0.0
287348,0,0,0.0
341772,0,0,0.0
453804,0,0,0.0
221666,0,0,0.0
314396,0,0,0.0
117765,0,0,0.0
176227,0,1,1.0
126305,0,0,0.0
351184,0,0,0.0
149573,0,0,0.0
117762,0,0,0.0
183120,0,1,1.0
244788,0,0,0.0
431928,0,0,0.0
336815,0,1,1.0
402391,0,0,0.0
286932,0,0,0.0
380104,0,0,0.0
139821,0,0,0.0
145906,0,0,0.0
111216,1,0,0.0
351578,0,0,0.0
410238,0,0,0.0
173176,0,0,0.0
331806,0,0,0.0
139508,0,0,0.0
172154,0,0,0.0
271659,0,0,0.0
218344,0,0,0.0
305631,0,0,0.0
327888,0,0,0.0
123000,0,0,0.0
108541,0,0,0.0
428532,0,0,0.0
388116,0,1,1.0
374027,0,0,0.0
386499,0,0,0.0
144311,0,0,0.0
225921,1,1,1.0
438821,0,1,1.0
296610,0,0,0.0
419442,0,0,0.0
141572,0,0,0.0
331360,0,0,0.0
335609,0,0,0.0
377546,0,0,0.0
273658,0,0,0.0
436769,0,1,1.0
233244,0,0,0.0
380974,0,0,0.0
449378,0,0,0.0
121731,0,0,0.0
204889,0,0,0.0
216873,0,0,0.0
135768,0,0,0.0
183621,0,0,0.0
378562,0,0,0.0
229878,0,0,0.0
283497,0,0,0.0
141755,0,0,0.0
297084,0,0,0.0
236830,0,0,0.0
222163,0,0,0.0
441858,0,0,0.0
139991,0,0,0.0
203800,0,0,0.0
310927,0,0,0.0
400875,0,0,0.0
272363,0,0,0.0
167406,0,0,0.0
420548,0,0,0.0
282249,1,0,0.0
430527,0,1,1.0
318981,0,0,0.0
205870,0,0,0.0
244905,0,0,0.0
190409,0,1,1.0
177038,0,0,0.0
386388,0,0,0.0
424429,0,0,0.0
366345,0,0,0.0
208212,0,0,0.0
323333,0,1,1.0
122980,0,0,0.0
157447,0,0,0.0
210229,0,1,1.0
271407,0,0,0.0
268506,0,0,0.0
350205,0,0,0.0
361934,0,0,0.0
360750,0,0,0.0
223548,0,1,1.0
166595,1,0,0.0
121470,0,0,0.0
219938,0,0,0.0
168636,0,0,0.0
355756,0,0,0.0
116344,0,1,1.0
262522,0,0,0.0
187820,0,0,0.0
446849,0,0,0.0
144995,0,0,0.0
338298,1,0,0.0
375148,0,0,0.0
178173,0,0,0.0
440065,0,0,0.0
260325,0,0,0.0
128774,0,0,0.0
235457,0,0,0.0
294955,0,0,0.0
428389,0,0,0.0
104368,0,0,0.0
444774,0,0,0.0
301217,0,0,0.0
184139,0,0,0.0
422156,0,0,0.0
284889,0,0,0.0
449419,0,0,0.0
230500,1,0,0.0
152297,0,0,0.0
198199,0,0,0.0
403628,0,0,0.0
227607,0,0,0.0
424733,0,0,0.0
357273,0,0,0.0
163906,0,0,0.0
236195,0,0,0.0
333552,0,0,0.0
200694,0,0,0.0
426864,0,0,0.0
367223,0,0,0.0
227349,0,0,0.0
419745,0,0,0.0
141774,0,0,0.0
387826,0,0,0.0
413044,0,0,0.0
257512,0,0,0.0
262204,1,0,0.0
329668,0,0,0.0
330831,0,0,0.0
332422,0,0,0.0
171605,0,0,0.0
436487,0,0,0.0
436095,0,0,0.0
298447,0,0,0.0
434295,0,1,1.0
391848,0,0,0.0
144812,0,0,0.0
256425,0,0,0.0
247168,1,0,0.0
237026,0,0,0.0
454003,0,0,0.0
144347,1,0,0.0
150160,0,0,0.0
412318,0,0,0.0
106801,0,0,0.0
123727,1,0,0.0
133892,0,0,0.0
312131,0,0,0.0
153783,0,0,0.0
111886,0,0,0.0
319304,0,0,0.0
291510,0,0,0.0
158269,0,0,0.0
201247,0,0,0.0
197057,1,0,0.0
124029,0,0,0.0
397854,0,0,0.0
294427,0,0,0.0
141272,0,0,0.0
356713,0,0,0.0
163322,0,0,0.0
315792,0,0,0.0
274030,1,1,1.0
277105,0,1,1.0
243510,0,0,0.0
135897,0,0,0.0
146375,1,0,0.0
414550,0,1,1.0
119807,0,0,0.0
101670,0,0,0.0
220685,0,0,0.0
188868,0,0,0.0
201404,0,0,0.0
338313,0,0,0.0
238671,1,0,0.0
293150,0,0,0.0
230816,0,0,0.0
109898,0,0,0.0
283434,0,0,0.0
357930,0,0,0.0
129182,0,0,0.0
417741,0,0,0.0
167115,0,1,1.0
438163,0,0,0.0
165773,0,0,0.0
341625,0,0,0.0
106849,0,1,1.0
343237,0,0,0.0
258211,0,0,0.0
225511,0,0,0.0
249811,0,0,0.0
421059,0,0,0.0
157186,0,0,0.0
256152,0,0,0.0
428363,0,0,0.0
416593,0,0,0.0
410694,0,0,0.0
129377,0,0,0.0
202589,0,0,0.0
133327,0,0,0.0
106532,0,0,0.0
158304,0,0,0.0
244138,0,0,0.0
448716,0,0,0.0
401692,0,0,0.0
234155,0,0,0.0
165284,0,0,0.0
344667,0,0,0.0
291678,0,0,0.0
174660,0,0,0.0
429235,0,0,0.0
204150,0,0,0.0
400788,0,0,0.0
258452,0,0,0.0
451739,0,0,0.0
151653,0,0,0.0
188566,0,0,0.0
451355,0,0,0.0
192485,0,0,0.0
236205,0,0,0.0
155032,0,0,0.0
361113,0,0,0.0
263042,1,1,1.0
119724,1,0,0.0
105721,0,0,0.0
115501,0,0,0.0
391736,0,1,1.0
116115,0,0,0.0
211889,0,0,0.0
153050,0,0,0.0
362895,0,0,0.0
209136,0,0,0.0
192767,0,0,0.0
311947,0,0,0.0
324898,0,0,0.0
267152,0,0,0.0
327584,1,0,0.0
206867,0,0,0.0
144857,0,0,0.0
345001,0,0,0.0
400742,1,0,0.0
440379,1,0,0.0
236197,0,0,0.0
296041,0,0,0.0
364666,0,0,0.0
440535,0,0,0.0
117952,0,0,0.0
455153,0,0,0.0
225228,0,0,0.0
410510,0,0,0.0
183207,0,0,0.0
184093,0,0,0.0
175328,0,0,0.0
208247,1,1,1.0
169420,0,1,1.0
428305,0,0,0.0
435872,0,0,0.0
241696,0,0,0.0
220773,0,0,0.0
292151,0,0,0.0
409895,0,0,0.0
125736,0,0,0.0
432602,0,0,0.0
377285,0,0,0.0
379605,0,0,0.0
225453,0,0,0.0
196200,0,0,0.0
323784,0,0,0.0
172573,1,0,0.0
279458,0,0,0.0
238069,0,0,0.0
449410,0,0,0.0
395554,0,0,0.0
134618,0,0,0.0
424385,0,0,0.0
289275,0,0,0.0
200051,0,1,1.0
223000,0,0,0.0
129163,0,0,0.0
258641,0,0,0.0
194852,0,0,0.0
300595,0,0,0.0
429438,0,0,0.0
152884,0,0,0.0
421404,0,0,0.0
373862,0,0,0.0
438157,0,0,0.0
329257,0,0,0.0
258459,0,0,0.0
409882,1,0,0.0
222578,0,0,0.0
107321,1,0,0.0
388224,0,0,0.0
280818,0,0,0.0
443562,0,0,0.0
230184,0,0,0.0
186711,0,0,0.0
330007,0,0,0.0
309293,0,0,0.0
261472,1,0,0.0
228037,0,0,0.0
186924,0,0,0.0
372516,0,0,0.0
350840,0,0,0.0
382000,0,0,0.0
356034,0,0,0.0
145898,0,0,0.0
401468,0,0,0.0
303439,0,0,0.0
385283,0,0,0.0
243913,0,0,0.0
450133,1,0,0.0
333818,0,0,0.0
176128,0,0,0.0
126977,0,0,0.0
314470,0,0,0.0
212476,0,0,0.0
421691,0,0,0.0
237536,0,0,0.0
206500,0,0,0.0
423353,0,0,0.0
327274,1,0,0.0
276816,0,0,0.0
289524,0,0,0.0
161708,0,0,0.0
298107,0,0,0.0
351524,0,0,0.0
199853,0,0,0.0
123919,0,0,0.0
429553,0,0,0.0
104024,0,0,0.0
370985,0,0,0.0
226238,0,0,0.0
276163,0,0,0.0
446965,0,0,0.0
316518,0,0,0.0
283376,0,0,0.0
119112,0,0,0.0
287557,0,0,0.0
295658,0,0,0.0
276445,0,0,0.0
380705,0,0,0.0
166885,0,0,0.0
393705,0,0,0.0
440558,0,0,0.0
409600,0,0,0.0
346996,0,0,0.0
232875,0,0,0.0
381926,0,0,0.0
305356,0,0,0.0
199410,0,0,0.0
351785,1,1,1.0
409520,0,0,0.0
434914,0,0,0.0
248199,0,0,0.0
281669,0,0,0.0
226762,0,0,0.0
326147,0,0,0.0
227424,0,0,0.0
310825,0,0,0.0
184722,0,0,0.0
221387,1,0,0.0
290030,0,0,0.0
133612,0,0,0.0
142736,0,0,0.0
194686,0,0,0.0
393102,0,0,0.0
349159,0,0,0.0
173644,0,0,0.0
297597,0,0,0.0
280997,0,0,0.0
442785,0,0,0.0
441052,0,0,0.0
258216,0,0,0.0
228105,0,0,0.0
246137,0,0,0.0
286268,0,0,0.0
144346,0,0,0.0
376023,0,0,0.0
143083,0,0,0.0
399686,1,0,0.0
371498,0,1,1.0
311721,0,0,0.0
440446,0,0,0.0
397240,0,0,0.0
417214,0,1,1.0
259073,0,0,0.0
130348,0,0,0.0
110181,0,0,0.0
179515,0,0,0.0
253689,0,1,1.0
260845,0,1,1.0
361674,0,0,0.0
242842,0,0,0.0
366568,0,0,0.0
104757,0,0,0.0
398948,0,1,1.0
330018,0,0,0.0
138933,0,1,1.0
209194,0,1,1.0
206369,0,0,0.0
444617,1,0,0.0
179463,0,0,0.0
362417,0,0,0.0
114361,0,0,0.0
176344,0,0,0.0
215073,0,0,0.0
162656,1,1,1.0
442143,0,0,0.0
309839,0,0,0.0
100341,0,0,0.0
108566,0,0,0.0
443357,0,0,0.0
303788,0,0,0.0
293157,0,0,0.0
279178,0,0,0.0
296445,0,0,0.0
299226,0,0,0.0
276254,0,0,0.0
453635,1,0,0.0
203620,0,0,0.0
155965,0,0,0.0
322509,1,0,0.0
420561,0,1,1.0
438503,0,0,0.0
176037,0,0,0.0
416720,0,0,0.0
172382,0,0,0.0
454162,1,0,0.0
391370,0,0,0.0
447241,0,0,0.0
346257,0,0,0.0
121123,0,0,0.0
129534,0,0,0.0
430396,0,1,1.0
432789,0,0,0.0
330468,1,0,0.0
127393,0,0,0.0
397760,0,0,0.0
243341,0,0,0.0
336564,0,1,1.0
241918,0,0,0.0
195233,0,0,0.0
126898,0,0,0.0
273662,0,0,0.0
233337,0,0,0.0
440440,0,0,0.0
351781,0,0,0.0
419010,0,0,0.0
337140,0,0,0.0
346156,0,0,0.0
299383,0,0,0.0
321581,0,0,0.0
426228,0,0,0.0
198121,0,0,0.0
288378,0,1,1.0
209047,0,0,0.0
233607,0,0,0.0
363032,0,0,0.0
276518,0,1,1.0
231676,0,0,0.0
337037,0,0,0.0
351614,0,0,0.0
320759,0,0,0.0
237211,0,0,0.0
254718,0,0,0.0
209554,0,0,0.0
100532,0,0,0.0
211967,0,0,0.0
309938,0,0,0.0
134220,0,0,0.0
208111,1,1,1.0
165225,0,1,1.0
243925,1,0,0.0
447542,0,0,0.0
429441,0,0,0.0
161612,0,0,0.0
102576,0,0,0.0
301387,0,0,0.0
431230,0,0,0.0
273826,0,1,1.0
419374,0,0,0.0
180895,0,0,0.0
200496,0,0,0.0
334477,0,0,0.0
100234,0,0,0.0
394238,0,1,1.0
368625,0,0,0.0
166938,0,0,0.0
331010,0,0,0.0
399004,0,0,0.0
236351,0,0,0.0
303306,0,0,0.0
374460,0,1,1.0
230455,0,0,0.0
391591,0,0,0.0
267164,1,0,0.0
429180,0,0,0.0
416962,0,0,0.0
225959,0,0,0.0
346227,0,0,0.0
125605,0,0,0.0
110878,0,0,0.0
113131,0,0,0.0
265930,0,0,0.0
260740,1,0,0.0
300033,0,0,0.0
376873,0,0,0.0
133047,0,0,0.0
269138,0,0,0.0
419246,0,0,0.0
296496,1,1,1.0
384649,0,0,0.0
166346,0,0,0.0
444792,0,0,0.0
194546,0,0,0.0
179023,0,0,0.0
100024,0,0,0.0
219073,0,0,0.0
354229,0,1,1.0
217752,1,0,0.0
114293,0,1,1.0
251854,1,0,0.0
440071,0,0,0.0
434643,0,0,0.0
107005,0,1,1.0
406986,0,0,0.0
300501,0,0,0.0
228191,0,0,0.0
399438,0,0,0.0
354631,0,1,1.0
358604,0,1,1.0
173868,0,0,0.0
184731,0,0,0.0
419314,1,0,0.0
328247,0,0,0.0
333029,0,0,0.0
259002,0,0,0.0
361664,0,0,0.0
302461,0,0,0.0
103143,0,0,0.0
124261,0,0,0.0
270102,0,0,0.0
371484,0,0,0.0
411587,0,0,0.0
205181,0,0,0.0
198435,0,0,0.0
392237,0,0,0.0
106751,0,0,0.0
415062,0,0,0.0
220429,0,0,0.0
363566,0,0,0.0
129347,0,0,0.0
193208,1,1,1.0
219250,0,0,0.0
227693,0,0,0.0
315258,0,0,0.0
447569,0,0,0.0
439237,0,0,0.0
410312,0,0,0.0
189961,0,1,1.0
187874,0,0,0.0
209385,0,0,0.0
268052,0,0,0.0
303645,0,0,0.0
272987,0,0,0.0
274412,1,0,0.0
228506,0,0,0.0
393372,0,0,0.0
326801,0,1,1.0
154005,0,0,0.0
409145,0,0,0.0
161723,0,0,0.0
383589,0,0,0.0
341836,0,0,0.0
453206,0,0,0.0
429755,0,0,0.0
111879,0,0,0.0
384842,0,0,0.0
295536,0,0,0.0
101109,0,0,0.0
403538,0,0,0.0
104583,1,0,0.0
377377,0,0,0.0
215359,0,0,0.0
333912,0,0,0.0
154717,0,0,0.0
392056,0,1,1.0
296791,0,0,0.0
404643,0,0,0.0
148472,1,1,1.0
241001,0,0,0.0
361471,0,0,0.0
271449,0,0,0.0
452775,0,0,0.0
285190,0,0,0.0
164782,0,0,0.0
367616,0,0,0.0
319914,0,0,0.0
206320,0,0,0.0
412021,0,0,0.0
177877,0,0,0.0
170422,1,1,1.0
335485,0,0,0.0
155506,0,0,0.0
124691,0,0,0.0
363003,0,0,0.0
324421,0,0,0.0
112349,0,0,0.0
217069,0,0,0.0
169401,0,0,0.0
192292,1,0,0.0
367140,0,1,1.0
367634,1,0,0.0
388968,0,0,0.0
178827,0,0,0.0
126388,0,0,0.0
238078,0,0,0.0
175525,0,1,1.0
335426,0,0,0.0
143730,0,0,0.0
134796,0,0,0.0
370477,0,0,0.0
177350,0,0,0.0
340701,0,1,1.0
235172,0,1,1.0
340127,0,0,0.0
295715,0,0,0.0
131728,0,0,0.0
307133,0,1,1.0
248563,0,0,0.0
427290,0,0,0.0
251479,0,0,0.0
168874,0,0,0.0
361928,0,0,0.0
171411,0,0,0.0
229126,0,0,0.0
379391,0,0,0.0
454337,0,0,0.0
150221,0,0,0.0
422322,0,0,0.0
247021,0,0,0.0
408325,0,0,0.0
292987,0,1,1.0
167925,0,0,0.0
444520,0,0,0.0
439188,0,0,0.0
232453,1,0,0.0
203720,0,0,0.0
448426,0,0,0.0
323368,0,0,0.0
420381,0,0,0.0
292569,0,0,0.0
147960,0,1,1.0
396052,1,0,0.0
357671,0,0,0.0
187061,0,0,0.0
315826,0,0,0.0
424938,0,0,0.0
139055,0,0,0.0
368834,0,0,0.0
163475,0,0,0.0
329397,1,0,0.0
315716,0,0,0.0
403852,0,0,0.0
454704,0,0,0.0
422088,0,0,0.0
413747,0,0,0.0
241073,0,0,0.0
430896,0,0,0.0
393000,0,0,0.0
148889,0,0,0.0
162097,0,0,0.0
212485,0,0,0.0
249145,0,0,0.0
394437,0,0,0.0
140844,0,0,0.0
150880,0,0,0.0
197475,0,0,0.0
243742,0,0,0.0
363644,0,0,0.0
437436,1,1,1.0
435205,1,0,0.0
184539,1,0,0.0
350360,0,0,0.0
429174,0,0,0.0
293474,0,0,0.0
116556,0,0,0.0
245651,0,0,0.0
135398,0,1,1.0
329472,0,0,0.0
325053,0,0,0.0
150895,0,0,0.0
143782,0,0,0.0
102407,1,0,0.0
422255,0,1,1.0
349251,0,0,0.0
222047,0,0,0.0
289108,0,0,0.0
182659,0,1,1.0
381138,0,0,0.0
254552,0,0,0.0
245002,0,0,0.0
402145,0,0,0.0
348831,0,0,0.0
211396,0,1,1.0
338257,0,0,0.0
242237,0,0,0.0
197965,0,0,0.0
345338,0,0,0.0
140798,0,0,0.0
285128,0,0,0.0
421126,0,0,0.0
368749,0,0,0.0
226548,0,0,0.0
391025,0,0,0.0
116723,0,1,1.0
439437,0,0,0.0
154606,0,0,0.0
345864,0,0,0.0
107991,0,0,0.0
100228,0,0,0.0
349030,0,0,0.0
156636,0,0,0.0
418464,0,0,0.0
339293,0,0,0.0
454863,0,0,0.0
432363,0,0,0.0
256578,0,0,0.0
237352,0,0,0.0
327892,0,0,0.0
339002,0,0,0.0
381527,0,0,0.0
297318,0,0,0.0
429629,0,0,0.0
330339,0,1,1.0
108537,0,0,0.0
107344,0,0,0.0
200469,0,0,0.0
271574,0,0,0.0
193553,0,1,1.0
298354,0,0,0.0
354587,0,0,0.0
278191,0,0,0.0
455582,0,0,0.0
412495,0,0,0.0
154509,0,0,0.0
240003,0,0,0.0
367658,0,0,0.0
303185,0,0,0.0
416324,0,0,0.0
108547,0,1,1.0
269015,0,0,0.0
252236,0,1,1.0
443082,0,0,0.0
297810,0,0,0.0
114574,0,0,0.0
408588,0,0,0.0
260186,0,0,0.0
369002,0,0,0.0
362220,0,0,0.0
371491,0,0,0.0
188211,0,0,0.0
268593,0,1,1.0
252137,0,0,0.0
325138,0,0,0.0
195877,0,0,0.0
168668,0,0,0.0
328139,0,0,0.0
434251,0,0,0.0
209860,0,0,0.0
189156,0,0,0.0
270222,0,0,0.0
447255,1,0,0.0
407962,0,0,0.0
228249,0,0,0.0
136508,0,0,0.0
377639,0,0,0.0
226195,0,0,0.0
305765,0,0,0.0
162939,1,0,0.0
290918,0,0,0.0
381901,0,0,0.0
331246,0,0,0.0
120839,0,0,0.0
222326,1,0,0.0
286105,0,0,0.0
200726,0,0,0.0
372069,0,0,0.0
428994,0,0,0.0
264028,0,0,0.0
380633,0,0,0.0
367318,0,0,0.0
267865,0,0,0.0
136752,0,0,0.0
176836,0,0,0.0
299748,0,0,0.0
293917,0,0,0.0
358421,0,0,0.0
153301,0,0,0.0
435975,0,0,0.0
208746,0,0,0.0
183912,0,0,0.0
252748,0,0,0.0
328502,0,0,0.0
187723,0,0,0.0
178811,0,0,0.0
317444,0,0,0.0
221940,0,0,0.0
404073,0,0,0.0
186678,0,0,0.0
226071,0,0,0.0
357771,0,1,1.0
397017,0,0,0.0
304150,0,0,0.0
351108,0,0,0.0
143588,0,1,1.0
229593,0,1,1.0
314614,0,0,0.0
158773,0,0,0.0
354407,0,0,0.0
353990,0,1,1.0
404930,0,0,0.0
105902,0,0,0.0
375028,0,0,0.0
389424,0,0,0.0
248256,0,0,0.0
271642,0,0,0.0
430435,0,0,0.0
382234,0,0,0.0
340400,1,0,0.0
383306,0,0,0.0
146394,0,0,0.0
442023,0,0,0.0
383050,0,0,0.0
312434,0,1,1.0
171875,0,0,0.0
126316,0,0,0.0
425818,0,0,0.0
211361,0,0,0.0
159215,0,0,0.0
112945,0,0,0.0
429128,0,1,1.0
321264,0,0,0.0
123690,0,0,0.0
430183,0,0,0.0
117009,0,0,0.0
317273,0,0,0.0
141066,0,0,0.0
190381,0,0,0.0
169480,0,0,0.0
385333,0,0,0.0
420223,0,0,0.0
440385,0,0,0.0
252140,0,1,1.0
137378,0,0,0.0
442497,0,0,0.0
104050,0,0,0.0
205206,1,0,0.0
149756,0,0,0.0
393527,0,0,0.0
247399,0,0,0.0
199979,0,0,0.0
390882,0,1,1.0
363591,0,0,0.0
400836,0,0,0.0
258830,0,1,1.0
403894,0,0,0.0
140125,0,0,0.0
240281,0,0,0.0
369328,0,1,1.0
321601,0,0,0.0
106978,0,0,0.0
244876,0,0,0.0
451844,0,0,0.0
309649,0,0,0.0
203240,0,0,0.0
329904,0,0,0.0
368249,0,0,0.0
301057,0,0,0.0
182509,0,0,0.0
408007,0,0,0.0
245421,0,0,0.0
203779,0,0,0.0
424478,0,0,0.0
322417,0,0,0.0
298190,0,1,1.0
188755,0,0,0.0
401532,0,0,0.0
360940,0,0,0.0
133747,0,0,0.0
244040,0,0,0.0
394796,0,1,1.0
122408,0,0,0.0
442184,0,0,0.0
343504,0,0,0.0
361314,0,0,0.0
405393,1,0,0.0
396027,0,0,0.0
454470,0,1,1.0
241491,0,0,0.0
439792,0,0,0.0
200191,0,0,0.0
134664,0,0,0.0
317767,0,0,0.0
197974,0,0,0.0
191369,0,0,0.0
419377,0,1,1.0
259669,0,0,0.0
363156,0,0,0.0
394694,0,0,0.0
396920,1,0,0.0
267254,0,0,0.0
244220,0,0,0.0
337900,0,0,0.0
422655,0,0,0.0
136253,1,0,0.0
104599,0,0,0.0
436603,0,0,0.0
224666,0,0,0.0
288583,0,0,0.0
185681,0,0,0.0
174414,0,0,0.0
379698,0,1,1.0
329065,0,0,0.0
118930,0,0,0.0
308918,0,0,0.0
340279,0,0,0.0
213750,0,0,0.0
345703,0,0,0.0
252163,0,0,0.0
385200,1,0,0.0
101010,0,0,0.0
118331,0,0,0.0
291176,0,0,0.0
391403,0,0,0.0
195442,0,0,0.0
112889,0,0,0.0
253760,1,0,0.0
350641,0,0,0.0
162145,0,0,0.0
223651,0,1,1.0
144623,1,1,1.0
162539,0,0,0.0
152207,0,0,0.0
169429,0,0,0.0
403588,0,0,0.0
299769,0,0,0.0
292835,1,0,0.0
434923,0,0,0.0
170186,1,0,0.0
201974,0,0,0.0
377055,0,0,0.0
246512,1,0,0.0
293845,0,0,0.0
344909,0,0,0.0
374294,0,0,0.0
298865,0,0,0.0
195114,0,0,0.0
171615,0,0,0.0
163344,0,0,0.0
171825,0,0,0.0
376986,0,0,0.0
277173,0,0,0.0
324449,0,0,0.0
341420,1,0,0.0
261455,0,0,0.0
228192,0,0,0.0
363342,0,0,0.0
267471,0,0,0.0
221568,0,0,0.0
131047,0,0,0.0
399670,0,0,0.0
156995,0,0,0.0
235764,0,0,0.0
394130,0,0,0.0
376967,0,0,0.0
434694,0,0,0.0
293272,1,0,0.0
370703,0,0,0.0
452515,0,0,0.0
107486,0,0,0.0
423372,0,0,0.0
241517,0,0,0.0
229373,0,0,0.0
170924,0,0,0.0
215718,0,0,0.0
349458,0,0,0.0
274276,0,0,0.0
219852,0,0,0.0
168541,0,0,0.0
121133,0,0,0.0
104688,0,0,0.0
286487,0,0,0.0
348681,0,0,0.0
345577,0,0,0.0
147297,0,0,0.0
134910,0,1,1.0
417026,0,0,0.0
323756,0,0,0.0
278126,0,0,0.0
121047,1,0,0.0
104531,0,0,0.0
322089,1,1,1.0
413353,0,0,0.0
308242,0,0,0.0
232340,0,0,0.0
151317,0,1,1.0
405015,0,0,0.0
326146,0,0,0.0
395573,0,1,1.0
338800,0,0,0.0
215685,0,0,0.0
142395,0,0,0.0
257591,0,0,0.0
242424,0,0,0.0
218803,0,0,0.0
123516,0,0,0.0
129876,0,0,0.0
228877,0,0,0.0
344479,0,0,0.0
446701,0,0,0.0
384453,1,0,0.0
310108,0,0,0.0
178601,0,0,0.0
246925,0,0,0.0
372133,0,0,0.0
141993,1,0,0.0
296469,0,0,0.0
301140,1,0,0.0
152742,0,0,0.0
225198,0,1,1.0
388960,0,1,1.0
211332,0,0,0.0
275445,0,0,0.0
130872,0,0,0.0
313785,0,0,0.0
198902,0,0,0.0
346176,0,0,0.0
175644,1,1,1.0
367251,1,0,0.0
431692,0,0,0.0
115601,0,0,0.0
172640,1,0,0.0
124482,0,0,0.0
267439,0,0,0.0
248798,0,0,0.0
281790,0,0,0.0
424501,0,0,0.0
374571,0,0,0.0
174627,0,0,0.0
254189,0,0,0.0
278065,0,0,0.0
209155,0,0,0.0
348138,0,0,0.0
389986,0,0,0.0
355013,0,0,0.0
119098,0,0,0.0
117313,0,0,0.0
319974,0,0,0.0
230992,0,0,0.0
108641,0,1,1.0
155389,0,0,0.0
248106,0,0,0.0
112120,0,0,0.0
282902,0,0,0.0
143791,0,0,0.0
304889,0,0,0.0
143226,0,0,0.0
342549,0,0,0.0
320674,0,0,0.0
293278,0,0,0.0
255652,0,0,0.0
422699,0,0,0.0
308804,0,0,0.0
218642,0,0,0.0
122469,0,0,0.0
156607,1,0,0.0
192549,0,0,0.0
110197,0,0,0.0
100746,0,0,0.0
439243,0,0,0.0
235793,0,0,0.0
213055,0,0,0.0
405451,0,0,0.0
288051,1,0,0.0
300113,0,0,0.0
103186,0,0,0.0
261997,0,0,0.0
164787,0,0,0.0
117842,1,0,0.0
174313,0,0,0.0
308031,0,0,0.0
148100,0,0,0.0
200608,0,0,0.0
233590,0,1,1.0
124400,1,0,0.0
329758,0,0,0.0
177842,0,0,0.0
369700,0,0,0.0
179556,0,0,0.0
395171,0,0,0.0
424913,0,0,0.0
101557,0,0,0.0
338837,0,0,0.0
378416,0,0,0.0
285186,0,1,1.0
309466,0,1,1.0
129584,0,0,0.0
171901,0,0,0.0
181467,0,0,0.0
436539,0,0,0.0
302585,0,0,0.0
220249,0,0,0.0
442562,0,0,0.0
357121,0,0,0.0
396854,0,0,0.0
149003,0,0,0.0
221005,0,0,0.0
298095,0,0,0.0
333855,0,0,0.0
277862,0,0,0.0
357266,1,0,0.0
366654,0,0,0.0
446317,0,0,0.0
350259,0,0,0.0
453361,0,1,1.0
227878,0,0,0.0
230636,0,0,0.0
136169,0,0,0.0
122658,0,1,1.0
300744,0,0,0.0
372119,0,0,0.0
111636,0,0,0.0
317888,0,0,0.0
252891,0,0,0.0
290717,0,0,0.0
240484,0,0,0.0
428976,0,0,0.0
119233,0,0,0.0
229236,0,0,0.0
139525,0,0,0.0
445516,0,0,0.0
430878,0,0,0.0
299587,0,0,0.0
335160,0,0,0.0
362978,0,1,1.0
141260,0,0,0.0
430400,0,0,0.0
382484,0,0,0.0
171982,0,0,0.0
291794,0,0,0.0
104998,0,0,0.0
447157,0,0,0.0
235848,0,0,0.0
414829,0,0,0.0
391421,0,0,0.0
236031,1,1,1.0
347199,0,0,0.0
431721,0,0,0.0
150970,0,0,0.0
351948,0,0,0.0
264489,0,0,0.0
159930,0,0,0.0
198560,0,0,0.0
367203,0,1,1.0
182472,0,0,0.0
449092,0,0,0.0
395719,0,0,0.0
326485,0,0,0.0
156938,0,0,0.0
158882,0,0,0.0
140600,1,0,0.0
453249,0,0,0.0
400955,0,0,0.0
108168,0,0,0.0
338954,0,0,0.0
284038,0,0,0.0
115864,0,0,0.0
401010,0,0,0.0
422762,0,0,0.0
230429,0,1,1.0
391509,0,0,0.0
371062,0,0,0.0
413245,0,0,0.0
143350,0,0,0.0
104642,0,0,0.0
453165,0,0,0.0
287518,0,0,0.0
363966,0,0,0.0
401158,0,0,0.0
119579,0,0,0.0
375711,0,0,0.0
343323,0,0,0.0
192503,0,0,0.0
443260,0,0,0.0
325461,0,0,0.0
382940,0,0,0.0
298961,0,0,0.0
421188,0,0,0.0
240746,0,0,0.0
202642,0,0,0.0
436840,0,0,0.0
191468,0,1,1.0
207577,0,0,0.0
430534,0,0,0.0
274657,0,0,0.0
267920,0,1,1.0
204130,0,0,0.0
124512,0,0,0.0
416771,0,0,0.0
221547,0,0,0.0
196093,0,0,0.0
258486,0,0,0.0
125470,0,0,0.0
415921,0,0,0.0
388415,0,0,0.0
296463,0,0,0.0
262420,0,0,0.0
234322,0,0,0.0
136512,0,1,1.0
164326,0,0,0.0
254401,0,0,0.0
433915,0,0,0.0
177660,0,0,0.0
313160,0,0,0.0
213031,0,0,0.0
291375,0,0,0.0
322412,0,0,0.0
212879,0,1,1.0
442969,1,0,0.0
406740,0,0,0.0
297430,0,0,0.0
451854,0,0,0.0
243987,0,0,0.0
179497,0,0,0.0
337165,0,0,0.0
400366,0,0,0.0
448607,0,0,0.0
399926,0,0,0.0
450794,1,0,0.0
272648,0,0,0.0
352571,0,0,0.0
271215,0,0,0.0
265947,0,0,0.0
318872,0,0,0.0
178798,0,0,0.0
403042,0,0,0.0
332062,0,1,1.0
377165,0,0,0.0
398311,0,0,0.0
396666,0,0,0.0
226468,0,1,1.0
190488,0,0,0.0
174708,0,0,0.0
244407,0,0,0.0
153079,0,0,0.0
255195,1,0,0.0
443893,0,1,1.0
451374,0,0,0.0
314417,0,0,0.0
444557,0,1,1.0
432157,0,0,0.0
371726,0,0,0.0
330492,0,0,0.0
409398,0,0,0.0
130258,0,0,0.0
173982,0,0,0.0
161034,0,0,0.0
208074,0,0,0.0
259883,0,0,0.0
333860,0,0,0.0
210216,0,0,0.0
309725,0,1,1.0
446790,1,0,0.0
106357,0,0,0.0
144163,0,0,0.0
213289,0,0,0.0
142254,0,0,0.0
427180,0,0,0.0
243684,0,1,1.0
184458,0,0,0.0
337093,0,0,0.0
126149,1,1,1.0
155618,0,0,0.0
188274,0,0,0.0
273778,0,0,0.0
422978,0,0,0.0
393048,0,1,1.0
202602,0,0,0.0
412859,0,0,0.0
368126,0,1,1.0
155785,0,0,0.0
208653,0,0,0.0
247200,0,0,0.0
291289,0,0,0.0
206175,0,0,0.0
397826,0,0,0.0
356014,0,0,0.0
418340,0,1,1.0
385170,0,0,0.0
443542,0,0,0.0
120107,0,0,0.0
138735,0,0,0.0
150322,0,0,0.0
442872,0,0,0.0
355102,0,0,0.0
152001,1,0,0.0
176302,0,0,0.0
120364,0,0,0.0
248841,0,0,0.0
382897,0,0,0.0
256697,0,0,0.0
167198,0,0,0.0
107286,0,0,0.0
104824,1,0,0.0
220645,0,0,0.0
128559,0,1,1.0
416017,0,0,0.0
296746,1,0,0.0
385591,0,1,1.0
123226,1,0,0.0
211252,0,0,0.0
272572,0,0,0.0
183567,0,0,0.0
365222,0,0,0.0
141737,0,0,0.0
112017,0,0,0.0
369481,0,0,0.0
322803,0,0,0.0
381598,0,0,0.0
431426,0,1,1.0
417784,0,0,0.0
204563,0,0,0.0
230775,0,0,0.0
423247,0,0,0.0
414707,0,0,0.0
218021,1,0,0.0
107216,0,1,1.0
289728,0,0,0.0
163545,0,0,0.0
247952,0,0,0.0
301186,0,0,0.0
136867,0,0,0.0
352123,0,0,0.0
227351,0,0,0.0
307617,1,0,0.0
294936,0,0,0.0
374240,0,0,0.0
366268,0,1,1.0
361676,0,1,1.0
442480,0,0,0.0
185387,0,0,0.0
295297,0,0,0.0
361602,0,0,0.0
188247,0,0,0.0
225421,1,0,0.0
335106,1,0,0.0
106274,0,0,0.0
376369,0,0,0.0
203917,0,0,0.0
325281,0,1,1.0
124412,0,0,0.0
187861,0,0,0.0
346725,0,0,0.0
421622,0,0,0.0
342469,0,0,0.0
424629,0,0,0.0
380938,0,0,0.0
137260,0,0,0.0
385157,0,0,0.0
221726,0,1,1.0
127972,0,0,0.0
177947,0,0,0.0
160663,0,0,0.0
455173,0,0,0.0
285916,1,0,0.0
244415,0,0,0.0
352166,0,0,0.0
302897,0,0,0.0
431000,0,0,0.0
391520,0,0,0.0
195520,0,0,0.0
188484,0,0,0.0
254865,0,0,0.0
417661,0,0,0.0
308886,0,0,0.0
241135,0,0,0.0
454787,0,0,0.0
319203,0,0,0.0
387711,0,0,0.0
221406,0,0,0.0
234950,0,0,0.0
104922,0,0,0.0
345571,0,1,1.0
260473,0,0,0.0
427311,0,0,0.0
361807,0,0,0.0
142436,0,0,0.0
151283,0,0,0.0
279529,0,1,1.0
367208,1,0,0.0
205521,0,0,0.0
316973,0,0,0.0
358515,1,0,0.0
376564,0,0,0.0
309112,0,0,0.0
184512,0,0,0.0
371767,0,0,0.0
348411,0,0,0.0
126059,0,0,0.0
362151,1,1,1.0
135033,0,0,0.0
265081,0,0,0.0
422132,0,0,0.0
369731,1,0,0.0
331019,1,0,0.0
390755,0,0,0.0
330366,0,0,0.0
247617,1,0,0.0
182433,0,0,0.0
238502,0,0,0.0
162813,0,0,0.0
290061,0,1,1.0
280121,0,0,0.0
410015,0,0,0.0
254874,0,0,0.0
296309,0,0,0.0
100742,0,0,0.0
452382,0,0,0.0
332611,0,0,0.0
193712,0,0,0.0
100912,0,1,1.0
184343,0,0,0.0
198888,1,0,0.0
319541,1,0,0.0
130791,0,0,0.0
201269,0,0,0.0
165186,0,0,0.0
152658,0,0,0.0
210903,0,0,0.0
129064,0,0,0.0
407146,0,0,0.0
272936,0,0,0.0
204037,0,0,0.0
226826,0,0,0.0
154776,0,1,1.0
293839,0,0,0.0
273030,0,0,0.0
381516,0,0,0.0
382432,1,0,0.0
451835,0,0,0.0
327278,1,1,1.0
172743,0,0,0.0
156286,0,0,0.0
336637,0,0,0.0
143728,0,0,0.0
350818,0,0,0.0
454768,1,0,0.0
261747,0,0,0.0
374921,1,0,0.0
187089,0,0,0.0
344242,0,0,0.0
424680,0,1,1.0
451530,1,0,0.0
360762,0,0,0.0
391938,0,0,0.0
133534,0,0,0.0
408322,0,0,0.0
363928,0,0,0.0
138877,0,0,0.0
200240,0,0,0.0
276534,0,0,0.0
377107,0,0,0.0
174168,0,0,0.0
380914,0,0,0.0
171336,0,0,0.0
390707,0,0,0.0
430203,0,1,1.0
309782,0,0,0.0
434128,0,0,0.0
326831,0,0,0.0
186535,0,0,0.0
292294,0,0,0.0
297377,0,0,0.0
270334,0,0,0.0
405294,0,0,0.0
259206,0,0,0.0
266137,0,0,0.0
325376,1,0,0.0
290920,0,0,0.0
114613,0,0,0.0
111743,0,0,0.0
413946,0,0,0.0
424487,0,0,0.0
179203,0,0,0.0
195486,0,0,0.0
249632,0,0,0.0
380757,0,1,1.0
112095,0,0,0.0
411220,0,0,0.0
269626,0,0,0.0
209271,0,0,0.0
191682,0,0,0.0
332151,0,0,0.0
243094,0,0,0.0
373385,0,1,1.0
123947,0,0,0.0
439836,0,0,0.0
213421,0,0,0.0
430825,0,0,0.0
268877,0,0,0.0
102181,0,0,0.0
309921,0,0,0.0
377654,0,0,0.0
156142,0,0,0.0
396812,0,0,0.0
442825,0,0,0.0
226332,0,0,0.0
323914,1,0,0.0
251849,0,0,0.0
444632,0,0,0.0
350208,0,0,0.0
184600,0,0,0.0
281570,0,0,0.0
169098,0,0,0.0
115009,0,0,0.0
244326,0,0,0.0
455444,0,0,0.0
157794,0,0,0.0
114726,0,0,0.0
329732,0,0,0.0
119235,0,0,0.0
122951,0,0,0.0
258080,0,0,0.0
159216,0,0,0.0
154723,1,0,0.0
410088,1,0,0.0
412606,0,0,0.0
156950,0,0,0.0
257758,0,0,0.0
411340,0,0,0.0
373922,1,0,0.0
288427,0,0,0.0
441832,0,0,0.0
137449,0,0,0.0
122435,1,0,0.0
368173,0,0,0.0
324695,0,0,0.0
380292,0,0,0.0
404043,0,0,0.0
416386,0,0,0.0
180944,0,0,0.0
445608,0,1,1.0
287045,0,0,0.0
205280,0,0,0.0
292653,0,0,0.0
147499,0,0,0.0
312727,0,0,0.0
353629,0,0,0.0
140878,0,0,0.0
121535,0,0,0.0
390131,0,0,0.0
198431,0,0,0.0
315186,0,0,0.0
303357,0,0,0.0
406204,0,0,0.0
194104,0,1,1.0
311969,0,0,0.0
117757,0,0,0.0
331507,0,0,0.0
119278,0,0,0.0
327257,0,0,0.0
424023,0,0,0.0
394990,0,0,0.0
119804,0,0,0.0
202665,0,0,0.0
126091,1,0,0.0
374451,0,0,0.0
248067,0,0,0.0
180090,0,0,0.0
222575,0,0,0.0
200327,0,0,0.0
250378,0,0,0.0
455176,0,0,0.0
285056,0,0,0.0
262996,0,0,0.0
363074,0,0,0.0
364745,0,0,0.0
390335,0,0,0.0
442909,0,1,1.0
316336,0,0,0.0
172886,0,0,0.0
353794,0,1,1.0
187358,0,0,0.0
161232,1,0,0.0
205068,0,0,0.0
243464,0,0,0.0
223436,0,0,0.0
202339,0,0,0.0
253330,0,0,0.0
251360,1,0,0.0
429097,0,0,0.0
221346,0,0,0.0
160518,0,1,1.0
433860,0,0,0.0
165832,0,1,1.0
139373,1,0,0.0
161654,0,0,0.0
114631,0,0,0.0
327919,0,0,0.0
118838,0,0,0.0
171269,0,0,0.0
371183,0,0,0.0
358364,0,0,0.0
291464,0,0,0.0
158832,1,1,1.0
331288,0,0,0.0
349845,0,0,0.0
199198,0,0,0.0
336860,0,1,1.0
256138,0,0,0.0
114683,0,0,0.0
348463,0,0,0.0
211957,0,1,1.0
397590,1,0,0.0
321384,0,0,0.0
233124,0,0,0.0
192165,0,0,0.0
280158,0,0,0.0
293768,0,0,0.0
264447,0,0,0.0
168635,0,1,1.0
222320,0,0,0.0
379852,0,0,0.0
331217,0,1,1.0
280694,0,0,0.0
175108,0,0,0.0
422878,0,0,0.0
196966,0,0,0.0
316919,0,0,0.0
147005,0,0,0.0
100319,0,0,0.0
382019,0,0,0.0
205439,0,0,0.0
206210,0,0,0.0
175620,0,0,0.0
291946,0,0,0.0
246703,0,0,0.0
313154,0,0,0.0
256026,0,0,0.0
430117,0,0,0.0
125782,0,0,0.0
456031,0,0,0.0
428055,0,0,0.0
253274,0,0,0.0
371497,0,0,0.0
433905,0,0,0.0
196138,0,0,0.0
432829,1,1,1.0
273794,0,0,0.0
355716,0,0,0.0
246840,0,0,0.0
142837,0,0,0.0
244674,0,0,0.0
247602,0,0,0.0
405384,0,0,0.0
274692,1,0,0.0
172638,0,1,1.0
364821,0,0,0.0
389993,0,0,0.0
110288,0,0,0.0
376909,0,0,0.0
139747,0,0,0.0
211799,0,0,0.0
132366,1,0,0.0
154631,0,0,0.0
438612,0,0,0.0
356959,0,0,0.0
221090,0,0,0.0
390794,0,0,0.0
410443,0,0,0.0
435935,0,0,0.0
237244,0,0,0.0
281624,0,1,1.0
180457,0,0,0.0
186530,0,0,0.0
264993,0,0,0.0
277917,0,0,0.0
126546,0,0,0.0
407894,0,0,0.0
203001,0,0,0.0
180610,0,0,0.0
386648,0,0,0.0
311400,0,1,1.0
380497,0,0,0.0
183072,0,0,0.0
416419,0,0,0.0
227477,0,1,1.0
319319,0,0,0.0
342861,0,0,0.0
334461,0,0,0.0
264466,1,0,0.0
384754,0,0,0.0
342621,0,0,0.0
168484,0,0,0.0
238679,0,0,0.0
420340,0,1,1.0
202420,0,0,0.0
148698,0,0,0.0
194818,0,0,0.0
128655,0,0,0.0
385053,0,1,1.0
386084,1,1,1.0
100883,0,0,0.0
269853,0,0,0.0
323594,0,1,1.0
328747,0,0,0.0
320361,0,0,0.0
417808,0,0,0.0
371836,0,0,0.0
360946,0,0,0.0
258097,0,1,1.0
326382,0,0,0.0
426322,0,0,0.0
117911,0,0,0.0
381530,0,0,0.0
106084,0,0,0.0
202474,0,0,0.0
211448,0,0,0.0
278717,0,0,0.0
216093,0,1,1.0
206541,0,0,0.0
221999,0,0,0.0
203659,0,0,0.0
149492,0,0,0.0
151002,0,0,0.0
419634,0,0,0.0
325056,0,0,0.0
155495,0,0,0.0
182077,0,0,0.0
334966,0,0,0.0
340514,0,0,0.0
403172,0,1,1.0
452262,0,0,0.0
280649,0,0,0.0
267234,0,0,0.0
342557,0,0,0.0
321791,0,0,0.0
282761,0,0,0.0
366966,1,1,1.0
130375,0,0,0.0
236025,0,1,1.0
224828,0,0,0.0
230070,0,0,0.0
123701,0,0,0.0
350509,0,0,0.0
186352,0,0,0.0
163870,0,0,0.0
385658,0,0,0.0
135177,0,0,0.0
348597,0,1,1.0
206002,0,0,0.0
127551,1,0,0.0
168920,0,0,0.0
424713,0,0,0.0
285551,0,0,0.0
148832,0,0,0.0
157834,0,0,0.0
444084,0,0,0.0
213551,0,0,0.0
172052,0,0,0.0
272629,0,0,0.0
202402,0,0,0.0
427611,0,0,0.0
369115,0,0,0.0
412773,0,0,0.0
330986,0,0,0.0
264065,0,0,0.0
351807,0,0,0.0
256706,0,0,0.0
276513,0,0,0.0
365572,0,0,0.0
217541,0,0,0.0
420911,0,0,0.0
313803,0,0,0.0
257259,1,0,0.0
150424,0,0,0.0
122551,0,0,0.0
130721,0,0,0.0
202562,0,0,0.0
387831,0,0,0.0
309589,0,0,0.0
315320,0,0,0.0
327879,0,0,0.0
107179,0,0,0.0
207593,0,0,0.0
250326,0,0,0.0
320051,1,0,0.0
186756,0,0,0.0
139125,0,0,0.0
368849,0,0,0.0
352066,0,0,0.0
225349,0,0,0.0
141269,0,0,0.0
139901,0,1,1.0
116495,0,0,0.0
227782,0,0,0.0
269163,0,0,0.0
417470,0,0,0.0
314478,0,0,0.0
193645,0,0,0.0
205633,0,0,0.0
403375,0,0,0.0
283959,0,1,1.0
296752,0,0,0.0
452590,0,0,0.0
338248,0,0,0.0
341876,0,1,1.0
346757,0,1,1.0
194046,0,0,0.0
251550,0,0,0.0
375121,0,0,0.0
452874,0,1,1.0
162634,0,0,0.0
236479,0,0,0.0
355887,0,0,0.0
373373,0,0,0.0
260517,0,1,1.0
174457,0,0,0.0
122990,0,0,0.0
319046,0,1,1.0
264322,0,0,0.0
438609,0,0,0.0
382288,0,0,0.0
287687,1,1,1.0
346734,0,0,0.0
158776,0,0,0.0
440087,0,1,1.0
387891,0,0,0.0
176279,0,0,0.0
417223,0,1,1.0
302458,0,0,0.0
262657,0,0,0.0
440094,0,1,1.0
148271,0,0,0.0
293533,0,0,0.0
115446,0,0,0.0
451014,0,1,1.0
408913,0,0,0.0
312200,0,0,0.0
213284,0,0,0.0
353622,0,0,0.0
112076,0,0,0.0
389262,1,0,0.0
286981,0,0,0.0
243637,0,1,1.0
433802,0,0,0.0
376957,0,0,0.0
420379,0,0,0.0
309868,0,0,0.0
344853,0,0,0.0
111069,0,1,1.0
307033,0,0,0.0
281902,0,0,0.0
415487,0,1,1.0
413583,0,0,0.0
346101,0,1,1.0
223867,0,0,0.0
354252,0,0,0.0
234327,0,0,0.0
354291,0,0,0.0
262124,0,0,0.0
412313,0,0,0.0
312907,0,0,0.0
220299,0,0,0.0
256215,0,0,0.0
437352,0,0,0.0
168217,0,0,0.0
391040,0,0,0.0
370106,0,1,1.0
241153,0,0,0.0
199800,1,0,0.0
317530,0,0,0.0
393515,0,0,0.0
439055,0,0,0.0
432811,1,0,0.0
275698,0,0,0.0
370399,0,0,0.0
119985,0,0,0.0
286993,0,0,0.0
203151,0,1,1.0
415238,0,0,0.0
278162,0,0,0.0
107479,0,0,0.0
444651,0,0,0.0
184485,0,0,0.0
256921,0,0,0.0
268200,0,0,0.0
388175,0,0,0.0
234519,0,0,0.0
215787,0,0,0.0
311890,0,0,0.0
196794,0,0,0.0
340570,1,1,1.0
442191,0,0,0.0
233195,0,0,0.0
440319,0,0,0.0
249391,0,0,0.0
218195,0,0,0.0
268498,0,0,0.0
248517,0,0,0.0
238100,0,0,0.0
265209,0,0,0.0
444880,0,0,0.0
332944,0,0,0.0
248017,0,0,0.0
306962,0,0,0.0
438868,0,0,0.0
210542,0,0,0.0
142408,0,0,0.0
451096,0,0,0.0
159253,0,0,0.0
233147,0,0,0.0
335735,1,0,0.0
127260,0,0,0.0
422708,0,0,0.0
325051,0,0,0.0
345100,0,0,0.0
344827,0,1,1.0
237738,0,0,0.0
298742,0,0,0.0
216899,0,0,0.0
417280,0,0,0.0
134090,0,0,0.0
381894,0,1,1.0
325821,0,0,0.0
335554,0,0,0.0
148191,1,0,0.0
403301,0,0,0.0
153387,0,0,0.0
221263,0,0,0.0
439223,0,0,0.0
200114,0,0,0.0
236926,0,0,0.0
190897,0,0,0.0
275553,0,0,0.0
254345,0,0,0.0
411233,0,0,0.0
331672,0,0,0.0
253466,0,0,0.0
372016,0,0,0.0
142211,0,0,0.0
234906,0,0,0.0
121950,0,0,0.0
157589,0,0,0.0
192208,0,0,0.0
189945,0,0,0.0
149557,0,0,0.0
328757,0,0,0.0
167886,0,0,0.0
244430,0,0,0.0
323154,0,0,0.0
180586,0,0,0.0
284670,0,0,0.0
157940,1,0,0.0
444352,0,0,0.0
222057,0,0,0.0
138860,0,0,0.0
438159,1,0,0.0
166477,0,0,0.0
261408,0,0,0.0
131028,1,0,0.0
412011,1,0,0.0
176662,0,0,0.0
155030,1,0,0.0
173581,0,0,0.0
443131,1,1,1.0
163038,0,0,0.0
144335,1,0,0.0
425195,0,1,1.0
428484,0,0,0.0
139187,0,0,0.0
116618,0,0,0.0
227405,0,0,0.0
377522,0,0,0.0
452187,0,0,0.0
448557,0,0,0.0
432783,0,0,0.0
423932,0,0,0.0
358297,0,0,0.0
131189,0,0,0.0
382272,1,0,0.0
224183,0,0,0.0
381667,0,0,0.0
452412,0,1,1.0
376603,0,1,1.0
307551,0,1,1.0
279305,0,0,0.0
299077,0,0,0.0
327920,0,0,0.0
280152,0,0,0.0
223194,0,0,0.0
308005,0,0,0.0
313049,0,0,0.0
309121,0,0,0.0
324004,0,1,1.0
377308,0,0,0.0
370607,0,0,0.0
207510,0,0,0.0
441171,0,0,0.0
141650,0,0,0.0
384387,0,0,0.0
367583,0,0,0.0
288327,0,0,0.0
405827,0,0,0.0
204092,0,1,1.0
175098,0,0,0.0
246295,0,0,0.0
284208,0,0,0.0
155345,0,0,0.0
353307,0,1,1.0
211426,1,0,0.0
108896,0,0,0.0
152750,0,0,0.0
256295,0,0,0.0
201960,0,0,0.0
255328,0,0,0.0
219298,0,0,0.0
143317,0,1,1.0
267467,0,1,1.0
224176,0,0,0.0
274375,1,0,0.0
249381,0,0,0.0
180494,0,0,0.0
455606,0,0,0.0
291899,0,0,0.0
146560,0,0,0.0
225323,0,1,1.0
321771,0,0,0.0
126347,0,0,0.0
435885,0,0,0.0
181030,0,1,1.0
361656,0,0,0.0
449635,0,1,1.0
249326,0,0,0.0
293095,0,0,0.0
206378,0,0,0.0
208564,0,0,0.0
435461,0,0,0.0
357413,0,1,1.0
126923,0,0,0.0
432084,0,0,0.0
259164,0,0,0.0
451236,0,0,0.0
225125,0,0,0.0
119919,0,1,1.0
449811,1,0,0.0
313433,0,0,0.0
141307,0,0,0.0
417850,0,0,0.0
146224,0,0,0.0
213882,0,0,0.0
272411,0,0,0.0
118878,0,0,0.0
332039,0,0,0.0
174015,1,0,0.0
323817,0,0,0.0
402846,0,0,0.0
108230,0,0,0.0
438103,0,0,0.0
455848,0,0,0.0
422184,1,0,0.0
146463,0,0,0.0
352282,0,1,1.0
245715,0,0,0.0
340175,0,0,0.0
131803,0,0,0.0
318582,0,0,0.0
141430,0,0,0.0
294465,0,0,0.0
217056,0,0,0.0
128768,0,1,1.0
399566,0,0,0.0
277087,0,0,0.0
417926,0,1,1.0
319421,0,0,0.0
442219,0,0,0.0
425135,0,0,0.0
322573,0,0,0.0
128983,0,0,0.0
144031,0,0,0.0
142512,0,0,0.0
228758,0,0,0.0
102152,0,0,0.0
429865,0,0,0.0
384379,0,1,1.0
429130,0,0,0.0
404946,0,0,0.0
361964,0,0,0.0
105796,0,0,0.0
389250,0,0,0.0
302873,0,0,0.0
118590,0,0,0.0
397181,0,0,0.0
162740,0,0,0.0
326030,0,0,0.0
105731,0,0,0.0
349595,0,0,0.0
253825,0,0,0.0
425690,0,0,0.0
356569,0,1,1.0
339841,0,0,0.0
397677,0,0,0.0
150510,0,0,0.0
218398,1,0,0.0
405357,0,0,0.0
366556,0,0,0.0
249683,0,0,0.0
424981,0,0,0.0
439034,0,0,0.0
340578,0,0,0.0
136083,0,0,0.0
270466,0,0,0.0
264260,0,0,0.0
189063,0,0,0.0
255188,0,0,0.0
344096,0,0,0.0
214045,0,0,0.0
121486,0,0,0.0
209578,0,0,0.0
182426,0,0,0.0
201185,0,0,0.0
354643,0,0,0.0
206236,0,1,1.0
132624,0,0,0.0
292613,0,0,0.0
193810,0,0,0.0
427532,0,0,0.0
150402,0,0,0.0
304706,0,0,0.0
276246,0,0,0.0
212520,0,1,1.0
196572,0,1,1.0
398602,0,0,0.0
440298,0,0,0.0
311121,0,0,0.0
200604,0,0,0.0
125865,0,0,0.0
433008,0,0,0.0
284504,1,0,0.0
181418,0,0,0.0
298722,0,0,0.0
170266,0,0,0.0
196028,0,0,0.0
404776,0,0,0.0
282043,0,0,0.0
315120,0,0,0.0
221546,0,0,0.0
195067,0,0,0.0
211083,0,0,0.0
390438,0,0,0.0
145345,0,0,0.0
313178,0,0,0.0
332416,0,0,0.0
218128,0,0,0.0
200656,0,0,0.0
232969,1,0,0.0
405242,0,0,0.0
160038,0,0,0.0
268792,0,0,0.0
316803,0,0,0.0
123895,0,0,0.0
415390,0,0,0.0
444650,0,0,0.0
204731,0,1,1.0
284337,0,0,0.0
130242,0,0,0.0
113079,0,0,0.0
221871,0,0,0.0
261617,0,0,0.0
232787,0,0,0.0
168027,0,0,0.0
268209,0,0,0.0
323129,0,0,0.0
139784,0,0,0.0
328958,0,0,0.0
131346,0,0,0.0
325586,0,0,0.0
250044,0,0,0.0
435152,0,0,0.0
454979,1,0,0.0
379191,0,0,0.0
286559,0,0,0.0
211001,0,0,0.0
290724,0,0,0.0
226020,0,0,0.0
429211,0,0,0.0
265338,0,0,0.0
356189,0,0,0.0
169630,0,0,0.0
224074,0,1,1.0
384684,0,0,0.0
449162,0,0,0.0
139521,0,0,0.0
339086,0,0,0.0
246187,0,0,0.0
182127,0,0,0.0
405328,0,0,0.0
435433,0,0,0.0
286132,0,0,0.0
426886,0,1,1.0
223874,1,0,0.0
218261,0,0,0.0
423509,0,0,0.0
330136,0,0,0.0
230109,0,0,0.0
443715,1,0,0.0
382474,0,0,0.0
407422,0,0,0.0
217563,0,0,0.0
336776,0,1,1.0
136509,0,0,0.0
358480,0,0,0.0
367001,0,0,0.0
297029,0,0,0.0
246286,0,0,0.0
447557,0,0,0.0
157401,0,0,0.0
165888,0,0,0.0
365083,0,0,0.0
425212,0,0,0.0
295984,0,0,0.0
361501,0,1,1.0
454528,0,0,0.0
173511,0,0,0.0
324593,0,0,0.0
104049,0,0,0.0
306272,0,0,0.0
420179,0,0,0.0
286215,0,0,0.0
351793,0,0,0.0
368634,0,1,1.0
110340,0,0,0.0
144194,0,0,0.0
374246,0,0,0.0
344431,0,0,0.0
213884,0,0,0.0
195600,0,0,0.0
153036,0,0,0.0
430591,0,0,0.0
165767,1,0,0.0
427484,0,0,0.0
426196,0,0,0.0
259325,0,0,0.0
113286,0,0,0.0
197074,0,0,0.0
295250,0,0,0.0
396450,0,0,0.0
204325,0,0,0.0
127164,0,0,0.0
382095,0,0,0.0
248294,0,0,0.0
302006,0,0,0.0
306483,0,0,0.0
276813,0,0,0.0
322174,0,0,0.0
256890,0,0,0.0
222314,0,1,1.0
352328,0,0,0.0
279071,1,0,0.0
324660,1,0,0.0
203378,0,0,0.0
203194,0,0,0.0
168852,0,1,1.0
335312,0,0,0.0
158046,0,0,0.0
226100,0,0,0.0
452510,0,0,0.0
342106,1,0,0.0
405501,0,0,0.0
122244,0,0,0.0
265670,0,0,0.0
130695,0,0,0.0
322512,0,0,0.0
182822,0,0,0.0
306300,0,0,0.0
376921,0,1,1.0
296534,1,0,0.0
327656,0,1,1.0
120502,0,0,0.0
328200,0,0,0.0
233380,0,0,0.0
346453,0,0,0.0
371395,0,0,0.0
133651,0,0,0.0
273661,0,0,0.0
106153,0,0,0.0
412785,0,0,0.0
211875,0,0,0.0
338173,0,1,1.0
250066,0,1,1.0
145092,1,0,0.0
378770,0,0,0.0
305874,0,0,0.0
453718,0,0,0.0
329932,0,0,0.0
100524,0,0,0.0
394378,0,0,0.0
271428,0,1,1.0
202134,0,0,0.0
299679,0,1,1.0
295664,0,0,0.0
300319,0,0,0.0
277085,0,0,0.0
111719,0,1,1.0
402922,0,0,0.0
277048,0,0,0.0
164488,0,0,0.0
347065,0,0,0.0
111441,0,0,0.0
148482,0,0,0.0
312931,0,0,0.0
248947,1,0,0.0
235993,0,0,0.0
141296,0,0,0.0
340064,1,0,0.0
447231,0,0,0.0
124882,0,0,0.0
190758,0,1,1.0
289900,0,0,0.0
109865,0,0,0.0
233357,0,0,0.0
366333,0,0,0.0
258661,0,0,0.0
105877,0,1,1.0
121417,0,0,0.0
375657,0,0,0.0
328297,0,0,0.0
265489,0,0,0.0
314500,0,0,0.0
179783,0,0,0.0
454024,0,0,0.0
245566,0,0,0.0
253205,0,0,0.0
343057,0,1,1.0
453485,0,0,0.0
386934,0,1,1.0
263182,0,0,0.0
449210,0,0,0.0
219272,0,1,1.0
298771,0,0,0.0
282394,0,0,0.0
284902,0,0,0.0
100681,0,0,0.0
254682,0,0,0.0
328054,0,0,0.0
303765,0,0,0.0
268179,0,0,0.0
421013,0,0,0.0
391437,0,0,0.0
328397,0,0,0.0
125525,0,0,0.0
241241,1,0,0.0
206239,0,0,0.0
406103,0,0,0.0
165670,1,1,1.0
209899,0,0,0.0
225583,0,0,0.0
136245,0,0,0.0
261644,0,0,0.0
214084,0,0,0.0
262506,0,0,0.0
256806,0,0,0.0
251910,0,0,0.0
217692,0,0,0.0
232526,0,0,0.0
201854,0,0,0.0
310210,0,0,0.0
215940,0,0,0.0
384251,0,0,0.0
316725,0,0,0.0
334681,0,0,0.0
290388,0,0,0.0
390632,0,0,0.0
454311,0,0,0.0
259105,0,0,0.0
188503,0,0,0.0
213647,1,1,1.0
364260,0,0,0.0
107675,0,0,0.0
329467,0,0,0.0
271336,0,0,0.0
161359,0,0,0.0
425773,0,0,0.0
122031,1,0,0.0
260337,0,0,0.0
339703,0,0,0.0
213537,0,0,0.0
185013,0,0,0.0
216112,0,0,0.0
413718,0,0,0.0
214028,0,0,0.0
301167,0,0,0.0
181752,0,0,0.0
404262,0,0,0.0
324984,0,0,0.0
168553,0,0,0.0
340854,0,0,0.0
449171,0,0,0.0
252575,0,0,0.0
177719,0,0,0.0
400618,1,0,0.0
185035,0,0,0.0
250786,0,0,0.0
159229,0,0,0.0
106971,1,0,0.0
258268,0,0,0.0
256882,0,0,0.0
261373,0,0,0.0
432704,0,0,0.0
431972,0,1,1.0
376373,0,0,0.0
254194,0,0,0.0
157614,1,0,0.0
337048,0,0,0.0
301978,0,0,0.0
226249,0,0,0.0
103947,0,0,0.0
258149,1,1,1.0
216448,0,0,0.0
161082,0,0,0.0
333420,0,1,1.0
253180,0,0,0.0
198869,0,0,0.0
374958,0,1,1.0
101967,0,0,0.0
146678,0,0,0.0
198015,0,0,0.0
326795,0,0,0.0
198112,0,0,0.0
291150,0,0,0.0
414602,1,1,1.0
290538,0,0,0.0
214994,0,0,0.0
255002,0,0,0.0
179160,0,0,0.0
157049,0,0,0.0
261847,0,0,0.0
452650,0,1,1.0
340947,0,0,0.0
264964,0,0,0.0
416988,0,0,0.0
159677,0,1,1.0
301554,0,0,0.0
288118,0,0,0.0
423258,0,0,0.0
113504,0,0,0.0
141903,0,1,1.0
210505,0,0,0.0
102928,0,0,0.0
363065,0,0,0.0
166564,0,0,0.0
159381,0,0,0.0
229941,0,0,0.0
448862,0,0,0.0
383157,0,0,0.0
296619,0,0,0.0
273966,1,0,0.0
239185,0,0,0.0
145342,0,0,0.0
148136,0,0,0.0
334260,0,0,0.0
211931,0,0,0.0
228347,0,0,0.0
330497,0,0,0.0
256056,0,0,0.0
293370,0,0,0.0
422923,0,0,0.0
259849,0,0,0.0
383997,0,0,0.0
451818,0,0,0.0
432857,0,0,0.0
173829,0,0,0.0
330221,0,0,0.0
210430,0,0,0.0
408727,0,0,0.0
359354,0,0,0.0
159135,0,0,0.0
110985,0,1,1.0
130349,0,0,0.0
216271,0,0,0.0
268873,0,0,0.0
357416,0,0,0.0
425796,0,0,0.0
248599,0,0,0.0
109058,0,0,0.0
177463,0,0,0.0
394101,0,0,0.0
354477,0,0,0.0
237807,0,0,0.0
190906,0,0,0.0
118549,0,0,0.0
228822,0,0,0.0
167049,1,0,0.0
399632,0,0,0.0
168859,0,0,0.0
205440,0,0,0.0
284992,0,0,0.0
205464,0,1,1.0
295249,0,1,1.0
384719,1,0,0.0
401997,0,0,0.0
362774,0,0,0.0
439930,0,1,1.0
326972,0,0,0.0
443712,0,0,0.0
103022,0,0,0.0
380262,0,0,0.0
259158,1,0,0.0
105226,0,0,0.0
137056,0,0,0.0
441226,0,0,0.0
105983,0,0,0.0
309797,0,0,0.0
387491,0,0,0.0
149235,0,0,0.0
160772,0,0,0.0
278816,0,1,1.0
106718,0,0,0.0
425132,0,0,0.0
291581,1,0,0.0
417739,0,0,0.0
275851,0,0,0.0
296913,0,0,0.0
135710,0,0,0.0
179351,0,0,0.0
147365,1,0,0.0
107696,0,0,0.0
403431,0,0,0.0
229839,0,0,0.0
206842,0,0,0.0
320702,0,0,0.0
413771,0,0,0.0
354889,0,0,0.0
128180,0,0,0.0
287911,0,0,0.0
186203,0,0,0.0
267631,0,0,0.0
192574,0,0,0.0
116628,0,0,0.0
405338,0,1,1.0
350828,0,0,0.0
439191,0,0,0.0
374031,0,0,0.0
137259,0,1,1.0
253668,0,0,0.0
260407,0,0,0.0
204164,0,0,0.0
359308,0,0,0.0
440101,0,0,0.0
363942,0,1,1.0
380708,0,0,0.0
271725,0,0,0.0
215417,0,0,0.0
102888,0,1,1.0
411003,0,0,0.0
294922,0,0,0.0
364148,0,0,0.0
234046,0,0,0.0
363907,0,1,1.0
414180,0,0,0.0
231981,0,0,0.0
326095,0,0,0.0
224981,0,0,0.0
211861,0,0,0.0
265171,0,0,0.0
109435,0,0,0.0
390017,0,0,0.0
442249,1,1,1.0
404922,0,0,0.0
434292,0,0,0.0
331647,0,0,0.0
412163,0,0,0.0
440533,1,0,0.0
281921,0,1,1.0
415772,0,0,0.0
149386,0,0,0.0
140830,0,0,0.0
139722,0,0,0.0
175259,0,0,0.0
201672,0,0,0.0
269916,0,0,0.0
218524,0,0,0.0
160191,0,0,0.0
101498,0,0,0.0
154653,0,1,1.0
359596,0,0,0.0
187284,0,0,0.0
294031,0,1,1.0
342915,0,0,0.0
426777,0,0,0.0
185813,0,0,0.0
379794,0,0,0.0
107372,0,0,0.0
202701,0,0,0.0
299215,0,0,0.0
197086,0,0,0.0
129531,0,0,0.0
406738,0,0,0.0
216895,0,0,0.0
439589,0,0,0.0
399505,0,0,0.0
367358,0,0,0.0
208180,0,0,0.0
145455,0,0,0.0
196708,0,0,0.0
228463,0,1,1.0
356744,0,0,0.0
289067,0,0,0.0
159557,0,0,0.0
191704,0,0,0.0
447341,1,0,0.0
382254,0,1,1.0
219091,0,1,1.0
442714,0,1,1.0
258429,0,1,1.0
356856,0,0,0.0
156941,0,0,0.0
198085,0,0,0.0
181716,1,0,0.0
167528,0,0,0.0
324639,0,0,0.0
148985,0,0,0.0
118534,0,0,0.0
447943,0,0,0.0
431622,0,0,0.0
333881,0,0,0.0
383954,0,0,0.0
117893,0,0,0.0
306771,0,1,1.0
216962,0,0,0.0
329296,0,0,0.0
393831,0,0,0.0
180660,0,0,0.0
134938,0,0,0.0
137046,0,0,0.0
278308,1,0,0.0
127807,0,0,0.0
127615,0,0,0.0
436768,1,1,1.0
269018,0,0,0.0
354553,0,0,0.0
150472,0,0,0.0
425536,0,0,0.0
116371,0,0,0.0
370331,0,0,0.0
406709,0,0,0.0
145838,0,0,0.0
389461,0,0,0.0
122475,0,0,0.0
247804,1,0,0.0
197663,1,0,0.0
415461,0,0,0.0
272622,0,0,0.0
184206,0,0,0.0
333014,0,0,0.0
291745,0,0,0.0
221816,0,0,0.0
134237,0,0,0.0
141578,1,0,0.0
317950,0,0,0.0
322611,0,0,0.0
450629,1,1,1.0
427882,0,0,0.0
443973,0,0,0.0
448093,0,0,0.0
419765,0,0,0.0
103329,0,0,0.0
161670,0,0,0.0
190848,0,0,0.0
132460,0,0,0.0
410207,0,1,1.0
196105,0,0,0.0
112728,0,0,0.0
192253,0,0,0.0
236321,0,0,0.0
376945,1,0,0.0
253556,0,0,0.0
448941,0,0,0.0
212762,0,0,0.0
439111,0,0,0.0
216108,1,0,0.0
228771,0,0,0.0
371324,0,0,0.0
239025,0,1,1.0
158206,0,0,0.0
382013,0,0,0.0
303404,0,1,1.0
412053,0,0,0.0
281583,0,0,0.0
452986,0,1,1.0
345041,0,0,0.0
334357,0,0,0.0
310713,0,0,0.0
345946,0,0,0.0
215058,0,0,0.0
362843,0,1,1.0
113039,0,0,0.0
168505,0,0,0.0
104476,0,0,0.0
169711,0,0,0.0
260697,0,0,0.0
249510,0,0,0.0
390119,0,0,0.0
210790,0,0,0.0
240396,0,0,0.0
180491,0,0,0.0
450332,0,0,0.0
430329,0,0,0.0
234603,0,0,0.0
256502,0,0,0.0
277363,0,0,0.0
216820,0,0,0.0
200990,0,0,0.0
274005,0,1,1.0
230474,0,0,0.0
148338,0,0,0.0
218748,0,0,0.0
340924,0,0,0.0
145587,0,0,0.0
128374,0,0,0.0
378255,1,0,0.0
286848,0,1,1.0
231117,1,0,0.0
263656,0,0,0.0
350985,0,0,0.0
232903,0,0,0.0
250199,0,0,0.0
344103,0,0,0.0
396536,0,1,1.0
320231,0,0,0.0
435348,0,0,0.0
401877,1,0,0.0
236083,0,0,0.0
218332,1,0,0.0
416686,0,0,0.0
245456,0,0,0.0
379008,1,0,0.0
372640,0,0,0.0
291706,0,0,0.0
428844,0,0,0.0
411064,0,0,0.0
429621,0,0,0.0
174569,0,0,0.0
405639,0,0,0.0
310404,0,1,1.0
116332,0,0,0.0
253286,0,0,0.0
347180,0,0,0.0
267844,0,0,0.0
212388,0,0,0.0
337193,0,0,0.0
396142,0,0,0.0
348301,0,0,0.0
382831,0,0,0.0
183099,0,0,0.0
131772,0,1,1.0
162505,0,0,0.0
140055,0,0,0.0
314174,0,0,0.0
307251,0,0,0.0
322945,0,0,0.0
200622,1,1,1.0
288487,0,0,0.0
296146,0,0,0.0
320622,0,0,0.0
360376,0,0,0.0
452129,0,0,0.0
304065,0,0,0.0
337583,0,0,0.0
284281,0,0,0.0
390950,0,0,0.0
373762,0,0,0.0
439324,0,0,0.0
392836,0,0,0.0
195770,0,0,0.0
453640,0,0,0.0
284671,0,0,0.0
345728,0,0,0.0
302548,0,0,0.0
267888,0,0,0.0
104143,0,0,0.0
455580,0,0,0.0
338410,0,0,0.0
359321,0,1,1.0
185021,0,0,0.0
239487,0,0,0.0
197131,0,0,0.0
444544,0,0,0.0
332923,0,0,0.0
173132,0,0,0.0
164729,0,0,0.0
281414,0,0,0.0
231567,0,1,1.0
239156,0,1,1.0
256396,0,1,1.0
110222,0,0,0.0
304853,0,0,0.0
338748,0,0,0.0
362576,0,0,0.0
301681,0,1,1.0
262050,0,0,0.0
271015,0,0,0.0
431164,0,0,0.0
219072,0,0,0.0
330239,0,0,0.0
436682,0,1,1.0
396344,0,0,0.0
411105,0,0,0.0
327430,0,0,0.0
437714,1,0,0.0
335493,0,0,0.0
233002,0,0,0.0
253426,0,0,0.0
232021,0,0,0.0
365506,0,0,0.0
373025,0,0,0.0
206658,0,0,0.0
142520,0,0,0.0
146776,0,0,0.0
179995,1,0,0.0
358545,0,0,0.0
446231,0,0,0.0
112111,0,0,0.0
298838,0,0,0.0
108043,0,0,0.0
375925,0,0,0.0
221056,0,0,0.0
354834,0,0,0.0
173119,0,0,0.0
358391,0,0,0.0
447022,0,0,0.0
441605,0,0,0.0
314108,0,0,0.0
444784,0,0,0.0
142946,0,0,0.0
304701,0,0,0.0
346325,1,1,1.0
418451,0,0,0.0
232417,0,0,0.0
188537,0,0,0.0
234112,0,0,0.0
137547,0,1,1.0
421439,1,0,0.0
362713,0,0,0.0
223415,1,0,0.0
386478,1,0,0.0
163790,0,1,1.0
255821,0,0,0.0
134816,0,0,0.0
388117,0,0,0.0
451452,0,0,0.0
403366,0,0,0.0
157921,0,0,0.0
229003,0,1,1.0
105977,0,0,0.0
282000,0,0,0.0
425750,0,1,1.0
297851,0,0,0.0
325933,0,0,0.0
275253,0,0,0.0
158819,0,0,0.0
344985,1,1,1.0
144856,0,0,0.0
411987,0,0,0.0
300716,0,0,0.0
349580,0,0,0.0
270092,0,0,0.0
280105,0,0,0.0
185057,0,0,0.0
391930,0,0,0.0
227698,0,0,0.0
290631,0,0,0.0
186477,0,0,0.0
261810,0,0,0.0
319353,0,0,0.0
442747,0,0,0.0
224684,0,0,0.0
170265,0,0,0.0
398063,0,0,0.0
170738,0,0,0.0
373199,0,1,1.0
437665,0,0,0.0
132418,0,0,0.0
452438,0,0,0.0
231996,0,0,0.0
215749,0,0,0.0
304340,0,0,0.0
310522,0,0,0.0
436604,0,0,0.0
120123,0,1,1.0
278942,0,0,0.0
219075,0,0,0.0
314582,0,0,0.0
263832,0,1,1.0
245544,0,0,0.0
139101,0,0,0.0
283175,0,0,0.0
116401,0,0,0.0
191119,0,0,0.0
237614,0,0,0.0
130778,0,0,0.0
103434,0,0,0.0
243736,0,1,1.0
200301,0,0,0.0
416099,0,0,0.0
313939,0,0,0.0
270592,0,0,0.0
307305,0,1,1.0
211254,0,0,0.0
265175,0,0,0.0
167945,0,1,1.0
186880,0,0,0.0
266515,0,0,0.0
403835,0,0,0.0
413429,0,0,0.0
452532,1,1,1.0
208698,0,0,0.0
129563,0,0,0.0
137749,0,0,0.0
423686,0,0,0.0
259659,0,0,0.0
415633,0,1,1.0
215881,0,0,0.0
114228,0,0,0.0
242168,0,0,0.0
294976,0,1,1.0
294133,0,0,0.0
278268,0,1,1.0
282501,0,0,0.0
229159,0,0,0.0
188796,0,0,0.0
316822,1,0,0.0
117388,0,0,0.0
353944,0,0,0.0
151891,0,0,0.0
232700,0,1,1.0
278721,0,0,0.0
145456,0,0,0.0
383736,0,0,0.0
178613,0,0,0.0
427087,0,0,0.0
214591,0,0,0.0
424028,1,0,0.0
225308,0,0,0.0
252944,0,0,0.0
199080,0,0,0.0
130291,1,0,0.0
338723,0,0,0.0
399557,0,1,1.0
194508,0,0,0.0
355890,0,0,0.0
358345,0,0,0.0
234279,0,0,0.0
401417,0,0,0.0
328876,0,0,0.0
294455,0,0,0.0
399330,0,0,0.0
175355,0,0,0.0
198685,0,0,0.0
430821,0,0,0.0
128353,0,0,0.0
320071,0,0,0.0
415582,0,0,0.0
326069,0,1,1.0
420169,0,0,0.0
258321,0,0,0.0
347497,0,0,0.0
149258,0,0,0.0
325348,0,0,0.0
150910,0,0,0.0
318005,0,0,0.0
382083,0,0,0.0
354667,0,0,0.0
443620,0,1,1.0
262147,0,0,0.0
162186,0,0,0.0
322243,0,0,0.0
145823,0,0,0.0
404339,0,0,0.0
304331,0,0,0.0
283301,0,0,0.0
253069,0,0,0.0
446351,0,0,0.0
274388,0,0,0.0
172089,1,0,0.0
343232,0,0,0.0
219428,1,0,0.0
310618,0,0,0.0
330774,1,0,0.0
423273,0,0,0.0
430999,0,0,0.0
245515,0,0,0.0
132185,0,0,0.0
147389,0,0,0.0
202578,0,0,0.0
211412,0,0,0.0
444805,0,0,0.0
372562,0,0,0.0
252909,0,1,1.0
289361,0,0,0.0
365741,0,0,0.0
165077,0,0,0.0
101037,0,0,0.0
307568,0,0,0.0
415027,0,0,0.0
225015,1,0,0.0
197647,0,1,1.0
437369,0,0,0.0
209156,0,1,1.0
382724,0,0,0.0
348277,0,0,0.0
229371,0,0,0.0
291829,0,0,0.0
127296,1,0,0.0
138301,0,1,1.0
395043,0,0,0.0
327441,1,0,0.0
261413,0,0,0.0
163149,0,0,0.0
113515,0,0,0.0
332376,0,0,0.0
228058,0,0,0.0
262223,1,0,0.0
316508,0,0,0.0
128243,0,0,0.0
452854,0,0,0.0
448925,0,0,0.0
284947,0,0,0.0
137499,1,0,0.0
124323,0,0,0.0
371728,0,0,0.0
153462,0,1,1.0
379972,0,1,1.0
429908,0,0,0.0
192241,0,0,0.0
410468,0,0,0.0
299846,0,0,0.0
233637,0,0,0.0
441323,0,0,0.0
313093,0,0,0.0
410514,0,1,1.0
115676,0,0,0.0
432101,0,0,0.0
106042,0,0,0.0
235278,0,0,0.0
128936,1,0,0.0
253137,0,1,1.0
430399,0,1,1.0
290381,0,0,0.0
451008,0,0,0.0
171042,0,0,0.0
188236,0,0,0.0
359531,0,0,0.0
303849,0,0,0.0
334132,0,0,0.0
269723,0,0,0.0
425056,0,0,0.0
238158,0,0,0.0
178257,0,0,0.0
389201,0,0,0.0
444768,0,0,0.0
283653,0,1,1.0
433321,0,1,1.0
269400,0,0,0.0
264158,0,0,0.0
116251,0,0,0.0
345845,0,0,0.0
396484,0,0,0.0
343815,0,0,0.0
435150,0,0,0.0
440097,1,0,0.0
366943,0,0,0.0
277999,0,0,0.0
230358,0,0,0.0
350666,0,0,0.0
354281,0,0,0.0
212020,0,0,0.0
406638,0,0,0.0
379263,0,0,0.0
295448,0,1,1.0
342229,0,0,0.0
421744,0,0,0.0
433590,0,0,0.0
265465,0,0,0.0
213860,0,0,0.0
444756,0,0,0.0
443834,0,0,0.0
388006,0,1,1.0
403741,0,0,0.0
263159,0,1,1.0
292376,0,0,0.0
386214,0,0,0.0
119571,0,0,0.0
263502,0,0,0.0
184336,0,0,0.0
164796,0,0,0.0
173877,0,0,0.0
440640,1,0,0.0
123270,0,1,1.0
101076,1,0,0.0
256996,0,0,0.0
173873,0,0,0.0
303159,0,0,0.0
295672,0,0,0.0
226620,0,0,0.0
284418,0,0,0.0
291896,0,0,0.0
378165,1,0,0.0
175186,0,1,1.0
325483,0,0,0.0
318811,0,0,0.0
399922,1,0,0.0
200295,0,1,1.0
407667,1,0,0.0
223215,0,0,0.0
387445,0,0,0.0
275846,0,0,0.0
395428,0,0,0.0
100461,0,0,0.0
198032,0,0,0.0
134031,0,0,0.0
269073,0,0,0.0
386371,0,0,0.0
450153,0,0,0.0
184661,0,0,0.0
348474,0,0,0.0
244385,0,0,0.0
390873,0,0,0.0
135770,0,1,1.0
123407,0,0,0.0
323490,0,0,0.0
449379,0,0,0.0
255971,0,0,0.0
275722,1,0,0.0
406785,0,0,0.0
192134,0,0,0.0
406101,0,0,0.0
358723,0,0,0.0
105519,0,0,0.0
207516,1,1,1.0
162529,0,0,0.0
448648,0,0,0.0
185722,0,0,0.0
200699,1,0,0.0
291228,0,0,0.0
266298,0,0,0.0
227567,0,1,1.0
288376,0,0,0.0
284768,0,0,0.0
130007,0,0,0.0
138532,0,0,0.0
326881,0,0,0.0
344512,0,0,0.0
336448,0,0,0.0
212031,0,0,0.0
233336,0,0,0.0
186941,1,0,0.0
114825,0,0,0.0
379400,0,0,0.0
417215,0,0,0.0
331291,0,0,0.0
296386,0,0,0.0
338280,0,0,0.0
320669,0,0,0.0
164595,0,0,0.0
405221,0,0,0.0
374934,0,0,0.0
190628,0,0,0.0
401076,0,0,0.0
270505,0,1,1.0
151030,0,0,0.0
139087,0,0,0.0
207486,1,0,0.0
401329,0,0,0.0
161943,0,1,1.0
175828,0,0,0.0
222008,0,0,0.0
345911,0,0,0.0
408676,0,0,0.0
332739,0,0,0.0
257273,0,1,1.0
141007,0,0,0.0
149478,0,0,0.0
413722,0,0,0.0
199635,0,0,0.0
392119,0,0,0.0
262919,0,0,0.0
233558,0,0,0.0
370642,0,0,0.0
280025,0,0,0.0
190444,0,0,0.0
447134,0,0,0.0
215550,1,0,0.0
440144,0,0,0.0
163733,0,0,0.0
284306,0,0,0.0
428089,0,0,0.0
178327,0,1,1.0
419209,0,1,1.0
425282,0,0,0.0
365607,0,0,0.0
240669,0,0,0.0
398673,0,0,0.0
163958,0,0,0.0
445811,0,0,0.0
308352,0,1,1.0
170943,1,0,0.0
136129,0,0,0.0
304075,0,0,0.0
259173,0,0,0.0
148167,0,0,0.0
104695,0,0,0.0
353362,0,0,0.0
388375,0,0,0.0
396359,0,0,0.0
310802,0,0,0.0
361240,0,0,0.0
106816,0,0,0.0
188400,0,0,0.0
101966,0,0,0.0
449422,0,0,0.0
316597,0,0,0.0
369849,0,0,0.0
408141,1,0,0.0
374408,0,0,0.0
354799,0,0,0.0
239872,0,0,0.0
283082,0,0,0.0
281720,0,1,1.0
360662,0,0,0.0
200852,0,0,0.0
122448,0,0,0.0
122601,0,0,0.0
133478,0,0,0.0
135238,0,0,0.0
403506,0,0,0.0
375355,0,1,1.0
373670,0,0,0.0
125501,0,0,0.0
296148,0,0,0.0
368804,0,0,0.0
228095,0,0,0.0
186722,0,0,0.0
158996,0,0,0.0
447804,0,0,0.0
384478,0,0,0.0
299401,1,0,0.0
236781,0,0,0.0
347414,0,0,0.0
405459,0,0,0.0
125298,0,0,0.0
421540,0,0,0.0
399034,0,0,0.0
175989,0,0,0.0
103049,0,0,0.0
455457,0,0,0.0
129593,0,0,0.0
296344,0,0,0.0
234887,0,0,0.0
411782,0,0,0.0
194964,0,0,0.0
440663,0,0,0.0
314802,0,0,0.0
224965,0,0,0.0
381843,0,1,1.0
166562,0,0,0.0
239445,0,0,0.0
272662,0,0,0.0
352946,0,0,0.0
367267,1,0,0.0
395702,0,0,0.0
343113,0,0,0.0
314474,0,0,0.0
343127,0,0,0.0
425009,0,0,0.0
123172,0,0,0.0
109115,0,0,0.0
171449,0,0,0.0
248213,0,0,0.0
352855,0,0,0.0
179218,0,0,0.0
202865,0,0,0.0
121887,0,0,0.0
277189,0,0,0.0
159211,0,0,0.0
241641,0,0,0.0
377983,0,0,0.0
194541,0,0,0.0
316788,1,0,0.0
240814,0,0,0.0
410496,0,0,0.0
373338,0,0,0.0
377164,0,0,0.0
412028,1,0,0.0
234051,0,0,0.0
149682,0,0,0.0
389715,0,0,0.0
450480,0,0,0.0
394572,0,0,0.0
133002,0,0,0.0
357975,0,0,0.0
422882,0,0,0.0
121297,0,0,0.0
265728,0,0,0.0
214596,0,0,0.0
237288,0,0,0.0
450805,0,0,0.0
176165,0,0,0.0
347339,0,0,0.0
188638,0,0,0.0
334093,0,0,0.0
261874,0,0,0.0
212766,0,0,0.0
220054,0,0,0.0
254386,0,0,0.0
163904,0,0,0.0
152441,0,0,0.0
434162,0,0,0.0
227620,0,1,1.0
392898,0,0,0.0
388971,0,0,0.0
317714,0,0,0.0
423637,0,0,0.0
124645,0,0,0.0
394330,0,0,0.0
284646,0,0,0.0
276268,0,0,0.0
179867,1,0,0.0
333246,0,0,0.0
210486,0,0,0.0
349396,0,0,0.0
114806,0,0,0.0
109913,0,1,1.0
102199,0,0,0.0
387663,0,0,0.0
406753,0,0,0.0
232662,0,0,0.0
138260,0,0,0.0
403219,0,1,1.0
267420,0,0,0.0
210652,0,0,0.0
177970,1,0,0.0
281411,0,0,0.0
242573,0,1,1.0
325249,0,0,0.0
335895,0,0,0.0
345748,0,0,0.0
163139,0,0,0.0
418813,0,0,0.0
328792,0,0,0.0
363749,0,0,0.0
289369,0,0,0.0
156193,0,0,0.0
231151,0,0,0.0
124643,0,0,0.0
313256,0,1,1.0
208909,0,0,0.0
366292,0,0,0.0
232486,0,1,1.0
382160,0,0,0.0
279843,0,0,0.0
126342,0,1,1.0
376380,0,0,0.0
342758,0,0,0.0
257398,0,0,0.0
185916,0,0,0.0
455983,1,0,0.0
156280,0,0,0.0
389449,1,1,1.0
426383,0,0,0.0
143449,0,0,0.0
382533,0,0,0.0
376232,1,0,0.0
289578,0,0,0.0
455416,0,0,0.0
128219,0,0,0.0
241953,0,0,0.0
347269,0,1,1.0
125510,0,0,0.0
290803,0,0,0.0
287970,0,0,0.0
100957,0,0,0.0
412584,0,0,0.0
306131,0,0,0.0
100806,0,0,0.0
119380,0,0,0.0
246741,0,0,0.0
361871,0,1,1.0
153579,0,0,0.0
110992,1,0,0.0
161956,0,0,0.0
389908,1,1,1.0
419719,0,0,0.0
261638,0,0,0.0
316440,0,0,0.0
109296,0,0,0.0
115467,0,1,1.0
181686,1,1,1.0
191730,0,1,1.0
214870,1,0,0.0
292435,1,0,0.0
177011,0,1,1.0
238260,0,0,0.0
409888,0,0,0.0
435109,0,0,0.0
129348,0,0,0.0
119506,0,0,0.0
400692,0,0,0.0
198233,0,0,0.0
433136,0,0,0.0
287711,0,0,0.0
406588,0,1,1.0
243001,0,0,0.0
299217,0,0,0.0
317163,0,0,0.0
240499,0,0,0.0
379399,0,0,0.0
249129,0,0,0.0
429050,0,0,0.0
227479,0,0,0.0
142030,0,0,0.0
168818,0,0,0.0
287219,0,0,0.0
201515,0,0,0.0
375524,0,0,0.0
137017,0,0,0.0
218285,0,0,0.0
436670,0,0,0.0
394485,0,0,0.0
444478,0,0,0.0
131289,0,1,1.0
325881,0,0,0.0
420572,0,1,1.0
414230,0,0,0.0
371976,0,0,0.0
168109,0,0,0.0
219724,0,0,0.0
452964,0,0,0.0
315204,0,0,0.0
449764,0,0,0.0
325187,0,0,0.0
245300,0,0,0.0
344773,0,0,0.0
377433,0,0,0.0
381616,0,1,1.0
292155,0,0,0.0
214927,0,0,0.0
269296,1,0,0.0
246193,0,0,0.0
444250,0,0,0.0
122650,0,0,0.0
217098,0,0,0.0
223918,1,0,0.0
124885,0,0,0.0
435080,0,0,0.0
359348,0,0,0.0
409096,0,1,1.0
454366,0,0,0.0
242506,0,0,0.0
331704,0,0,0.0
335416,0,0,0.0
261446,0,0,0.0
376511,0,0,0.0
112925,0,0,0.0
102343,0,0,0.0
174251,0,0,0.0
304899,0,0,0.0
371301,0,0,0.0
198575,0,0,0.0
173122,0,0,0.0
271073,0,1,1.0
108379,0,0,0.0
371842,0,0,0.0
243222,0,0,0.0
164606,1,0,0.0
225445,0,0,0.0
228373,0,0,0.0
201361,1,0,0.0
409403,0,0,0.0
412792,0,0,0.0
184753,0,0,0.0
237507,1,0,0.0
452314,0,0,0.0
236972,0,0,0.0
100464,0,0,0.0
435967,0,0,0.0
397400,0,0,0.0
137663,0,0,0.0
398610,0,0,0.0
445219,0,0,0.0
260669,0,0,0.0
290793,0,0,0.0
273281,0,0,0.0
218004,0,0,0.0
197052,0,1,1.0
152316,0,0,0.0
290238,1,0,0.0
202364,0,0,0.0
204978,0,0,0.0
147962,0,0,0.0
304634,0,0,0.0
424749,0,1,1.0
195651,0,0,0.0
423870,0,0,0.0
158995,0,0,0.0
247193,0,0,0.0
129333,0,0,0.0
342493,1,0,0.0
288994,0,0,0.0
108376,0,0,0.0
304652,0,0,0.0
448673,0,0,0.0
396034,0,0,0.0
162884,0,0,0.0
281683,1,0,0.0
258048,0,0,0.0
261553,1,0,0.0
437543,0,0,0.0
402916,0,0,0.0
282872,0,0,0.0
109318,0,0,0.0
328103,0,0,0.0
128459,0,0,0.0
191960,0,0,0.0
267901,0,0,0.0
210556,0,0,0.0
311964,0,0,0.0
380614,0,0,0.0
329884,0,1,1.0
369530,0,0,0.0
391821,1,0,0.0
137182,0,0,0.0
155732,0,0,0.0
206029,0,0,0.0
315096,0,0,0.0
329068,0,0,0.0
399565,0,0,0.0
322215,0,1,1.0
180993,0,0,0.0
381779,0,0,0.0
132783,0,0,0.0
160267,0,0,0.0
312079,0,0,0.0
219625,0,0,0.0
231328,0,0,0.0
204913,0,0,0.0
445677,0,0,0.0
285286,0,0,0.0
307463,0,1,1.0
126782,0,0,0.0
423390,0,0,0.0
353909,0,1,1.0
123326,0,0,0.0
176724,0,0,0.0
157262,0,1,1.0
213053,0,1,1.0
227192,0,1,1.0
145979,0,0,0.0
218189,1,0,0.0
112180,0,0,0.0
435688,0,0,0.0
418870,1,1,1.0
445901,0,0,0.0
261415,0,0,0.0
414642,0,0,0.0
285645,0,0,0.0
445199,0,0,0.0
240956,1,0,0.0
233599,0,1,1.0
368265,0,0,0.0
416639,0,0,0.0
289046,0,0,0.0
271942,0,0,0.0
384328,0,0,0.0
261093,0,0,0.0
172808,0,0,0.0
276304,0,0,0.0
403528,0,0,0.0
247926,0,1,1.0
244394,0,0,0.0
345201,0,0,0.0
176424,0,0,0.0
450738,0,0,0.0
409933,1,1,1.0
380916,0,0,0.0
227581,1,1,1.0
400061,0,0,0.0
174155,0,0,0.0
147652,0,0,0.0
166479,0,0,0.0
272932,0,0,0.0
134358,0,0,0.0
127235,0,0,0.0
175844,0,0,0.0
144747,1,0,0.0
335541,0,0,0.0
205774,1,0,0.0
183074,0,0,0.0
109966,0,0,0.0
231555,0,0,0.0
407027,0,0,0.0
287411,1,0,0.0
252740,0,1,1.0
149184,0,0,0.0
446144,0,0,0.0
187161,0,0,0.0
226578,0,0,0.0
222174,0,0,0.0
426951,0,0,0.0
329976,0,0,0.0
392217,0,1,1.0
246334,0,0,0.0
381395,0,0,0.0
429611,0,0,0.0
155621,0,0,0.0
240683,0,0,0.0
394184,0,0,0.0
434969,0,1,1.0
306103,0,0,0.0
303943,0,0,0.0
105187,0,0,0.0
194698,0,0,0.0
301587,0,0,0.0
294110,0,0,0.0
332823,0,0,0.0
184482,0,0,0.0
425274,0,0,0.0
358922,0,0,0.0
358686,0,0,0.0
433127,0,0,0.0
129808,0,0,0.0
288541,0,0,0.0
175164,0,1,1.0
171840,0,0,0.0
274956,0,0,0.0
358919,0,0,0.0
290184,0,0,0.0
417686,0,0,0.0
331688,0,0,0.0
396898,0,0,0.0
405902,1,0,0.0
369786,0,0,0.0
215689,0,0,0.0
410243,0,0,0.0
434304,0,0,0.0
212742,0,0,0.0
283626,0,1,1.0
129156,0,0,0.0
144606,0,0,0.0
177086,0,0,0.0
173042,0,0,0.0
196668,0,0,0.0
414521,0,0,0.0
119351,0,1,1.0
134614,0,0,0.0
284713,0,0,0.0
121154,0,0,0.0
399501,0,0,0.0
129035,0,0,0.0
379676,0,0,0.0
134998,0,0,0.0
301064,0,0,0.0
218314,0,0,0.0
370189,0,1,1.0
355505,0,1,1.0
275712,0,0,0.0
175282,0,0,0.0
348281,0,0,0.0
222727,0,0,0.0
192667,0,0,0.0
379041,0,0,0.0
423470,0,0,0.0
268389,0,0,0.0
425761,0,0,0.0
211791,0,0,0.0
237430,0,0,0.0
106376,0,0,0.0
240124,0,0,0.0
137389,0,0,0.0
262754,1,1,1.0
116649,0,0,0.0
172274,0,0,0.0
414576,0,1,1.0
345463,0,0,0.0
407406,0,0,0.0
170930,0,0,0.0
199892,0,0,0.0
231164,0,0,0.0
339723,0,0,0.0
153784,0,0,0.0
316795,0,0,0.0
337279,0,0,0.0
369134,0,0,0.0
268222,0,0,0.0
440354,0,0,0.0
285895,0,0,0.0
288910,0,0,0.0
281237,0,0,0.0
182493,0,0,0.0
359651,0,0,0.0
265169,0,0,0.0
428835,0,0,0.0
155544,0,0,0.0
373119,0,0,0.0
392033,0,0,0.0
270730,0,0,0.0
406933,0,1,1.0
117071,0,0,0.0
354253,0,0,0.0
310059,0,0,0.0
363808,0,0,0.0
274064,0,0,0.0
286681,0,0,0.0
253570,0,0,0.0
216322,0,0,0.0
390461,0,0,0.0
350897,0,0,0.0
337804,0,0,0.0
155211,0,0,0.0
298998,0,0,0.0
267856,0,0,0.0
350824,0,1,1.0
348366,0,0,0.0
386966,0,0,0.0
416646,0,0,0.0
165192,0,0,0.0
168919,0,0,0.0
405369,0,0,0.0
180602,0,1,1.0
122588,0,0,0.0
131544,1,0,0.0
303506,0,0,0.0
385789,0,0,0.0
180815,0,0,0.0
151550,0,0,0.0
157228,0,0,0.0
260255,0,0,0.0
182162,0,0,0.0
177186,0,0,0.0
248908,0,0,0.0
103138,0,0,0.0
290641,0,0,0.0
442210,0,0,0.0
194302,0,0,0.0
207546,0,0,0.0
102222,0,0,0.0
264490,0,0,0.0
282190,0,0,0.0
190247,0,0,0.0
107676,0,0,0.0
392720,0,0,0.0
264600,0,0,0.0
329286,0,0,0.0
195393,1,0,0.0
301564,0,0,0.0
118007,0,0,0.0
411272,0,1,1.0
443248,0,0,0.0
276983,0,0,0.0
282651,0,1,1.0
136202,0,0,0.0
169093,0,0,0.0
449063,0,0,0.0
301890,0,0,0.0
153771,0,1,1.0
312205,0,0,0.0
366299,0,0,0.0
390682,0,0,0.0
199376,0,0,0.0
367388,0,0,0.0
442492,0,0,0.0
337323,0,0,0.0
437405,0,0,0.0
385446,1,0,0.0
239131,0,0,0.0
191284,0,0,0.0
168848,0,0,0.0
414643,0,1,1.0
430669,1,0,0.0
449907,0,0,0.0
241400,0,0,0.0
160651,0,0,0.0
234597,1,0,0.0
196813,0,0,0.0
349112,0,0,0.0
377042,0,0,0.0
117595,0,0,0.0
311259,0,0,0.0
411545,1,1,1.0
290603,0,0,0.0
400502,0,0,0.0
433708,0,0,0.0
287834,0,0,0.0
249388,0,0,0.0
206400,0,0,0.0
251203,0,0,0.0
129655,0,0,0.0
184571,0,0,0.0
267206,0,0,0.0
144285,0,0,0.0
100759,0,0,0.0
397487,0,0,0.0
219491,0,0,0.0
419001,0,0,0.0
174905,0,0,0.0
348102,1,0,0.0
456235,0,0,0.0
186607,0,0,0.0
161275,0,0,0.0
392083,0,0,0.0
181920,1,0,0.0
200073,0,0,0.0
454480,0,0,0.0
102280,0,0,0.0
130667,1,0,0.0
455447,0,0,0.0
179778,0,0,0.0
341152,0,0,0.0
225028,0,0,0.0
414461,0,0,0.0
282268,0,0,0.0
262664,0,0,0.0
301003,0,0,0.0
295303,0,0,0.0
134604,0,0,0.0
226994,0,0,0.0
170399,1,0,0.0
312521,0,0,0.0
171680,0,0,0.0
283697,0,0,0.0
284082,0,0,0.0
253093,0,0,0.0
147015,0,1,1.0
198574,0,0,0.0
188299,0,0,0.0
261991,0,0,0.0
192306,0,0,0.0
167292,0,0,0.0
141267,0,0,0.0
342208,0,0,0.0
305189,0,0,0.0
395927,0,0,0.0
455722,0,0,0.0
156184,0,1,1.0
154563,0,0,0.0
323238,0,1,1.0
312921,0,0,0.0
315975,0,1,1.0
392635,0,0,0.0
309981,0,0,0.0
421526,1,0,0.0
145396,1,0,0.0
347273,0,0,0.0
150137,0,0,0.0
389157,0,0,0.0
271640,0,0,0.0
308654,0,0,0.0
391605,0,0,0.0
265063,0,0,0.0
288308,0,0,0.0
178042,0,0,0.0
125708,0,0,0.0
295111,1,0,0.0
167963,0,0,0.0
430873,1,1,1.0
320917,0,0,0.0
209289,0,0,0.0
385825,0,1,1.0
176589,0,0,0.0
291717,0,0,0.0
326635,0,0,0.0
439605,0,0,0.0
282602,0,0,0.0
273094,0,0,0.0
103149,0,0,0.0
381331,1,0,0.0
248082,0,0,0.0
371039,0,0,0.0
229780,0,0,0.0
159600,0,0,0.0
285642,0,0,0.0
215717,0,0,0.0
193219,0,0,0.0
285060,0,0,0.0
370211,0,0,0.0
229970,0,0,0.0
339555,0,0,0.0
379164,0,0,0.0
351498,0,0,0.0
436911,0,1,1.0
281087,0,0,0.0
386754,0,0,0.0
213444,0,0,0.0
229428,0,0,0.0
215188,0,1,1.0
405189,0,0,0.0
399094,0,0,0.0
445436,0,0,0.0
253140,0,0,0.0
198217,0,0,0.0
145878,0,0,0.0
242470,0,0,0.0
420161,0,0,0.0
291932,0,0,0.0
133039,0,0,0.0
446783,0,1,1.0
155784,0,1,1.0
339557,0,0,0.0
210726,0,0,0.0
300386,0,0,0.0
120293,0,0,0.0
275191,0,0,0.0
371316,0,0,0.0
240552,0,0,0.0
148786,0,0,0.0
442273,0,1,1.0
330117,0,0,0.0
234794,0,0,0.0
360303,0,0,0.0
315034,0,0,0.0
226359,0,0,0.0
231482,0,1,1.0
205159,0,0,0.0
296694,0,0,0.0
331774,0,0,0.0
240535,0,0,0.0
207010,0,1,1.0
264392,0,0,0.0
454487,0,0,0.0
176719,1,0,0.0
173150,0,0,0.0
290957,0,1,1.0
340680,0,0,0.0
392235,0,0,0.0
226039,0,0,0.0
237258,0,0,0.0
453464,0,0,0.0
198543,0,0,0.0
311018,0,0,0.0
436288,1,1,1.0
142325,0,0,0.0
373094,1,0,0.0
124452,0,0,0.0
305801,0,0,0.0
110073,0,0,0.0
175258,1,0,0.0
365446,0,0,0.0
166794,0,0,0.0
415501,0,0,0.0
412196,0,0,0.0
297412,1,1,1.0
262624,1,0,0.0
221620,0,0,0.0
415157,0,0,0.0
195583,0,0,0.0
348845,0,0,0.0
414778,0,0,0.0
129055,0,0,0.0
398040,0,0,0.0
451668,0,0,0.0
356711,0,0,0.0
179604,0,0,0.0
311909,0,0,0.0
376936,0,0,0.0
403487,0,0,0.0
263707,0,0,0.0
391142,0,0,0.0
311707,0,0,0.0
271587,0,0,0.0
218780,0,0,0.0
371889,0,0,0.0
455905,0,0,0.0
404962,0,0,0.0
137473,0,0,0.0
138825,0,0,0.0
208868,0,0,0.0
201848,0,0,0.0
353025,0,0,0.0
397354,0,0,0.0
160927,0,1,1.0
350588,0,0,0.0
231631,0,0,0.0
413738,0,0,0.0
149150,0,0,0.0
121049,0,0,0.0
208271,0,0,0.0
100198,0,0,0.0
316826,0,0,0.0
440981,0,0,0.0
157870,0,0,0.0
281244,0,0,0.0
440230,0,0,0.0
342386,0,0,0.0
148117,0,0,0.0
396718,0,0,0.0
422418,0,1,1.0
225711,0,0,0.0
370769,0,0,0.0
348813,0,0,0.0
144120,0,0,0.0
220579,0,0,0.0
326321,0,0,0.0
217677,0,0,0.0
249414,1,0,0.0
111923,0,0,0.0
122470,0,0,0.0
292277,1,0,0.0
104453,0,1,1.0
391112,0,0,0.0
232829,0,0,0.0
184380,0,0,0.0
258420,0,1,1.0
140500,0,0,0.0
364142,0,0,0.0
284250,0,0,0.0
161274,0,0,0.0
168337,1,0,0.0
139006,0,0,0.0
296552,0,0,0.0
136692,0,0,0.0
228812,0,0,0.0
132613,0,0,0.0
400747,0,0,0.0
396841,0,0,0.0
147903,1,0,0.0
104148,0,0,0.0
441698,0,0,0.0
282323,0,0,0.0
116183,0,0,0.0
332239,0,0,0.0
187360,0,0,0.0
350289,0,0,0.0
202806,0,0,0.0
119244,0,0,0.0
122344,0,0,0.0
181692,0,0,0.0
390599,0,0,0.0
393494,0,0,0.0
244054,0,0,0.0
363327,0,0,0.0
343553,0,1,1.0
103809,0,0,0.0
346571,0,0,0.0
338745,0,0,0.0
231592,0,0,0.0
419009,0,0,0.0
275928,0,1,1.0
161423,0,0,0.0
343674,0,0,0.0
375942,0,1,1.0
157971,1,1,1.0
228287,0,0,0.0
130582,0,0,0.0
183885,0,0,0.0
411946,0,0,0.0
226751,0,0,0.0
335024,0,0,0.0
117346,0,0,0.0
207992,0,0,0.0
367866,0,0,0.0
187592,0,0,0.0
250590,0,0,0.0
377960,0,0,0.0
215119,0,0,0.0
154102,0,0,0.0
366866,0,0,0.0
226822,1,0,0.0
362398,0,0,0.0
392098,0,0,0.0
311757,0,0,0.0
307273,0,0,0.0
263011,0,0,0.0
242529,0,0,0.0
450985,0,0,0.0
370270,1,0,0.0
339145,0,0,0.0
223094,0,0,0.0
116393,0,0,0.0
330859,0,0,0.0
197421,0,1,1.0
328575,0,0,0.0
363962,0,0,0.0
399190,1,0,0.0
146746,0,0,0.0
267517,0,0,0.0
240065,0,0,0.0
208607,0,0,0.0
160357,0,0,0.0
117825,0,0,0.0
112196,0,0,0.0
110756,0,0,0.0
364531,0,0,0.0
286733,0,0,0.0
356735,0,1,1.0
384568,0,0,0.0
131508,0,0,0.0
160516,1,0,0.0
399456,0,0,0.0
209501,0,0,0.0
233487,0,0,0.0
421053,0,1,1.0
126813,0,0,0.0
216908,0,0,0.0
328929,0,0,0.0
249098,0,0,0.0
281010,0,0,0.0
112779,0,0,0.0
113216,0,0,0.0
409592,0,0,0.0
225435,0,0,0.0
103653,0,0,0.0
175980,0,0,0.0
329834,0,0,0.0
254905,1,1,1.0
159283,0,0,0.0
382660,1,0,0.0
327611,0,0,0.0
241761,0,0,0.0
313238,0,1,1.0
156619,0,0,0.0
161401,0,0,0.0
127340,1,0,0.0
106479,0,0,0.0
160474,0,0,0.0
396927,0,0,0.0
352309,0,0,0.0
192254,0,0,0.0
173209,0,0,0.0
255127,0,0,0.0
161879,0,1,1.0
262325,0,0,0.0
340140,0,0,0.0
187727,0,0,0.0
166730,0,0,0.0
399070,0,0,0.0
447619,0,0,0.0
203058,0,0,0.0
249127,0,0,0.0
183961,1,0,0.0
217937,0,0,0.0
328833,0,0,0.0
153261,0,0,0.0
208749,0,0,0.0
101494,0,0,0.0
300888,0,0,0.0
170092,0,0,0.0
377746,0,0,0.0
446914,0,0,0.0
325636,0,0,0.0
379858,0,0,0.0
128276,0,0,0.0
414214,0,0,0.0
410873,0,0,0.0
349885,0,0,0.0
325930,0,0,0.0
260401,0,0,0.0
452307,0,0,0.0
312227,0,0,0.0
366702,0,0,0.0
268536,0,0,0.0
149509,0,0,0.0
392901,0,1,1.0
237230,0,0,0.0
412453,0,0,0.0
314751,1,0,0.0
454451,0,0,0.0
123388,0,0,0.0
322317,0,0,0.0
132278,0,0,0.0
298975,0,0,0.0
398387,0,0,0.0
264446,0,0,0.0
249252,0,0,0.0
230694,0,0,0.0
127097,0,0,0.0
233354,0,0,0.0
186266,0,0,0.0
244012,0,0,0.0
330854,0,1,1.0
432909,0,0,0.0
172153,0,0,0.0
144147,0,0,0.0
449071,0,0,0.0
127261,0,0,0.0
452565,0,0,0.0
452834,0,0,0.0
130681,0,0,0.0
382072,0,0,0.0
421194,1,0,0.0
366934,0,0,0.0
185371,0,0,0.0
368318,0,0,0.0
301211,0,0,0.0
315467,0,0,0.0
126001,0,0,0.0
157946,0,0,0.0
236615,0,0,0.0
378591,0,0,0.0
259931,0,0,0.0
256267,1,0,0.0
256581,1,1,1.0
177591,0,0,0.0
284516,0,0,0.0
254268,0,0,0.0
110116,0,0,0.0
276341,0,0,0.0
281479,0,1,1.0
347500,0,0,0.0
145267,0,0,0.0
375149,1,0,0.0
104103,0,0,0.0
239551,0,0,0.0
428099,0,0,0.0
273090,0,0,0.0
424403,1,0,0.0
218283,1,0,0.0
195277,0,0,0.0
238505,0,0,0.0
385343,0,0,0.0
221241,0,0,0.0
260207,0,0,0.0
271769,0,0,0.0
232133,0,1,1.0
253677,0,0,0.0
193603,0,0,0.0
440209,0,0,0.0
354927,0,0,0.0
448544,0,0,0.0
325460,0,0,0.0
309743,0,0,0.0
213635,0,0,0.0
455224,0,0,0.0
332199,0,0,0.0
129779,0,0,0.0
433954,0,0,0.0
343784,0,0,0.0
444637,0,0,0.0
223466,0,0,0.0
265681,0,0,0.0
177747,0,0,0.0
245052,0,0,0.0
167816,0,0,0.0
375024,0,0,0.0
124646,0,0,0.0
384577,0,0,0.0
287032,0,0,0.0
219712,1,0,0.0
351224,0,0,0.0
351312,0,0,0.0
143352,0,0,0.0
195185,0,0,0.0
383518,0,0,0.0
231305,0,0,0.0
251617,0,0,0.0
413365,0,0,0.0
307717,1,0,0.0
243960,0,0,0.0
171402,0,0,0.0
217720,0,0,0.0
261922,0,0,0.0
384044,0,0,0.0
264916,0,0,0.0
427617,0,0,0.0
300290,0,0,0.0
364695,0,1,1.0
230564,0,0,0.0
158549,0,0,0.0
100933,0,0,0.0
205304,0,0,0.0
143707,0,0,0.0
242175,1,0,0.0
385495,0,0,0.0
209402,0,0,0.0
199698,0,0,0.0
415821,0,0,0.0
408703,0,0,0.0
444497,0,0,0.0
239483,0,0,0.0
154202,0,0,0.0
247143,0,0,0.0
342448,0,0,0.0
241394,1,0,0.0
151527,0,0,0.0
209669,0,0,0.0
300524,0,0,0.0
386180,0,0,0.0
360581,0,0,0.0
345288,0,0,0.0
416496,0,0,0.0
448561,0,0,0.0
185072,0,0,0.0
454185,0,0,0.0
216428,0,0,0.0
285878,0,0,0.0
154138,0,0,0.0
389029,0,0,0.0
106487,0,0,0.0
131420,0,1,1.0
385729,0,1,1.0
390408,0,0,0.0
210695,0,0,0.0
356136,0,0,0.0
236530,0,0,0.0
229382,0,0,0.0
267607,0,0,0.0
416822,0,0,0.0
107851,0,0,0.0
165885,0,0,0.0
224742,1,0,0.0
286820,0,0,0.0
319405,1,1,1.0
381630,1,1,1.0
372879,0,0,0.0
314616,0,0,0.0
191556,0,0,0.0
102329,0,0,0.0
141447,0,0,0.0
442125,0,0,0.0
155985,0,0,0.0
199158,0,0,0.0
195614,0,0,0.0
321424,0,0,0.0
170709,1,1,1.0
384085,0,0,0.0
304477,0,0,0.0
105863,0,1,1.0
109977,0,0,0.0
339151,0,1,1.0
146619,0,0,0.0
378462,0,0,0.0
379308,0,0,0.0
410678,0,0,0.0
280589,0,0,0.0
156980,0,0,0.0
311810,0,0,0.0
329361,0,0,0.0
232035,0,0,0.0
402467,0,0,0.0
442182,0,0,0.0
129776,0,0,0.0
448676,0,0,0.0
359371,0,1,1.0
366174,0,0,0.0
229312,0,0,0.0
451694,1,0,0.0
103412,0,0,0.0
439712,0,0,0.0
233024,0,1,1.0
342853,0,0,0.0
259215,1,0,0.0
437744,0,0,0.0
133357,0,0,0.0
357465,0,0,0.0
444828,0,0,0.0
271715,0,1,1.0
349675,0,0,0.0
218919,0,0,0.0
257466,0,0,0.0
181021,0,0,0.0
133738,0,0,0.0
247884,1,0,0.0
141109,0,0,0.0
114975,1,1,1.0
429271,0,0,0.0
434428,0,0,0.0
143897,0,0,0.0
443934,0,0,0.0
109610,0,0,0.0
329043,0,0,0.0
348354,0,0,0.0
339728,0,0,0.0
328686,0,0,0.0
171650,0,0,0.0
384192,0,0,0.0
366891,0,0,0.0
144192,0,0,0.0
107377,0,0,0.0
238071,0,0,0.0
452244,0,0,0.0
383937,0,0,0.0
265646,0,0,0.0
439291,0,0,0.0
361230,1,0,0.0
162482,0,0,0.0
368046,0,1,1.0
444500,0,0,0.0
122332,0,0,0.0
446090,0,0,0.0
221426,0,0,0.0
379834,1,0,0.0
237119,0,0,0.0
330073,0,0,0.0
440908,0,1,1.0
352673,0,0,0.0
382492,0,0,0.0
328703,0,0,0.0
107421,0,0,0.0
187153,0,0,0.0
245166,0,0,0.0
253039,0,0,0.0
440917,0,0,0.0
362203,1,0,0.0
435215,0,0,0.0
398333,0,0,0.0
431599,0,0,0.0
213753,0,0,0.0
409194,0,0,0.0
263284,0,0,0.0
264039,0,0,0.0
258914,0,0,0.0
328505,0,0,0.0
106247,0,0,0.0
326212,1,0,0.0
401235,1,0,0.0
129570,0,0,0.0
230082,0,0,0.0
250666,0,0,0.0
353665,0,0,0.0
183571,0,0,0.0
410638,0,1,1.0
310984,0,0,0.0
309977,0,0,0.0
371736,0,0,0.0
211742,0,0,0.0
125134,0,0,0.0
362305,0,1,1.0
412079,0,0,0.0
165572,0,0,0.0
135006,0,0,0.0
242147,0,0,0.0
445289,0,0,0.0
303821,0,0,0.0
417881,0,0,0.0
379079,0,0,0.0
180517,1,0,0.0
242099,0,0,0.0
326240,0,0,0.0
395222,0,0,0.0
316180,0,0,0.0
442230,0,0,0.0
447275,0,0,0.0
234559,0,0,0.0
436817,0,0,0.0
393440,0,0,0.0
178876,0,0,0.0
278352,0,0,0.0
420380,0,0,0.0
428146,0,0,0.0
382359,0,0,0.0
260885,0,0,0.0
303076,0,0,0.0
218787,0,0,0.0
374017,0,0,0.0
122053,0,0,0.0
320140,0,0,0.0
126788,0,0,0.0
235377,0,0,0.0
207611,0,0,0.0
346507,0,0,0.0
128270,1,0,0.0
112266,0,0,0.0
342011,0,0,0.0
187565,0,0,0.0
243809,0,0,0.0
403107,0,0,0.0
311668,1,0,0.0
218279,0,0,0.0
120253,0,0,0.0
335669,0,0,0.0
165843,0,0,0.0
243093,1,0,0.0
344623,1,0,0.0
221470,0,0,0.0
208333,0,0,0.0
158548,0,0,0.0
212811,0,0,0.0
310180,0,0,0.0
221934,0,0,0.0
310183,0,1,1.0
343725,0,1,1.0
167100,0,0,0.0
443625,0,0,0.0
205520,0,0,0.0
332580,0,0,0.0
224763,0,1,1.0
282867,0,0,0.0
173226,0,0,0.0
209046,0,0,0.0
367364,0,0,0.0
181094,1,0,0.0
337566,0,0,0.0
273875,0,0,0.0
180826,0,0,0.0
282996,0,0,0.0
248445,0,0,0.0
111950,0,0,0.0
321681,0,0,0.0
297396,0,1,1.0
376659,0,0,0.0
148335,0,0,0.0
190750,0,0,0.0
116876,0,0,0.0
256695,0,0,0.0
210963,0,0,0.0
117267,0,0,0.0
281457,0,0,0.0
230163,0,0,0.0
365799,0,0,0.0
364106,0,0,0.0
314515,0,0,0.0
196121,0,0,0.0
446397,1,0,0.0
343964,0,1,1.0
433970,0,1,1.0
122029,0,0,0.0
259000,0,0,0.0
117085,0,0,0.0
379876,0,0,0.0
163442,0,0,0.0
151352,0,0,0.0
375691,0,0,0.0
148785,0,0,0.0
189084,0,1,1.0
300499,1,1,1.0
429594,0,0,0.0
227602,0,0,0.0
116399,0,0,0.0
372174,0,0,0.0
242490,0,0,0.0
341713,0,0,0.0
228269,0,0,0.0
371178,0,0,0.0
232953,0,0,0.0
326346,0,0,0.0
329636,0,0,0.0
275208,0,0,0.0
417176,0,0,0.0
403923,0,0,0.0
389813,0,0,0.0
235761,0,0,0.0
125621,0,0,0.0
437597,0,0,0.0
427884,0,0,0.0
426579,0,0,0.0
375546,0,0,0.0
289552,1,0,0.0
201657,0,0,0.0
118869,0,0,0.0
372161,0,1,1.0
252617,0,0,0.0
384889,0,0,0.0
263365,0,0,0.0
241724,0,0,0.0
322467,0,0,0.0
286837,0,0,0.0
402969,0,0,0.0
175979,1,0,0.0
287779,0,0,0.0
170533,0,0,0.0
239711,0,0,0.0
400547,0,0,0.0
147007,0,0,0.0
406932,0,0,0.0
163026,0,0,0.0
220485,0,0,0.0
229256,0,0,0.0
390399,0,0,0.0
312201,0,0,0.0
240724,0,0,0.0
370244,0,0,0.0
123307,0,0,0.0
354588,0,0,0.0
124466,0,0,0.0
167939,0,0,0.0
250690,0,0,0.0
347569,0,0,0.0
401203,0,0,0.0
187487,0,0,0.0
359337,0,0,0.0
442460,0,0,0.0
315106,0,0,0.0
236952,0,0,0.0
253331,0,0,0.0
218511,0,0,0.0
227879,0,0,0.0
441598,0,0,0.0
338704,0,0,0.0
411716,0,0,0.0
211717,0,0,0.0
394733,0,0,0.0
381354,0,0,0.0
163148,0,0,0.0
177613,0,0,0.0
178394,0,0,0.0
279436,0,0,0.0
247221,0,0,0.0
322723,0,0,0.0
277625,0,0,0.0
317726,0,0,0.0
352048,0,0,0.0
285072,0,0,0.0
377741,0,0,0.0
231891,0,0,0.0
299437,0,0,0.0
395068,0,1,1.0
389965,1,0,0.0
199761,1,0,0.0
275344,0,0,0.0
199195,0,0,0.0
272644,0,0,0.0
137171,0,0,0.0
189737,0,0,0.0
285793,0,0,0.0
394679,0,0,0.0
227907,0,0,0.0
208264,0,0,0.0
455101,0,0,0.0
270967,0,0,0.0
312062,0,1,1.0
331080,1,0,0.0
106719,0,0,0.0
233355,0,1,1.0
446193,0,0,0.0
139322,0,0,0.0
145256,0,0,0.0
447744,0,0,0.0
386422,0,0,0.0
221092,0,0,0.0
177318,0,0,0.0
134892,0,0,0.0
186381,0,0,0.0
342518,0,0,0.0
236429,0,0,0.0
376046,0,0,0.0
258672,0,0,0.0
104292,0,0,0.0
251222,0,0,0.0
106366,0,0,0.0
342417,0,0,0.0
165150,0,0,0.0
449352,0,0,0.0
352624,0,0,0.0
319032,1,0,0.0
330231,0,0,0.0
125346,0,0,0.0
151136,0,0,0.0
420149,1,0,0.0
321025,0,0,0.0
292268,0,0,0.0
123876,0,0,0.0
293394,0,0,0.0
133617,0,0,0.0
167307,0,0,0.0
322478,0,0,0.0
266621,0,0,0.0
211275,1,1,1.0
381044,0,0,0.0
298348,0,0,0.0
148268,0,0,0.0
271264,0,0,0.0
109787,0,0,0.0
454771,0,0,0.0
147385,0,0,0.0
314557,0,0,0.0
267785,0,0,0.0
342167,0,0,0.0
254104,0,0,0.0
215630,0,0,0.0
405956,0,0,0.0
112940,0,0,0.0
383783,0,0,0.0
283917,1,0,0.0
423988,0,0,0.0
165007,0,0,0.0
281595,1,1,1.0
352219,0,0,0.0
440726,0,0,0.0
132845,0,0,0.0
190695,1,0,0.0
367574,1,1,1.0
258694,0,0,0.0
196885,0,0,0.0
271085,0,0,0.0
403249,0,0,0.0
280585,0,1,1.0
112329,0,0,0.0
366570,0,1,1.0
153219,0,1,1.0
189346,1,0,0.0
100202,0,1,1.0
169515,0,0,0.0
134185,0,0,0.0
438169,0,0,0.0
274278,0,0,0.0
145486,0,0,0.0
178271,0,0,0.0
142230,0,0,0.0
154734,0,0,0.0
245210,0,0,0.0
170518,0,0,0.0
451444,0,0,0.0
231426,0,1,1.0
256154,0,0,0.0
446288,0,0,0.0
411830,0,0,0.0
269526,0,0,0.0
208884,0,0,0.0
273768,0,0,0.0
255111,0,0,0.0
199189,0,0,0.0
131475,1,0,0.0
338618,0,0,0.0
388939,0,0,0.0
115419,0,0,0.0
395342,0,0,0.0
306998,0,0,0.0
157861,1,0,0.0
105759,0,0,0.0
313472,0,0,0.0
366536,0,0,0.0
148820,1,0,0.0
115181,0,0,0.0
157848,0,0,0.0
235646,0,0,0.0
385617,0,1,1.0
290805,0,0,0.0
297632,0,0,0.0
200813,0,0,0.0
388731,0,0,0.0
178698,0,0,0.0
139637,0,0,0.0
103566,0,0,0.0
163361,0,0,0.0
313149,0,0,0.0
379028,0,0,0.0
412556,0,0,0.0
194540,0,0,0.0
319413,0,0,0.0
430231,0,0,0.0
183352,0,0,0.0
270845,0,0,0.0
380936,0,0,0.0
168130,0,0,0.0
244204,0,0,0.0
241231,0,0,0.0
354183,0,0,0.0
405550,0,0,0.0
115355,0,0,0.0
282904,0,0,0.0
380652,0,1,1.0
404531,0,0,0.0
224578,0,0,0.0
256984,0,0,0.0
110679,1,0,0.0
383932,0,0,0.0
210298,0,0,0.0
127929,0,0,0.0
429484,0,0,0.0
383499,0,0,0.0
293495,0,0,0.0
230375,0,0,0.0
438943,0,0,0.0
253380,1,0,0.0
297083,0,0,0.0
359035,0,0,0.0
323458,0,0,0.0
145506,0,0,0.0
279765,0,0,0.0
376238,0,0,0.0
325336,0,0,0.0
441715,0,0,0.0
210530,0,0,0.0
320821,1,0,0.0
310047,0,0,0.0
424979,1,0,0.0
177577,0,0,0.0
416750,0,0,0.0
447491,0,0,0.0
439126,0,0,0.0
367000,0,0,0.0
454438,0,1,1.0
248606,0,0,0.0
325440,0,0,0.0
339464,0,0,0.0
110784,0,0,0.0
313540,0,1,1.0
342979,0,0,0.0
338212,0,0,0.0
449582,0,0,0.0
267761,0,0,0.0
259738,0,0,0.0
302831,0,0,0.0
144239,0,0,0.0
110045,0,0,0.0
369343,0,0,0.0
186202,0,0,0.0
301109,0,0,0.0
137255,0,0,0.0
292370,0,0,0.0
230003,1,0,0.0
358603,0,0,0.0
444099,0,0,0.0
368982,0,0,0.0
164235,0,1,1.0
370003,0,1,1.0
273160,0,1,1.0
380128,0,0,0.0
279105,0,0,0.0
328520,0,1,1.0
416769,1,0,0.0
118373,0,0,0.0
188379,0,0,0.0
363272,1,1,1.0
344074,0,1,1.0
127987,0,0,0.0
141601,0,0,0.0
151824,0,0,0.0
183579,0,0,0.0
180427,0,0,0.0
128649,0,0,0.0
291341,0,0,0.0
278628,0,0,0.0
256631,1,0,0.0
122306,0,0,0.0
136065,0,1,1.0
388091,0,0,0.0
438682,1,1,1.0
219421,0,0,0.0
325368,0,1,1.0
247887,0,0,0.0
338083,0,0,0.0
352635,0,0,0.0
157538,0,0,0.0
122983,0,0,0.0
421267,0,0,0.0
163687,0,0,0.0
173219,0,1,1.0
126031,0,0,0.0
180095,1,0,0.0
255606,0,0,0.0
298761,0,1,1.0
455230,0,0,0.0
236103,0,0,0.0
358393,0,0,0.0
219329,0,0,0.0
364426,0,0,0.0
254542,0,0,0.0
261013,1,0,0.0
183387,0,1,1.0
222166,1,0,0.0
355725,0,0,0.0
330066,0,0,0.0
100063,0,0,0.0
112021,0,1,1.0
123127,0,0,0.0
340874,0,0,0.0
147698,0,0,0.0
195873,0,0,0.0
208734,1,0,0.0
419004,0,0,0.0
208148,0,0,0.0
287307,0,1,1.0
190704,0,0,0.0
213060,0,0,0.0
380608,0,0,0.0
225052,0,0,0.0
253173,0,0,0.0
337946,0,0,0.0
376976,0,0,0.0
363872,0,0,0.0
374932,0,0,0.0
181468,0,0,0.0
304480,0,0,0.0
343709,0,0,0.0
426225,0,1,1.0
378683,0,0,0.0
373497,0,0,0.0
251294,0,0,0.0
303510,0,1,1.0
408440,0,0,0.0
391732,0,0,0.0
242432,0,0,0.0
410074,0,1,1.0
348962,0,0,0.0
323445,0,0,0.0
355155,0,1,1.0
437340,0,0,0.0
154378,0,0,0.0
251726,0,0,0.0
136884,0,0,0.0
201419,0,0,0.0
238987,0,0,0.0
377475,0,0,0.0
123007,0,0,0.0
132851,0,0,0.0
275295,0,0,0.0
147275,1,0,0.0
417350,0,0,0.0
198846,0,0,0.0
393245,0,0,0.0
262452,0,0,0.0
287363,0,0,0.0
267069,0,0,0.0
173270,0,0,0.0
192629,0,0,0.0
121525,1,0,0.0
392735,0,1,1.0
284084,1,0,0.0
208875,0,0,0.0
297609,0,0,0.0
320876,0,0,0.0
455545,0,1,1.0
287150,0,0,0.0
198863,0,1,1.0
173903,1,0,0.0
445280,0,0,0.0
438562,1,0,0.0
214257,0,0,0.0
106692,0,0,0.0
396796,0,0,0.0
109550,0,0,0.0
222704,0,0,0.0
317326,0,0,0.0
441817,0,0,0.0
291111,0,0,0.0
387405,0,1,1.0
374008,0,0,0.0
235751,0,0,0.0
386698,0,0,0.0
293704,0,0,0.0
111727,0,0,0.0
109341,0,0,0.0
393142,0,1,1.0
199436,0,0,0.0
259062,0,0,0.0
423242,0,0,0.0
229882,0,0,0.0
416809,0,1,1.0
329659,0,0,0.0
386166,1,0,0.0
191979,0,0,0.0
238154,0,0,0.0
388069,0,0,0.0
230311,0,0,0.0
249133,0,0,0.0
306619,0,1,1.0
203282,0,1,1.0
368405,0,0,0.0
318613,0,0,0.0
304411,0,0,0.0
132607,0,1,1.0
278928,0,0,0.0
166219,0,0,0.0
177265,0,0,0.0
425758,0,0,0.0
195391,0,0,0.0
327839,0,0,0.0
132317,0,0,0.0
398162,0,0,0.0
309796,1,0,0.0
403598,0,0,0.0
283628,0,0,0.0
328587,0,0,0.0
303468,0,0,0.0
391037,0,0,0.0
205755,1,0,0.0
176747,0,0,0.0
178260,0,0,0.0
242459,0,0,0.0
339184,0,0,0.0
112053,0,0,0.0
145628,1,1,1.0
428562,0,1,1.0
185201,0,0,0.0
346681,1,1,1.0
335734,0,0,0.0
206537,0,0,0.0
205347,0,0,0.0
424140,1,1,1.0
369988,0,0,0.0
160322,0,1,1.0
144026,0,0,0.0
367729,0,0,0.0
378498,0,0,0.0
235727,0,0,0.0
334882,0,0,0.0
100487,0,0,0.0
266187,0,0,0.0
226483,0,0,0.0
110831,0,0,0.0
393179,1,0,0.0
127187,0,0,0.0
291724,0,0,0.0
371794,0,0,0.0
189074,0,0,0.0
420889,0,0,0.0
171835,0,0,0.0
206548,0,0,0.0
160235,0,0,0.0
240883,1,0,0.0
383895,0,0,0.0
278901,1,0,0.0
188844,0,0,0.0
103353,0,0,0.0
414901,1,0,0.0
355110,1,0,0.0
288619,0,0,0.0
314675,1,1,1.0
110975,0,0,0.0
199421,0,0,0.0
274306,0,0,0.0
342991,0,0,0.0
411072,0,0,0.0
447841,0,0,0.0
284611,0,0,0.0
106489,0,0,0.0
230269,1,0,0.0
243628,0,0,0.0
181076,0,0,0.0
451326,0,0,0.0
333601,1,0,0.0
204578,1,0,0.0
265005,0,0,0.0
390197,1,0,0.0
258564,0,0,0.0
398778,0,0,0.0
453953,0,0,0.0
129203,1,0,0.0
363764,0,0,0.0
439601,0,0,0.0
160728,0,0,0.0
160555,0,0,0.0
329575,0,0,0.0
222775,0,0,0.0
348279,0,0,0.0
172164,0,0,0.0
421912,0,0,0.0
161406,0,0,0.0
354977,0,0,0.0
430934,0,0,0.0
137804,0,0,0.0
313968,0,0,0.0
310467,0,0,0.0
323731,0,0,0.0
420373,0,1,1.0
218343,0,0,0.0
372236,0,1,1.0
312089,0,0,0.0
198195,0,0,0.0
386914,0,0,0.0
406396,0,1,1.0
141361,0,0,0.0
365834,0,0,0.0
280446,0,0,0.0
359975,0,0,0.0
218108,0,0,0.0
335685,0,0,0.0
436580,0,0,0.0
103534,0,0,0.0
232409,0,0,0.0
222177,0,0,0.0
162640,0,0,0.0
233096,0,1,1.0
178233,0,0,0.0
287121,0,0,0.0
434706,0,0,0.0
232753,0,0,0.0
324802,0,0,0.0
455512,0,0,0.0
278708,0,0,0.0
243885,0,0,0.0
374041,0,0,0.0
455765,0,0,0.0
123394,1,0,0.0
298007,0,0,0.0
286449,0,0,0.0
281166,0,0,0.0
330493,0,0,0.0
368447,0,0,0.0
367762,0,0,0.0
206616,1,0,0.0
400853,0,0,0.0
218697,0,0,0.0
195688,0,0,0.0
239460,0,0,0.0
116736,0,0,0.0
396622,0,0,0.0
125740,0,0,0.0
399319,0,0,0.0
340495,0,0,0.0
157459,0,0,0.0
119975,0,0,0.0
126186,0,0,0.0
397998,0,0,0.0
232258,0,0,0.0
267368,0,0,0.0
359152,0,0,0.0
113916,0,0,0.0
201829,0,1,1.0
225791,0,0,0.0
100267,0,0,0.0
294838,0,0,0.0
308486,0,0,0.0
282363,0,0,0.0
286304,0,0,0.0
425200,0,0,0.0
230356,0,0,0.0
362329,0,0,0.0
181334,0,0,0.0
396689,0,0,0.0
219022,0,0,0.0
104636,0,0,0.0
101730,1,0,0.0
322294,0,0,0.0
380261,1,0,0.0
157400,0,0,0.0
347190,0,0,0.0
151367,0,0,0.0
310545,0,0,0.0
289435,0,0,0.0
183054,0,0,0.0
154663,0,0,0.0
434066,0,1,1.0
418302,0,0,0.0
385459,0,0,0.0
156991,0,0,0.0
387772,0,0,0.0
369930,0,0,0.0
296001,0,0,0.0
142911,0,0,0.0
253197,0,0,0.0
430470,0,0,0.0
193837,0,0,0.0
306478,0,0,0.0
254740,0,0,0.0
349134,0,0,0.0
235673,0,0,0.0
381938,0,0,0.0
224358,0,0,0.0
262468,0,0,0.0
135232,0,0,0.0
300362,0,0,0.0
262286,0,0,0.0
343172,0,0,0.0
319731,0,0,0.0
348169,0,0,0.0
374829,0,0,0.0
275935,0,1,1.0
337747,0,0,0.0
279463,0,0,0.0
276520,0,0,0.0
339478,0,0,0.0
323978,1,0,0.0
397600,0,0,0.0
290132,0,0,0.0
202015,0,0,0.0
389940,0,0,0.0
290590,0,0,0.0
365122,0,0,0.0
378501,0,0,0.0
398233,0,0,0.0
123578,0,0,0.0
222771,0,0,0.0
349641,0,0,0.0
155125,0,0,0.0
111946,0,0,0.0
173096,0,0,0.0
399773,0,0,0.0
226303,0,0,0.0
366540,0,0,0.0
383139,0,0,0.0
310248,0,0,0.0
279567,0,0,0.0
343292,0,0,0.0
449223,0,0,0.0
277596,0,0,0.0
178148,0,0,0.0
236062,0,0,0.0
145744,0,0,0.0
258554,0,1,1.0
281606,0,0,0.0
409782,0,0,0.0
300715,0,0,0.0
373779,0,0,0.0
129960,1,0,0.0
291687,1,0,0.0
114569,0,0,0.0
374552,0,0,0.0
230743,0,1,1.0
428768,1,0,0.0
181308,0,0,0.0
366929,0,0,0.0
190102,0,0,0.0
193867,0,1,1.0
271491,0,0,0.0
449510,0,0,0.0
155437,0,0,0.0
389751,0,0,0.0
302962,0,0,0.0
407159,0,0,0.0
110436,0,0,0.0
295920,0,0,0.0
275903,0,0,0.0
125781,0,0,0.0
338803,0,0,0.0
213506,0,0,0.0
372777,0,0,0.0
274910,0,0,0.0
195868,0,0,0.0
229861,0,0,0.0
443144,0,0,0.0
451176,0,0,0.0
130796,1,1,1.0
359949,0,0,0.0
200701,0,0,0.0
325592,0,0,0.0
179170,0,1,1.0
287178,0,1,1.0
293801,1,0,0.0
456194,0,0,0.0
423493,0,0,0.0
318798,0,1,1.0
315602,0,1,1.0
187513,0,0,0.0
120380,0,0,0.0
280888,0,0,0.0
233533,0,0,0.0
214833,0,0,0.0
198843,0,0,0.0
353313,0,0,0.0
226047,0,0,0.0
119705,0,0,0.0
191367,0,0,0.0
256960,0,0,0.0
152200,0,0,0.0
249590,0,0,0.0
356576,0,0,0.0
137692,0,0,0.0
204900,0,0,0.0
202189,0,0,0.0
307326,0,0,0.0
357139,0,0,0.0
136121,0,0,0.0
424663,0,0,0.0
374768,0,0,0.0
242888,0,0,0.0
310913,0,0,0.0
206618,0,0,0.0
342640,0,0,0.0
433083,0,0,0.0
209878,0,0,0.0
297068,0,0,0.0
323553,0,0,0.0
108998,0,1,1.0
196683,0,0,0.0
239621,1,0,0.0
171221,0,0,0.0
283804,0,0,0.0
333955,1,0,0.0
414015,0,0,0.0
195193,0,0,0.0
385218,0,0,0.0
314890,0,0,0.0
271375,0,0,0.0
254151,1,0,0.0
126825,0,1,1.0
229147,0,0,0.0
219300,0,1,1.0
308629,0,0,0.0
303221,0,0,0.0
203021,0,0,0.0
383677,0,0,0.0
158431,0,0,0.0
401995,0,1,1.0
233275,0,0,0.0
435598,0,0,0.0
409581,0,0,0.0
104689,0,0,0.0
437031,0,0,0.0
337075,0,1,1.0
233926,0,0,0.0
178301,1,0,0.0
194091,0,0,0.0
136217,0,0,0.0
247013,0,0,0.0
298813,0,0,0.0
424594,0,0,0.0
245756,0,0,0.0
112859,0,0,0.0
323563,0,0,0.0
353540,0,0,0.0
445627,0,0,0.0
387523,0,0,0.0
127058,0,0,0.0
140790,0,0,0.0
338816,0,0,0.0
132412,0,0,0.0
222285,0,0,0.0
267462,0,0,0.0
240498,0,0,0.0
170550,0,0,0.0
329349,0,0,0.0
125523,0,0,0.0
144958,0,0,0.0
312533,1,0,0.0
320132,0,0,0.0
147213,0,0,0.0
271778,0,0,0.0
405146,0,0,0.0
373084,0,0,0.0
338524,0,0,0.0
184400,0,0,0.0
381838,0,0,0.0
132295,0,1,1.0
282865,1,0,0.0
117487,0,0,0.0
314504,0,0,0.0
437027,0,0,0.0
111153,0,0,0.0
451456,0,0,0.0
426406,0,0,0.0
399446,0,0,0.0
285162,0,0,0.0
300428,0,0,0.0
131913,0,0,0.0
212068,0,0,0.0
324038,0,0,0.0
429627,0,0,0.0
237489,0,0,0.0
116176,0,1,1.0
322813,0,0,0.0
379315,0,0,0.0
419566,0,0,0.0
167284,0,0,0.0
308576,0,0,0.0
449373,0,0,0.0
335414,0,0,0.0
188160,0,0,0.0
361586,0,0,0.0
177303,0,0,0.0
323967,0,0,0.0
231881,0,0,0.0
185883,0,0,0.0
291518,1,0,0.0
120292,0,0,0.0
176533,0,0,0.0
158779,0,1,1.0
207945,0,0,0.0
272301,0,0,0.0
375313,0,0,0.0
199713,0,0,0.0
284676,0,0,0.0
146498,0,0,0.0
398576,0,0,0.0
386948,0,0,0.0
448081,0,0,0.0
352213,0,0,0.0
355509,1,1,1.0
321330,0,0,0.0
412283,0,0,0.0
406300,0,0,0.0
130473,0,1,1.0
108758,0,0,0.0
417099,0,0,0.0
196393,0,0,0.0
333608,0,0,0.0
131229,0,0,0.0
228741,0,0,0.0
115216,1,0,0.0
230407,0,0,0.0
452076,0,0,0.0
130284,0,0,0.0
123073,0,0,0.0
451433,0,1,1.0
281064,0,0,0.0
159141,0,0,0.0
358162,1,0,0.0
167430,0,0,0.0
343384,0,0,0.0
139909,0,0,0.0
396983,0,0,0.0
425854,0,0,0.0
449376,0,0,0.0
344087,0,0,0.0
180816,0,0,0.0
133568,1,0,0.0
128690,0,0,0.0
270333,0,0,0.0
257802,0,0,0.0
384408,0,1,1.0
179913,0,0,0.0
398654,0,1,1.0
178046,0,0,0.0
223500,0,0,0.0
198302,0,0,0.0
365745,1,0,0.0
214577,0,0,0.0
222442,0,0,0.0
454734,0,0,0.0
196328,0,0,0.0
331800,0,1,1.0
280943,0,0,0.0
368441,0,1,1.0
130071,0,0,0.0
418214,0,1,1.0
373366,0,0,0.0
383303,0,0,0.0
286510,0,0,0.0
213876,0,0,0.0
420515,0,0,0.0
239339,0,0,0.0
270953,1,1,1.0
447857,0,0,0.0
170515,0,0,0.0
242284,0,0,0.0
431206,0,0,0.0
382527,0,0,0.0
250552,0,0,0.0
361115,0,0,0.0
329776,0,1,1.0
207063,0,0,0.0
242272,0,0,0.0
139302,0,0,0.0
252271,0,0,0.0
379168,0,0,0.0
398951,0,0,0.0
385360,0,0,0.0
221395,1,0,0.0
193378,0,0,0.0
359002,0,1,1.0
217158,0,0,0.0
330935,0,1,1.0
385076,0,1,1.0
280218,0,0,0.0
104660,0,0,0.0
323645,0,0,0.0
280662,0,0,0.0
452060,0,0,0.0
248053,0,0,0.0
209531,0,1,1.0
397034,0,0,0.0
217723,0,0,0.0
117221,0,0,0.0
407459,0,0,0.0
140264,0,0,0.0
386097,0,0,0.0
211283,0,0,0.0
386083,0,0,0.0
337543,0,0,0.0
138577,0,0,0.0
398200,0,1,1.0
268253,0,0,0.0
261322,1,0,0.0
114029,1,0,0.0
230621,0,0,0.0
344624,1,0,0.0
221886,0,0,0.0
257320,0,1,1.0
210390,0,0,0.0
102796,1,0,0.0
424368,0,0,0.0
154187,0,0,0.0
381591,0,0,0.0
353385,1,0,0.0
305781,0,0,0.0
236178,0,0,0.0
227055,0,0,0.0
407577,0,0,0.0
388619,0,0,0.0
386703,0,1,1.0
186850,0,0,0.0
418893,0,0,0.0
347406,1,0,0.0
347138,0,0,0.0
432278,0,0,0.0
310817,0,0,0.0
444555,0,1,1.0
448891,0,0,0.0
217348,0,0,0.0
185006,0,1,1.0
180819,0,0,0.0
292226,0,0,0.0
321763,0,0,0.0
109514,0,0,0.0
349009,0,0,0.0
104477,0,0,0.0
171236,0,1,1.0
283661,0,0,0.0
370868,0,0,0.0
282930,0,0,0.0
212414,1,1,1.0
254841,0,0,0.0
154375,0,0,0.0
391382,0,0,0.0
425875,0,0,0.0
316865,0,0,0.0
162570,0,0,0.0
277470,0,0,0.0
119615,0,0,0.0
318626,0,0,0.0
428043,0,1,1.0
434395,0,0,0.0
303908,0,0,0.0
263590,0,0,0.0
310746,0,0,0.0
154090,0,1,1.0
189689,0,0,0.0
287660,0,0,0.0
140654,0,0,0.0
313793,0,0,0.0
433154,0,0,0.0
395186,0,1,1.0
282346,0,0,0.0
293380,0,0,0.0
352225,0,0,0.0
279055,0,0,0.0
402000,0,0,0.0
191174,0,0,0.0
115108,0,0,0.0
254696,0,0,0.0
257194,0,0,0.0
271936,0,0,0.0
430596,0,0,0.0
119456,0,1,1.0
222787,0,0,0.0
304062,0,0,0.0
445213,0,0,0.0
200363,0,0,0.0
214276,0,0,0.0
436693,0,0,0.0
378532,0,0,0.0
129762,0,0,0.0
375311,0,0,0.0
115549,0,0,0.0
303969,0,0,0.0
398226,0,0,0.0
425115,0,1,1.0
436646,0,0,0.0
430201,0,0,0.0
163975,0,0,0.0
370311,0,0,0.0
147465,0,0,0.0
298495,0,0,0.0
163463,0,0,0.0
214417,0,0,0.0
390563,0,0,0.0
276043,0,0,0.0
386589,0,0,0.0
258680,0,0,0.0
212116,0,0,0.0
340999,0,0,0.0
444560,1,0,0.0
391338,0,0,0.0
389214,0,1,1.0
389223,0,0,0.0
343231,0,0,0.0
393759,0,0,0.0
423523,1,0,0.0
347582,1,0,0.0
130964,0,0,0.0
346740,1,0,0.0
264751,0,0,0.0
272745,0,0,0.0
309905,0,0,0.0
174834,1,0,0.0
383777,0,0,0.0
351765,1,0,0.0
194987,0,0,0.0
119620,0,0,0.0
165714,0,0,0.0
362122,0,0,0.0
440256,0,0,0.0
274558,0,0,0.0
138125,0,0,0.0
219960,1,1,1.0
227508,0,0,0.0
231762,0,0,0.0
360260,0,0,0.0
361543,0,0,0.0
145016,0,1,1.0
446913,0,0,0.0
419606,1,0,0.0
139494,0,0,0.0
393143,0,0,0.0
126978,0,1,1.0
207822,0,0,0.0
103883,0,0,0.0
155324,0,0,0.0
305604,0,0,0.0
203040,0,0,0.0
138682,0,0,0.0
183950,0,0,0.0
293484,1,0,0.0
301502,0,0,0.0
272558,0,0,0.0
171966,0,0,0.0
266851,0,0,0.0
314623,0,0,0.0
407331,0,0,0.0
396497,0,0,0.0
382449,0,0,0.0
107423,0,0,0.0
422291,0,0,0.0
323082,0,0,0.0
377370,0,0,0.0
390981,0,0,0.0
216382,0,0,0.0
193862,0,0,0.0
201331,0,0,0.0
148563,0,0,0.0
183228,0,1,1.0
143641,0,0,0.0
118218,0,1,1.0
385549,0,0,0.0
369260,0,1,1.0
367523,0,0,0.0
352012,0,0,0.0
247087,0,0,0.0
224689,0,0,0.0
270219,0,0,0.0
330264,0,0,0.0
173428,0,0,0.0
235020,0,0,0.0
224509,0,0,0.0
330168,0,0,0.0
173976,0,0,0.0
108644,0,0,0.0
324993,0,0,0.0
335823,0,0,0.0
167691,1,0,0.0
361753,0,0,0.0
368653,1,1,1.0
338853,0,0,0.0
356637,0,0,0.0
240698,0,1,1.0
148758,0,0,0.0
221914,0,0,0.0
197458,0,0,0.0
216539,0,0,0.0
382996,0,0,0.0
259960,0,0,0.0
191591,0,0,0.0
346687,0,0,0.0
126617,0,0,0.0
237958,0,0,0.0
266614,0,0,0.0
147054,0,0,0.0
369887,0,0,0.0
189858,0,0,0.0
227853,0,0,0.0
357646,0,0,0.0
142876,0,0,0.0
362990,0,1,1.0
310639,0,0,0.0
263965,0,0,0.0
455266,0,0,0.0
274542,0,0,0.0
219028,0,1,1.0
337482,1,0,0.0
332769,0,0,0.0
408289,0,0,0.0
273845,0,0,0.0
212233,0,0,0.0
316155,0,1,1.0
452475,0,0,0.0
314293,0,0,0.0
290106,0,0,0.0
422159,0,0,0.0
161593,0,0,0.0
137939,0,0,0.0
422191,0,0,0.0
268273,0,0,0.0
382034,0,0,0.0
171107,0,0,0.0
330169,0,0,0.0
222387,0,0,0.0
338504,0,0,0.0
247616,0,0,0.0
109434,1,0,0.0
232682,0,0,0.0
432772,0,0,0.0
110772,0,0,0.0
175948,0,0,0.0
103491,0,0,0.0
357049,0,0,0.0
455791,0,0,0.0
116559,0,0,0.0
456078,0,0,0.0
251136,1,0,0.0
251045,0,0,0.0
292028,0,1,1.0
291233,0,0,0.0
302370,0,0,0.0
154758,0,0,0.0
414151,0,0,0.0
226068,0,0,0.0
399970,0,0,0.0
208022,0,0,0.0
253943,0,0,0.0
136526,1,0,0.0
122508,1,1,1.0
216303,0,1,1.0
347106,0,0,0.0
228138,1,0,0.0
230865,0,0,0.0
223646,0,0,0.0
322085,0,0,0.0
332971,0,0,0.0
143950,0,0,0.0
198732,0,0,0.0
295416,0,1,1.0
193666,0,0,0.0
180821,0,0,0.0
145850,0,0,0.0
120012,0,0,0.0
312559,0,0,0.0
104234,0,0,0.0
314033,0,0,0.0
167143,0,0,0.0
242661,0,0,0.0
110328,0,0,0.0
410081,0,0,0.0
338516,0,0,0.0
164920,0,0,0.0
286139,0,0,0.0
286445,0,0,0.0
363119,0,1,1.0
222115,0,0,0.0
355705,0,0,0.0
161805,0,0,0.0
210629,0,0,0.0
138055,0,0,0.0
269779,0,0,0.0
259139,0,0,0.0
348030,0,0,0.0
406817,0,0,0.0
273940,0,0,0.0
175824,0,0,0.0
445264,1,0,0.0
289484,1,1,1.0
245275,0,0,0.0
138493,0,0,0.0
159860,1,1,1.0
305713,0,0,0.0
179062,0,0,0.0
240066,0,0,0.0
408199,0,0,0.0
382250,0,0,0.0
191929,0,0,0.0
165508,0,0,0.0
355780,1,1,1.0
101471,0,0,0.0
341776,0,0,0.0
301188,0,0,0.0
143855,0,0,0.0
288423,0,0,0.0
433351,0,0,0.0
161604,0,1,1.0
384308,0,0,0.0
184761,1,0,0.0
219221,0,0,0.0
180535,0,0,0.0
292757,0,0,0.0
389890,0,0,0.0
221394,1,0,0.0
143816,0,0,0.0
332339,0,0,0.0
119544,0,0,0.0
155572,0,0,0.0
305059,0,0,0.0
159924,0,1,1.0
110698,0,0,0.0
283351,0,0,0.0
156569,0,0,0.0
335926,0,0,0.0
293039,0,0,0.0
403842,0,0,0.0
181690,0,0,0.0
315969,0,0,0.0
297023,0,0,0.0
255027,1,0,0.0
136700,0,0,0.0
274516,0,0,0.0
269023,0,0,0.0
388573,0,0,0.0
302095,0,0,0.0
386681,0,0,0.0
275513,0,0,0.0
447007,1,0,0.0
427545,0,0,0.0
192133,0,0,0.0
241346,0,0,0.0
253327,0,0,0.0
140688,0,0,0.0
253686,0,0,0.0
119826,0,0,0.0
357487,0,0,0.0
260175,0,0,0.0
455201,1,1,1.0
140793,0,0,0.0
318074,0,0,0.0
448263,0,0,0.0
151741,0,0,0.0
154440,0,0,0.0
209278,0,0,0.0
156739,0,0,0.0
313797,0,0,0.0
265616,0,0,0.0
169928,1,1,1.0
146861,0,0,0.0
204791,0,0,0.0
200794,0,0,0.0
215987,0,0,0.0
102204,0,0,0.0
327418,0,1,1.0
337361,0,0,0.0
116782,0,0,0.0
179369,0,0,0.0
432890,0,0,0.0
368813,0,0,0.0
449142,0,1,1.0
205325,0,1,1.0
454928,0,0,0.0
317497,0,0,0.0
437533,1,0,0.0
277695,0,0,0.0
177955,0,0,0.0
171032,1,1,1.0
429345,0,1,1.0
230482,0,0,0.0
230327,0,0,0.0
287714,0,0,0.0
112612,0,0,0.0
139160,0,0,0.0
139025,0,0,0.0
186854,0,0,0.0
144218,0,0,0.0
158220,0,0,0.0
423826,0,0,0.0
410634,0,0,0.0
230385,0,1,1.0
232434,0,0,0.0
240645,0,0,0.0
374894,0,0,0.0
198206,0,0,0.0
197751,0,0,0.0
195323,0,0,0.0
186656,0,0,0.0
442339,0,1,1.0
253482,0,0,0.0
244453,0,0,0.0
322993,0,0,0.0
130632,0,0,0.0
454394,0,0,0.0
250605,0,0,0.0
332226,0,1,1.0
196312,0,0,0.0
338771,0,0,0.0
437894,0,0,0.0
431694,0,0,0.0
203491,0,0,0.0
240951,0,0,0.0
304912,0,0,0.0
136404,0,0,0.0
444398,0,0,0.0
240784,0,0,0.0
307440,0,0,0.0
220108,0,1,1.0
431761,0,1,1.0
152567,0,0,0.0
239789,0,1,1.0
113714,0,0,0.0
100307,0,0,0.0
163957,0,0,0.0
195002,0,0,0.0
136342,0,0,0.0
129192,0,1,1.0
439684,0,1,1.0
306682,0,0,0.0
215375,0,0,0.0
278277,0,0,0.0
320476,0,0,0.0
371476,0,0,0.0
371925,0,0,0.0
332249,0,0,0.0
314205,0,0,0.0
127687,0,0,0.0
269884,0,1,1.0
263547,0,0,0.0
119794,0,0,0.0
161122,0,0,0.0
155527,0,1,1.0
143169,0,0,0.0
238189,0,0,0.0
169357,0,0,0.0
138996,0,0,0.0
127892,0,0,0.0
372362,0,0,0.0
405141,0,0,0.0
214161,0,0,0.0
224154,0,0,0.0
269997,0,0,0.0
244005,0,0,0.0
188592,0,0,0.0
215880,1,0,0.0
353356,0,0,0.0
307068,0,0,0.0
264410,0,0,0.0
426389,0,0,0.0
216199,0,0,0.0
320061,0,1,1.0
231034,0,0,0.0
360835,0,1,1.0
128601,0,0,0.0
310890,0,0,0.0
444274,0,0,0.0
275892,0,1,1.0
287985,0,0,0.0
443114,0,0,0.0
200812,0,0,0.0
182960,0,0,0.0
344012,1,1,1.0
137321,0,0,0.0
303314,0,0,0.0
328421,0,0,0.0
243728,0,0,0.0
178816,0,0,0.0
414459,0,0,0.0
170824,0,0,0.0
229851,0,1,1.0
241294,0,0,0.0
283453,0,0,0.0
363783,0,0,0.0
308688,1,1,1.0
110554,0,0,0.0
388418,0,0,0.0
216394,0,0,0.0
441731,0,0,0.0
221288,0,0,0.0
378199,0,0,0.0
217648,0,0,0.0
204131,0,0,0.0
143968,0,0,0.0
380140,0,0,0.0
111721,0,0,0.0
404677,0,0,0.0
294737,0,0,0.0
331236,0,0,0.0
287165,0,0,0.0
258021,1,0,0.0
299937,0,0,0.0
337633,0,1,1.0
148728,0,0,0.0
451194,0,0,0.0
149161,0,0,0.0
264108,0,0,0.0
107346,0,0,0.0
261249,0,0,0.0
189940,0,1,1.0
219092,0,0,0.0
319653,1,0,0.0
403848,0,0,0.0
130140,0,0,0.0
416734,0,0,0.0
109619,1,1,1.0
165654,0,0,0.0
125766,0,0,0.0
331169,0,0,0.0
167789,0,0,0.0
178466,0,0,0.0
173695,0,0,0.0
144591,0,0,0.0
195340,0,0,0.0
148669,0,0,0.0
301163,0,0,0.0
238958,0,1,1.0
137068,0,0,0.0
344141,0,0,0.0
182123,0,0,0.0
265674,0,0,0.0
386085,0,0,0.0
445467,0,0,0.0
305609,0,0,0.0
114499,0,0,0.0
122681,0,0,0.0
255042,1,1,1.0
342273,1,0,0.0
113112,0,0,0.0
321805,0,0,0.0
148829,0,0,0.0
303553,0,0,0.0
163830,0,0,0.0
235786,0,0,0.0
186898,0,0,0.0
403333,1,0,0.0
333217,0,0,0.0
386316,0,0,0.0
347166,0,0,0.0
431813,0,0,0.0
431134,0,0,0.0
382115,1,1,1.0
156207,1,0,0.0
213976,0,0,0.0
249678,0,0,0.0
386587,0,0,0.0
162903,0,0,0.0
252412,0,0,0.0
278900,1,0,0.0
335630,0,0,0.0
166795,0,0,0.0
189125,1,0,0.0
165547,0,0,0.0
219335,0,0,0.0
262543,0,0,0.0
186290,0,0,0.0
332258,0,1,1.0
219381,1,0,0.0
389243,0,0,0.0
128482,0,0,0.0
117328,0,0,0.0
262582,0,0,0.0
183593,0,0,0.0
117335,0,0,0.0
211407,0,0,0.0
253283,0,0,0.0
434712,0,0,0.0
119464,0,0,0.0
423855,0,1,1.0
280808,0,0,0.0
151840,0,0,0.0
311438,0,1,1.0
115627,0,0,0.0
314046,0,0,0.0
422279,0,0,0.0
317906,1,0,0.0
278314,0,0,0.0
242626,0,0,0.0
354748,0,0,0.0
238402,0,0,0.0
156913,0,0,0.0
263369,0,0,0.0
295568,0,0,0.0
109197,0,0,0.0
412975,0,0,0.0
151379,0,0,0.0
161768,0,0,0.0
428786,0,0,0.0
350649,0,0,0.0
154013,0,0,0.0
340056,0,0,0.0
182517,0,1,1.0
207004,0,0,0.0
340894,0,0,0.0
441691,0,0,0.0
257626,0,0,0.0
302134,0,0,0.0
322338,0,0,0.0
251638,0,0,0.0
119772,0,0,0.0
288788,0,0,0.0
110230,0,0,0.0
414761,0,1,1.0
284489,0,0,0.0
409254,0,0,0.0
173000,0,0,0.0
422750,0,0,0.0
256165,0,0,0.0
329414,0,0,0.0
359138,0,0,0.0
203694,0,0,0.0
143863,0,0,0.0
189908,0,0,0.0
342732,0,0,0.0
284868,0,0,0.0
427423,0,0,0.0
277558,0,0,0.0
218862,0,0,0.0
430619,0,0,0.0
443703,0,0,0.0
158524,0,0,0.0
260647,0,0,0.0
416341,0,1,1.0
429558,0,0,0.0
454820,0,0,0.0
424344,1,0,0.0
299056,0,0,0.0
118777,0,0,0.0
430630,0,0,0.0
327912,0,0,0.0
437952,0,1,1.0
123191,0,0,0.0
444217,0,1,1.0
301499,1,0,0.0
137819,0,0,0.0
254043,0,0,0.0
202534,0,0,0.0
392454,0,0,0.0
345430,0,0,0.0
170650,0,0,0.0
308159,0,0,0.0
178920,0,1,1.0
118401,1,0,0.0
182098,0,0,0.0
450203,0,0,0.0
320120,0,0,0.0
231808,0,0,0.0
189448,0,1,1.0
220008,0,0,0.0
127005,0,0,0.0
206227,0,0,0.0
237934,0,0,0.0
369275,0,0,0.0
276710,0,0,0.0
200830,0,0,0.0
414821,0,0,0.0
424145,0,0,0.0
168136,0,0,0.0
241737,0,0,0.0
273967,0,0,0.0
243832,0,0,0.0
364128,1,0,0.0
323460,0,0,0.0
381162,1,0,0.0
436261,0,0,0.0
128187,0,1,1.0
111876,0,1,1.0
123955,1,0,0.0
314453,0,0,0.0
200186,0,0,0.0
151340,0,0,0.0
409611,0,0,0.0
451957,0,0,0.0
282265,0,0,0.0
443846,0,0,0.0
159220,0,0,0.0
288805,0,0,0.0
136685,0,0,0.0
423593,0,0,0.0
424114,0,0,0.0
208425,0,0,0.0
288516,0,0,0.0
351912,0,0,0.0
323304,0,0,0.0
384600,0,0,0.0
121751,0,0,0.0
182629,0,0,0.0
184412,0,0,0.0
257597,0,0,0.0
262094,0,0,0.0
238479,0,1,1.0
200959,0,0,0.0
408684,0,0,0.0
193743,0,0,0.0
296043,0,0,0.0
321093,0,0,0.0
388536,0,0,0.0
369027,0,1,1.0
142262,0,0,0.0
424476,0,0,0.0
270490,0,0,0.0
440876,0,0,0.0
388241,0,0,0.0
134492,0,0,0.0
120345,0,0,0.0
191821,0,0,0.0
360340,0,0,0.0
427342,0,0,0.0
300725,0,0,0.0
380209,0,0,0.0
147071,0,0,0.0
387684,0,0,0.0
323179,0,0,0.0
173712,0,0,0.0
437674,0,0,0.0
317829,0,0,0.0
227503,0,1,1.0
221340,0,0,0.0
448339,0,0,0.0
355368,0,0,0.0
138951,0,0,0.0
272338,0,0,0.0
113818,0,0,0.0
439416,0,0,0.0
123198,0,0,0.0
111549,1,0,0.0
200961,0,0,0.0
221452,1,0,0.0
156203,0,0,0.0
189334,0,0,0.0
163529,0,0,0.0
131794,0,0,0.0
201898,0,0,0.0
264403,1,0,0.0
183547,0,0,0.0
365625,0,0,0.0
367878,0,0,0.0
425158,0,0,0.0
173036,1,0,0.0
386937,0,0,0.0
384895,0,0,0.0
139828,0,0,0.0
273128,0,1,1.0
443286,0,0,0.0
154854,0,0,0.0
221920,0,0,0.0
368979,0,0,0.0
217565,0,0,0.0
107769,0,0,0.0
437203,0,1,1.0
225607,0,0,0.0
323502,1,1,1.0
139898,0,1,1.0
374804,0,0,0.0
255705,0,0,0.0
143724,0,0,0.0
140661,0,0,0.0
287741,0,0,0.0
326812,0,0,0.0
340654,0,0,0.0
377366,0,0,0.0
360177,0,0,0.0
180481,0,0,0.0
334383,0,0,0.0
173407,0,0,0.0
437466,0,1,1.0
433402,1,0,0.0
349758,1,0,0.0
319318,0,1,1.0
226767,0,1,1.0
379807,0,0,0.0
373011,0,0,0.0
366113,0,0,0.0
420716,0,0,0.0
420070,0,1,1.0
191559,0,0,0.0
407911,0,0,0.0
155669,0,0,0.0
387238,0,0,0.0
190832,0,0,0.0
315265,1,1,1.0
313486,1,0,0.0
439093,0,0,0.0
238719,0,1,1.0
321639,0,0,0.0
180538,1,0,0.0
450508,0,0,0.0
299298,0,0,0.0
413560,0,0,0.0
393659,0,0,0.0
432980,0,0,0.0
149846,0,0,0.0
422652,0,0,0.0
439390,0,0,0.0
202936,0,0,0.0
335883,0,0,0.0
370823,0,0,0.0
421874,0,0,0.0
337198,0,0,0.0
343773,0,1,1.0
351650,0,0,0.0
376399,0,0,0.0
345115,0,0,0.0
147607,0,0,0.0
217100,0,0,0.0
130492,0,0,0.0
215786,0,0,0.0
105499,0,0,0.0
174240,0,0,0.0
166990,0,0,0.0
332064,1,0,0.0
295312,0,0,0.0
129198,0,0,0.0
368151,0,0,0.0
416211,0,0,0.0
430338,0,0,0.0
424531,0,0,0.0
150975,0,0,0.0
112761,0,0,0.0
279489,0,0,0.0
212461,0,0,0.0
258032,0,0,0.0
109108,0,1,1.0
313101,0,0,0.0
371240,0,0,0.0
390802,0,1,1.0
201031,0,0,0.0
375491,0,1,1.0
335120,1,0,0.0
353512,0,0,0.0
217614,0,0,0.0
280821,0,0,0.0
104270,0,0,0.0
287771,0,0,0.0
336848,0,1,1.0
307992,0,0,0.0
255618,0,0,0.0
170727,1,0,0.0
439826,0,1,1.0
215794,0,0,0.0
319426,0,0,0.0
325789,0,0,0.0
423443,0,0,0.0
357064,0,0,0.0
179040,0,0,0.0
396486,0,1,1.0
257510,0,0,0.0
327213,0,0,0.0
108169,0,0,0.0
278459,0,1,1.0
277997,0,1,1.0
452799,0,0,0.0
284595,0,0,0.0
111911,0,0,0.0
284227,0,0,0.0
414868,0,0,0.0
372998,0,0,0.0
380241,0,1,1.0
222237,0,0,0.0
222394,0,0,0.0
299598,0,0,0.0
406978,0,0,0.0
197405,0,0,0.0
338177,0,0,0.0
397691,0,0,0.0
191060,0,0,0.0
180056,0,0,0.0
340623,0,0,0.0
291610,0,0,0.0
249950,0,0,0.0
450912,1,0,0.0
452762,0,0,0.0
353959,0,0,0.0
279011,0,0,0.0
250268,0,0,0.0
354194,0,0,0.0
280314,0,0,0.0
445956,0,0,0.0
397510,0,0,0.0
233070,0,0,0.0
119107,0,0,0.0
153401,0,0,0.0
314231,0,1,1.0
300962,0,0,0.0
341564,0,0,0.0
349666,0,0,0.0
297131,0,0,0.0
288288,0,0,0.0
156378,0,0,0.0
176374,0,0,0.0
307105,0,0,0.0
387243,0,0,0.0
119311,0,0,0.0
267334,0,0,0.0
248485,0,0,0.0
455552,0,0,0.0
376007,0,0,0.0
138724,0,0,0.0
356898,1,0,0.0
150547,0,0,0.0
127519,0,0,0.0
215070,0,0,0.0
278443,0,0,0.0
128592,0,0,0.0
246391,0,0,0.0
183763,0,0,0.0
376272,0,0,0.0
118761,0,1,1.0
436150,0,0,0.0
122499,0,0,0.0
167126,0,0,0.0
315945,0,0,0.0
200517,0,0,0.0
255956,0,0,0.0
238246,0,0,0.0
255798,0,0,0.0
353606,0,0,0.0
423189,0,0,0.0
275788,0,0,0.0
148241,0,0,0.0
213953,0,1,1.0
351387,1,1,1.0
133344,0,0,0.0
106688,0,0,0.0
326758,0,0,0.0
304155,0,0,0.0
242597,0,0,0.0
218916,0,0,0.0
181304,0,0,0.0
108670,0,0,0.0
455234,0,0,0.0
171760,0,0,0.0
246978,1,0,0.0
198737,0,1,1.0
213418,1,0,0.0
291633,0,0,0.0
254487,0,0,0.0
257987,0,0,0.0
238092,1,0,0.0
268202,0,0,0.0
118566,0,0,0.0
174293,0,0,0.0
180476,0,0,0.0
448207,0,0,0.0
122881,0,0,0.0
236384,0,0,0.0
155997,0,0,0.0
189718,0,0,0.0
283452,0,0,0.0
290477,0,0,0.0
183804,0,1,1.0
184121,1,0,0.0
244552,0,0,0.0
153664,0,0,0.0
349903,0,0,0.0
426405,0,0,0.0
286698,0,0,0.0
299568,0,0,0.0
114886,0,0,0.0
214292,0,0,0.0
151511,0,0,0.0
243526,0,0,0.0
283273,0,0,0.0
396800,0,0,0.0
401212,0,0,0.0
354324,0,0,0.0
163978,0,0,0.0
297473,0,0,0.0
411913,0,0,0.0
187898,0,0,0.0
261657,1,1,1.0
412945,0,0,0.0
189459,0,0,0.0
138166,0,0,0.0
354467,0,0,0.0
163337,0,0,0.0
415200,0,0,0.0
159927,0,0,0.0
228000,0,0,0.0
177282,1,1,1.0
232878,1,0,0.0
455559,0,0,0.0
182291,0,0,0.0
194488,0,0,0.0
116099,0,0,0.0
416368,0,0,0.0
102972,0,0,0.0
428192,0,0,0.0
405403,0,1,1.0
322763,0,0,0.0
182439,0,0,0.0
391330,0,0,0.0
412745,0,0,0.0
187225,0,1,1.0
106968,0,0,0.0
341162,0,1,1.0
175398,0,0,0.0
430134,0,0,0.0
191765,0,0,0.0
378517,1,0,0.0
426496,0,1,1.0
333923,0,0,0.0
183875,0,0,0.0
175301,0,0,0.0
311944,0,0,0.0
377493,0,0,0.0
104775,0,0,0.0
441176,0,0,0.0
159391,0,0,0.0
169976,0,0,0.0
428308,0,0,0.0
387446,0,0,0.0
387576,0,0,0.0
193555,1,0,0.0
164181,0,0,0.0
206498,0,0,0.0
170363,0,1,1.0
240264,0,0,0.0
419659,1,0,0.0
197092,0,0,0.0
433137,0,0,0.0
193245,0,0,0.0
374525,0,0,0.0
258798,0,0,0.0
152414,1,0,0.0
399509,0,1,1.0
417060,0,0,0.0
149280,0,0,0.0
428583,0,0,0.0
298475,0,0,0.0
442800,0,0,0.0
190170,0,0,0.0
296663,0,0,0.0
409047,0,0,0.0
114388,0,0,0.0
451790,0,0,0.0
386335,0,0,0.0
241596,0,0,0.0
267120,0,1,1.0
423716,0,0,0.0
253381,0,0,0.0
447809,0,0,0.0
371453,1,0,0.0
234637,0,0,0.0
216500,1,0,0.0
151122,0,1,1.0
425006,0,0,0.0
262083,0,0,0.0
349366,0,0,0.0
309698,0,0,0.0
191074,0,0,0.0
256714,0,0,0.0
115636,0,0,0.0
153632,0,0,0.0
368745,0,1,1.0
371413,0,0,0.0
316229,0,0,0.0
206788,0,0,0.0
128427,0,0,0.0
160467,1,0,0.0
345514,0,0,0.0
181835,0,0,0.0
355561,0,0,0.0
282870,0,0,0.0
245388,0,0,0.0
228789,0,0,0.0
268433,0,0,0.0
382949,0,0,0.0
164285,1,0,0.0
451514,0,1,1.0
213907,0,0,0.0
220510,0,0,0.0
231825,0,0,0.0
433926,0,0,0.0
269444,0,0,0.0
268972,0,0,0.0
345426,0,0,0.0
275642,0,0,0.0
366946,0,0,0.0
321387,0,0,0.0
227303,1,0,0.0
268883,0,0,0.0
181539,0,0,0.0
395369,0,0,0.0
256002,0,0,0.0
449114,0,0,0.0
150192,0,0,0.0
345747,0,0,0.0
253633,0,0,0.0
284959,0,0,0.0
283406,0,0,0.0
454432,0,0,0.0
320521,0,0,0.0
104253,0,0,0.0
240568,0,0,0.0
340138,0,0,0.0
447891,0,0,0.0
349825,0,0,0.0
454032,0,0,0.0
300978,0,0,0.0
373081,0,0,0.0
152623,0,0,0.0
133703,1,0,0.0
255677,0,0,0.0
386333,0,0,0.0
377075,0,0,0.0
113766,1,0,0.0
119756,0,0,0.0
437541,0,1,1.0
190658,0,0,0.0
343732,0,0,0.0
169076,0,0,0.0
119831,0,0,0.0
161969,0,0,0.0
374614,0,0,0.0
149175,0,0,0.0
308812,0,0,0.0
251351,0,0,0.0
391336,0,0,0.0
173263,0,0,0.0
415598,0,0,0.0
254485,0,0,0.0
369346,0,0,0.0
151902,0,0,0.0
135468,1,0,0.0
202076,1,0,0.0
252490,0,0,0.0
179316,0,0,0.0
148094,0,0,0.0
330039,0,0,0.0
421397,0,0,0.0
415317,0,0,0.0
423312,0,0,0.0
173556,0,0,0.0
173719,0,0,0.0
122035,0,0,0.0
296659,0,0,0.0
402452,0,0,0.0
132131,0,0,0.0
295020,0,0,0.0
177446,0,0,0.0
180574,0,0,0.0
228500,0,0,0.0
350994,0,0,0.0
251121,1,0,0.0
249556,0,0,0.0
342864,0,0,0.0
105987,0,0,0.0
436596,1,0,0.0
316126,0,0,0.0
188364,0,0,0.0
222522,0,0,0.0
385821,0,0,0.0
361600,0,0,0.0
245859,0,0,0.0
292833,0,0,0.0
291594,0,1,1.0
275451,0,0,0.0
437133,0,0,0.0
359153,0,0,0.0
242453,0,0,0.0
147197,0,0,0.0
358905,0,0,0.0
205476,0,1,1.0
399954,0,0,0.0
398869,1,0,0.0
410522,0,0,0.0
417719,0,0,0.0
111844,0,0,0.0
269892,0,0,0.0
303959,0,0,0.0
414839,0,0,0.0
436206,0,0,0.0
109396,1,0,0.0
366405,0,0,0.0
262029,0,0,0.0
106762,0,0,0.0
165460,0,0,0.0
194893,0,0,0.0
350371,1,0,0.0
224665,0,1,1.0
169130,0,0,0.0
277236,0,1,1.0
340664,1,0,0.0
420235,0,0,0.0
309346,0,0,0.0
131732,0,0,0.0
171732,0,0,0.0
129092,0,0,0.0
105730,0,0,0.0
123648,0,0,0.0
301030,0,0,0.0
275274,0,0,0.0
193621,0,0,0.0
182386,0,0,0.0
151515,1,1,1.0
244269,0,0,0.0
270366,0,0,0.0
218904,0,0,0.0
324924,0,0,0.0
326907,0,0,0.0
211094,0,0,0.0
174776,0,0,0.0
110903,0,0,0.0
262247,0,0,0.0
267995,0,0,0.0
334425,0,0,0.0
109048,0,0,0.0
429324,0,0,0.0
179999,1,0,0.0
277967,0,0,0.0
357649,0,0,0.0
340013,0,0,0.0
278997,0,0,0.0
229664,0,0,0.0
131945,0,0,0.0
270512,0,0,0.0
195869,0,0,0.0
317114,0,0,0.0
209395,1,1,1.0
243452,0,0,0.0
139176,0,1,1.0
324706,0,0,0.0
362777,0,0,0.0
245759,0,0,0.0
349241,0,0,0.0
317752,1,0,0.0
323656,0,0,0.0
148725,0,0,0.0
151408,0,0,0.0
343809,0,0,0.0
303501,0,0,0.0
285873,0,0,0.0
227269,0,0,0.0
322364,0,0,0.0
205004,0,0,0.0
387813,0,1,1.0
364960,0,0,0.0
147154,0,0,0.0
394684,0,0,0.0
308182,0,0,0.0
201837,0,0,0.0
431478,1,0,0.0
423057,0,0,0.0
217152,0,0,0.0
209088,0,0,0.0
134021,0,0,0.0
412850,0,0,0.0
187741,0,0,0.0
384724,0,0,0.0
173112,0,0,0.0
104421,0,0,0.0
287462,0,0,0.0
434482,0,0,0.0
106284,0,0,0.0
148262,1,0,0.0
260170,0,0,0.0
195820,0,0,0.0
411487,1,0,0.0
228076,0,0,0.0
207207,0,1,1.0
382415,0,1,1.0
390710,0,0,0.0
296565,0,0,0.0
265831,1,0,0.0
274800,0,0,0.0
327075,0,0,0.0
414182,0,0,0.0
281317,0,0,0.0
329638,1,0,0.0
354120,1,1,1.0
123802,0,0,0.0
294601,0,0,0.0
296497,0,0,0.0
374256,0,0,0.0
408959,0,0,0.0
408559,0,1,1.0
250571,0,0,0.0
268025,0,0,0.0
213631,0,0,0.0
150893,0,0,0.0
196421,0,1,1.0
178562,0,0,0.0
344450,0,0,0.0
138800,0,0,0.0
359763,0,0,0.0
117032,0,0,0.0
365280,0,0,0.0
193728,1,0,0.0
258897,0,1,1.0
140720,0,0,0.0
326270,0,0,0.0
434583,0,0,0.0
263117,0,0,0.0
419751,0,0,0.0
111524,0,0,0.0
249035,0,0,0.0
275960,0,0,0.0
455620,0,0,0.0
372493,0,0,0.0
321798,1,0,0.0
270319,0,1,1.0
149016,0,0,0.0
101908,0,0,0.0
235690,0,0,0.0
288616,0,0,0.0
389614,0,1,1.0
302062,0,0,0.0
258609,0,1,1.0
338423,0,0,0.0
447798,0,0,0.0
407802,0,0,0.0
270786,0,0,0.0
382002,0,0,0.0
318819,0,0,0.0
446860,0,0,0.0
215956,0,0,0.0
241228,0,0,0.0
355405,0,0,0.0
207894,0,0,0.0
316833,0,0,0.0
446870,0,0,0.0
220925,0,0,0.0
172901,1,0,0.0
450417,0,0,0.0
289871,0,0,0.0
393504,0,0,0.0
334088,0,0,0.0
382914,0,0,0.0
420511,0,0,0.0
351352,0,1,1.0
282685,0,0,0.0
431403,0,0,0.0
126234,0,0,0.0
294352,1,1,1.0
252671,0,0,0.0
252644,0,0,0.0
377565,0,0,0.0
369417,0,0,0.0
114449,0,0,0.0
326570,0,0,0.0
193377,0,0,0.0
214854,0,0,0.0
392434,0,0,0.0
105974,0,0,0.0
206156,0,0,0.0
130937,0,0,0.0
284439,0,0,0.0
357168,0,0,0.0
294036,0,0,0.0
109590,0,0,0.0
249546,0,0,0.0
331061,0,0,0.0
453760,0,0,0.0
452391,1,0,0.0
248426,0,0,0.0
399447,0,0,0.0
116314,0,0,0.0
209539,0,0,0.0
417084,0,0,0.0
263269,0,0,0.0
138248,0,0,0.0
148496,0,0,0.0
325361,0,0,0.0
408428,0,0,0.0
326716,0,0,0.0
276410,0,0,0.0
217833,0,0,0.0
260157,0,0,0.0
415948,0,0,0.0
335634,0,0,0.0
237463,0,0,0.0
117382,0,0,0.0
229759,0,0,0.0
113473,0,0,0.0
444423,0,0,0.0
348518,0,0,0.0
449674,0,0,0.0
255530,0,0,0.0
276184,0,0,0.0
368467,0,0,0.0
293616,0,0,0.0
307164,0,0,0.0
325810,0,0,0.0
130503,0,0,0.0
248881,1,0,0.0
417221,1,0,0.0
421378,0,0,0.0
141820,0,0,0.0
126701,0,0,0.0
357776,1,0,0.0
305149,0,0,0.0
249150,0,0,0.0
127840,0,0,0.0
294508,0,0,0.0
152869,1,0,0.0
397180,0,0,0.0
125050,0,0,0.0
288607,0,0,0.0
380549,0,0,0.0
320057,0,0,0.0
207786,0,0,0.0
335658,0,0,0.0
266896,0,0,0.0
126241,1,0,0.0
177337,0,0,0.0
189784,0,0,0.0
208289,0,0,0.0
252058,1,1,1.0
122724,0,1,1.0
115807,0,0,0.0
192842,0,0,0.0
103531,1,0,0.0
333671,0,0,0.0
372632,0,0,0.0
191065,0,0,0.0
385059,0,0,0.0
412648,0,0,0.0
298764,0,1,1.0
444335,0,1,1.0
223057,0,0,0.0
258300,0,0,0.0
157832,0,0,0.0
238169,0,0,0.0
100914,0,0,0.0
202802,0,0,0.0
187288,1,0,0.0
380076,0,0,0.0
201667,0,0,0.0
395145,0,0,0.0
136800,0,0,0.0
134852,0,0,0.0
395915,0,0,0.0
166348,0,0,0.0
112069,0,0,0.0
400211,0,0,0.0
218374,1,0,0.0
268132,0,0,0.0
214165,0,0,0.0
132255,0,0,0.0
118881,0,0,0.0
242716,0,1,1.0
448439,0,0,0.0
392556,1,0,0.0
333758,0,0,0.0
180968,1,0,0.0
165257,0,0,0.0
200786,0,1,1.0
253590,0,0,0.0
420452,1,0,0.0
440947,0,0,0.0
418087,0,0,0.0
199547,1,0,0.0
109023,1,0,0.0
170227,0,0,0.0
216191,0,0,0.0
435211,0,0,0.0
267904,0,0,0.0
446567,0,0,0.0
139128,0,1,1.0
378332,0,0,0.0
367012,0,1,1.0
326179,0,0,0.0
414762,0,0,0.0
274315,0,0,0.0
311519,0,0,0.0
307369,0,0,0.0
438441,0,0,0.0
107482,0,0,0.0
201136,0,0,0.0
277885,0,0,0.0
297159,0,0,0.0
280567,0,0,0.0
359988,0,0,0.0
308657,0,0,0.0
139279,0,0,0.0
206327,0,0,0.0
149581,0,0,0.0
118463,0,0,0.0
191631,0,0,0.0
222453,0,0,0.0
192323,1,0,0.0
241650,0,0,0.0
117727,1,0,0.0
432172,1,0,0.0
134994,0,0,0.0
377033,0,0,0.0
208276,0,0,0.0
383118,0,0,0.0
311826,0,0,0.0
420946,0,0,0.0
251784,0,0,0.0
314645,0,0,0.0
176501,0,0,0.0
351202,0,0,0.0
432179,0,0,0.0
422221,0,0,0.0
224508,0,0,0.0
418404,0,0,0.0
395358,0,0,0.0
393124,0,0,0.0
298900,0,0,0.0
273535,0,0,0.0
344923,0,0,0.0
380686,0,0,0.0
331807,0,0,0.0
128337,1,0,0.0
110564,0,0,0.0
340876,0,0,0.0
446432,0,0,0.0
240005,0,1,1.0
454260,0,0,0.0
281223,0,0,0.0
333696,0,0,0.0
117300,0,0,0.0
436979,0,0,0.0
259936,0,0,0.0
211642,0,1,1.0
228807,0,0,0.0
288120,0,0,0.0
332765,0,0,0.0
271668,0,0,0.0
235934,0,1,1.0
455553,0,0,0.0
395176,0,0,0.0
397817,0,0,0.0
195319,1,0,0.0
197474,0,0,0.0
167322,1,0,0.0
183473,0,0,0.0
382506,0,0,0.0
186793,0,0,0.0
301378,0,1,1.0
132335,1,0,0.0
366517,0,0,0.0
343266,0,0,0.0
335593,0,0,0.0
375062,0,0,0.0
330342,0,0,0.0
186121,0,0,0.0
442495,0,0,0.0
185056,0,1,1.0
325573,0,0,0.0
189452,0,0,0.0
340362,0,1,1.0
224513,0,0,0.0
342397,0,0,0.0
221300,1,1,1.0
205556,0,0,0.0
298242,0,0,0.0
359638,0,0,0.0
195247,0,0,0.0
189232,0,0,0.0
420756,0,0,0.0
138182,0,0,0.0
139391,0,0,0.0
358371,0,0,0.0
247207,0,0,0.0
160224,0,0,0.0
112581,0,0,0.0
115453,0,0,0.0
138253,0,0,0.0
235139,0,0,0.0
237480,0,0,0.0
365209,0,0,0.0
308677,0,0,0.0
420371,0,0,0.0
144652,1,0,0.0
130192,0,0,0.0
190642,0,0,0.0
202866,0,0,0.0
209297,0,0,0.0
375520,0,0,0.0
414876,0,0,0.0
189937,0,0,0.0
149602,0,0,0.0
246070,0,0,0.0
401745,0,0,0.0
454011,0,0,0.0
220425,0,0,0.0
242932,0,0,0.0
249013,0,0,0.0
115594,0,0,0.0
367020,0,0,0.0
200936,0,0,0.0
213863,0,0,0.0
335040,0,1,1.0
127729,1,0,0.0
365183,0,0,0.0
113459,0,0,0.0
104126,0,0,0.0
249232,0,0,0.0
399364,0,0,0.0
210929,0,0,0.0
132937,0,0,0.0
443543,1,0,0.0
455720,0,1,1.0
176009,0,0,0.0
306594,0,0,0.0
153553,0,0,0.0
377617,0,0,0.0
316464,0,0,0.0
190424,0,0,0.0
230350,0,0,0.0
234856,0,0,0.0
333053,1,0,0.0
294764,1,0,0.0
411323,0,0,0.0
186968,0,0,0.0
248110,0,0,0.0
381096,0,0,0.0
166718,1,0,0.0
141702,0,0,0.0
406867,0,0,0.0
454677,0,0,0.0
240224,0,0,0.0
299780,0,1,1.0
182156,0,0,0.0
423438,0,0,0.0
296940,0,0,0.0
306508,0,0,0.0
447589,0,0,0.0
133902,1,0,0.0
355654,0,0,0.0
211059,0,0,0.0
132315,1,1,1.0
137122,1,0,0.0
212251,0,0,0.0
389276,0,1,1.0
224702,0,0,0.0
455075,0,0,0.0
319344,1,0,0.0
454537,1,0,0.0
387380,0,0,0.0
129578,0,0,0.0
334544,0,0,0.0
131556,0,0,0.0
324365,0,0,0.0
356011,0,0,0.0
214954,0,1,1.0
328867,0,0,0.0
146912,0,1,1.0
449622,0,0,0.0
356060,0,0,0.0
167462,0,1,1.0
257885,0,0,0.0
414208,0,0,0.0
123505,0,0,0.0
261948,0,0,0.0
209138,0,0,0.0
339580,0,0,0.0
342629,0,0,0.0
123643,0,0,0.0
252525,0,0,0.0
399884,0,0,0.0
452119,0,0,0.0
227292,0,0,0.0
426877,0,0,0.0
126412,0,0,0.0
130923,0,0,0.0
147233,0,0,0.0
152604,0,1,1.0
299710,0,0,0.0
162681,0,0,0.0
147566,0,0,0.0
315290,0,1,1.0
147907,0,0,0.0
445600,0,0,0.0
126346,0,0,0.0
250000,0,1,1.0
403593,0,0,0.0
150533,0,0,0.0
225264,0,0,0.0
337712,1,1,1.0
142640,0,0,0.0
114333,0,0,0.0
266373,0,0,0.0
117122,0,0,0.0
129371,0,0,0.0
325427,0,0,0.0
362733,0,0,0.0
332112,0,0,0.0
357836,0,0,0.0
240091,0,0,0.0
341011,0,0,0.0
119693,0,0,0.0
214226,0,0,0.0
431125,0,0,0.0
135955,0,0,0.0
232708,0,0,0.0
125503,0,0,0.0
302474,0,0,0.0
194763,0,0,0.0
104076,0,0,0.0
223996,0,0,0.0
410755,1,1,1.0
168471,0,0,0.0
111797,0,0,0.0
296533,0,0,0.0
432576,0,0,0.0
186361,0,0,0.0
368411,0,0,0.0
266735,0,0,0.0
353136,0,0,0.0
154637,0,0,0.0
199526,0,1,1.0
310021,0,0,0.0
108854,0,0,0.0
207908,0,0,0.0
146669,0,0,0.0
419238,0,0,0.0
316577,0,0,0.0
299669,0,0,0.0
261493,0,0,0.0
322213,0,0,0.0
255524,0,0,0.0
323575,0,1,1.0
177691,0,0,0.0
330884,0,0,0.0
440306,0,0,0.0
444416,0,1,1.0
219800,0,0,0.0
232995,0,0,0.0
289261,0,0,0.0
366968,1,0,0.0
310216,0,0,0.0
312426,0,0,0.0
286035,0,1,1.0
419285,0,0,0.0
216502,0,0,0.0
236858,0,0,0.0
186523,0,0,0.0
165715,0,0,0.0
135003,0,0,0.0
287875,0,0,0.0
452842,0,0,0.0
289226,0,0,0.0
252344,0,0,0.0
355146,0,0,0.0
264981,0,0,0.0
224576,0,0,0.0
214439,0,0,0.0
376954,0,0,0.0
406334,0,0,0.0
413415,0,0,0.0
178316,0,0,0.0
395713,0,0,0.0
233230,0,0,0.0
253554,0,0,0.0
289031,0,0,0.0
102064,0,0,0.0
274157,0,0,0.0
247503,0,0,0.0
399726,0,1,1.0
194381,1,0,0.0
205717,0,1,1.0
243941,0,0,0.0
203263,0,0,0.0
197437,0,0,0.0
136737,0,0,0.0
280748,0,0,0.0
237014,0,0,0.0
375284,0,0,0.0
190220,0,0,0.0
133316,0,0,0.0
180357,0,0,0.0
283263,0,0,0.0
120611,0,0,0.0
422338,0,0,0.0
139081,0,0,0.0
221218,1,0,0.0
316805,0,0,0.0
373409,0,0,0.0
180831,0,0,0.0
358111,0,1,1.0
278887,0,0,0.0
112050,0,0,0.0
339102,0,0,0.0
453548,0,0,0.0
446599,0,0,0.0
418885,1,0,0.0
312113,0,0,0.0
310084,0,0,0.0
292275,0,0,0.0
259426,0,0,0.0
301829,0,0,0.0
358406,0,0,0.0
177477,0,0,0.0
139065,0,1,1.0
290086,0,0,0.0
131054,0,1,1.0
425730,0,0,0.0
204954,0,0,0.0
282918,0,0,0.0
333898,0,0,0.0
174282,0,0,0.0
106546,1,0,0.0
332828,0,0,0.0
305900,0,0,0.0
155468,0,1,1.0
409866,0,0,0.0
330694,0,0,0.0
212941,0,0,0.0
241199,0,0,0.0
252276,0,0,0.0
157916,0,0,0.0
101375,0,0,0.0
187695,0,1,1.0
411000,0,0,0.0
319950,0,0,0.0
368175,0,0,0.0
109835,0,0,0.0
388556,0,0,0.0
356145,0,0,0.0
105286,0,0,0.0
411562,0,0,0.0
266324,0,0,0.0
215405,1,0,0.0
385219,0,0,0.0
183653,0,0,0.0
441916,0,0,0.0
393686,0,0,0.0
147799,0,0,0.0
240038,0,0,0.0
378278,0,0,0.0
165987,0,0,0.0
398605,0,0,0.0
188683,0,0,0.0
163391,0,0,0.0
343366,0,0,0.0
388645,0,1,1.0
418533,0,0,0.0
339513,0,0,0.0
154945,0,0,0.0
288498,0,0,0.0
434014,1,1,1.0
377966,0,0,0.0
117437,0,0,0.0
242644,0,0,0.0
335695,0,0,0.0
365079,0,0,0.0
429687,0,0,0.0
118810,0,1,1.0
265437,1,0,0.0
318820,0,0,0.0
362521,0,0,0.0
320710,0,0,0.0
281098,0,1,1.0
277152,0,0,0.0
314838,0,0,0.0
193313,0,0,0.0
109073,0,0,0.0
105395,0,0,0.0
207996,0,0,0.0
214735,0,0,0.0
257133,0,0,0.0
213359,0,0,0.0
341083,0,0,0.0
412260,0,0,0.0
158657,0,0,0.0
429087,1,1,1.0
197884,0,0,0.0
388513,0,0,0.0
145999,0,0,0.0
345971,0,0,0.0
232068,0,0,0.0
382908,0,0,0.0
192830,0,0,0.0
119639,0,0,0.0
254425,0,0,0.0
145378,0,0,0.0
114184,0,0,0.0
312172,0,0,0.0
312956,0,0,0.0
390880,0,0,0.0
325994,0,0,0.0
180016,1,1,1.0
194923,1,0,0.0
303770,0,1,1.0
330054,0,0,0.0
189431,0,0,0.0
310312,0,0,0.0
378977,0,0,0.0
148060,0,0,0.0
221187,0,0,0.0
324268,1,0,0.0
369299,0,0,0.0
210277,0,1,1.0
206667,0,0,0.0
448047,0,1,1.0
385258,0,0,0.0
229461,1,1,1.0
107705,0,0,0.0
401669,0,0,0.0
111588,0,0,0.0
171940,0,0,0.0
443619,0,1,1.0
164366,0,0,0.0
354270,0,1,1.0
177200,0,0,0.0
408764,0,0,0.0
107009,0,0,0.0
341949,0,0,0.0
144473,0,0,0.0
251405,0,0,0.0
128190,0,1,1.0
451084,0,0,0.0
272173,0,0,0.0
231084,0,0,0.0
184549,0,0,0.0
312013,0,0,0.0
401993,0,0,0.0
217080,0,0,0.0
167812,0,0,0.0
385356,0,0,0.0
139845,0,0,0.0
450308,0,0,0.0
250224,0,0,0.0
288429,0,0,0.0
216178,0,0,0.0
111873,0,0,0.0
247979,0,0,0.0
164650,0,0,0.0
260096,0,0,0.0
338716,0,0,0.0
193986,0,0,0.0
172189,0,0,0.0
112513,0,0,0.0
379299,0,0,0.0
186160,0,0,0.0
141394,0,0,0.0
179441,0,0,0.0
297158,0,0,0.0
282725,0,0,0.0
240248,0,0,0.0
378602,0,0,0.0
373129,0,0,0.0
338048,1,0,0.0
448491,0,0,0.0
260433,0,0,0.0
361959,0,0,0.0
103756,0,0,0.0
331232,0,0,0.0
391080,0,0,0.0
147910,0,0,0.0
236814,0,0,0.0
122239,0,0,0.0
342633,0,1,1.0
242200,0,0,0.0
435283,0,0,0.0
165206,0,1,1.0
235895,0,1,1.0
243572,0,0,0.0
448686,0,0,0.0
148851,1,0,0.0
399808,0,0,0.0
307594,0,0,0.0
228513,0,0,0.0
360991,0,0,0.0
412919,0,0,0.0
400913,0,0,0.0
353049,0,0,0.0
425240,0,0,0.0
426176,0,0,0.0
409571,0,0,0.0
355814,0,0,0.0
136200,0,0,0.0
117325,0,0,0.0
275643,0,0,0.0
446104,0,0,0.0
277232,0,0,0.0
115776,0,0,0.0
125378,0,0,0.0
334753,1,0,0.0
269334,0,0,0.0
259478,0,0,0.0
397200,0,0,0.0
420471,0,0,0.0
143514,1,0,0.0
353188,0,0,0.0
322812,0,0,0.0
271799,0,0,0.0
267226,0,0,0.0
255972,0,0,0.0
367021,0,0,0.0
333393,1,1,1.0
325513,0,1,1.0
319237,0,0,0.0
219899,0,0,0.0
384804,0,0,0.0
415788,0,1,1.0
108996,0,0,0.0
187357,0,0,0.0
127292,0,0,0.0
136199,0,1,1.0
305167,0,1,1.0
339588,0,0,0.0
269398,1,0,0.0
415338,1,0,0.0
451445,0,0,0.0
404441,0,0,0.0
194294,0,0,0.0
105686,0,0,0.0
407757,0,0,0.0
431623,0,0,0.0
345057,0,1,1.0
300912,0,0,0.0
304582,0,0,0.0
340650,0,0,0.0
346756,0,0,0.0
408686,0,0,0.0
103563,1,0,0.0
237229,1,0,0.0
162526,0,0,0.0
449182,0,0,0.0
295035,0,0,0.0
141003,0,0,0.0
450924,0,0,0.0
222911,0,0,0.0
167124,0,0,0.0
237216,1,0,0.0
197240,1,0,0.0
159628,0,0,0.0
339331,0,1,1.0
364499,0,0,0.0
427186,0,0,0.0
131139,0,0,0.0
411898,0,0,0.0
318010,0,0,0.0
410444,0,0,0.0
332139,0,0,0.0
313789,0,0,0.0
442929,0,0,0.0
311002,0,0,0.0
383172,0,0,0.0
348302,0,0,0.0
216877,1,1,1.0
305541,0,0,0.0
378188,0,0,0.0
287366,0,0,0.0
114762,0,1,1.0
383986,0,0,0.0
112046,0,0,0.0
277848,0,0,0.0
211767,0,0,0.0
441372,1,0,0.0
109410,0,0,0.0
338316,0,0,0.0
325737,0,0,0.0
273092,0,0,0.0
422216,0,0,0.0
312802,0,0,0.0
167157,0,0,0.0
243669,0,0,0.0
275519,0,0,0.0
307131,1,0,0.0
383057,0,0,0.0
117209,0,0,0.0
427356,1,0,0.0
366181,0,0,0.0
373170,0,0,0.0
326015,0,0,0.0
109776,0,0,0.0
203229,0,0,0.0
295561,0,0,0.0
183027,1,0,0.0
454429,0,0,0.0
249106,0,0,0.0
303449,0,0,0.0
135782,0,1,1.0
438955,0,0,0.0
213225,0,0,0.0
295370,1,0,0.0
289234,0,0,0.0
132988,0,0,0.0
265893,0,0,0.0
317683,0,0,0.0
105028,0,0,0.0
288637,0,0,0.0
434354,0,0,0.0
230242,0,1,1.0
312002,0,0,0.0
139281,0,0,0.0
350448,1,0,0.0
274547,0,0,0.0
360073,0,0,0.0
298812,0,0,0.0
212387,0,0,0.0
171159,0,0,0.0
375227,0,0,0.0
386477,0,1,1.0
366997,0,0,0.0
382161,0,0,0.0
299289,0,0,0.0
378680,0,0,0.0
384278,0,1,1.0
229777,0,0,0.0
369514,0,0,0.0
162445,0,0,0.0
425763,0,0,0.0
454033,0,0,0.0
406018,0,0,0.0
244109,0,1,1.0
198278,0,0,0.0
326932,1,0,0.0
168678,0,0,0.0
400757,0,0,0.0
116413,0,0,0.0
161925,0,0,0.0
244393,0,0,0.0
201935,0,0,0.0
104290,0,1,1.0
244864,0,0,0.0
226991,0,0,0.0
287356,0,0,0.0
143952,1,1,1.0
317640,0,0,0.0
382206,0,0,0.0
144559,0,1,1.0
317367,0,0,0.0
344156,0,0,0.0
433375,0,0,0.0
288342,0,0,0.0
156177,0,0,0.0
369348,0,0,0.0
137843,0,0,0.0
392076,0,0,0.0
120432,0,0,0.0
230686,0,0,0.0
302824,0,0,0.0
262144,0,0,0.0
321352,0,0,0.0
151306,0,0,0.0
371855,0,0,0.0
345811,0,0,0.0
449296,0,0,0.0
258835,0,0,0.0
118596,0,0,0.0
250916,0,0,0.0
419597,0,0,0.0
347963,0,0,0.0
409149,0,0,0.0
315762,0,0,0.0
288551,0,0,0.0
133797,0,1,1.0
120392,0,1,1.0
241576,0,0,0.0
441216,1,0,0.0
370956,0,0,0.0
255460,0,0,0.0
366134,0,0,0.0
167094,1,0,0.0
121936,1,0,0.0
225222,0,0,0.0
153208,0,1,1.0
141671,0,0,0.0
195429,0,0,0.0
433492,0,0,0.0
256716,0,0,0.0
360088,0,0,0.0
249256,0,0,0.0
141730,0,0,0.0
313250,0,0,0.0
342857,0,0,0.0
437499,0,0,0.0
160882,0,0,0.0
362196,0,0,0.0
439140,0,0,0.0
360843,0,1,1.0
268552,1,0,0.0
378535,0,0,0.0
188126,0,0,0.0
299608,0,0,0.0
381900,0,0,0.0
312562,0,0,0.0
146433,0,0,0.0
242732,1,0,0.0
415286,0,0,0.0
442592,0,1,1.0
320346,0,0,0.0
413430,0,1,1.0
369228,0,0,0.0
154459,0,0,0.0
420686,1,0,0.0
239278,0,0,0.0
411260,0,0,0.0
207007,0,0,0.0
415953,0,0,0.0
192935,0,0,0.0
364478,0,1,1.0
443222,0,0,0.0
338778,1,0,0.0
430411,0,0,0.0
445889,0,0,0.0
296025,0,1,1.0
198416,0,0,0.0
329200,0,0,0.0
300206,0,0,0.0
427540,0,0,0.0
446035,0,0,0.0
287067,0,0,0.0
319670,0,0,0.0
270115,0,0,0.0
261869,0,0,0.0
302336,0,0,0.0
376726,0,0,0.0
114218,0,0,0.0
289493,0,0,0.0
260780,1,0,0.0
235567,0,0,0.0
454236,0,0,0.0
384815,0,0,0.0
425606,0,0,0.0
316489,0,0,0.0
222359,0,0,0.0
146941,0,0,0.0
331274,0,0,0.0
354844,0,0,0.0
340544,0,0,0.0
267864,0,0,0.0
196980,0,1,1.0
206362,0,0,0.0
164898,0,1,1.0
301213,0,0,0.0
344857,0,0,0.0
358606,0,0,0.0
224830,0,0,0.0
321169,0,0,0.0
444821,0,1,1.0
391018,0,0,0.0
427116,0,0,0.0
187909,0,0,0.0
314021,0,0,0.0
276807,0,0,0.0
196324,1,0,0.0
447431,0,1,1.0
306496,0,1,1.0
316724,0,0,0.0
197328,0,0,0.0
357657,0,0,0.0
232557,0,0,0.0
260172,0,0,0.0
393008,0,0,0.0
451348,0,0,0.0
262422,1,0,0.0
104551,0,0,0.0
376979,0,0,0.0
423110,0,0,0.0
431535,0,0,0.0
114483,0,0,0.0
450491,0,0,0.0
208977,1,0,0.0
292323,0,0,0.0
104663,0,0,0.0
149935,0,0,0.0
152920,0,0,0.0
123747,1,0,0.0
280717,0,0,0.0
209336,0,0,0.0
366507,0,0,0.0
420701,0,0,0.0
335302,0,0,0.0
253382,0,0,0.0
104438,0,0,0.0
330063,0,0,0.0
378979,0,1,1.0
423239,0,0,0.0
281387,0,0,0.0
305086,0,0,0.0
300743,0,0,0.0
211632,0,0,0.0
249097,0,0,0.0
207929,0,0,0.0
238993,1,1,1.0
154678,0,0,0.0
283912,0,0,0.0
202822,0,0,0.0
405796,0,0,0.0
452856,0,0,0.0
340948,0,0,0.0
279718,0,0,0.0
155461,0,0,0.0
415882,0,0,0.0
286464,0,0,0.0
217230,0,0,0.0
121192,0,0,0.0
211960,0,0,0.0
247044,0,1,1.0
188618,0,0,0.0
223457,0,0,0.0
330466,1,0,0.0
146747,0,0,0.0
181466,0,1,1.0
278627,0,0,0.0
350630,0,0,0.0
271960,0,0,0.0
177841,0,0,0.0
275015,0,0,0.0
126459,0,0,0.0
236597,0,0,0.0
358400,0,0,0.0
328063,0,0,0.0
389209,0,0,0.0
426977,0,0,0.0
188279,0,0,0.0
293552,0,0,0.0
403120,0,0,0.0
317711,0,0,0.0
326752,0,0,0.0
254330,0,0,0.0
112787,0,0,0.0
382292,0,0,0.0
401717,0,0,0.0
130800,0,0,0.0
153433,0,0,0.0
116114,0,1,1.0
325248,0,0,0.0
109282,0,0,0.0
180805,1,0,0.0
313543,1,0,0.0
210286,0,0,0.0
225300,0,0,0.0
295955,0,0,0.0
298551,0,0,0.0
321036,0,0,0.0
104048,0,0,0.0
403036,0,0,0.0
379057,0,0,0.0
338572,0,0,0.0
394611,0,0,0.0
333157,0,0,0.0
346404,0,0,0.0
399089,0,0,0.0
378478,0,1,1.0
145023,0,0,0.0
283811,0,0,0.0
102503,0,0,0.0
198086,0,0,0.0
355028,0,0,0.0
277063,0,0,0.0
171228,0,0,0.0
175799,0,0,0.0
210779,0,0,0.0
245479,1,1,1.0
193074,0,0,0.0
396742,0,0,0.0
114309,0,0,0.0
119530,0,0,0.0
431611,0,1,1.0
118489,0,0,0.0
133554,0,0,0.0
304144,0,0,0.0
428645,0,0,0.0
452806,0,0,0.0
269782,0,0,0.0
359296,0,0,0.0
400976,0,0,0.0
304272,0,1,1.0
381079,0,0,0.0
152245,0,0,0.0
243215,0,1,1.0
255240,0,1,1.0
241203,0,0,0.0
142447,0,0,0.0
297150,0,0,0.0
439762,0,0,0.0
109202,0,0,0.0
404908,0,0,0.0
194117,0,0,0.0
217265,0,0,0.0
152293,0,0,0.0
144947,0,0,0.0
136314,0,0,0.0
281835,0,0,0.0
229347,0,1,1.0
240195,0,0,0.0
454163,0,0,0.0
286362,0,0,0.0
138960,0,0,0.0
219102,0,0,0.0
320692,0,0,0.0
284158,0,0,0.0
205278,0,0,0.0
228849,0,0,0.0
122946,0,0,0.0
217731,1,0,0.0
407003,0,0,0.0
333286,0,0,0.0
268272,0,0,0.0
280481,0,0,0.0
291823,0,0,0.0
124630,0,0,0.0
172480,0,0,0.0
397031,0,0,0.0
359734,1,0,0.0
108374,0,0,0.0
210842,0,0,0.0
271453,0,0,0.0
369172,0,0,0.0
212497,0,0,0.0
437429,0,0,0.0
364129,0,0,0.0
140185,0,0,0.0
103372,0,0,0.0
456211,0,0,0.0
124131,0,0,0.0
271140,0,0,0.0
224220,0,0,0.0
334818,0,1,1.0
284657,0,0,0.0
303213,0,0,0.0
123197,0,0,0.0
451046,0,0,0.0
189567,0,0,0.0
278710,0,0,0.0
269949,0,0,0.0
141682,0,0,0.0
170724,0,0,0.0
282479,0,0,0.0
399282,0,0,0.0
152067,0,0,0.0
451685,0,0,0.0
123030,0,1,1.0
286406,0,0,0.0
134810,0,0,0.0
108704,0,0,0.0
290552,0,0,0.0
131979,0,0,0.0
256651,0,0,0.0
211828,1,0,0.0
352243,0,0,0.0
213500,0,0,0.0
217892,0,0,0.0
256588,0,0,0.0
190217,0,0,0.0
286656,0,0,0.0
380502,0,0,0.0
360348,0,0,0.0
327687,0,0,0.0
208530,0,0,0.0
134609,0,0,0.0
142874,0,0,0.0
390007,0,0,0.0
448407,0,0,0.0
436679,1,0,0.0
435531,0,0,0.0
176250,1,1,1.0
163954,0,0,0.0
424393,1,1,1.0
228939,0,0,0.0
289487,0,1,1.0
216464,0,0,0.0
415983,0,1,1.0
451162,0,0,0.0
333652,0,0,0.0
437274,0,0,0.0
381925,1,0,0.0
221724,1,0,0.0
199470,0,1,1.0
327123,0,0,0.0
128445,0,0,0.0
374143,0,1,1.0
237120,0,0,0.0
337588,1,0,0.0
454005,0,0,0.0
195570,0,0,0.0
303802,0,0,0.0
267990,1,1,1.0
166205,0,0,0.0
143456,0,0,0.0
124132,0,0,0.0
103657,0,1,1.0
153547,0,0,0.0
171956,0,0,0.0
122076,0,0,0.0
117580,0,0,0.0
412190,0,0,0.0
193195,0,0,0.0
172240,0,0,0.0
381501,0,0,0.0
419728,1,0,0.0
398033,1,0,0.0
378099,0,0,0.0
182128,0,1,1.0
389083,0,0,0.0
331814,0,0,0.0
197199,0,0,0.0
273788,0,0,0.0
334085,0,0,0.0
208967,0,0,0.0
355811,0,0,0.0
451053,0,0,0.0
368100,0,0,0.0
168350,0,0,0.0
231316,1,0,0.0
299457,0,1,1.0
233060,0,0,0.0
167293,0,0,0.0
222697,0,0,0.0
218103,0,0,0.0
171883,0,0,0.0
196658,0,0,0.0
296605,0,0,0.0
223835,0,0,0.0
438237,0,0,0.0
275575,0,0,0.0
119892,0,0,0.0
442529,0,0,0.0
450810,0,0,0.0
359520,0,1,1.0
408167,0,0,0.0
338883,0,0,0.0
139237,0,0,0.0
207571,0,0,0.0
133641,0,0,0.0
304290,0,1,1.0
168695,0,0,0.0
358828,1,0,0.0
454604,0,0,0.0
191094,0,1,1.0
386313,0,0,0.0
197938,0,0,0.0
115725,0,0,0.0
376472,0,0,0.0
361062,0,0,0.0
437406,1,0,0.0
423457,0,0,0.0
108220,0,0,0.0
367718,1,0,0.0
426663,1,0,0.0
106462,0,0,0.0
101773,0,0,0.0
304064,0,0,0.0
350463,0,1,1.0
292783,0,0,0.0
314414,0,0,0.0
365281,0,0,0.0
315548,1,0,0.0
427757,0,0,0.0
420960,0,0,0.0
393703,0,0,0.0
406859,0,1,1.0
276907,0,0,0.0
149710,0,0,0.0
359663,0,0,0.0
228893,0,0,0.0
124373,0,1,1.0
405196,0,0,0.0
211095,0,0,0.0
383843,0,1,1.0
265942,0,0,0.0
288321,0,0,0.0
407959,0,0,0.0
314872,1,0,0.0
130090,0,0,0.0
131490,0,0,0.0
333233,0,0,0.0
296170,0,0,0.0
413999,0,0,0.0
383062,0,0,0.0
319612,0,0,0.0
117748,0,0,0.0
163683,0,0,0.0
350657,0,0,0.0
327806,0,0,0.0
400758,1,1,1.0
151433,0,0,0.0
110113,0,0,0.0
311732,0,0,0.0
422129,0,0,0.0
451417,0,0,0.0
379565,0,0,0.0
396107,0,0,0.0
288215,0,0,0.0
382849,0,0,0.0
405149,0,0,0.0
400300,0,0,0.0
332367,0,0,0.0
238357,0,0,0.0
345175,0,0,0.0
379600,0,1,1.0
231400,0,0,0.0
323412,0,0,0.0
119917,0,0,0.0
201326,0,0,0.0
229770,1,0,0.0
370702,0,0,0.0
412920,0,0,0.0
101132,0,0,0.0
385689,0,0,0.0
159317,0,0,0.0
223186,0,0,0.0
408610,0,0,0.0
379655,0,0,0.0
438919,0,0,0.0
385527,0,0,0.0
299360,0,0,0.0
199414,0,0,0.0
107937,0,0,0.0
396982,0,0,0.0
359447,0,0,0.0
156153,1,0,0.0
431159,1,0,0.0
319230,0,0,0.0
423164,0,0,0.0
185685,0,0,0.0
246839,0,0,0.0
435764,0,0,0.0
138491,0,0,0.0
297621,0,0,0.0
105073,0,0,0.0
338951,0,0,0.0
409742,1,0,0.0
162905,0,0,0.0
343159,0,0,0.0
274195,0,0,0.0
442045,0,0,0.0
253080,1,0,0.0
243297,0,0,0.0
436924,0,0,0.0
221780,0,1,1.0
331523,0,0,0.0
390673,0,0,0.0
303965,0,0,0.0
123589,0,0,0.0
292515,0,0,0.0
124287,0,0,0.0
304556,0,0,0.0
170615,0,0,0.0
213630,0,0,0.0
106729,0,0,0.0
425732,0,0,0.0
266667,0,1,1.0
344751,0,0,0.0
446352,1,0,0.0
251200,0,0,0.0
182215,0,0,0.0
154664,0,1,1.0
173505,0,0,0.0
417371,0,0,0.0
266843,0,0,0.0
314173,0,0,0.0
418762,0,0,0.0
256579,0,0,0.0
242249,0,0,0.0
160834,0,0,0.0
267784,0,0,0.0
447773,1,0,0.0
244616,0,0,0.0
184430,0,0,0.0
252116,0,0,0.0
279242,0,0,0.0
350620,0,0,0.0
144082,0,0,0.0
102530,0,0,0.0
266657,0,0,0.0
446917,0,0,0.0
281163,0,0,0.0
151245,0,0,0.0
279133,0,0,0.0
353726,0,0,0.0
254862,0,0,0.0
197115,0,0,0.0
205779,0,0,0.0
273238,1,0,0.0
276660,0,0,0.0
447097,0,0,0.0
109628,1,0,0.0
202184,0,0,0.0
263171,0,0,0.0
450144,0,0,0.0
436978,0,0,0.0
348869,0,0,0.0
143047,0,1,1.0
421725,0,0,0.0
279127,0,0,0.0
107488,0,0,0.0
149660,0,0,0.0
259605,1,0,0.0
204873,0,0,0.0
187502,0,0,0.0
108422,0,0,0.0
137653,0,0,0.0
403917,0,0,0.0
371971,0,0,0.0
215489,0,0,0.0
266193,0,0,0.0
100190,0,0,0.0
195501,0,0,0.0
195568,0,0,0.0
419397,0,1,1.0
200663,0,0,0.0
317001,0,0,0.0
450769,0,0,0.0
230438,0,0,0.0
448814,1,0,0.0
104673,0,0,0.0
124747,0,0,0.0
174067,0,0,0.0
364326,0,0,0.0
131035,0,0,0.0
337164,0,0,0.0
344369,0,0,0.0
410574,0,0,0.0
263024,0,0,0.0
425062,0,0,0.0
187912,1,0,0.0
357117,0,0,0.0
101215,0,0,0.0
207452,0,0,0.0
116744,0,0,0.0
375456,0,0,0.0
322699,0,0,0.0
395872,0,0,0.0
295769,0,0,0.0
173274,1,0,0.0
247888,0,0,0.0
154431,0,0,0.0
403125,0,0,0.0
236690,0,0,0.0
172558,0,0,0.0
210474,0,0,0.0
155915,0,0,0.0
373612,0,0,0.0
362811,0,0,0.0
225299,0,0,0.0
345048,0,0,0.0
371682,0,0,0.0
352429,0,0,0.0
439060,0,0,0.0
237506,0,0,0.0
424043,0,0,0.0
348473,0,0,0.0
270618,0,0,0.0
411262,0,0,0.0
120624,0,0,0.0
371212,0,1,1.0
153653,0,0,0.0
314120,0,1,1.0
206949,0,0,0.0
272541,0,0,0.0
133429,0,0,0.0
210335,0,0,0.0
326548,1,0,0.0
233985,0,0,0.0
126879,0,0,0.0
436224,0,0,0.0
335410,0,0,0.0
445089,0,0,0.0
369045,0,0,0.0
200817,0,0,0.0
215325,0,0,0.0
170634,1,0,0.0
362584,0,1,1.0
173761,0,0,0.0
112545,0,0,0.0
305021,0,0,0.0
202113,0,0,0.0
286494,0,0,0.0
138861,1,0,0.0
438150,0,0,0.0
159965,0,0,0.0
442276,0,0,0.0
123236,0,0,0.0
128100,0,0,0.0
169581,0,0,0.0
202077,0,0,0.0
124626,0,0,0.0
342478,0,0,0.0
107110,1,0,0.0
369250,0,0,0.0
326926,1,0,0.0
305041,0,0,0.0
178159,0,0,0.0
260907,0,0,0.0
414647,0,0,0.0
307937,0,0,0.0
383001,0,0,0.0
298079,0,0,0.0
397877,0,0,0.0
173583,0,0,0.0
217880,0,0,0.0
256907,0,0,0.0
305621,0,0,0.0
446714,0,1,1.0
281631,1,0,0.0
373229,1,0,0.0
251961,0,0,0.0
448793,0,0,0.0
256319,0,0,0.0
374065,0,1,1.0
437979,0,0,0.0
422724,0,0,0.0
271187,0,0,0.0
154577,0,0,0.0
144817,0,0,0.0
399658,0,0,0.0
159055,0,0,0.0
122720,0,0,0.0
277206,0,0,0.0
132873,1,0,0.0
312358,0,0,0.0
267538,0,0,0.0
365649,1,1,1.0
244610,1,0,0.0
296741,0,0,0.0
433110,0,0,0.0
448873,0,0,0.0
317479,0,0,0.0
227342,0,0,0.0
423351,0,0,0.0
427066,0,0,0.0
199813,0,0,0.0
367061,0,0,0.0
192048,0,0,0.0
422281,0,0,0.0
107693,1,0,0.0
221074,0,0,0.0
124473,0,0,0.0
372227,0,0,0.0
117374,0,0,0.0
137784,1,0,0.0
445573,0,0,0.0
349904,0,0,0.0
420009,0,0,0.0
448701,0,1,1.0
419105,0,0,0.0
357938,0,0,0.0
353175,0,0,0.0
184790,0,0,0.0
249570,1,1,1.0
215814,0,0,0.0
456117,0,0,0.0
376173,0,0,0.0
301133,0,0,0.0
247480,0,0,0.0
316789,0,1,1.0
130941,0,0,0.0
369897,0,0,0.0
262941,0,1,1.0
238148,0,1,1.0
136196,0,0,0.0
142562,0,0,0.0
239903,0,0,0.0
316737,1,0,0.0
399090,1,1,1.0
353323,0,0,0.0
150347,0,0,0.0
214272,0,1,1.0
266474,0,0,0.0
300112,0,0,0.0
405932,0,0,0.0
105981,0,0,0.0
251157,0,0,0.0
328056,0,0,0.0
422521,0,0,0.0
360971,0,0,0.0
142020,0,1,1.0
223954,0,0,0.0
305607,0,0,0.0
265426,1,0,0.0
198373,0,1,1.0
139064,0,0,0.0
361324,0,0,0.0
446021,0,0,0.0
370593,0,0,0.0
197024,0,0,0.0
281500,0,0,0.0
357227,0,0,0.0
410010,0,0,0.0
145761,0,0,0.0
255520,0,0,0.0
382987,0,1,1.0
226396,0,0,0.0
308725,0,0,0.0
190264,0,1,1.0
197723,0,0,0.0
105486,0,0,0.0
226092,0,0,0.0
391120,1,0,0.0
149038,0,1,1.0
191335,1,0,0.0
265193,0,0,0.0
190251,0,0,0.0
344630,1,0,0.0
206586,0,0,0.0
322266,0,0,0.0
200707,0,0,0.0
297769,0,0,0.0
345301,0,0,0.0
278205,0,0,0.0
241602,1,0,0.0
230692,0,0,0.0
183253,0,0,0.0
283281,0,0,0.0
198930,0,0,0.0
398277,0,0,0.0
211479,0,0,0.0
431016,0,1,1.0
367127,0,1,1.0
179036,0,1,1.0
111578,0,0,0.0
422127,0,0,0.0
352212,0,0,0.0
393536,0,0,0.0
191915,0,0,0.0
258286,1,0,0.0
173402,0,0,0.0
407740,0,1,1.0
354635,1,0,0.0
405958,0,0,0.0
332232,1,0,0.0
203611,0,0,0.0
115653,0,0,0.0
417875,0,0,0.0
430328,0,0,0.0
311686,0,0,0.0
279303,0,0,0.0
249383,1,0,0.0
298202,0,0,0.0
267002,0,0,0.0
225501,0,0,0.0
352086,0,0,0.0
149712,0,0,0.0
450819,0,0,0.0
374655,0,0,0.0
383063,0,0,0.0
277049,0,0,0.0
177205,0,0,0.0
328874,0,0,0.0
420212,0,1,1.0
397438,0,0,0.0
281879,0,0,0.0
268793,0,0,0.0
221024,0,0,0.0
272652,0,0,0.0
123443,0,0,0.0
102524,1,1,1.0
214819,0,0,0.0
380496,0,0,0.0
221382,0,0,0.0
290484,1,0,0.0
213996,0,0,0.0
174287,0,0,0.0
293740,0,0,0.0
364680,0,0,0.0
111225,0,0,0.0
213557,0,0,0.0
438360,0,0,0.0
287961,0,0,0.0
100863,0,0,0.0
266253,1,0,0.0
266114,0,0,0.0
333661,0,0,0.0
175619,0,0,0.0
133338,1,0,0.0
334788,0,0,0.0
245247,0,0,0.0
181241,0,0,0.0
316607,0,0,0.0
105006,1,0,0.0
400345,0,0,0.0
403178,0,0,0.0
351304,0,1,1.0
120277,0,0,0.0
153424,0,0,0.0
368453,1,1,1.0
186075,1,1,1.0
235503,0,1,1.0
169505,0,0,0.0
308305,1,0,0.0
290177,0,0,0.0
181129,0,0,0.0
143253,0,0,0.0
364465,0,0,0.0
440102,0,0,0.0
360694,0,0,0.0
224228,0,0,0.0
101530,0,0,0.0
406073,1,0,0.0
167486,0,0,0.0
192198,0,0,0.0
355014,0,0,0.0
241604,0,0,0.0
302432,0,0,0.0
177294,0,0,0.0
150524,0,0,0.0
305090,0,0,0.0
314264,0,1,1.0
300277,0,0,0.0
297216,0,0,0.0
192723,0,0,0.0
135026,0,0,0.0
346304,1,0,0.0
216279,0,0,0.0
422409,1,0,0.0
414749,0,0,0.0
209104,1,0,0.0
298019,1,0,0.0
315370,0,0,0.0
182680,1,0,0.0
347855,0,0,0.0
376121,0,0,0.0
149950,0,0,0.0
162222,0,0,0.0
195027,0,0,0.0
408636,0,0,0.0
282410,0,0,0.0
381056,0,0,0.0
443971,0,0,0.0
396802,0,0,0.0
160955,0,0,0.0
358855,0,0,0.0
317271,0,1,1.0
389921,0,0,0.0
345764,0,0,0.0
352590,0,0,0.0
337445,0,0,0.0
388970,0,0,0.0
265385,0,0,0.0
181882,1,1,1.0
124331,0,0,0.0
306511,0,0,0.0
308457,0,1,1.0
452145,0,0,0.0
158194,0,0,0.0
125229,0,0,0.0
411358,0,0,0.0
298344,0,0,0.0
313935,1,0,0.0
256251,0,0,0.0
176313,0,0,0.0
305928,0,0,0.0
341416,0,0,0.0
117489,0,0,0.0
398340,1,0,0.0
450993,0,0,0.0
111536,0,0,0.0
225063,0,0,0.0
256236,0,0,0.0
144344,1,0,0.0
225907,0,0,0.0
333002,0,0,0.0
285222,1,0,0.0
188897,0,0,0.0
405710,0,0,0.0
205357,0,0,0.0
168537,0,0,0.0
221117,0,0,0.0
402450,0,0,0.0
272026,0,1,1.0
208387,0,1,1.0
271776,0,0,0.0
415282,1,0,0.0
383236,0,0,0.0
341180,0,0,0.0
117168,0,0,0.0
157639,0,0,0.0
355667,0,0,0.0
120821,0,0,0.0
123626,0,0,0.0
145612,1,0,0.0
303205,0,0,0.0
194362,1,0,0.0
438422,0,0,0.0
415664,0,0,0.0
395314,0,0,0.0
269086,0,0,0.0
169282,0,0,0.0
205519,1,0,0.0
261062,0,0,0.0
352953,0,0,0.0
115912,1,0,0.0
294214,1,0,0.0
136388,0,0,0.0
191573,0,0,0.0
415331,0,0,0.0
336245,0,1,1.0
239992,0,0,0.0
444865,1,0,0.0
406579,0,0,0.0
111461,0,0,0.0
115581,0,0,0.0
433108,0,0,0.0
393127,0,0,0.0
392018,0,1,1.0
138080,0,0,0.0
350083,0,0,0.0
273607,0,0,0.0
207544,0,0,0.0
443289,0,1,1.0
258023,0,0,0.0
300031,0,0,0.0
396511,0,0,0.0
400622,0,0,0.0
411396,1,0,0.0
260702,0,0,0.0
178151,0,1,1.0
281057,0,0,0.0
300040,0,0,0.0
202956,0,0,0.0
314905,1,0,0.0
278919,0,0,0.0
188493,0,0,0.0
422187,0,0,0.0
385915,0,0,0.0
455770,0,0,0.0
131020,0,0,0.0
170082,0,0,0.0
239971,0,0,0.0
361488,0,0,0.0
157129,0,0,0.0
278135,0,0,0.0
129772,0,0,0.0
436423,0,0,0.0
354200,0,0,0.0
194192,1,0,0.0
378578,0,0,0.0
188225,0,0,0.0
365630,0,0,0.0
371814,0,0,0.0
379480,0,0,0.0
148155,0,0,0.0
422875,0,0,0.0
215777,0,0,0.0
363184,1,0,0.0
246933,0,0,0.0
182791,1,1,1.0
303495,0,0,0.0
134268,0,0,0.0
329940,0,0,0.0
282194,0,0,0.0
389892,0,0,0.0
232651,0,0,0.0
441657,0,1,1.0
376178,0,0,0.0
405400,0,0,0.0
426444,0,0,0.0
336339,0,0,0.0
141157,0,0,0.0
164413,0,0,0.0
249692,0,0,0.0
207337,0,0,0.0
380919,1,0,0.0
414701,0,0,0.0
411559,0,0,0.0
108853,0,1,1.0
354212,0,0,0.0
153310,0,0,0.0
108468,0,0,0.0
240458,0,0,0.0
449184,0,0,0.0
441694,0,0,0.0
358825,0,0,0.0
129157,0,0,0.0
139330,0,0,0.0
361379,0,0,0.0
453623,0,0,0.0
157045,0,0,0.0
332364,0,0,0.0
154019,0,0,0.0
404143,1,1,1.0
267056,0,0,0.0
327120,0,1,1.0
119670,1,0,0.0
414344,0,0,0.0
332643,0,0,0.0
403827,0,0,0.0
149013,0,0,0.0
239159,0,0,0.0
361809,0,0,0.0
401596,0,0,0.0
282798,0,0,0.0
232130,0,0,0.0
285196,0,0,0.0
273389,0,1,1.0
162187,0,0,0.0
206480,0,0,0.0
256870,0,0,0.0
243760,0,0,0.0
276136,0,0,0.0
123567,1,0,0.0
302781,0,0,0.0
312788,0,1,1.0
294207,0,0,0.0
234018,0,0,0.0
402876,0,0,0.0
200870,0,0,0.0
177671,1,0,0.0
282164,0,1,1.0
110092,0,0,0.0
175050,0,0,0.0
199639,0,0,0.0
240424,1,0,0.0
316714,0,0,0.0
372827,0,0,0.0
380903,1,0,0.0
367467,0,0,0.0
281156,0,0,0.0
176861,0,0,0.0
205385,1,0,0.0
341443,0,0,0.0
447061,0,0,0.0
345915,0,0,0.0
118616,0,0,0.0
144804,0,0,0.0
424147,0,1,1.0
400725,0,0,0.0
143876,0,0,0.0
434085,0,0,0.0
158288,0,0,0.0
204901,1,0,0.0
218839,0,0,0.0
171525,0,1,1.0
136691,0,0,0.0
225693,0,0,0.0
352380,0,0,0.0
153785,0,0,0.0
257429,0,0,0.0
275550,0,0,0.0
126449,0,0,0.0
157991,0,0,0.0
343062,0,0,0.0
180779,0,0,0.0
383772,1,0,0.0
173049,0,0,0.0
127896,0,0,0.0
128443,0,0,0.0
370375,0,0,0.0
398907,0,0,0.0
444419,0,0,0.0
236856,0,0,0.0
105622,0,0,0.0
298614,0,0,0.0
122105,0,0,0.0
323134,0,0,0.0
162622,0,1,1.0
240047,0,0,0.0
384081,0,1,1.0
145173,0,0,0.0
146594,0,0,0.0
401831,0,0,0.0
251172,0,0,0.0
234563,0,0,0.0
234812,0,0,0.0
163392,0,0,0.0
153478,0,0,0.0
375240,0,0,0.0
273979,0,0,0.0
293134,0,0,0.0
365218,0,0,0.0
390281,0,0,0.0
326684,0,1,1.0
298177,0,1,1.0
137812,1,0,0.0
424057,1,0,0.0
372963,0,0,0.0
348246,0,0,0.0
180757,0,0,0.0
297450,0,0,0.0
196640,0,0,0.0
370998,0,0,0.0
430189,0,0,0.0
223089,0,0,0.0
158420,0,1,1.0
381796,0,0,0.0
409511,0,0,0.0
352106,0,0,0.0
142118,0,0,0.0
428762,1,1,1.0
422081,1,0,0.0
360992,0,0,0.0
126884,0,0,0.0
298632,0,0,0.0
428006,0,0,0.0
234608,0,0,0.0
315091,0,0,0.0
316098,0,0,0.0
293340,0,0,0.0
361682,0,0,0.0
210607,0,0,0.0
308369,0,0,0.0
403148,0,0,0.0
197367,1,0,0.0
235055,0,0,0.0
315085,0,0,0.0
345978,0,0,0.0
256793,0,0,0.0
260162,0,0,0.0
148429,0,0,0.0
233351,0,0,0.0
251179,0,0,0.0
175200,0,0,0.0
334515,0,0,0.0
332812,0,0,0.0
420955,0,0,0.0
378620,0,0,0.0
447136,0,0,0.0
170846,0,0,0.0
249220,0,0,0.0
450467,0,0,0.0
277793,0,0,0.0
295748,0,0,0.0
423003,0,0,0.0
354608,0,1,1.0
448110,0,1,1.0
445669,0,0,0.0
445305,0,0,0.0
401805,0,0,0.0
344999,0,0,0.0
234810,0,1,1.0
317691,0,0,0.0
128797,0,0,0.0
116569,0,0,0.0
421890,1,1,1.0
224777,0,0,0.0
347267,0,0,0.0
271629,0,1,1.0
213415,0,0,0.0
289033,0,0,0.0
250744,0,0,0.0
194661,0,0,0.0
309177,1,0,0.0
323453,0,0,0.0
432058,0,0,0.0
432684,0,0,0.0
430395,0,0,0.0
301203,0,0,0.0
406120,0,0,0.0
177853,0,0,0.0
288882,0,0,0.0
133103,0,0,0.0
411618,0,0,0.0
206745,0,0,0.0
148853,1,1,1.0
168938,1,1,1.0
397743,0,0,0.0
140229,0,0,0.0
300802,0,0,0.0
222589,0,0,0.0
357205,0,0,0.0
433409,0,0,0.0
133943,0,0,0.0
145274,0,1,1.0
136707,0,0,0.0
202119,0,0,0.0
350924,0,0,0.0
157134,0,0,0.0
219776,0,0,0.0
306234,1,0,0.0
151650,0,0,0.0
101395,0,0,0.0
401756,0,0,0.0
446178,1,0,0.0
386865,0,0,0.0
125991,0,0,0.0
326748,0,1,1.0
372657,0,0,0.0
217857,0,0,0.0
436424,0,0,0.0
217085,0,0,0.0
394329,0,0,0.0
278208,0,0,0.0
410817,0,0,0.0
411155,0,0,0.0
258532,0,0,0.0
186586,0,0,0.0
395741,0,0,0.0
223744,0,1,1.0
371990,1,0,0.0
433674,0,0,0.0
279640,0,0,0.0
438676,0,0,0.0
103796,0,0,0.0
107873,0,0,0.0
363950,0,0,0.0
244870,0,1,1.0
108375,0,0,0.0
272858,1,0,0.0
179162,0,0,0.0
248865,0,0,0.0
288245,0,0,0.0
253819,0,1,1.0
247468,0,0,0.0
319973,0,1,1.0
418388,0,0,0.0
353105,0,0,0.0
240696,1,0,0.0
242666,0,0,0.0
373678,0,0,0.0
135144,1,0,0.0
218797,0,0,0.0
297339,0,0,0.0
192547,0,0,0.0
147192,0,1,1.0
251260,0,0,0.0
237700,0,0,0.0
112289,0,0,0.0
144460,0,0,0.0
296477,0,0,0.0
329791,0,0,0.0
359384,0,0,0.0
131376,0,0,0.0
259557,0,0,0.0
113625,0,0,0.0
130783,0,0,0.0
168187,0,0,0.0
270397,1,0,0.0
370236,0,0,0.0
222049,0,0,0.0
299740,0,0,0.0
142549,0,1,1.0
248872,0,0,0.0
110295,0,0,0.0
417029,0,0,0.0
240496,0,0,0.0
293755,0,0,0.0
129702,0,0,0.0
326543,0,0,0.0
234770,0,0,0.0
338158,0,0,0.0
437300,0,0,0.0
274704,1,0,0.0
170448,0,0,0.0
127438,1,0,0.0
139426,0,0,0.0
206314,0,0,0.0
277549,0,0,0.0
101723,1,1,1.0
205578,0,0,0.0
397320,0,0,0.0
396050,0,0,0.0
260800,0,0,0.0
202627,0,1,1.0
417402,0,0,0.0
336967,0,0,0.0
320540,0,0,0.0
214303,1,0,0.0
209355,0,0,0.0
363547,0,1,1.0
398903,1,0,0.0
373765,0,0,0.0
307032,0,0,0.0
224693,0,0,0.0
354161,0,0,0.0
406826,0,0,0.0
221507,0,0,0.0
250278,0,0,0.0
310516,0,0,0.0
335164,1,0,0.0
429167,0,1,1.0
130712,0,0,0.0
208927,0,0,0.0
385778,0,0,0.0
267148,1,0,0.0
138474,0,0,0.0
185461,0,0,0.0
225560,0,0,0.0
199583,0,0,0.0
114268,0,0,0.0
265565,0,0,0.0
331146,1,0,0.0
265654,0,0,0.0
296404,0,1,1.0
305378,0,0,0.0
446012,0,1,1.0
101400,0,0,0.0
136857,0,0,0.0
363462,0,0,0.0
102043,0,1,1.0
249673,0,0,0.0
386594,0,0,0.0
354449,0,0,0.0
385740,0,0,0.0
389312,0,0,0.0
319794,0,0,0.0
427299,0,0,0.0
351474,0,0,0.0
257867,0,0,0.0
163834,0,0,0.0
180371,0,0,0.0
368606,0,0,0.0
189833,0,0,0.0
318702,0,0,0.0
296603,0,0,0.0
356633,0,0,0.0
372669,0,1,1.0
274913,0,0,0.0
341060,0,0,0.0
431495,0,0,0.0
358316,0,0,0.0
348661,0,0,0.0
419583,0,0,0.0
344865,0,0,0.0
450659,0,0,0.0
274809,0,0,0.0
370588,0,0,0.0
259933,0,0,0.0
225016,0,0,0.0
413470,0,0,0.0
386199,0,0,0.0
263503,0,0,0.0
447533,0,0,0.0
108661,0,1,1.0
236927,0,1,1.0
253026,0,0,0.0
329745,0,0,0.0
103635,1,0,0.0
122181,0,0,0.0
365470,0,0,0.0
121599,0,0,0.0
353148,1,0,0.0
225406,0,0,0.0
223447,0,0,0.0
363554,0,0,0.0
213577,0,0,0.0
188688,0,0,0.0
273085,0,0,0.0
260102,0,0,0.0
420073,1,0,0.0
316573,0,0,0.0
183407,0,0,0.0
244934,0,0,0.0
238215,0,0,0.0
219438,0,0,0.0
333598,0,0,0.0
135805,0,1,1.0
417930,0,0,0.0
336376,0,0,0.0
429136,0,0,0.0
141227,1,0,0.0
205157,0,0,0.0
206081,0,0,0.0
311997,0,0,0.0
361677,1,0,0.0
197088,0,0,0.0
350068,0,0,0.0
361210,0,0,0.0
392786,0,0,0.0
236531,0,0,0.0
435863,0,0,0.0
127010,1,1,1.0
168129,0,0,0.0
299665,0,0,0.0
164612,0,0,0.0
134874,0,0,0.0
356990,0,0,0.0
243989,0,0,0.0
196993,0,0,0.0
192201,0,0,0.0
388102,0,0,0.0
155000,0,0,0.0
301097,0,0,0.0
450696,0,0,0.0
162259,0,0,0.0
264479,0,0,0.0
339673,0,0,0.0
100014,0,0,0.0
425307,0,0,0.0
422082,0,0,0.0
254870,0,0,0.0
157128,0,0,0.0
279409,0,0,0.0
135762,0,0,0.0
159060,0,0,0.0
152740,0,0,0.0
120180,0,0,0.0
427245,0,0,0.0
383241,0,0,0.0
301704,1,0,0.0
215946,0,0,0.0
203332,0,0,0.0
446140,0,0,0.0
406040,0,0,0.0
168044,0,0,0.0
126612,0,0,0.0
255958,0,0,0.0
307151,0,0,0.0
369224,1,0,0.0
279967,0,0,0.0
362303,0,0,0.0
237108,1,0,0.0
397987,1,1,1.0
207748,0,1,1.0
254540,0,0,0.0
201805,0,0,0.0
169639,0,0,0.0
286180,0,1,1.0
296417,0,0,0.0
352630,0,1,1.0
307467,1,0,0.0
243156,0,0,0.0
170418,0,0,0.0
299295,0,0,0.0
199809,0,0,0.0
373399,0,0,0.0
358757,1,0,0.0
396764,0,0,0.0
205495,0,0,0.0
316585,0,0,0.0
404906,0,0,0.0
346531,0,0,0.0
142923,0,0,0.0
207773,0,0,0.0
223462,0,0,0.0
306846,0,0,0.0
106742,0,0,0.0
243491,0,0,0.0
244577,0,0,0.0
214113,0,0,0.0
206295,0,0,0.0
133845,0,0,0.0
324494,0,0,0.0
395587,0,0,0.0
154385,0,0,0.0
273382,0,0,0.0
427783,0,0,0.0
378219,0,0,0.0
253000,0,0,0.0
295605,0,0,0.0
347862,0,0,0.0
367846,0,0,0.0
233802,0,0,0.0
248962,0,0,0.0
335862,0,0,0.0
257009,1,0,0.0
263890,0,0,0.0
105831,1,0,0.0
262340,0,0,0.0
402690,0,0,0.0
231304,0,1,1.0
302143,1,1,1.0
339422,0,0,0.0
261908,1,0,0.0
340286,0,0,0.0
221208,0,0,0.0
413843,1,0,0.0
237055,0,1,1.0
344332,0,0,0.0
213184,0,0,0.0
352696,0,1,1.0
375637,0,0,0.0
107126,0,0,0.0
229929,0,0,0.0
373432,0,0,0.0
267751,0,0,0.0
354538,0,0,0.0
297168,0,0,0.0
172103,0,0,0.0
145442,0,0,0.0
108629,0,0,0.0
222989,0,0,0.0
108308,0,0,0.0
106343,1,1,1.0
213971,0,1,1.0
188156,0,0,0.0
429984,0,0,0.0
401152,0,0,0.0
418686,0,0,0.0
259154,0,0,0.0
164231,0,1,1.0
266904,0,0,0.0
414413,0,0,0.0
428023,0,0,0.0
373913,0,0,0.0
244803,0,0,0.0
440136,0,0,0.0
113604,0,0,0.0
453973,0,0,0.0
370414,0,0,0.0
343650,0,0,0.0
196746,0,0,0.0
416509,0,0,0.0
428903,0,0,0.0
215406,1,0,0.0
144213,1,0,0.0
421641,0,0,0.0
292192,0,0,0.0
143233,0,0,0.0
155110,0,0,0.0
372992,0,0,0.0
399581,0,0,0.0
291607,1,0,0.0
148247,0,0,0.0
411426,0,0,0.0
212778,0,0,0.0
163066,0,0,0.0
130130,0,0,0.0
215457,0,0,0.0
314175,0,0,0.0
360164,0,0,0.0
387052,0,0,0.0
395679,0,0,0.0
207364,0,0,0.0
123777,0,0,0.0
213335,0,1,1.0
160384,0,0,0.0
132431,0,0,0.0
438729,0,0,0.0
112315,1,0,0.0
265354,0,0,0.0
133878,0,0,0.0
393322,0,0,0.0
253191,0,0,0.0
109335,0,0,0.0
145662,1,0,0.0
283124,0,1,1.0
447584,0,0,0.0
161407,0,0,0.0
409426,0,0,0.0
198963,1,0,0.0
274746,0,0,0.0
424986,0,0,0.0
366130,0,0,0.0
168769,0,0,0.0
296778,0,0,0.0
118980,0,0,0.0
162326,0,1,1.0
168795,1,0,0.0
200826,0,0,0.0
199521,0,0,0.0
420140,0,0,0.0
385588,0,0,0.0
165330,0,0,0.0
247894,0,0,0.0
374494,0,0,0.0
352881,0,0,0.0
343222,0,0,0.0
305050,0,0,0.0
292315,0,0,0.0
408529,1,0,0.0
412570,0,0,0.0
291867,0,0,0.0
265229,0,0,0.0
400662,0,0,0.0
265992,0,0,0.0
426983,0,0,0.0
178837,0,0,0.0
394283,0,1,1.0
394754,0,0,0.0
165884,0,0,0.0
243307,0,0,0.0
240070,0,0,0.0
132728,0,0,0.0
323561,0,0,0.0
261010,1,0,0.0
253127,0,0,0.0
357849,1,0,0.0
404754,0,0,0.0
108294,0,0,0.0
117265,0,0,0.0
144270,0,1,1.0
160612,0,0,0.0
228259,0,0,0.0
161507,0,0,0.0
277662,0,0,0.0
417730,0,0,0.0
197816,0,1,1.0
368009,0,0,0.0
172066,0,0,0.0
177089,0,0,0.0
126699,0,0,0.0
442652,0,0,0.0
112568,0,0,0.0
150595,1,0,0.0
346958,0,0,0.0
418548,0,0,0.0
342095,1,0,0.0
228861,0,0,0.0
114760,0,0,0.0
172020,0,0,0.0
150231,0,0,0.0
127486,0,0,0.0
177007,0,0,0.0
127573,0,0,0.0
216165,0,0,0.0
215296,0,0,0.0
353408,0,1,1.0
338003,1,0,0.0
101171,0,0,0.0
228722,0,0,0.0
330964,0,1,1.0
452245,1,1,1.0
388928,0,0,0.0
151057,0,0,0.0
194444,0,0,0.0
273714,0,0,0.0
188757,0,0,0.0
423564,0,0,0.0
162386,0,1,1.0
260743,0,0,0.0
222343,1,0,0.0
182227,0,0,0.0
240094,0,0,0.0
372970,0,0,0.0
282122,0,0,0.0
116257,1,0,0.0
410887,0,0,0.0
133214,0,0,0.0
384688,0,0,0.0
298066,0,0,0.0
171010,0,0,0.0
115173,0,0,0.0
212805,0,0,0.0
207019,0,0,0.0
393187,0,0,0.0
351886,1,0,0.0
218181,0,0,0.0
195899,1,0,0.0
357563,0,0,0.0
138333,0,0,0.0
413076,0,0,0.0
136796,0,0,0.0
222410,0,0,0.0
208045,0,0,0.0
232661,1,0,0.0
131237,0,0,0.0
303035,0,0,0.0
332413,0,0,0.0
418206,0,0,0.0
452512,0,0,0.0
282216,0,0,0.0
276423,0,0,0.0
121932,0,1,1.0
253962,0,1,1.0
393497,0,0,0.0
366481,0,0,0.0
226208,0,0,0.0
117769,1,0,0.0
330535,0,0,0.0
311014,0,0,0.0
407525,0,0,0.0
230617,0,0,0.0
166178,0,0,0.0
200502,0,0,0.0
250155,0,0,0.0
220353,0,0,0.0
209193,0,0,0.0
101726,0,0,0.0
245120,0,1,1.0
454634,0,0,0.0
252461,0,0,0.0
302778,0,1,1.0
326627,0,0,0.0
136027,0,0,0.0
271737,0,0,0.0
237806,1,0,0.0
419422,0,0,0.0
200731,0,0,0.0
360284,0,0,0.0
108720,0,0,0.0
140643,1,0,0.0
389762,0,0,0.0
159571,0,0,0.0
347636,1,0,0.0
150913,0,0,0.0
327564,0,0,0.0
360562,0,0,0.0
113321,0,0,0.0
358721,0,0,0.0
286769,0,0,0.0
238118,0,1,1.0
425378,0,1,1.0
353779,0,0,0.0
161864,0,0,0.0
165683,0,1,1.0
379768,0,0,0.0
445800,0,0,0.0
337639,0,0,0.0
387854,0,0,0.0
301868,0,0,0.0
322594,0,0,0.0
429642,0,0,0.0
448141,0,0,0.0
299752,0,0,0.0
384949,0,0,0.0
116080,0,0,0.0
184079,0,0,0.0
416137,0,0,0.0
448833,0,0,0.0
446842,0,0,0.0
199886,0,0,0.0
176686,0,0,0.0
445328,0,0,0.0
228552,0,0,0.0
388546,0,0,0.0
205804,1,0,0.0
371482,1,0,0.0
415053,0,0,0.0
275019,0,0,0.0
407575,0,0,0.0
421639,0,0,0.0
251999,0,0,0.0
331487,0,0,0.0
339962,0,1,1.0
431371,0,0,0.0
288067,1,0,0.0
359902,1,0,0.0
256728,0,0,0.0
431060,0,0,0.0
428904,0,0,0.0
454804,0,0,0.0
103757,0,0,0.0
317842,0,0,0.0
227507,0,0,0.0
251658,0,0,0.0
401778,0,0,0.0
453458,0,0,0.0
157665,0,0,0.0
210661,0,0,0.0
341929,1,1,1.0
259729,0,0,0.0
264086,1,0,0.0
244626,1,0,0.0
398660,0,0,0.0
137394,0,0,0.0
423729,0,0,0.0
441984,0,0,0.0
364340,0,1,1.0
270586,0,0,0.0
408190,0,1,1.0
177627,0,0,0.0
252638,0,0,0.0
439574,0,0,0.0
270079,0,0,0.0
216715,1,0,0.0
370009,0,0,0.0
226237,0,0,0.0
267077,0,0,0.0
228927,0,0,0.0
161637,0,0,0.0
120834,0,0,0.0
261505,0,0,0.0
284466,0,0,0.0
180076,0,1,1.0
266952,0,1,1.0
246622,1,0,0.0
162718,0,0,0.0
167452,0,0,0.0
326865,0,0,0.0
292850,0,0,0.0
447280,0,0,0.0
390883,0,0,0.0
422730,1,0,0.0
382943,0,0,0.0
428181,0,0,0.0
435529,1,0,0.0
380044,0,0,0.0
418715,0,1,1.0
230873,0,0,0.0
376571,0,0,0.0
453679,0,0,0.0
280964,0,0,0.0
161097,0,0,0.0
192443,0,0,0.0
225642,0,0,0.0
386510,0,0,0.0
415650,0,0,0.0
111076,0,0,0.0
382515,0,0,0.0
126454,0,1,1.0
136645,0,0,0.0
411588,0,0,0.0
117571,0,0,0.0
188508,0,0,0.0
146946,1,0,0.0
104106,1,1,1.0
358200,0,0,0.0
185350,0,0,0.0
386686,0,0,0.0
157466,0,0,0.0
415791,0,0,0.0
442648,0,0,0.0
245385,0,0,0.0
385062,0,0,0.0
209152,0,0,0.0
345655,0,0,0.0
324152,0,0,0.0
375634,0,0,0.0
248932,1,0,0.0
206273,0,1,1.0
291812,0,0,0.0
317845,0,0,0.0
237604,0,0,0.0
114551,0,0,0.0
204204,0,0,0.0
294566,0,0,0.0
246012,0,0,0.0
357624,0,0,0.0
417751,0,0,0.0
342166,0,0,0.0
136000,0,0,0.0
113214,0,0,0.0
422682,0,0,0.0
385184,0,0,0.0
395671,0,0,0.0
288213,0,0,0.0
266428,0,0,0.0
112256,0,0,0.0
148618,0,0,0.0
113953,0,0,0.0
287604,0,0,0.0
352376,0,1,1.0
263234,0,0,0.0
130613,0,0,0.0
160394,0,0,0.0
386412,0,0,0.0
372948,1,1,1.0
116270,0,0,0.0
300939,0,0,0.0
294003,0,0,0.0
240864,1,0,0.0
219718,0,0,0.0
184049,0,0,0.0
190967,0,0,0.0
234657,0,0,0.0
387747,0,0,0.0
333840,0,1,1.0
366298,0,0,0.0
296019,0,0,0.0
342660,0,0,0.0
354772,0,0,0.0
100173,0,0,0.0
192416,0,0,0.0
104090,1,1,1.0
200586,0,0,0.0
225983,0,0,0.0
228867,0,0,0.0
110403,1,0,0.0
227445,0,0,0.0
308379,0,0,0.0
115045,0,0,0.0
352601,0,0,0.0
139222,0,0,0.0
395760,0,0,0.0
116741,0,0,0.0
330310,0,0,0.0
400744,0,0,0.0
265535,0,0,0.0
276928,0,0,0.0
182704,0,0,0.0
254584,0,0,0.0
363552,0,0,0.0
438409,0,0,0.0
395098,0,0,0.0
164935,0,0,0.0
236157,0,0,0.0
103415,0,0,0.0
297143,0,0,0.0
259227,0,0,0.0
427943,0,1,1.0
152911,0,0,0.0
294114,0,0,0.0
223086,0,0,0.0
404133,0,0,0.0
270708,0,0,0.0
359272,0,0,0.0
114350,0,0,0.0
378078,0,0,0.0
277328,0,0,0.0
226424,0,0,0.0
253725,0,1,1.0
157016,0,0,0.0
445442,0,0,0.0
239213,0,0,0.0
160507,0,1,1.0
253614,0,0,0.0
419438,0,0,0.0
207263,0,0,0.0
241600,0,0,0.0
114869,0,0,0.0
252174,0,0,0.0
307742,0,0,0.0
391309,0,0,0.0
112681,0,1,1.0
103493,0,0,0.0
346768,0,0,0.0
124729,0,0,0.0
279687,0,1,1.0
422568,0,0,0.0
343648,1,0,0.0
454958,0,0,0.0
360670,0,0,0.0
199568,0,0,0.0
277439,0,0,0.0
270469,0,0,0.0
222581,0,0,0.0
208196,0,0,0.0
201988,0,0,0.0
310058,0,0,0.0
197081,0,0,0.0
197429,0,0,0.0
219686,0,0,0.0
102778,0,1,1.0
206854,0,0,0.0
302589,0,0,0.0
132869,0,0,0.0
164578,0,0,0.0
420418,0,0,0.0
286648,0,0,0.0
181902,0,0,0.0
109238,0,1,1.0
254714,0,0,0.0
131657,0,0,0.0
181651,0,0,0.0
232831,0,0,0.0
382274,0,0,0.0
149011,0,0,0.0
398342,0,0,0.0
295041,0,0,0.0
268229,1,1,1.0
331255,0,0,0.0
448725,0,0,0.0
431261,0,0,0.0
329579,0,0,0.0
228701,0,0,0.0
453867,0,0,0.0
302024,0,1,1.0
251825,0,0,0.0
264754,0,0,0.0
169851,0,0,0.0
449875,0,0,0.0
242083,0,0,0.0
254046,0,0,0.0
219070,0,0,0.0
286821,0,0,0.0
186078,0,1,1.0
278939,0,0,0.0
279508,0,0,0.0
312953,0,0,0.0
105785,0,0,0.0
409045,0,0,0.0
131158,0,0,0.0
320518,0,0,0.0
111813,1,0,0.0
253880,0,0,0.0
402312,0,0,0.0
188270,1,0,0.0
227744,0,0,0.0
286025,0,0,0.0
209092,1,0,0.0
328527,0,0,0.0
218370,0,0,0.0
329710,0,0,0.0
193414,0,0,0.0
357692,0,0,0.0
105582,0,0,0.0
400514,0,0,0.0
126217,0,0,0.0
357311,0,1,1.0
181890,0,0,0.0
399950,0,0,0.0
364857,0,0,0.0
223166,0,0,0.0
349685,0,0,0.0
392674,0,0,0.0
400183,0,0,0.0
374388,0,0,0.0
411597,0,0,0.0
181581,0,0,0.0
339026,0,0,0.0
263233,0,0,0.0
235580,0,0,0.0
358909,0,0,0.0
147846,0,0,0.0
383890,0,0,0.0
203808,0,0,0.0
318070,0,1,1.0
244516,0,0,0.0
435927,0,0,0.0
380372,0,0,0.0
272390,0,0,0.0
409921,0,0,0.0
361116,0,0,0.0
112657,0,0,0.0
380320,0,0,0.0
143890,0,0,0.0
294156,0,0,0.0
117607,0,0,0.0
138547,0,0,0.0
250504,0,0,0.0
139646,0,0,0.0
416464,0,0,0.0
323450,0,0,0.0
323815,1,0,0.0
290147,0,0,0.0
296725,0,0,0.0
165849,0,0,0.0
222955,0,0,0.0
187627,0,0,0.0
156409,0,0,0.0
374716,0,0,0.0
348275,0,0,0.0
245791,0,0,0.0
288490,0,0,0.0
100233,0,0,0.0
418732,0,0,0.0
184256,0,0,0.0
442034,0,1,1.0
226969,0,0,0.0
348093,0,0,0.0
392051,0,0,0.0
328811,1,0,0.0
370395,0,0,0.0
294878,0,0,0.0
275686,0,0,0.0
136850,0,0,0.0
280535,0,0,0.0
403208,0,0,0.0
406572,0,0,0.0
226429,0,0,0.0
258951,0,0,0.0
122842,0,0,0.0
407242,0,0,0.0
220620,0,0,0.0
199066,0,0,0.0
396871,0,0,0.0
388512,0,0,0.0
297866,1,0,0.0
387782,1,0,0.0
371590,0,0,0.0
309864,0,0,0.0
312266,0,0,0.0
382717,0,0,0.0
362202,0,0,0.0
125099,0,0,0.0
410981,1,0,0.0
178552,0,0,0.0
392401,0,0,0.0
161737,0,0,0.0
364812,0,0,0.0
341513,0,0,0.0
295969,0,0,0.0
439414,0,0,0.0
159093,0,0,0.0
273364,0,0,0.0
173338,0,0,0.0
190525,0,0,0.0
253253,0,1,1.0
147880,0,0,0.0
260585,1,0,0.0
392110,0,0,0.0
441735,0,0,0.0
225809,0,0,0.0
226912,0,0,0.0
130765,0,0,0.0
205982,0,0,0.0
374564,0,0,0.0
114101,1,0,0.0
207152,0,0,0.0
272086,0,0,0.0
309261,0,0,0.0
170112,0,0,0.0
227723,0,0,0.0
327138,0,0,0.0
441016,0,0,0.0
397784,0,0,0.0
344441,0,0,0.0
298524,0,0,0.0
373879,0,0,0.0
199257,0,0,0.0
169779,0,0,0.0
331252,0,1,1.0
415933,0,0,0.0
148690,1,0,0.0
353745,0,0,0.0
112465,1,0,0.0
354555,0,0,0.0
360795,0,0,0.0
122070,0,0,0.0
197545,0,0,0.0
371093,0,0,0.0
409975,0,1,1.0
118840,0,0,0.0
140660,0,0,0.0
434520,1,0,0.0
296419,0,0,0.0
293279,0,0,0.0
345819,0,0,0.0
339496,0,0,0.0
113408,0,0,0.0
227429,0,0,0.0
442908,0,0,0.0
426007,0,0,0.0
437003,0,0,0.0
189578,0,1,1.0
104008,0,0,0.0
189114,0,0,0.0
353289,0,0,0.0
256855,0,0,0.0
367148,0,0,0.0
149594,0,0,0.0
273854,0,0,0.0
333798,0,0,0.0
361853,0,0,0.0
294163,0,0,0.0
178558,0,0,0.0
259688,0,1,1.0
439928,0,1,1.0
249538,0,0,0.0
324424,0,0,0.0
163168,0,0,0.0
184864,0,0,0.0
400881,0,0,0.0
328875,0,0,0.0
254266,0,0,0.0
244068,0,0,0.0
390091,1,0,0.0
127358,0,0,0.0
414132,0,0,0.0
105725,0,0,0.0
403893,0,0,0.0
252439,0,0,0.0
175821,0,0,0.0
415667,0,0,0.0
171817,0,0,0.0
297622,0,0,0.0
166119,0,0,0.0
194114,0,0,0.0
173564,0,0,0.0
109087,0,0,0.0
100046,0,0,0.0
114694,0,0,0.0
416035,0,0,0.0
111928,0,0,0.0
103103,0,0,0.0
152351,0,1,1.0
161488,1,0,0.0
208559,0,0,0.0
301569,0,0,0.0
391758,0,0,0.0
222376,0,0,0.0
183940,0,1,1.0
210989,0,0,0.0
235942,0,0,0.0
136411,0,0,0.0
227889,0,0,0.0
166113,0,0,0.0
296934,0,0,0.0
278611,0,0,0.0
362614,0,0,0.0
333122,0,0,0.0
336505,0,0,0.0
278209,0,0,0.0
306062,0,0,0.0
453370,1,0,0.0
140828,0,1,1.0
116517,0,0,0.0
123189,0,0,0.0
322202,0,0,0.0
347291,0,0,0.0
317953,0,0,0.0
372897,0,0,0.0
361546,0,0,0.0
125340,0,0,0.0
183084,0,0,0.0
228566,0,0,0.0
173151,0,0,0.0
210134,0,0,0.0
215247,0,0,0.0
408846,0,0,0.0
412929,0,0,0.0
346168,0,0,0.0
176212,0,0,0.0
286499,0,0,0.0
430344,0,1,1.0
426078,0,0,0.0
376202,0,0,0.0
439116,1,0,0.0
281920,0,0,0.0
188390,0,0,0.0
270381,0,0,0.0
389925,0,0,0.0
442754,0,0,0.0
149324,0,0,0.0
109756,0,0,0.0
262951,1,0,0.0
290674,0,1,1.0
209373,0,0,0.0
176286,0,0,0.0
394349,0,1,1.0
179461,0,0,0.0
455356,0,0,0.0
252303,0,0,0.0
121083,0,0,0.0
254090,0,0,0.0
230719,1,0,0.0
298129,0,0,0.0
364219,0,1,1.0
388623,0,0,0.0
153072,0,0,0.0
343576,0,0,0.0
306013,0,0,0.0
250804,0,0,0.0
411342,0,1,1.0
238682,0,0,0.0
362245,0,0,0.0
407456,0,0,0.0
322411,0,0,0.0
139274,0,0,0.0
129844,0,0,0.0
343910,0,0,0.0
229644,0,0,0.0
435500,0,0,0.0
312695,0,0,0.0
137093,0,0,0.0
403283,0,0,0.0
210884,0,1,1.0
316740,0,0,0.0
454665,0,0,0.0
177533,0,0,0.0
375255,0,0,0.0
195179,0,0,0.0
179543,0,0,0.0
376457,0,0,0.0
239882,0,0,0.0
370710,0,0,0.0
322726,0,0,0.0
346837,0,0,0.0
168088,0,0,0.0
269241,0,0,0.0
362940,0,0,0.0
338534,0,0,0.0
410620,0,0,0.0
364099,1,0,0.0
340141,0,0,0.0
232374,0,0,0.0
132392,0,0,0.0
398324,1,1,1.0
202916,0,0,0.0
330213,0,0,0.0
378810,0,0,0.0
383465,0,0,0.0
112979,0,0,0.0
313490,1,0,0.0
430330,0,0,0.0
144444,0,0,0.0
280128,0,0,0.0
437883,0,0,0.0
389731,0,1,1.0
165358,0,0,0.0
407196,1,0,0.0
227894,0,0,0.0
201104,0,0,0.0
202433,0,0,0.0
410565,0,0,0.0
448275,0,0,0.0
320471,0,1,1.0
109317,0,0,0.0
152312,0,0,0.0
344073,0,0,0.0
217206,1,0,0.0
165413,0,1,1.0
199539,0,0,0.0
277863,0,0,0.0
220272,0,1,1.0
311434,0,0,0.0
332815,0,1,1.0
319661,0,1,1.0
371083,0,0,0.0
257333,0,0,0.0
129244,0,0,0.0
425463,0,0,0.0
303015,0,0,0.0
104843,0,0,0.0
391286,0,0,0.0
360068,0,0,0.0
344101,0,0,0.0
118452,0,0,0.0
356899,0,0,0.0
221880,0,0,0.0
297469,0,0,0.0
198500,0,0,0.0
403114,0,0,0.0
194448,0,0,0.0
256607,0,0,0.0
299427,0,0,0.0
288990,0,0,0.0
302224,0,0,0.0
147517,0,0,0.0
274562,0,0,0.0
315597,0,0,0.0
295089,0,1,1.0
162208,0,0,0.0
227751,0,0,0.0
108845,0,0,0.0
383155,0,0,0.0
254227,0,0,0.0
277028,0,0,0.0
356223,0,0,0.0
132577,0,0,0.0
118178,0,0,0.0
136946,0,0,0.0
317412,0,0,0.0
326386,0,0,0.0
445099,1,0,0.0
104171,0,0,0.0
288071,0,0,0.0
268695,0,0,0.0
118969,0,0,0.0
276140,0,0,0.0
299684,0,0,0.0
303571,0,0,0.0
406892,0,0,0.0
417542,0,0,0.0
405805,0,0,0.0
456016,0,0,0.0
370050,0,0,0.0
446911,0,0,0.0
172071,0,0,0.0
161929,0,0,0.0
179932,0,0,0.0
172019,0,0,0.0
297170,0,0,0.0
127855,0,0,0.0
118847,0,0,0.0
181734,0,0,0.0
134418,0,0,0.0
264196,0,0,0.0
301245,0,0,0.0
349063,0,0,0.0
413660,0,0,0.0
235619,0,0,0.0
383546,0,0,0.0
148914,1,0,0.0
296835,0,0,0.0
379735,0,0,0.0
351372,0,0,0.0
171231,0,0,0.0
183324,1,0,0.0
325450,0,0,0.0
177147,0,0,0.0
106138,0,0,0.0
313077,0,0,0.0
355539,0,0,0.0
160083,0,0,0.0
419035,0,0,0.0
453404,0,0,0.0
322599,0,0,0.0
123986,0,0,0.0
435445,1,0,0.0
199919,0,0,0.0
328551,0,0,0.0
412831,0,0,0.0
110143,1,0,0.0
333694,0,0,0.0
227924,0,0,0.0
169572,0,0,0.0
187702,0,0,0.0
292271,0,0,0.0
203258,0,0,0.0
197996,1,1,1.0
434623,0,0,0.0
450881,0,0,0.0
332443,0,0,0.0
125293,0,0,0.0
374068,0,0,0.0
391074,0,0,0.0
275918,0,1,1.0
424499,0,0,0.0
117236,0,0,0.0
218129,0,0,0.0
131224,0,0,0.0
383342,0,0,0.0
268286,0,0,0.0
313332,0,0,0.0
116898,0,0,0.0
197095,0,0,0.0
159531,0,0,0.0
129770,0,1,1.0
364688,0,0,0.0
265558,0,0,0.0
196101,0,0,0.0
188585,0,0,0.0
341977,0,1,1.0
167969,0,0,0.0
449172,1,0,0.0
388007,0,1,1.0
331101,0,0,0.0
341587,0,1,1.0
258550,0,0,0.0
340541,0,0,0.0
447457,0,0,0.0
292357,0,0,0.0
160362,0,0,0.0
101735,0,0,0.0
397613,0,0,0.0
300487,0,0,0.0
318436,0,0,0.0
145048,0,0,0.0
366288,0,1,1.0
212356,0,0,0.0
312000,0,0,0.0
345297,0,0,0.0
347905,0,0,0.0
295383,1,1,1.0
402591,1,0,0.0
337571,0,0,0.0
264832,0,1,1.0
366529,0,0,0.0
371426,0,0,0.0
355121,0,1,1.0
412006,0,0,0.0
372503,0,0,0.0
217766,1,0,0.0
433966,1,0,0.0
203153,0,0,0.0
105124,0,0,0.0
136026,1,0,0.0
426682,1,0,0.0
349426,0,0,0.0
141037,0,0,0.0
358213,0,0,0.0
315042,0,0,0.0
214652,0,0,0.0
419931,0,1,1.0
210518,0,0,0.0
450611,0,0,0.0
444431,0,1,1.0
439106,1,0,0.0
321882,0,0,0.0
358599,0,0,0.0
249740,0,0,0.0
255672,0,0,0.0
205005,1,0,0.0
446747,0,0,0.0
387104,1,0,0.0
296642,0,0,0.0
214738,0,0,0.0
181159,0,0,0.0
314987,0,0,0.0
355309,1,0,0.0
376370,0,1,1.0
221616,0,0,0.0
155846,0,0,0.0
222969,1,0,0.0
456083,0,0,0.0
436107,0,0,0.0
452159,0,0,0.0
200351,0,0,0.0
272559,0,0,0.0
171192,0,0,0.0
116567,1,0,0.0
420998,0,0,0.0
194144,0,0,0.0
229518,1,0,0.0
187690,0,0,0.0
425807,0,0,0.0
103335,0,0,0.0
403035,1,0,0.0
226289,0,0,0.0
409009,0,0,0.0
361201,1,0,0.0
153655,0,0,0.0
429660,0,0,0.0
188602,1,0,0.0
355794,0,0,0.0
433488,0,0,0.0
334217,0,0,0.0
325726,0,0,0.0
419670,0,0,0.0
146370,0,0,0.0
422504,0,0,0.0
149672,0,1,1.0
429390,0,0,0.0
186353,0,0,0.0
189638,0,0,0.0
324916,0,0,0.0
170077,0,0,0.0
145849,0,0,0.0
136024,0,0,0.0
332556,0,0,0.0
358181,0,0,0.0
356877,0,0,0.0
234152,0,0,0.0
184480,0,0,0.0
263367,0,1,1.0
440843,0,0,0.0
296950,0,0,0.0
305854,0,0,0.0
126093,0,0,0.0
357237,0,0,0.0
205507,0,0,0.0
340523,0,0,0.0
174228,0,0,0.0
153481,0,0,0.0
449174,1,0,0.0
275736,0,0,0.0
238519,0,0,0.0
217003,0,0,0.0
443298,0,0,0.0
423318,0,1,1.0
154412,1,0,0.0
289359,0,0,0.0
446195,0,0,0.0
267732,0,0,0.0
232373,0,0,0.0
144899,0,0,0.0
374730,0,0,0.0
117793,0,0,0.0
327882,0,0,0.0
265383,0,0,0.0
165247,0,0,0.0
339116,0,0,0.0
156830,0,0,0.0
371893,0,0,0.0
408312,0,0,0.0
432865,0,0,0.0
334978,0,0,0.0
417154,0,0,0.0
180648,0,0,0.0
254241,1,0,0.0
201570,1,0,0.0
324139,0,0,0.0
229423,0,0,0.0
416122,0,0,0.0
439220,0,0,0.0
253277,0,0,0.0
215339,0,0,0.0
283531,0,0,0.0
157772,0,0,0.0
341095,0,0,0.0
294780,0,0,0.0
153985,0,0,0.0
255747,0,0,0.0
329281,0,0,0.0
274120,0,0,0.0
339058,0,0,0.0
169336,0,0,0.0
319395,0,0,0.0
182324,0,0,0.0
200002,1,0,0.0
184917,0,1,1.0
437199,0,0,0.0
281536,0,0,0.0
448476,0,0,0.0
243471,0,0,0.0
427870,1,0,0.0
452271,0,0,0.0
350295,0,0,0.0
129972,0,0,0.0
315968,0,0,0.0
297040,0,0,0.0
274534,0,0,0.0
237673,0,0,0.0
348101,0,0,0.0
240596,1,0,0.0
451458,0,0,0.0
368480,0,0,0.0
112687,0,0,0.0
115437,0,0,0.0
454124,0,0,0.0
370716,0,0,0.0
421741,0,1,1.0
188782,0,0,0.0
321487,0,0,0.0
379179,0,0,0.0
141128,0,0,0.0
262598,0,0,0.0
382616,0,0,0.0
303102,0,0,0.0
401123,0,0,0.0
312743,1,0,0.0
185650,1,0,0.0
313537,0,0,0.0
396172,0,0,0.0
135795,0,0,0.0
407117,0,0,0.0
266235,0,0,0.0
331477,0,0,0.0
450446,0,0,0.0
415221,0,0,0.0
237829,0,0,0.0
188180,0,0,0.0
319874,0,0,0.0
104366,0,0,0.0
305706,0,0,0.0
195892,0,0,0.0
403348,0,0,0.0
418826,0,0,0.0
256007,0,1,1.0
198461,0,0,0.0
413717,1,1,1.0
154646,0,0,0.0
363910,0,1,1.0
277569,0,1,1.0
153161,0,0,0.0
217684,0,0,0.0
402465,0,0,0.0
302222,0,0,0.0
125920,0,0,0.0
238275,0,0,0.0
278468,0,0,0.0
319954,0,0,0.0
272809,0,0,0.0
212412,0,0,0.0
353295,0,0,0.0
416760,0,0,0.0
289107,1,0,0.0
286899,0,0,0.0
174075,0,1,1.0
389779,0,0,0.0
443780,0,0,0.0
192900,0,0,0.0
377514,0,0,0.0
354242,0,0,0.0
308241,0,0,0.0
342337,1,0,0.0
187156,1,0,0.0
380958,0,0,0.0
337975,0,0,0.0
121753,1,0,0.0
141501,0,1,1.0
155665,0,0,0.0
129396,0,0,0.0
116661,0,0,0.0
295423,0,0,0.0
348972,0,0,0.0
118636,0,0,0.0
240789,0,0,0.0
439843,0,0,0.0
174561,0,0,0.0
204075,0,0,0.0
151958,0,0,0.0
308773,0,0,0.0
352569,0,0,0.0
228178,0,0,0.0
139972,0,0,0.0
164703,0,0,0.0
148995,0,0,0.0
167490,0,0,0.0
325027,0,0,0.0
278080,0,0,0.0
178108,0,0,0.0
152544,0,0,0.0
123698,0,0,0.0
113512,0,1,1.0
352903,0,0,0.0
276649,1,0,0.0
245306,0,0,0.0
284834,0,0,0.0
223736,1,0,0.0
370952,0,0,0.0
157279,0,0,0.0
452890,0,0,0.0
292676,0,0,0.0
159299,0,0,0.0
337508,0,0,0.0
213404,0,0,0.0
353754,0,0,0.0
366204,0,0,0.0
386240,0,0,0.0
280635,0,0,0.0
362069,0,0,0.0
305750,0,1,1.0
250277,1,1,1.0
215478,0,0,0.0
181499,0,0,0.0
115701,0,0,0.0
438198,0,1,1.0
396361,0,0,0.0
254876,0,0,0.0
285705,0,0,0.0
288522,0,0,0.0
387047,0,0,0.0
293163,0,0,0.0
121451,0,0,0.0
123785,0,0,0.0
365308,0,0,0.0
313130,0,0,0.0
346312,0,0,0.0
164989,0,1,1.0
212099,0,1,1.0
352299,0,0,0.0
160058,0,0,0.0
363211,0,0,0.0
169381,0,0,0.0
323902,0,0,0.0
104997,0,0,0.0
284941,0,0,0.0
231308,0,0,0.0
455041,1,0,0.0
201317,0,0,0.0
108639,0,0,0.0
391562,0,0,0.0
114062,0,0,0.0
133669,0,0,0.0
144294,0,0,0.0
413322,0,0,0.0
341556,0,0,0.0
151263,0,0,0.0
256470,1,0,0.0
117579,0,0,0.0
285248,0,0,0.0
148810,0,0,0.0
141433,0,0,0.0
385419,0,0,0.0
251699,0,0,0.0
439564,0,0,0.0
263366,0,0,0.0
140161,0,0,0.0
338941,0,0,0.0
426137,0,0,0.0
302642,0,1,1.0
119487,0,0,0.0
165042,0,1,1.0
143634,0,0,0.0
139923,0,0,0.0
332211,0,0,0.0
377908,1,0,0.0
254293,0,0,0.0
269474,0,0,0.0
362416,0,0,0.0
220775,0,0,0.0
424330,0,0,0.0
278498,0,0,0.0
138500,0,0,0.0
107751,0,0,0.0
286073,0,0,0.0
434644,0,0,0.0
373036,0,0,0.0
386880,0,0,0.0
270973,0,0,0.0
336293,0,1,1.0
192711,1,0,0.0
100393,0,0,0.0
406831,0,0,0.0
129489,0,0,0.0
294987,0,1,1.0
376672,0,0,0.0
251187,0,0,0.0
405723,0,0,0.0
238395,0,0,0.0
279953,0,0,0.0
216540,0,0,0.0
415077,0,0,0.0
405418,0,0,0.0
146052,0,0,0.0
189891,0,1,1.0
387151,0,0,0.0
317205,0,0,0.0
233942,0,0,0.0
455801,0,1,1.0
197850,0,0,0.0
169756,0,0,0.0
411661,0,1,1.0
253972,0,0,0.0
217153,0,0,0.0
334518,1,1,1.0
204717,0,0,0.0
431643,0,0,0.0
264234,0,0,0.0
174469,0,0,0.0
453198,0,0,0.0
270733,0,0,0.0
434521,1,0,0.0
268826,0,0,0.0
240128,0,1,1.0
191642,0,0,0.0
222275,0,0,0.0
368352,0,0,0.0
342704,0,0,0.0
133783,0,0,0.0
445665,0,0,0.0
214212,0,0,0.0
186338,0,0,0.0
284391,0,0,0.0
243912,0,0,0.0
381402,0,0,0.0
372718,0,0,0.0
127037,0,0,0.0
296736,0,0,0.0
403668,0,1,1.0
301055,0,0,0.0
292437,0,0,0.0
431436,0,0,0.0
150273,0,0,0.0
270741,0,0,0.0
115629,0,0,0.0
384513,0,0,0.0
187079,0,0,0.0
300604,0,0,0.0
253888,0,0,0.0
362083,0,0,0.0
106018,0,0,0.0
186623,0,0,0.0
230221,0,0,0.0
191743,0,0,0.0
231851,0,0,0.0
393298,0,0,0.0
446156,0,0,0.0
314165,0,0,0.0
442018,0,1,1.0
424187,0,0,0.0
437765,0,0,0.0
190362,0,0,0.0
151390,0,0,0.0
215431,0,1,1.0
358966,0,0,0.0
288404,0,0,0.0
205120,0,0,0.0
169538,0,0,0.0
305303,0,0,0.0
452323,0,0,0.0
211281,0,0,0.0
360982,0,1,1.0
382738,0,0,0.0
313347,0,0,0.0
268366,1,1,1.0
186100,0,0,0.0
153888,0,0,0.0
167119,0,0,0.0
412402,0,0,0.0
109492,0,0,0.0
169374,0,0,0.0
447545,0,0,0.0
268700,0,0,0.0
204993,0,0,0.0
446537,0,0,0.0
130057,0,1,1.0
237433,0,0,0.0
416511,0,0,0.0
292936,0,0,0.0
148491,0,0,0.0
346460,0,0,0.0
164205,0,0,0.0
331102,0,0,0.0
132734,1,0,0.0
426544,0,0,0.0
345657,0,0,0.0
141700,1,1,1.0
148781,0,0,0.0
418993,0,0,0.0
126887,0,0,0.0
259550,0,0,0.0
219163,0,0,0.0
271602,0,0,0.0
427306,1,0,0.0
345239,0,0,0.0
296246,0,0,0.0
377743,0,0,0.0
397744,0,0,0.0
135051,0,0,0.0
387646,0,0,0.0
106327,0,0,0.0
314279,0,0,0.0
210013,0,0,0.0
295328,0,0,0.0
179818,0,0,0.0
446556,0,0,0.0
277706,1,0,0.0
151635,0,1,1.0
103986,1,0,0.0
232819,0,0,0.0
311885,0,0,0.0
321413,0,0,0.0
251494,0,0,0.0
354891,0,0,0.0
364313,0,0,0.0
125890,0,0,0.0
200818,0,0,0.0
323259,0,0,0.0
187773,0,0,0.0
104373,0,0,0.0
153063,0,0,0.0
131935,0,0,0.0
310506,0,0,0.0
442921,0,0,0.0
121672,0,0,0.0
393287,0,0,0.0
424648,0,1,1.0
412787,0,0,0.0
408129,0,0,0.0
263539,0,0,0.0
244227,0,0,0.0
405744,0,0,0.0
269182,0,0,0.0
135942,0,0,0.0
278547,0,0,0.0
298584,0,0,0.0
409216,0,0,0.0
125060,0,0,0.0
266351,0,0,0.0
206850,0,0,0.0
357280,0,0,0.0
364536,0,0,0.0
133765,0,0,0.0
344378,0,0,0.0
324968,0,1,1.0
206777,1,0,0.0
161329,1,1,1.0
237638,0,0,0.0
417021,1,0,0.0
127833,0,0,0.0
266744,0,0,0.0
408224,0,0,0.0
221653,0,1,1.0
109333,0,0,0.0
454395,0,0,0.0
247557,0,0,0.0
219002,1,1,1.0
106270,0,0,0.0
201536,0,0,0.0
382570,0,0,0.0
389107,0,0,0.0
400653,0,0,0.0
388363,0,0,0.0
427604,0,0,0.0
375945,0,0,0.0
297842,0,0,0.0
421452,0,0,0.0
354547,0,0,0.0
416079,0,0,0.0
146444,0,0,0.0
173414,0,0,0.0
334667,0,1,1.0
390367,1,0,0.0
130565,0,0,0.0
118210,0,0,0.0
294372,0,0,0.0
182925,0,1,1.0
194255,0,1,1.0
360008,1,0,0.0
246790,0,0,0.0
334128,0,0,0.0
115783,0,0,0.0
165434,0,0,0.0
269136,1,0,0.0
307334,0,0,0.0
317352,0,0,0.0
294115,0,1,1.0
261443,0,0,0.0
214309,0,0,0.0
267676,0,0,0.0
188212,0,0,0.0
395978,0,0,0.0
279617,0,0,0.0
322898,0,0,0.0
366800,0,0,0.0
173968,0,0,0.0
377181,0,0,0.0
105823,0,0,0.0
206698,0,0,0.0
283768,0,0,0.0
103235,0,0,0.0
278786,1,0,0.0
160561,0,0,0.0
235795,0,0,0.0
108955,0,0,0.0
249880,0,0,0.0
119953,0,0,0.0
103825,0,0,0.0
296847,0,0,0.0
241428,0,0,0.0
272489,0,0,0.0
355860,0,0,0.0
395490,0,0,0.0
442925,0,0,0.0
115704,0,0,0.0
156061,0,0,0.0
370748,0,0,0.0
435245,0,0,0.0
352228,0,0,0.0
237255,0,0,0.0
416304,0,0,0.0
285599,0,0,0.0
126177,0,0,0.0
374076,0,0,0.0
122809,0,1,1.0
404988,0,0,0.0
364385,0,0,0.0
200138,0,0,0.0
359328,0,0,0.0
227598,0,0,0.0
278814,0,0,0.0
169337,0,0,0.0
134429,0,0,0.0
371492,0,0,0.0
343145,0,0,0.0
328497,0,0,0.0
334222,0,0,0.0
227316,0,0,0.0
414724,0,0,0.0
291072,0,0,0.0
322592,0,1,1.0
253756,0,0,0.0
201581,0,0,0.0
282505,0,0,0.0
127913,0,0,0.0
100144,0,0,0.0
140899,0,0,0.0
100087,0,0,0.0
429281,0,0,0.0
187446,0,0,0.0
135940,0,0,0.0
422644,0,0,0.0
102378,0,0,0.0
154078,0,0,0.0
123927,0,0,0.0
362592,0,0,0.0
180351,0,0,0.0
194500,1,0,0.0
171537,0,0,0.0
420320,0,0,0.0
413441,0,0,0.0
196077,0,0,0.0
186698,0,0,0.0
312815,0,0,0.0
424814,0,0,0.0
195928,0,0,0.0
120142,0,0,0.0
395449,0,1,1.0
428509,0,0,0.0
426036,0,0,0.0
123002,0,0,0.0
177180,0,1,1.0
416791,0,0,0.0
370226,0,0,0.0
175331,0,1,1.0
453213,0,0,0.0
401296,0,0,0.0
403459,0,0,0.0
241993,0,0,0.0
360151,0,0,0.0
309456,0,0,0.0
448204,0,0,0.0
302305,0,0,0.0
272613,0,0,0.0
368246,0,0,0.0
226362,0,0,0.0
167876,0,0,0.0
448947,0,0,0.0
250192,1,0,0.0
133908,0,0,0.0
219494,0,0,0.0
201924,0,0,0.0
193063,0,0,0.0
428190,0,0,0.0
128399,0,0,0.0
401564,0,0,0.0
114964,0,0,0.0
359583,0,0,0.0
129890,0,0,0.0
404225,0,1,1.0
437691,0,0,0.0
207891,0,0,0.0
180641,0,0,0.0
159232,0,0,0.0
344616,1,0,0.0
448635,0,0,0.0
327260,0,0,0.0
423400,0,0,0.0
253077,0,0,0.0
136330,0,0,0.0
349578,1,1,1.0
398107,0,0,0.0
357055,1,0,0.0
219086,1,0,0.0
352905,0,0,0.0
159668,0,0,0.0
304433,0,0,0.0
336622,0,0,0.0
168209,0,0,0.0
230805,0,1,1.0
103403,0,0,0.0
451699,0,0,0.0
251361,0,0,0.0
280324,0,1,1.0
393040,0,0,0.0
250032,0,0,0.0
319921,0,0,0.0
242941,0,0,0.0
210407,0,0,0.0
176596,0,0,0.0
118670,0,0,0.0
155303,0,0,0.0
134284,0,0,0.0
188124,0,0,0.0
415445,0,0,0.0
390996,0,0,0.0
281975,0,0,0.0
318984,0,0,0.0
391359,0,0,0.0
327790,0,0,0.0
339133,1,0,0.0
126824,0,0,0.0
355665,0,0,0.0
194651,0,0,0.0
286765,0,0,0.0
287993,0,0,0.0
262731,0,0,0.0
287008,0,0,0.0
166856,0,0,0.0
341957,0,0,0.0
288869,0,0,0.0
309187,0,0,0.0
209030,0,0,0.0
311353,0,0,0.0
209936,0,1,1.0
146517,0,0,0.0
377023,0,0,0.0
145437,1,1,1.0
437752,0,0,0.0
270266,0,0,0.0
191216,0,0,0.0
160160,1,0,0.0
195231,0,0,0.0
197297,0,0,0.0
189295,0,0,0.0
284842,0,0,0.0
169463,0,0,0.0
245547,0,0,0.0
201426,0,0,0.0
170674,0,0,0.0
128320,1,0,0.0
436578,0,0,0.0
235095,0,1,1.0
246695,0,0,0.0
149932,0,0,0.0
164124,0,0,0.0
368875,0,0,0.0
229967,0,0,0.0
339456,0,0,0.0
115876,0,0,0.0
205976,0,0,0.0
315298,1,0,0.0
389380,0,0,0.0
247593,0,0,0.0
311163,0,0,0.0
264527,0,0,0.0
239196,0,0,0.0
337654,0,1,1.0
317017,0,0,0.0
113269,0,0,0.0
326079,0,0,0.0
176010,0,0,0.0
251308,0,1,1.0
319516,0,0,0.0
269183,0,0,0.0
308619,0,0,0.0
254686,0,0,0.0
181860,0,0,0.0
257413,0,0,0.0
289339,0,1,1.0
223395,1,0,0.0
420535,0,0,0.0
423283,0,1,1.0
288467,0,1,1.0
451341,1,0,0.0
392133,0,0,0.0
324163,0,0,0.0
329440,0,1,1.0
281715,0,0,0.0
317551,0,0,0.0
440351,0,0,0.0
428373,0,0,0.0
105002,0,0,0.0
141308,0,0,0.0
293397,0,0,0.0
349639,0,0,0.0
231660,0,0,0.0
261548,0,0,0.0
201904,0,0,0.0
379338,0,0,0.0
167225,0,0,0.0
276870,0,0,0.0
240807,0,0,0.0
405130,0,0,0.0
454402,0,0,0.0
289056,0,0,0.0
166735,0,1,1.0
174706,0,0,0.0
263614,0,0,0.0
450078,0,0,0.0
151318,0,0,0.0
192316,0,1,1.0
357253,0,1,1.0
247513,0,0,0.0
359276,0,0,0.0
100364,0,0,0.0
441710,0,0,0.0
208191,1,0,0.0
118519,0,0,0.0
349932,0,0,0.0
312610,0,0,0.0
288452,0,1,1.0
352361,0,0,0.0
329959,0,0,0.0
229760,0,0,0.0
279879,0,0,0.0
284505,0,0,0.0
237318,0,0,0.0
385738,1,0,0.0
348803,0,0,0.0
364509,0,0,0.0
381110,0,0,0.0
218740,0,0,0.0
236753,0,0,0.0
326491,0,0,0.0
109236,0,0,0.0
127467,0,0,0.0
117929,0,1,1.0
137104,0,0,0.0
421972,0,0,0.0
451447,1,0,0.0
362578,0,0,0.0
204294,0,0,0.0
132162,0,0,0.0
431893,0,0,0.0
336249,0,0,0.0
194011,0,0,0.0
216793,0,0,0.0
306310,0,0,0.0
254169,1,0,0.0
414727,0,0,0.0
433765,0,0,0.0
203323,0,0,0.0
209032,0,0,0.0
158873,1,0,0.0
198073,0,0,0.0
278377,0,0,0.0
418531,0,0,0.0
449963,0,0,0.0
407560,0,0,0.0
323435,0,0,0.0
278478,0,0,0.0
186548,0,0,0.0
277755,0,0,0.0
375659,0,0,0.0
148061,0,0,0.0
250499,0,0,0.0
179412,0,1,1.0
282305,0,0,0.0
440199,0,0,0.0
190910,0,0,0.0
158961,0,0,0.0
191085,0,0,0.0
248956,0,0,0.0
136801,0,0,0.0
251277,0,0,0.0
350121,1,0,0.0
108440,1,0,0.0
133933,0,0,0.0
253450,0,0,0.0
327938,1,0,0.0
362223,0,0,0.0
402160,0,0,0.0
307408,0,0,0.0
305957,0,0,0.0
212523,0,0,0.0
153450,0,0,0.0
422490,0,0,0.0
382739,0,0,0.0
204554,0,0,0.0
146167,0,0,0.0
322673,0,1,1.0
184371,0,0,0.0
180410,0,0,0.0
167280,0,0,0.0
423632,1,0,0.0
269900,0,0,0.0
276356,0,0,0.0
207754,0,0,0.0
396369,0,0,0.0
190328,1,0,0.0
368668,0,0,0.0
399780,0,1,1.0
282916,0,1,1.0
146034,0,1,1.0
232688,0,0,0.0
229865,0,0,0.0
214991,0,0,0.0
127672,0,0,0.0
288677,0,0,0.0
163500,0,0,0.0
164298,0,0,0.0
418547,1,1,1.0
180169,0,0,0.0
132789,0,0,0.0
259857,0,0,0.0
427182,1,0,0.0
190154,0,0,0.0
158057,0,0,0.0
398318,0,0,0.0
371878,0,1,1.0
280309,0,0,0.0
245960,0,0,0.0
239812,0,1,1.0
324822,0,0,0.0
363131,0,0,0.0
200067,0,0,0.0
183056,0,0,0.0
324812,0,0,0.0
150380,0,1,1.0
427326,0,0,0.0
456130,0,0,0.0
111870,0,0,0.0
171571,0,1,1.0
287546,0,0,0.0
258852,0,0,0.0
421869,0,0,0.0
390901,0,0,0.0
101918,0,0,0.0
388610,0,0,0.0
443556,0,1,1.0
319966,0,0,0.0
145467,0,0,0.0
423796,0,0,0.0
283949,1,0,0.0
419255,0,0,0.0
432659,0,0,0.0
247099,0,0,0.0
269286,0,1,1.0
396326,0,0,0.0
310714,0,0,0.0
424573,0,0,0.0
338304,0,0,0.0
280731,0,0,0.0
392060,0,0,0.0
343443,0,0,0.0
177642,0,0,0.0
177415,0,0,0.0
180132,0,0,0.0
144867,0,0,0.0
437285,0,0,0.0
153905,0,0,0.0
207981,0,0,0.0
207041,0,0,0.0
413258,0,0,0.0
305923,0,0,0.0
366555,0,0,0.0
412142,0,0,0.0
302505,0,0,0.0
130491,0,0,0.0
406318,0,0,0.0
150002,0,0,0.0
181245,0,0,0.0
357540,0,0,0.0
122756,1,0,0.0
208060,0,0,0.0
427693,0,0,0.0
269487,0,0,0.0
252329,0,0,0.0
291571,0,0,0.0
347703,0,0,0.0
444731,0,0,0.0
219242,0,0,0.0
385358,0,0,0.0
217841,0,0,0.0
447634,0,0,0.0
271547,0,0,0.0
355134,1,0,0.0
428094,0,0,0.0
121355,1,0,0.0
349912,0,0,0.0
320322,0,0,0.0
117136,0,0,0.0
160174,0,0,0.0
443714,0,1,1.0
250788,0,0,0.0
332286,0,0,0.0
107028,0,0,0.0
207774,0,0,0.0
155903,0,0,0.0
120684,0,0,0.0
160680,0,1,1.0
329803,0,0,0.0
415563,0,0,0.0
359615,0,0,0.0
378773,0,0,0.0
240172,0,0,0.0
162199,0,0,0.0
302086,0,1,1.0
446209,0,0,0.0
135062,1,0,0.0
434715,0,0,0.0
298680,0,0,0.0
302853,0,0,0.0
221123,0,0,0.0
243419,0,0,0.0
291323,0,0,0.0
161271,0,0,0.0
314752,0,0,0.0
241624,0,0,0.0
192890,0,0,0.0
112832,0,0,0.0
270225,1,0,0.0
408873,0,0,0.0
103721,0,1,1.0
141125,0,0,0.0
316657,0,0,0.0
373280,0,0,0.0
450587,0,0,0.0
162407,0,0,0.0
171726,0,0,0.0
102715,1,1,1.0
311270,0,0,0.0
252147,0,0,0.0
410363,0,0,0.0
398726,0,0,0.0
173349,0,0,0.0
288037,0,1,1.0
250848,0,0,0.0
295156,0,0,0.0
157177,0,0,0.0
103405,1,1,1.0
184107,0,0,0.0
308722,0,0,0.0
405973,0,0,0.0
350152,0,0,0.0
162669,0,0,0.0
226795,0,0,0.0
305150,0,0,0.0
319858,0,0,0.0
278402,0,0,0.0
303734,0,0,0.0
429017,0,0,0.0
380424,0,0,0.0
300995,0,0,0.0
102967,0,0,0.0
313192,0,0,0.0
285625,0,0,0.0
252678,0,0,0.0
194513,0,0,0.0
297802,1,1,1.0
406156,0,0,0.0
177068,0,0,0.0
128462,0,0,0.0
448194,0,0,0.0
286126,0,0,0.0
445635,0,0,0.0
212307,0,0,0.0
218035,0,0,0.0
324051,0,0,0.0
363213,0,1,1.0
140149,0,0,0.0
181211,0,0,0.0
393816,0,1,1.0
233667,0,0,0.0
433273,0,0,0.0
317996,1,0,0.0
103490,0,0,0.0
444360,0,0,0.0
326422,0,0,0.0
155920,0,0,0.0
109768,0,0,0.0
392462,0,0,0.0
129317,0,0,0.0
324090,0,0,0.0
441746,0,0,0.0
238535,0,0,0.0
125563,0,0,0.0
181292,0,0,0.0
219422,0,0,0.0
122622,0,0,0.0
285689,0,0,0.0
399084,0,1,1.0
154141,0,0,0.0
414127,0,0,0.0
217823,0,0,0.0
167025,0,0,0.0
226426,1,0,0.0
119659,0,1,1.0
210047,0,0,0.0
400170,0,0,0.0
122325,0,0,0.0
300148,1,0,0.0
179645,0,0,0.0
239076,0,0,0.0
275771,0,0,0.0
151666,0,0,0.0
228244,0,0,0.0
348697,0,0,0.0
135091,0,0,0.0
377614,0,0,0.0
261071,0,0,0.0
131141,0,0,0.0
391984,1,0,0.0
260728,0,0,0.0
279628,0,0,0.0
353715,0,0,0.0
187346,0,0,0.0
133406,0,0,0.0
212701,0,0,0.0
334843,0,0,0.0
326275,0,1,1.0
434453,0,0,0.0
110302,0,0,0.0
442056,0,0,0.0
221266,0,0,0.0
439913,0,0,0.0
261901,0,0,0.0
308395,0,0,0.0
157362,0,0,0.0
189160,0,0,0.0
126037,0,0,0.0
167617,0,0,0.0
196749,1,0,0.0
264111,0,0,0.0
389955,0,1,1.0
445867,0,0,0.0
306005,0,0,0.0
421853,0,0,0.0
253660,0,0,0.0
430937,0,0,0.0
243584,0,0,0.0
353727,0,0,0.0
345834,0,0,0.0
290258,1,0,0.0
423483,0,0,0.0
192690,1,0,0.0
330913,0,0,0.0
252083,0,0,0.0
252457,0,0,0.0
105932,0,0,0.0
327168,0,0,0.0
132039,0,0,0.0
382065,0,0,0.0
407178,0,0,0.0
198273,0,0,0.0
395413,0,0,0.0
280070,0,0,0.0
255212,1,0,0.0
335990,0,0,0.0
421624,0,0,0.0
156490,0,1,1.0
336399,0,0,0.0
153815,0,0,0.0
188164,0,0,0.0
208583,0,0,0.0
231291,0,0,0.0
235229,0,0,0.0
425519,0,0,0.0
295510,0,0,0.0
367924,0,0,0.0
308750,0,0,0.0
149748,0,0,0.0
389640,0,0,0.0
437366,0,0,0.0
111606,0,1,1.0
365432,0,0,0.0
431888,0,0,0.0
177932,0,0,0.0
433704,0,1,1.0
437900,0,0,0.0
441129,0,0,0.0
129111,0,0,0.0
428689,1,1,1.0
364619,0,0,0.0
293885,0,0,0.0
101517,0,0,0.0
354293,1,0,0.0
259313,1,0,0.0
113243,0,0,0.0
230795,0,0,0.0
232061,0,0,0.0
116962,1,1,1.0
424463,0,0,0.0
104733,0,0,0.0
217359,0,0,0.0
284809,0,0,0.0
242868,0,0,0.0
104207,0,0,0.0
439713,0,0,0.0
323586,0,0,0.0
195722,0,0,0.0
401080,0,0,0.0
340725,0,0,0.0
179446,0,0,0.0
241575,0,0,0.0
345140,0,0,0.0
202872,1,0,0.0
413980,0,0,0.0
162968,1,0,0.0
395499,0,0,0.0
272387,0,0,0.0
268388,0,0,0.0
295626,1,0,0.0
322863,0,0,0.0
199086,0,0,0.0
125209,0,0,0.0
252177,0,0,0.0
236299,0,0,0.0
200028,0,0,0.0
353873,0,0,0.0
281023,0,0,0.0
351971,0,0,0.0
378299,0,0,0.0
185204,0,0,0.0
299145,0,0,0.0
220024,1,0,0.0
379273,0,0,0.0
128865,0,0,0.0
205344,0,0,0.0
328021,0,0,0.0
441116,0,0,0.0
260203,0,0,0.0
232095,0,0,0.0
177403,0,0,0.0
181554,0,0,0.0
322197,0,0,0.0
128280,0,0,0.0
354510,0,0,0.0
273853,0,0,0.0
257018,0,0,0.0
283335,0,0,0.0
299566,0,0,0.0
238849,0,0,0.0
355866,0,0,0.0
182290,0,0,0.0
341861,0,0,0.0
296332,0,1,1.0
212159,0,0,0.0
418305,0,0,0.0
208585,0,0,0.0
437037,0,0,0.0
164129,0,0,0.0
171458,0,1,1.0
313047,0,0,0.0
376583,0,0,0.0
105950,0,1,1.0
275268,1,0,0.0
145591,0,1,1.0
165337,0,0,0.0
140972,0,0,0.0
332731,1,1,1.0
255300,0,0,0.0
321757,0,0,0.0
138688,0,0,0.0
145866,0,0,0.0
417821,0,0,0.0
330282,0,0,0.0
218175,0,0,0.0
208058,0,0,0.0
253179,1,0,0.0
203522,0,0,0.0
233441,0,0,0.0
188320,0,1,1.0
152292,0,0,0.0
371079,0,0,0.0
277223,0,0,0.0
360514,1,0,0.0
131449,1,0,0.0
428071,0,0,0.0
249255,0,0,0.0
279383,0,1,1.0
104355,0,0,0.0
308213,0,0,0.0
174534,0,1,1.0
422612,0,0,0.0
254461,0,0,0.0
129220,0,0,0.0
191336,0,0,0.0
126928,0,0,0.0
451933,0,0,0.0
259579,0,0,0.0
121007,1,1,1.0
344258,0,0,0.0
300772,0,0,0.0
322796,0,0,0.0
287364,1,0,0.0
133464,0,0,0.0
307548,1,0,0.0
281508,0,0,0.0
414599,0,0,0.0
316913,0,0,0.0
175483,0,0,0.0
377687,0,0,0.0
233750,0,0,0.0
152161,0,0,0.0
357123,1,1,1.0
335999,0,0,0.0
308993,0,1,1.0
157894,0,0,0.0
251870,0,0,0.0
211168,0,0,0.0
381865,0,0,0.0
285864,0,0,0.0
184759,0,0,0.0
364449,0,0,0.0
442324,0,0,0.0
315788,0,0,0.0
116777,0,0,0.0
173375,0,0,0.0
390480,0,0,0.0
273849,0,1,1.0
180164,1,0,0.0
231386,0,0,0.0
342917,0,0,0.0
288949,1,0,0.0
424026,0,1,1.0
216325,0,0,0.0
311861,0,0,0.0
333041,0,0,0.0
187795,0,0,0.0
183257,0,0,0.0
110808,0,0,0.0
287847,0,0,0.0
413431,0,0,0.0
323897,0,0,0.0
258359,1,0,0.0
371640,0,0,0.0
266715,0,0,0.0
219721,0,0,0.0
241117,1,1,1.0
425410,0,0,0.0
416979,1,0,0.0
227197,0,0,0.0
414923,0,0,0.0
310685,0,0,0.0
282887,0,0,0.0
296207,0,0,0.0
144826,0,0,0.0
432413,1,1,1.0
338953,0,0,0.0
239606,0,0,0.0
456002,1,0,0.0
230701,0,0,0.0
305692,0,0,0.0
285309,0,0,0.0
230735,0,0,0.0
322001,0,0,0.0
425755,0,1,1.0
260115,0,0,0.0
405394,0,0,0.0
377430,0,1,1.0
368529,0,0,0.0
312435,0,1,1.0
265312,0,0,0.0
218439,0,0,0.0
356888,0,0,0.0
151561,0,0,0.0
451148,0,0,0.0
199033,0,0,0.0
372899,0,0,0.0
214482,0,0,0.0
427993,0,0,0.0
260485,0,0,0.0
170942,0,0,0.0
347294,0,0,0.0
264217,0,0,0.0
327344,0,0,0.0
210122,0,1,1.0
362485,0,0,0.0
214524,0,1,1.0
364447,0,0,0.0
205905,0,0,0.0
373840,0,0,0.0
195349,0,0,0.0
258744,0,0,0.0
327403,0,0,0.0
449350,0,0,0.0
304812,0,0,0.0
377059,0,0,0.0
188926,0,0,0.0
316807,0,1,1.0
160373,0,0,0.0
323543,0,0,0.0
171557,0,0,0.0
432562,0,0,0.0
308258,0,1,1.0
115651,0,0,0.0
177149,1,0,0.0
183489,0,1,1.0
444505,0,0,0.0
229636,0,0,0.0
451258,0,0,0.0
136656,0,0,0.0
453310,0,0,0.0
343294,0,0,0.0
302526,1,1,1.0
273342,0,1,1.0
390795,0,0,0.0
337186,0,0,0.0
122126,0,0,0.0
291511,0,0,0.0
122375,0,0,0.0
451590,0,0,0.0
123924,0,0,0.0
445647,0,0,0.0
425314,0,1,1.0
247647,0,1,1.0
355570,0,0,0.0
106099,0,0,0.0
331484,0,0,0.0
234484,0,0,0.0
328738,0,0,0.0
166455,0,0,0.0
422274,0,0,0.0
330285,0,0,0.0
370662,0,0,0.0
107519,0,0,0.0
243118,0,0,0.0
100757,0,1,1.0
300701,0,0,0.0
281749,0,0,0.0
301342,0,0,0.0
445479,0,0,0.0
125054,0,0,0.0
190712,0,0,0.0
111040,1,1,1.0
164664,0,0,0.0
146027,0,0,0.0
343598,0,0,0.0
114208,0,0,0.0
397777,0,0,0.0
405662,0,0,0.0
106933,1,0,0.0
431441,0,0,0.0
113846,0,0,0.0
364886,0,0,0.0
272403,0,1,1.0
303560,0,0,0.0
230599,0,0,0.0
129093,0,0,0.0
437053,0,0,0.0
411573,0,0,0.0
357955,0,0,0.0
364204,0,0,0.0
252660,0,0,0.0
254908,0,0,0.0
410320,0,0,0.0
439631,0,0,0.0
390748,0,0,0.0
409672,1,0,0.0
236112,0,0,0.0
136787,1,1,1.0
340436,0,0,0.0
178781,0,0,0.0
258720,0,0,0.0
262945,0,1,1.0
394858,0,0,0.0
378568,1,0,0.0
182236,0,0,0.0
137736,0,0,0.0
247549,0,0,0.0
223430,0,0,0.0
346560,0,0,0.0
162724,0,0,0.0
333247,1,0,0.0
428048,0,0,0.0
298486,0,0,0.0
114852,0,0,0.0
439988,0,0,0.0
358871,0,0,0.0
335681,0,1,1.0
160738,0,0,0.0
373335,0,0,0.0
116678,0,0,0.0
412195,0,0,0.0
277585,0,1,1.0
197032,0,0,0.0
112927,0,0,0.0
229403,0,0,0.0
119172,0,0,0.0
163619,0,0,0.0
385947,0,0,0.0
440982,0,0,0.0
438852,0,0,0.0
132068,0,0,0.0
118873,0,0,0.0
274904,0,0,0.0
343496,0,0,0.0
349729,0,0,0.0
421369,0,0,0.0
420706,0,0,0.0
140786,1,0,0.0
216575,1,0,0.0
443997,0,0,0.0
157942,0,0,0.0
223843,0,0,0.0
107292,0,0,0.0
409354,0,0,0.0
172219,0,0,0.0
278711,0,0,0.0
450440,0,0,0.0
454157,0,0,0.0
144705,0,0,0.0
421578,0,0,0.0
241552,0,0,0.0
147106,0,0,0.0
345807,0,0,0.0
263198,1,0,0.0
149043,0,0,0.0
282593,0,0,0.0
326749,0,0,0.0
361571,0,0,0.0
208741,0,0,0.0
451700,0,0,0.0
412943,0,0,0.0
137450,0,0,0.0
219970,0,0,0.0
433042,0,1,1.0
414354,0,0,0.0
223294,0,0,0.0
406126,0,0,0.0
249100,1,0,0.0
248420,0,0,0.0
201302,0,0,0.0
297882,0,0,0.0
251816,0,0,0.0
204123,0,0,0.0
117352,0,1,1.0
139791,0,0,0.0
433850,0,0,0.0
391175,1,0,0.0
137411,0,0,0.0
350437,1,0,0.0
272413,0,0,0.0
189236,0,0,0.0
336187,0,0,0.0
266707,0,0,0.0
347019,0,0,0.0
147892,0,0,0.0
197127,0,0,0.0
116104,0,0,0.0
149399,0,0,0.0
325579,0,0,0.0
122542,0,0,0.0
286676,0,0,0.0
265000,0,1,1.0
374411,0,0,0.0
352969,0,0,0.0
345006,0,0,0.0
316705,0,0,0.0
301628,0,0,0.0
272654,0,0,0.0
241684,0,0,0.0
312715,0,0,0.0
310395,1,0,0.0
243002,0,0,0.0
419199,0,0,0.0
345636,0,0,0.0
215120,0,0,0.0
181552,0,0,0.0
304044,0,0,0.0
388905,0,0,0.0
181590,0,0,0.0
135130,0,1,1.0
266681,0,0,0.0
340892,0,0,0.0
377312,0,0,0.0
282493,0,0,0.0
229608,0,1,1.0
122088,0,0,0.0
427538,1,0,0.0
170385,0,0,0.0
151533,0,0,0.0
278773,0,0,0.0
278949,0,0,0.0
154594,0,0,0.0
214504,1,0,0.0
233636,0,0,0.0
447781,0,0,0.0
334813,0,0,0.0
110558,0,0,0.0
263849,0,0,0.0
233654,0,0,0.0
363993,0,0,0.0
337391,0,0,0.0
406726,0,1,1.0
172202,0,0,0.0
106763,0,0,0.0
129050,0,0,0.0
126619,0,0,0.0
319026,1,0,0.0
193820,0,0,0.0
301434,0,0,0.0
235073,0,0,0.0
192085,0,0,0.0
139969,0,1,1.0
330203,0,0,0.0
351719,0,0,0.0
248471,0,1,1.0
177372,0,0,0.0
426125,0,0,0.0
181001,0,0,0.0
313607,0,0,0.0
400863,0,0,0.0
101936,0,0,0.0
191921,0,0,0.0
309910,0,0,0.0
197351,0,1,1.0
343295,0,0,0.0
321457,0,0,0.0
373809,0,0,0.0
112625,0,0,0.0
195652,0,0,0.0
365365,0,0,0.0
442901,0,0,0.0
208364,0,0,0.0
357763,0,1,1.0
160417,0,0,0.0
437690,0,0,0.0
294224,0,0,0.0
330724,0,0,0.0
262710,0,0,0.0
147931,0,0,0.0
175725,0,1,1.0
270689,0,0,0.0
235148,0,0,0.0
420652,0,0,0.0
229868,0,0,0.0
122981,0,0,0.0
448022,0,0,0.0
211017,0,0,0.0
433989,0,0,0.0
370253,0,0,0.0
395325,0,0,0.0
226939,0,0,0.0
292102,0,0,0.0
191425,0,0,0.0
319524,0,0,0.0
298563,0,0,0.0
252077,0,0,0.0
171742,0,0,0.0
297715,0,0,0.0
109719,0,0,0.0
161617,0,0,0.0
124979,0,0,0.0
451536,0,0,0.0
233807,0,0,0.0
208107,0,0,0.0
106885,0,0,0.0
201714,0,0,0.0
222745,0,0,0.0
239650,0,0,0.0
284594,0,1,1.0
450121,0,0,0.0
415192,1,0,0.0
202283,0,0,0.0
335129,0,0,0.0
269729,0,0,0.0
362148,0,0,0.0
213511,0,0,0.0
403268,0,0,0.0
327916,0,1,1.0
345751,0,0,0.0
206168,0,0,0.0
203163,0,0,0.0
128024,0,0,0.0
280394,0,0,0.0
167651,0,0,0.0
164189,0,1,1.0
367733,0,0,0.0
124904,0,0,0.0
180620,0,0,0.0
434345,0,0,0.0
141065,0,0,0.0
229516,0,0,0.0
366925,0,0,0.0
395483,0,0,0.0
174452,0,0,0.0
455020,0,0,0.0
225042,0,0,0.0
147635,0,0,0.0
443644,0,0,0.0
199991,0,0,0.0
384175,0,0,0.0
311764,0,0,0.0
198369,0,0,0.0
365510,0,0,0.0
388083,0,1,1.0
174190,0,0,0.0
304568,0,0,0.0
403030,0,0,0.0
445285,1,0,0.0
222316,0,0,0.0
223784,0,0,0.0
136109,0,0,0.0
427215,0,0,0.0
433756,0,0,0.0
444537,0,0,0.0
111248,0,0,0.0
325851,0,0,0.0
274942,0,0,0.0
347162,0,0,0.0
150539,0,0,0.0
163135,0,0,0.0
121693,0,0,0.0
174097,0,1,1.0
271837,0,0,0.0
438690,0,0,0.0
446768,0,0,0.0
196089,0,0,0.0
378156,0,1,1.0
114026,0,0,0.0
127185,0,0,0.0
387417,0,0,0.0
176773,0,0,0.0
249142,0,0,0.0
246579,0,0,0.0
369281,0,0,0.0
344674,0,1,1.0
373204,0,0,0.0
334861,0,0,0.0
262770,0,0,0.0
419697,0,0,0.0
176353,0,0,0.0
353813,1,0,0.0
221204,0,0,0.0
422738,0,0,0.0
272995,0,1,1.0
359430,0,0,0.0
285832,0,0,0.0
422365,0,1,1.0
442876,0,0,0.0
190679,0,1,1.0
405878,0,0,0.0
337992,0,0,0.0
242401,1,0,0.0
153673,0,0,0.0
151157,0,0,0.0
402446,0,0,0.0
293634,0,1,1.0
391397,0,0,0.0
163593,0,0,0.0
338679,0,0,0.0
289741,0,0,0.0
360268,0,0,0.0
168060,0,0,0.0
343171,0,0,0.0
318704,0,0,0.0
448276,0,1,1.0
311432,0,1,1.0
252937,0,0,0.0
163546,0,0,0.0
329609,0,0,0.0
178014,1,0,0.0
381571,0,0,0.0
432464,0,0,0.0
181598,0,0,0.0
153181,0,0,0.0
341448,0,0,0.0
176153,0,0,0.0
126730,0,1,1.0
193502,0,0,0.0
318439,0,0,0.0
204603,0,0,0.0
424159,0,0,0.0
352763,0,1,1.0
379597,0,0,0.0
409595,0,1,1.0
233769,0,0,0.0
239703,0,0,0.0
186024,0,0,0.0
278392,0,0,0.0
232991,0,0,0.0
220527,0,1,1.0
117602,0,0,0.0
345397,0,0,0.0
104029,0,0,0.0
192685,0,0,0.0
213760,1,0,0.0
295813,0,0,0.0
192186,0,0,0.0
186171,0,0,0.0
340074,0,1,1.0
247311,0,0,0.0
427712,0,0,0.0
443888,0,0,0.0
153951,0,0,0.0
159195,0,0,0.0
279920,0,1,1.0
104923,0,0,0.0
299531,0,0,0.0
127250,0,0,0.0
289269,0,0,0.0
368966,0,0,0.0
409995,0,0,0.0
421752,1,1,1.0
373578,0,1,1.0
329982,0,0,0.0
396319,1,0,0.0
383557,0,0,0.0
222245,0,0,0.0
344988,0,0,0.0
411815,0,0,0.0
149588,0,0,0.0
176936,0,0,0.0
326018,0,0,0.0
298531,0,0,0.0
334335,0,0,0.0
438696,0,0,0.0
112298,0,0,0.0
307896,0,0,0.0
287026,0,0,0.0
337215,0,1,1.0
302802,0,0,0.0
296529,0,0,0.0
214287,0,0,0.0
101003,0,0,0.0
320927,1,0,0.0
445031,0,0,0.0
194829,1,0,0.0
107250,0,0,0.0
303064,0,0,0.0
407997,0,0,0.0
196127,0,0,0.0
271029,0,1,1.0
245813,0,0,0.0
306885,1,0,0.0
288512,0,0,0.0
404333,0,1,1.0
181410,0,0,0.0
337885,0,0,0.0
158798,0,0,0.0
345868,0,0,0.0
273974,0,1,1.0
247071,0,0,0.0
392515,0,0,0.0
375914,0,0,0.0
449859,0,0,0.0
297260,1,0,0.0
127880,0,0,0.0
359541,0,0,0.0
327436,0,0,0.0
427190,0,0,0.0
424102,0,0,0.0
243830,0,1,1.0
425869,0,0,0.0
296317,0,0,0.0
199431,0,0,0.0
411091,0,0,0.0
342201,1,0,0.0
212596,0,0,0.0
298040,0,0,0.0
283798,0,0,0.0
437046,0,0,0.0
429541,0,0,0.0
211242,0,0,0.0
329992,0,0,0.0
148038,0,0,0.0
357539,0,0,0.0
198904,0,0,0.0
339501,0,0,0.0
417610,0,0,0.0
257532,0,0,0.0
143642,0,0,0.0
205444,0,0,0.0
262677,0,0,0.0
191669,0,0,0.0
276234,0,0,0.0
442981,0,0,0.0
114419,0,0,0.0
338160,0,0,0.0
329880,0,0,0.0
407442,0,0,0.0
455721,0,0,0.0
178599,0,0,0.0
437643,0,0,0.0
260905,0,0,0.0
170430,0,0,0.0
269095,0,0,0.0
385651,0,0,0.0
304496,1,1,1.0
180932,0,0,0.0
150623,0,0,0.0
112672,0,0,0.0
167016,0,0,0.0
240599,0,0,0.0
163221,0,0,0.0
322124,0,0,0.0
336109,0,1,1.0
141311,0,0,0.0
370453,0,0,0.0
317474,0,0,0.0
139344,0,0,0.0
189931,0,0,0.0
293190,1,0,0.0
100196,0,0,0.0
279822,0,0,0.0
422160,0,0,0.0
308602,0,0,0.0
317587,0,0,0.0
223219,0,0,0.0
436408,0,0,0.0
271305,0,0,0.0
209186,0,0,0.0
356613,1,0,0.0
140411,0,0,0.0
139954,1,0,0.0
231559,0,0,0.0
438294,0,0,0.0
135616,0,0,0.0
161184,0,0,0.0
281558,1,0,0.0
436908,0,0,0.0
441173,0,0,0.0
325729,0,0,0.0
144156,0,0,0.0
331536,0,1,1.0
344365,0,0,0.0
311538,0,0,0.0
395743,0,0,0.0
202312,0,0,0.0
264510,0,0,0.0
353708,0,0,0.0
330051,1,0,0.0
221147,0,0,0.0
277039,0,1,1.0
112328,0,1,1.0
444076,0,0,0.0
430023,0,0,0.0
141189,0,0,0.0
287240,0,0,0.0
179879,0,0,0.0
391743,0,0,0.0
145584,1,0,0.0
219437,1,0,0.0
317304,0,1,1.0
148090,1,0,0.0
442749,1,0,0.0
164615,0,0,0.0
397290,0,0,0.0
117137,0,0,0.0
214291,0,0,0.0
103327,0,1,1.0
341824,0,0,0.0
377854,0,1,1.0
200807,0,0,0.0
401243,0,0,0.0
446495,0,0,0.0
222054,0,0,0.0
414233,0,1,1.0
216593,0,1,1.0
306000,0,0,0.0
161381,0,0,0.0
128207,0,0,0.0
125558,0,0,0.0
194132,0,0,0.0
428497,0,0,0.0
261299,1,0,0.0
391574,0,0,0.0
288214,0,0,0.0
168809,0,0,0.0
432557,0,0,0.0
129660,0,0,0.0
216316,0,0,0.0
298167,0,0,0.0
439051,0,0,0.0
174029,0,0,0.0
163969,0,0,0.0
185706,0,0,0.0
453665,0,0,0.0
216205,0,0,0.0
182104,0,0,0.0
291890,0,0,0.0
404332,0,0,0.0
216430,1,0,0.0
283754,1,0,0.0
224421,0,0,0.0
262779,0,0,0.0
387570,0,0,0.0
192648,1,0,0.0
252471,0,0,0.0
304929,0,0,0.0
213820,0,0,0.0
322867,0,0,0.0
138533,0,0,0.0
366124,0,0,0.0
345282,0,0,0.0
232064,0,0,0.0
394633,0,1,1.0
276743,0,0,0.0
269006,0,0,0.0
420801,0,0,0.0
403334,0,0,0.0
315861,0,0,0.0
265403,0,1,1.0
304844,0,0,0.0
169681,0,0,0.0
336437,0,0,0.0
178715,0,0,0.0
172021,0,0,0.0
375854,0,0,0.0
430929,1,0,0.0
416544,0,0,0.0
118255,0,0,0.0
269802,1,0,0.0
447439,0,0,0.0
438069,0,0,0.0
107689,0,0,0.0
414366,0,0,0.0
157059,0,0,0.0
152997,0,0,0.0
298587,0,1,1.0
326389,0,0,0.0
344336,0,0,0.0
399421,0,0,0.0
142238,0,0,0.0
293395,0,0,0.0
217405,0,0,0.0
320216,0,0,0.0
103618,0,0,0.0
233952,0,0,0.0
140517,0,0,0.0
234250,0,0,0.0
302798,0,0,0.0
393500,0,0,0.0
175362,0,0,0.0
235106,0,0,0.0
437001,1,0,0.0
102719,0,0,0.0
420567,0,0,0.0
399296,0,0,0.0
312595,0,0,0.0
243497,0,0,0.0
202237,0,0,0.0
286152,0,0,0.0
448688,0,0,0.0
446355,0,0,0.0
209930,0,0,0.0
137707,0,0,0.0
186763,0,1,1.0
417871,0,0,0.0
336781,0,0,0.0
220162,0,0,0.0
360309,0,0,0.0
117124,0,0,0.0
241588,0,0,0.0
137447,0,0,0.0
195481,1,0,0.0
248652,0,0,0.0
292442,0,0,0.0
108313,0,1,1.0
163502,0,0,0.0
360160,0,0,0.0
279603,0,0,0.0
449176,0,0,0.0
113572,0,0,0.0
161318,0,0,0.0
353751,0,0,0.0
121783,0,0,0.0
151709,0,0,0.0
184463,0,1,1.0
252965,0,0,0.0
366387,0,0,0.0
252790,1,0,0.0
102885,0,0,0.0
111421,0,0,0.0
358089,1,0,0.0
360022,0,0,0.0
346720,0,0,0.0
235632,0,0,0.0
228019,0,0,0.0
201244,0,0,0.0
407634,0,0,0.0
251841,0,0,0.0
184281,0,0,0.0
274578,0,0,0.0
215695,0,0,0.0
224049,0,0,0.0
170032,0,0,0.0
188331,0,1,1.0
269591,0,0,0.0
338790,0,0,0.0
190576,1,1,1.0
414124,0,0,0.0
198723,0,0,0.0
199796,0,0,0.0
182863,0,0,0.0
207609,0,0,0.0
302346,0,0,0.0
200482,0,0,0.0
338699,1,0,0.0
297190,0,0,0.0
391362,0,1,1.0
180393,0,0,0.0
355772,0,0,0.0
428026,0,0,0.0
368612,0,0,0.0
448292,0,0,0.0
171567,0,1,1.0
319770,1,1,1.0
331510,0,0,0.0
239791,0,0,0.0
318885,0,0,0.0
182010,0,0,0.0
216932,0,0,0.0
183152,1,0,0.0
416557,0,0,0.0
283008,0,0,0.0
276320,0,0,0.0
281003,0,0,0.0
347186,0,0,0.0
149875,0,0,0.0
214509,0,0,0.0
327553,0,0,0.0
454506,1,0,0.0
258283,0,0,0.0
259383,0,0,0.0
248504,0,0,0.0
255828,0,0,0.0
322967,1,1,1.0
112473,0,0,0.0
307754,0,0,0.0
304867,0,0,0.0
455857,0,0,0.0
329625,0,1,1.0
107352,0,0,0.0
451305,0,0,0.0
142688,0,0,0.0
333103,0,0,0.0
250793,0,0,0.0
261272,1,0,0.0
302198,0,0,0.0
283133,0,0,0.0
109881,0,0,0.0
333909,0,0,0.0
392739,0,0,0.0
106603,0,0,0.0
260609,1,0,0.0
442689,0,0,0.0
403444,0,0,0.0
234370,0,0,0.0
138940,0,1,1.0
174628,0,0,0.0
422362,0,0,0.0
217839,0,0,0.0
189980,0,0,0.0
352398,0,0,0.0
108875,0,1,1.0
283292,1,0,0.0
286348,0,0,0.0
221574,1,0,0.0
441639,0,0,0.0
286003,0,0,0.0
424111,0,0,0.0
262632,0,0,0.0
189869,1,0,0.0
194578,0,1,1.0
440268,0,0,0.0
395632,0,0,0.0
242787,0,0,0.0
114604,0,0,0.0
147516,1,1,1.0
224280,0,0,0.0
140020,1,1,1.0
266214,0,0,0.0
327588,0,0,0.0
340215,0,0,0.0
216042,0,0,0.0
155529,0,0,0.0
383742,0,0,0.0
207208,0,0,0.0
178982,0,0,0.0
382171,0,0,0.0
370627,0,0,0.0
259312,0,0,0.0
124297,0,0,0.0
159755,0,0,0.0
221995,0,0,0.0
272825,0,0,0.0
152459,0,0,0.0
167723,0,1,1.0
439739,1,0,0.0
321608,0,0,0.0
281724,0,0,0.0
376547,0,0,0.0
288151,0,0,0.0
251059,0,0,0.0
361533,0,0,0.0
384788,0,0,0.0
422038,0,0,0.0
165902,0,0,0.0
176028,0,0,0.0
368741,0,0,0.0
433217,0,0,0.0
434683,0,0,0.0
267928,0,0,0.0
385999,0,0,0.0
231285,0,0,0.0
220346,0,0,0.0
350058,0,0,0.0
209726,0,0,0.0
301741,0,0,0.0
344654,0,0,0.0
165506,0,0,0.0
316285,0,0,0.0
304908,0,0,0.0
244015,0,0,0.0
133075,0,0,0.0
330186,0,0,0.0
334774,0,0,0.0
445950,0,0,0.0
138858,0,0,0.0
110306,0,0,0.0
246616,0,0,0.0
137467,0,0,0.0
174487,0,0,0.0
228242,0,0,0.0
233032,0,0,0.0
180363,0,0,0.0
289044,0,0,0.0
199485,0,0,0.0
111672,0,0,0.0
207141,0,0,0.0
122976,0,0,0.0
170819,0,0,0.0
447612,0,1,1.0
164234,0,0,0.0
223047,0,0,0.0
259084,0,0,0.0
392290,1,1,1.0
437749,0,0,0.0
168123,0,0,0.0
332588,1,0,0.0
368202,0,0,0.0
174500,0,0,0.0
189014,0,0,0.0
247962,0,0,0.0
362883,0,0,0.0
237376,0,1,1.0
256917,0,0,0.0
448075,0,1,1.0
357589,0,0,0.0
455914,0,0,0.0
318926,0,0,0.0
357741,0,0,0.0
165388,0,0,0.0
202174,0,0,0.0
329827,0,0,0.0
452566,0,0,0.0
425249,0,0,0.0
284387,0,0,0.0
270718,0,0,0.0
195855,0,0,0.0
342546,0,0,0.0
375518,0,0,0.0
300019,0,0,0.0
303653,0,0,0.0
379298,0,0,0.0
343483,0,0,0.0
375386,0,0,0.0
292018,0,0,0.0
272620,0,0,0.0
209544,0,0,0.0
420852,0,0,0.0
134300,0,0,0.0
231225,0,0,0.0
382593,0,0,0.0
212907,1,0,0.0
163262,0,0,0.0
407062,0,0,0.0
111989,0,0,0.0
149521,0,0,0.0
146785,0,0,0.0
346043,0,0,0.0
117339,1,0,0.0
372001,0,0,0.0
295857,1,0,0.0
157040,0,0,0.0
177127,0,0,0.0
287988,0,0,0.0
406909,0,0,0.0
100656,0,0,0.0
347237,0,1,1.0
155186,0,0,0.0
185682,0,0,0.0
172827,0,0,0.0
280494,0,0,0.0
245228,0,0,0.0
422925,0,0,0.0
147946,0,0,0.0
350971,0,0,0.0
341436,0,0,0.0
185203,0,0,0.0
302823,0,0,0.0
257046,0,0,0.0
115110,0,0,0.0
435326,0,0,0.0
433156,1,0,0.0
341807,0,0,0.0
187097,1,0,0.0
107111,0,0,0.0
248317,0,0,0.0
352778,0,0,0.0
251433,0,1,1.0
325769,0,0,0.0
229690,0,0,0.0
381261,0,0,0.0
208177,0,0,0.0
303244,0,0,0.0
232656,0,0,0.0
123742,0,0,0.0
277081,0,0,0.0
304951,0,0,0.0
318697,0,0,0.0
236477,0,0,0.0
154720,0,0,0.0
277380,0,1,1.0
117037,0,0,0.0
409940,0,0,0.0
141282,0,0,0.0
365031,0,0,0.0
357884,0,0,0.0
254002,1,1,1.0
265568,0,0,0.0
198011,1,0,0.0
427516,0,0,0.0
424151,0,0,0.0
439087,0,0,0.0
255898,0,0,0.0
251823,0,0,0.0
295806,0,1,1.0
287407,0,0,0.0
267858,0,0,0.0
249772,1,0,0.0
443028,0,0,0.0
382760,0,0,0.0
365323,0,0,0.0
203313,1,0,0.0
180777,0,1,1.0
249531,0,0,0.0
168902,0,0,0.0
409776,0,0,0.0
269780,0,0,0.0
227881,0,1,1.0
319016,0,0,0.0
440183,0,0,0.0
318448,0,0,0.0
256853,0,0,0.0
213360,0,1,1.0
254247,0,0,0.0
278084,0,0,0.0
370069,0,1,1.0
337726,0,0,0.0
420324,0,0,0.0
432064,0,0,0.0
142097,0,0,0.0
243945,0,0,0.0
161464,0,0,0.0
137635,0,0,0.0
400620,0,1,1.0
209277,0,0,0.0
392094,0,0,0.0
161672,0,1,1.0
281589,0,0,0.0
212919,0,0,0.0
320360,0,0,0.0
392081,0,0,0.0
224880,0,0,0.0
313312,0,0,0.0
347469,0,0,0.0
191912,0,0,0.0
362640,0,0,0.0
132292,0,0,0.0
101093,1,0,0.0
361480,0,0,0.0
181469,0,0,0.0
453740,0,0,0.0
291781,0,0,0.0
346177,0,0,0.0
309249,0,0,0.0
399029,0,0,0.0
355387,0,0,0.0
433254,0,0,0.0
176738,0,0,0.0
338821,1,0,0.0
437948,0,0,0.0
384088,0,0,0.0
270814,0,0,0.0
117723,0,0,0.0
398192,0,0,0.0
122540,0,0,0.0
407524,0,0,0.0
238981,0,0,0.0
103164,0,0,0.0
286205,0,0,0.0
131340,0,0,0.0
401051,0,0,0.0
445055,0,0,0.0
236452,0,0,0.0
307663,0,0,0.0
295042,0,0,0.0
134547,0,0,0.0
399716,0,0,0.0
266220,1,0,0.0
440060,0,0,0.0
147495,0,0,0.0
114113,0,0,0.0
260797,0,1,1.0
443988,0,0,0.0
329130,0,0,0.0
102842,0,0,0.0
103636,0,0,0.0
313807,0,0,0.0
384830,0,0,0.0
156877,0,1,1.0
110013,0,0,0.0
249357,0,0,0.0
107213,0,0,0.0
295271,0,0,0.0
297918,0,0,0.0
114898,0,0,0.0
419225,0,0,0.0
270874,0,0,0.0
376101,0,0,0.0
278304,0,0,0.0
268713,0,0,0.0
363021,0,0,0.0
101315,0,0,0.0
274014,0,0,0.0
148372,0,0,0.0
431184,0,0,0.0
206602,0,0,0.0
275233,0,0,0.0
397594,0,0,0.0
278398,0,0,0.0
236253,0,0,0.0
435077,0,0,0.0
251970,0,0,0.0
436775,0,0,0.0
121567,0,0,0.0
198456,0,0,0.0
225600,0,0,0.0
342909,0,0,0.0
270686,0,0,0.0
319557,0,0,0.0
230071,0,0,0.0
405199,0,0,0.0
294626,0,0,0.0
426233,0,0,0.0
183249,0,0,0.0
394430,0,0,0.0
251685,0,0,0.0
135952,0,0,0.0
121830,0,0,0.0
166831,0,0,0.0
340053,0,0,0.0
158966,0,0,0.0
199790,0,0,0.0
320461,0,0,0.0
181715,1,1,1.0
122369,0,0,0.0
449361,0,0,0.0
309610,1,0,0.0
137582,0,0,0.0
104950,0,0,0.0
433522,0,0,0.0
417298,0,0,0.0
333576,0,0,0.0
107096,0,1,1.0
213833,0,0,0.0
234800,0,0,0.0
441686,1,0,0.0
335943,0,0,0.0
339562,0,0,0.0
401144,0,0,0.0
453139,1,0,0.0
186162,0,0,0.0
267123,0,1,1.0
152424,1,0,0.0
264777,0,0,0.0
428142,0,0,0.0
200491,0,0,0.0
237760,0,1,1.0
423965,0,0,0.0
231810,0,0,0.0
183372,0,0,0.0
315349,0,0,0.0
347376,0,0,0.0
430345,0,0,0.0
119214,0,1,1.0
174763,0,0,0.0
294728,0,1,1.0
291725,0,0,0.0
305332,0,0,0.0
452063,0,0,0.0
313641,0,0,0.0
152381,0,0,0.0
269633,0,0,0.0
372308,0,0,0.0
202394,0,0,0.0
262966,0,1,1.0
220690,0,0,0.0
178216,0,1,1.0
149688,0,0,0.0
233849,0,0,0.0
199700,1,0,0.0
183243,0,0,0.0
189479,0,0,0.0
396325,0,0,0.0
112014,0,1,1.0
113080,0,0,0.0
161489,0,0,0.0
183986,0,0,0.0
416025,0,0,0.0
384639,0,0,0.0
338729,0,0,0.0
120904,0,0,0.0
146736,0,0,0.0
238107,0,1,1.0
429692,0,0,0.0
342410,0,0,0.0
179762,0,0,0.0
237279,0,0,0.0
115286,0,0,0.0
215008,0,0,0.0
308944,0,0,0.0
451950,0,0,0.0
246090,0,1,1.0
162172,0,0,0.0
236907,0,0,0.0
190333,1,0,0.0
220437,0,1,1.0
165728,0,0,0.0
187249,0,0,0.0
183600,0,0,0.0
264716,0,0,0.0
214601,0,0,0.0
447299,0,1,1.0
426523,0,0,0.0
226702,0,0,0.0
345335,0,0,0.0
364804,0,0,0.0
397330,1,0,0.0
225423,0,0,0.0
249825,0,0,0.0
410785,0,0,0.0
345362,0,0,0.0
453344,0,0,0.0
256864,0,0,0.0
251597,0,0,0.0
211631,0,0,0.0
402737,0,0,0.0
384746,1,0,0.0
143781,0,0,0.0
398832,0,0,0.0
302681,0,1,1.0
150185,0,0,0.0
409004,0,0,0.0
265850,0,0,0.0
449825,0,0,0.0
316760,0,0,0.0
421261,0,0,0.0
250743,0,0,0.0
391113,0,0,0.0
249571,0,0,0.0
237390,0,1,1.0
328105,0,0,0.0
400623,0,0,0.0
441749,0,0,0.0
100102,0,0,0.0
257387,0,0,0.0
171076,0,0,0.0
367897,0,0,0.0
268841,0,0,0.0
144408,1,0,0.0
270647,0,0,0.0
259501,0,0,0.0
290489,0,0,0.0
111339,0,0,0.0
200842,0,1,1.0
252640,0,0,0.0
350155,0,0,0.0
432823,0,0,0.0
227613,0,0,0.0
313120,0,0,0.0
148718,0,0,0.0
195251,0,0,0.0
147305,0,0,0.0
443410,0,0,0.0
381508,0,0,0.0
111963,0,0,0.0
190012,0,0,0.0
232196,0,0,0.0
312031,0,0,0.0
404539,1,1,1.0
285259,0,0,0.0
199921,0,0,0.0
263616,0,0,0.0
107367,1,0,0.0
114232,0,0,0.0
207994,0,0,0.0
340483,0,0,0.0
394771,0,0,0.0
324477,0,0,0.0
222227,0,0,0.0
304263,0,0,0.0
133596,0,0,0.0
197792,0,0,0.0
394957,0,0,0.0
390534,0,0,0.0
359000,0,0,0.0
362443,0,0,0.0
308254,0,0,0.0
319459,0,0,0.0
139248,0,1,1.0
418684,0,0,0.0
126372,0,0,0.0
418589,0,0,0.0
219977,0,0,0.0
206870,0,0,0.0
212299,0,0,0.0
382017,0,0,0.0
342264,0,0,0.0
318038,0,0,0.0
147101,0,0,0.0
176103,0,0,0.0
152208,0,0,0.0
154967,0,1,1.0
235965,0,0,0.0
322223,0,0,0.0
221554,0,0,0.0
448532,0,0,0.0
217051,1,0,0.0
388613,0,0,0.0
134489,0,0,0.0
260144,0,0,0.0
453602,0,0,0.0
348090,0,0,0.0
324017,0,0,0.0
244141,0,0,0.0
201472,0,0,0.0
153150,0,0,0.0
380449,0,0,0.0
192888,0,0,0.0
414216,0,0,0.0
349563,0,0,0.0
371296,0,0,0.0
340519,0,0,0.0
248958,0,0,0.0
308870,0,0,0.0
113814,1,0,0.0
336125,0,0,0.0
137129,0,0,0.0
143846,0,0,0.0
395154,1,0,0.0
325507,0,1,1.0
232735,0,0,0.0
291627,0,0,0.0
257199,0,0,0.0
434597,0,0,0.0
362695,0,0,0.0
381989,0,0,0.0
398451,0,0,0.0
170272,1,0,0.0
391827,0,0,0.0
436254,0,0,0.0
235044,0,0,0.0
366987,1,0,0.0
311329,0,1,1.0
446446,0,1,1.0
452381,0,0,0.0
248351,0,1,1.0
270907,0,1,1.0
397361,0,0,0.0
350784,1,0,0.0
328508,0,0,0.0
385731,0,0,0.0
254063,0,0,0.0
301685,0,0,0.0
448861,0,0,0.0
446732,0,0,0.0
264235,0,0,0.0
269712,0,0,0.0
436976,0,0,0.0
305849,0,0,0.0
424250,0,0,0.0
130636,0,0,0.0
150788,0,0,0.0
438849,1,0,0.0
205418,0,0,0.0
219567,1,0,0.0
391823,0,0,0.0
156287,0,0,0.0
202008,1,1,1.0
293632,0,1,1.0
160328,0,0,0.0
156791,0,0,0.0
255936,0,0,0.0
139465,0,0,0.0
280775,0,0,0.0
273004,0,0,0.0
387539,0,0,0.0
393366,0,0,0.0
306032,0,0,0.0
178716,0,0,0.0
425626,0,0,0.0
344125,0,0,0.0
152595,0,0,0.0
281754,0,0,0.0
281543,0,0,0.0
259951,0,0,0.0
303973,0,0,0.0
182554,0,0,0.0
203179,0,0,0.0
429446,0,0,0.0
296200,1,0,0.0
169897,0,0,0.0
306922,0,0,0.0
440650,1,0,0.0
142448,0,0,0.0
135439,0,0,0.0
233378,0,0,0.0
196517,0,0,0.0
181549,0,0,0.0
448453,0,0,0.0
264356,0,0,0.0
194784,0,0,0.0
406485,0,1,1.0
417662,0,0,0.0
356891,0,0,0.0
209082,0,0,0.0
335059,0,0,0.0
394413,0,0,0.0
151894,0,0,0.0
204963,0,1,1.0
331170,0,0,0.0
145122,1,0,0.0
392869,1,0,0.0
159687,0,0,0.0
437588,0,0,0.0
377431,0,0,0.0
146768,0,0,0.0
161040,0,0,0.0
369044,0,0,0.0
432743,0,0,0.0
194734,0,0,0.0
418327,0,0,0.0
303425,0,0,0.0
216854,0,0,0.0
292407,0,0,0.0
199438,0,1,1.0
289174,0,0,0.0
227614,0,1,1.0
174562,0,0,0.0
371738,0,0,0.0
100707,0,0,0.0
388606,1,0,0.0
265052,0,0,0.0
341510,0,0,0.0
103444,0,0,0.0
236076,1,1,1.0
338513,0,1,1.0
194624,0,0,0.0
244412,0,0,0.0
148252,0,0,0.0
384627,0,0,0.0
332712,0,0,0.0
343712,0,0,0.0
213743,0,0,0.0
182792,0,0,0.0
107381,0,0,0.0
386456,0,0,0.0
416098,0,0,0.0
418827,0,0,0.0
186041,0,0,0.0
455900,0,0,0.0
214781,0,0,0.0
379738,1,0,0.0
286514,0,0,0.0
130257,0,0,0.0
149830,0,1,1.0
409382,0,0,0.0
254607,0,0,0.0
433977,0,0,0.0
405611,1,1,1.0
400126,1,0,0.0
163625,0,0,0.0
104331,0,0,0.0
264138,0,0,0.0
440180,0,0,0.0
287892,0,1,1.0
172288,0,0,0.0
192956,0,0,0.0
214946,0,0,0.0
126719,0,0,0.0
278698,0,0,0.0
241356,0,1,1.0
298748,0,0,0.0
428862,0,0,0.0
293378,0,1,1.0
221407,0,1,1.0
328087,0,0,0.0
103069,0,0,0.0
427557,0,1,1.0
194747,0,1,1.0
206504,0,0,0.0
321958,0,0,0.0
291839,0,0,0.0
258930,0,0,0.0
337826,0,0,0.0
401961,0,0,0.0
352151,0,0,0.0
131582,0,0,0.0
161459,0,0,0.0
409022,0,0,0.0
249715,0,0,0.0
204114,0,1,1.0
220471,0,0,0.0
427437,0,0,0.0
135821,0,0,0.0
189629,0,0,0.0
125712,0,0,0.0
196947,0,0,0.0
324590,0,0,0.0
286968,1,1,1.0
102779,0,0,0.0
398469,0,0,0.0
350903,0,0,0.0
423471,0,1,1.0
257941,0,0,0.0
153952,0,0,0.0
344693,0,0,0.0
177467,0,1,1.0
172243,0,0,0.0
331535,0,0,0.0
154673,0,1,1.0
141011,0,0,0.0
296358,1,0,0.0
393219,0,0,0.0
194176,0,0,0.0
102591,0,0,0.0
241205,0,0,0.0
222200,0,0,0.0
385088,0,0,0.0
320162,0,1,1.0
152863,0,0,0.0
148507,0,1,1.0
308263,1,0,0.0
212704,1,1,1.0
399006,0,0,0.0
396222,1,0,0.0
334678,0,1,1.0
174633,0,0,0.0
406313,0,0,0.0
282511,0,0,0.0
168940,0,0,0.0
319577,0,0,0.0
427289,0,0,0.0
240420,0,0,0.0
351127,1,0,0.0
367046,0,0,0.0
257714,0,0,0.0
438346,0,0,0.0
420991,0,0,0.0
300812,0,0,0.0
384791,0,0,0.0
269843,0,0,0.0
144819,0,1,1.0
365578,0,0,0.0
380532,0,0,0.0
280602,0,0,0.0
209911,0,0,0.0
330593,0,0,0.0
338875,0,0,0.0
205547,0,0,0.0
398848,0,0,0.0
380077,0,0,0.0
391131,0,0,0.0
296719,0,1,1.0
230555,0,1,1.0
366895,1,1,1.0
295388,1,0,0.0
349995,0,0,0.0
322612,0,0,0.0
309153,0,0,0.0
157245,0,1,1.0
137920,0,1,1.0
367370,0,0,0.0
256385,0,0,0.0
235196,0,0,0.0
273168,0,0,0.0
262567,0,0,0.0
331295,0,0,0.0
381280,0,0,0.0
223165,0,0,0.0
251127,0,0,0.0
298465,0,0,0.0
139179,0,0,0.0
205075,0,0,0.0
249316,0,0,0.0
234053,0,1,1.0
362549,0,0,0.0
372523,0,0,0.0
371465,0,0,0.0
215340,0,1,1.0
190853,0,0,0.0
267568,0,0,0.0
210002,0,0,0.0
185426,0,0,0.0
448781,0,0,0.0
110627,0,0,0.0
328638,0,0,0.0
338150,0,0,0.0
301957,0,0,0.0
248522,0,0,0.0
269920,1,0,0.0
256134,0,0,0.0
323457,0,0,0.0
174752,0,0,0.0
382890,0,0,0.0
260058,0,0,0.0
197790,0,0,0.0
437875,0,0,0.0
370488,0,0,0.0
180463,0,0,0.0
220556,0,0,0.0
281852,0,0,0.0
258520,0,0,0.0
228185,0,0,0.0
211944,0,0,0.0
198800,0,0,0.0
367647,0,0,0.0
427047,0,0,0.0
390496,0,0,0.0
193592,0,0,0.0
258614,0,0,0.0
429757,0,0,0.0
427401,0,0,0.0
105890,0,0,0.0
393724,0,0,0.0
289023,0,0,0.0
250734,0,0,0.0
410843,0,0,0.0
338187,0,0,0.0
280065,0,0,0.0
195894,0,0,0.0
119631,0,0,0.0
341516,0,1,1.0
295363,0,0,0.0
273542,0,0,0.0
336759,0,0,0.0
346483,0,0,0.0
295340,0,0,0.0
250486,0,0,0.0
370110,0,0,0.0
239481,0,0,0.0
392116,0,0,0.0
211520,0,0,0.0
453601,0,0,0.0
399898,0,0,0.0
127724,1,0,0.0
424588,0,0,0.0
418389,0,0,0.0
429781,0,0,0.0
136279,0,0,0.0
377912,0,1,1.0
406147,0,0,0.0
169321,0,0,0.0
313342,0,0,0.0
408548,0,0,0.0
439698,0,0,0.0
172671,0,0,0.0
208708,0,0,0.0
329384,0,1,1.0
233180,0,0,0.0
419558,0,0,0.0
420943,0,0,0.0
276944,0,0,0.0
182660,0,0,0.0
236888,0,0,0.0
327544,0,0,0.0
245483,0,0,0.0
166818,0,0,0.0
390464,0,0,0.0
156592,0,0,0.0
224456,0,0,0.0
114799,0,1,1.0
165492,0,0,0.0
116915,1,0,0.0
440774,0,1,1.0
454534,0,0,0.0
188571,0,0,0.0
314274,0,0,0.0
331902,0,0,0.0
207002,0,0,0.0
288603,0,0,0.0
406881,0,0,0.0
107212,0,0,0.0
182793,0,0,0.0
425059,0,1,1.0
117291,0,0,0.0
100265,0,0,0.0
128590,0,0,0.0
228213,0,0,0.0
267782,0,0,0.0
179918,0,1,1.0
267611,0,0,0.0
164699,0,0,0.0
411175,0,0,0.0
277160,0,0,0.0
156863,0,0,0.0
253563,0,0,0.0
325486,0,0,0.0
117198,0,0,0.0
120000,0,0,0.0
279609,0,0,0.0
334195,0,0,0.0
450623,0,0,0.0
160916,1,0,0.0
340417,0,0,0.0
238929,0,0,0.0
113208,0,0,0.0
349076,0,0,0.0
429648,0,0,0.0
433449,0,0,0.0
271820,0,0,0.0
259587,0,0,0.0
259988,0,1,1.0
414625,0,0,0.0
295472,0,0,0.0
399769,0,0,0.0
137662,1,0,0.0
334312,0,0,0.0
301194,0,0,0.0
434686,0,0,0.0
429221,0,0,0.0
453333,0,0,0.0
440765,0,0,0.0
229075,0,0,0.0
172136,0,0,0.0
255250,1,1,1.0
400603,0,0,0.0
132019,0,0,0.0
276079,0,0,0.0
205166,0,0,0.0
137677,0,0,0.0
135373,1,0,0.0
346941,0,0,0.0
211747,0,0,0.0
219847,0,0,0.0
222204,0,0,0.0
139984,0,0,0.0
404485,0,0,0.0
372533,0,0,0.0
438436,1,0,0.0
149745,0,0,0.0
285636,0,0,0.0
442282,0,0,0.0
350301,0,0,0.0
407987,1,0,0.0
249282,0,0,0.0
262228,0,0,0.0
249475,0,0,0.0
425518,0,0,0.0
338308,0,0,0.0
269918,0,0,0.0
253768,0,0,0.0
253773,0,0,0.0
256439,0,0,0.0
227652,0,0,0.0
214151,0,1,1.0
158051,0,0,0.0
409976,0,0,0.0
169533,0,1,1.0
174263,0,0,0.0
322149,0,1,1.0
387632,0,0,0.0
400617,0,0,0.0
353359,0,0,0.0
431917,0,0,0.0
403416,0,0,0.0
394629,0,0,0.0
315858,0,0,0.0
322516,0,0,0.0
388889,0,0,0.0
257770,0,0,0.0
390120,0,0,0.0
332534,0,0,0.0
138152,0,0,0.0
325214,0,0,0.0
272721,0,0,0.0
388470,1,0,0.0
124464,0,0,0.0
146266,0,0,0.0
439488,0,0,0.0
217590,0,0,0.0
166917,0,0,0.0
127323,0,0,0.0
222151,0,0,0.0
213427,0,0,0.0
438049,0,0,0.0
211105,0,0,0.0
341733,0,0,0.0
259689,0,0,0.0
441851,0,0,0.0
249425,0,1,1.0
445454,0,0,0.0
414788,0,0,0.0
441093,1,0,0.0
313560,0,0,0.0
113921,0,0,0.0
164274,1,0,0.0
443211,0,0,0.0
427248,0,0,0.0
242822,0,0,0.0
452420,0,0,0.0
450301,0,0,0.0
132403,0,0,0.0
142441,0,0,0.0
204872,0,0,0.0
404522,0,0,0.0
282192,0,0,0.0
108574,0,0,0.0
371354,0,0,0.0
434286,0,0,0.0
279513,0,0,0.0
291174,0,0,0.0
173898,0,0,0.0
173646,0,0,0.0
354935,0,0,0.0
171916,0,0,0.0
363820,0,0,0.0
374942,0,0,0.0
177980,1,0,0.0
456125,0,0,0.0
324194,0,0,0.0
279717,0,0,0.0
217263,0,0,0.0
225624,0,0,0.0
119870,1,0,0.0
221983,0,0,0.0
265627,0,0,0.0
322263,0,0,0.0
417545,0,0,0.0
455282,0,0,0.0
128256,0,0,0.0
397490,0,0,0.0
191933,0,0,0.0
190279,0,0,0.0
417189,0,0,0.0
167068,0,0,0.0
203216,0,0,0.0
234861,0,0,0.0
430221,0,0,0.0
232729,0,0,0.0
113041,0,0,0.0
261994,0,0,0.0
292542,0,0,0.0
280991,0,0,0.0
236900,0,0,0.0
134251,0,0,0.0
241690,0,0,0.0
296018,0,0,0.0
454583,0,0,0.0
375583,0,0,0.0
179498,0,0,0.0
133547,1,1,1.0
360826,0,0,0.0
215656,0,0,0.0
180974,0,0,0.0
328341,0,0,0.0
119834,0,0,0.0
273280,0,0,0.0
203689,0,0,0.0
193852,0,0,0.0
113865,0,0,0.0
104774,0,0,0.0
106831,1,0,0.0
301054,0,0,0.0
240708,0,0,0.0
443424,0,0,0.0
125169,0,0,0.0
164851,1,1,1.0
239640,1,0,0.0
237326,0,0,0.0
259324,0,0,0.0
289005,0,0,0.0
289517,0,0,0.0
438446,0,0,0.0
324527,0,1,1.0
219202,0,0,0.0
261511,0,0,0.0
169552,0,0,0.0
173266,1,0,0.0
238883,0,1,1.0
124859,0,0,0.0
348750,0,0,0.0
414974,0,0,0.0
140774,0,0,0.0
299422,0,0,0.0
121346,0,0,0.0
401858,0,0,0.0
217769,0,0,0.0
137291,0,0,0.0
245067,1,1,1.0
237782,0,0,0.0
172924,0,0,0.0
230361,0,0,0.0
360588,0,1,1.0
449981,0,0,0.0
384257,0,0,0.0
104668,0,0,0.0
401016,0,1,1.0
121752,0,0,0.0
180449,1,0,0.0
200430,0,0,0.0
249059,0,0,0.0
314230,0,0,0.0
347548,1,0,0.0
112576,0,0,0.0
419632,0,1,1.0
347643,0,0,0.0
175937,0,0,0.0
300353,0,0,0.0
188370,0,0,0.0
235396,0,0,0.0
382069,0,0,0.0
242589,0,0,0.0
280682,1,0,0.0
233068,0,0,0.0
157851,0,1,1.0
193307,0,0,0.0
439260,0,0,0.0
378289,0,0,0.0
393879,0,1,1.0
307916,0,0,0.0
171594,0,0,0.0
409942,0,0,0.0
310168,0,0,0.0
116434,0,0,0.0
121945,0,0,0.0
300373,0,0,0.0
445147,0,0,0.0
182037,1,0,0.0
219005,0,0,0.0
114159,0,0,0.0
389767,1,1,1.0
347787,0,0,0.0
243826,0,1,1.0
399609,0,0,0.0
365795,0,0,0.0
317075,0,0,0.0
271439,0,0,0.0
321265,0,0,0.0
190544,0,1,1.0
284431,0,0,0.0
270047,0,0,0.0
240652,0,0,0.0
178137,0,0,0.0
187801,0,0,0.0
103454,1,1,1.0
410711,0,0,0.0
245500,0,0,0.0
191950,0,0,0.0
436652,0,0,0.0
363432,0,0,0.0
135750,0,0,0.0
401214,0,0,0.0
325824,0,0,0.0
200894,1,0,0.0
252298,0,0,0.0
398835,0,0,0.0
367814,0,0,0.0
156661,0,0,0.0
323416,0,0,0.0
169026,0,0,0.0
445933,1,1,1.0
361461,0,0,0.0
354046,0,0,0.0
161312,0,0,0.0
176912,0,0,0.0
189892,0,0,0.0
386538,0,0,0.0
365169,0,0,0.0
174048,0,0,0.0
100459,0,0,0.0
167422,0,0,0.0
437048,0,0,0.0
448018,0,0,0.0
155193,0,0,0.0
119365,0,1,1.0
119523,0,0,0.0
171519,0,0,0.0
133462,0,0,0.0
304760,0,0,0.0
431108,0,0,0.0
248402,0,0,0.0
149201,0,0,0.0
118076,0,0,0.0
151280,0,0,0.0
336248,0,0,0.0
359277,0,1,1.0
389160,0,0,0.0
244463,0,0,0.0
332125,0,0,0.0
394222,0,0,0.0
318310,0,0,0.0
270353,0,0,0.0
404780,0,0,0.0
309817,0,0,0.0
208077,0,0,0.0
293618,0,0,0.0
303695,0,1,1.0
417911,0,0,0.0
400665,0,0,0.0
109156,0,0,0.0
303737,0,0,0.0
281352,0,0,0.0
179283,0,0,0.0
306773,0,0,0.0
336921,1,0,0.0
165699,0,1,1.0
392621,0,0,0.0
175728,1,0,0.0
324321,0,0,0.0
324346,0,0,0.0
262057,0,0,0.0
290278,0,0,0.0
225329,0,0,0.0
182201,0,0,0.0
189533,0,0,0.0
239330,0,0,0.0
388724,0,0,0.0
292308,0,0,0.0
278472,0,0,0.0
451418,0,0,0.0
188835,0,0,0.0
202416,0,0,0.0
335214,0,0,0.0
104971,1,0,0.0
146632,1,0,0.0
264118,0,0,0.0
202443,0,0,0.0
395982,0,0,0.0
267430,0,0,0.0
284870,0,0,0.0
134037,0,0,0.0
217508,0,0,0.0
160888,0,0,0.0
168368,0,0,0.0
332664,0,0,0.0
253460,0,0,0.0
247668,0,0,0.0
100388,0,0,0.0
432202,0,0,0.0
160543,0,0,0.0
335829,0,0,0.0
258596,1,0,0.0
406489,0,0,0.0
414499,0,0,0.0
448713,0,0,0.0
298269,0,0,0.0
358727,0,0,0.0
436796,0,0,0.0
403145,0,1,1.0
126394,0,0,0.0
386051,1,0,0.0
364241,0,0,0.0
267697,0,0,0.0
153000,0,0,0.0
158582,0,0,0.0
447233,0,0,0.0
245089,0,0,0.0
385277,0,0,0.0
241670,0,0,0.0
278412,0,0,0.0
316773,0,0,0.0
430151,0,0,0.0
148999,0,0,0.0
102640,0,0,0.0
123312,0,0,0.0
228441,0,1,1.0
389325,1,0,0.0
433843,0,0,0.0
181230,0,0,0.0
322589,0,0,0.0
444640,0,0,0.0
367528,0,1,1.0
200634,1,0,0.0
329059,0,0,0.0
139131,0,0,0.0
269846,0,1,1.0
217466,0,0,0.0
399873,0,0,0.0
325776,1,0,0.0
312137,0,0,0.0
341230,0,0,0.0
398198,0,0,0.0
158160,0,0,0.0
199383,0,0,0.0
184041,1,0,0.0
235425,0,0,0.0
379934,0,0,0.0
297243,0,1,1.0
186228,0,1,1.0
343289,0,0,0.0
228619,0,0,0.0
254711,0,0,0.0
440854,0,1,1.0
341913,0,0,0.0
190081,0,0,0.0
167859,0,0,0.0
259319,0,0,0.0
251072,0,0,0.0
193354,0,0,0.0
129665,0,0,0.0
146459,0,0,0.0
245512,1,0,0.0
121238,0,0,0.0
150118,0,0,0.0
134706,0,1,1.0
365460,0,0,0.0
138925,1,0,0.0
116262,0,0,0.0
452909,0,0,0.0
407064,0,0,0.0
433705,0,0,0.0
210770,0,0,0.0
231509,0,0,0.0
163489,0,0,0.0
251134,0,0,0.0
273803,0,0,0.0
181237,0,0,0.0
133420,0,0,0.0
429736,0,0,0.0
274826,0,0,0.0
321497,0,0,0.0
371117,0,0,0.0
385072,1,0,0.0
385707,0,0,0.0
121979,0,0,0.0
381793,0,0,0.0
146573,0,0,0.0
441023,0,0,0.0
268897,0,0,0.0
300925,0,0,0.0
236482,0,0,0.0
455988,0,0,0.0
275560,0,1,1.0
452922,0,0,0.0
294810,0,0,0.0
216055,1,0,0.0
228120,0,0,0.0
251672,0,0,0.0
177234,0,1,1.0
109270,1,0,0.0
222838,1,0,0.0
102317,0,0,0.0
431299,0,0,0.0
406275,0,0,0.0
385930,1,0,0.0
176282,0,0,0.0
445135,1,0,0.0
108211,0,0,0.0
370967,0,0,0.0
144772,0,1,1.0
165642,1,0,0.0
383529,0,0,0.0
136381,0,1,1.0
293291,1,0,0.0
414225,0,0,0.0
189037,1,0,0.0
277308,0,1,1.0
303797,0,0,0.0
200672,0,0,0.0
370169,0,0,0.0
188506,0,0,0.0
290217,0,0,0.0
327475,0,0,0.0
114014,0,0,0.0
225404,0,0,0.0
168287,1,0,0.0
444664,0,0,0.0
273096,0,0,0.0
170208,0,0,0.0
118621,0,0,0.0
286938,0,0,0.0
262339,0,0,0.0
402350,0,0,0.0
408285,0,0,0.0
212622,0,0,0.0
404910,0,1,1.0
150743,0,0,0.0
207001,0,0,0.0
214522,0,0,0.0
123104,0,0,0.0
396351,0,0,0.0
190189,0,1,1.0
224747,1,0,0.0
364316,0,0,0.0
267434,0,0,0.0
437370,0,0,0.0
103703,0,0,0.0
418964,1,0,0.0
169482,0,0,0.0
267223,0,0,0.0
109699,0,0,0.0
282666,0,0,0.0
138161,0,0,0.0
304088,0,0,0.0
126233,0,0,0.0
226484,0,0,0.0
335543,0,0,0.0
454564,0,0,0.0
307688,0,0,0.0
252769,0,1,1.0
219930,0,0,0.0
223530,0,1,1.0
374150,0,0,0.0
420588,0,0,0.0
262842,0,0,0.0
298124,0,0,0.0
234480,0,0,0.0
279798,0,0,0.0
348108,0,0,0.0
218704,0,0,0.0
438013,0,0,0.0
448697,0,0,0.0
164503,0,0,0.0
218424,0,0,0.0
259995,0,0,0.0
270200,0,0,0.0
405787,0,0,0.0
271144,0,0,0.0
311487,0,0,0.0
455855,0,0,0.0
264864,0,0,0.0
241812,0,0,0.0
369381,0,0,0.0
141980,0,0,0.0
356535,0,0,0.0
217514,0,0,0.0
408502,0,0,0.0
280013,0,0,0.0
175038,0,0,0.0
383476,0,0,0.0
178541,0,0,0.0
207474,0,0,0.0
164579,0,0,0.0
375702,1,1,1.0
286669,0,0,0.0
327713,0,0,0.0
215243,1,0,0.0
147796,0,0,0.0
393460,0,0,0.0
144972,0,0,0.0
197031,0,0,0.0
254995,0,0,0.0
131349,0,0,0.0
416466,0,0,0.0
275399,0,0,0.0
418432,0,0,0.0
145464,0,0,0.0
302488,0,0,0.0
386542,0,0,0.0
378094,0,0,0.0
297581,0,0,0.0
370434,0,0,0.0
241689,0,0,0.0
327747,0,0,0.0
130293,0,0,0.0
304397,0,0,0.0
274935,0,0,0.0
393522,1,0,0.0
241758,0,0,0.0
230026,0,1,1.0
388066,0,0,0.0
324430,0,1,1.0
148877,0,0,0.0
404646,0,0,0.0
293998,0,0,0.0
217578,0,0,0.0
203504,0,0,0.0
105241,0,0,0.0
316497,1,0,0.0
409987,0,0,0.0
205894,0,0,0.0
222424,0,0,0.0
304802,0,1,1.0
409223,0,0,0.0
376820,0,0,0.0
129511,0,0,0.0
332793,0,0,0.0
119093,0,0,0.0
111366,0,0,0.0
327482,0,1,1.0
196997,0,0,0.0
283995,0,0,0.0
158615,0,1,1.0
212986,0,0,0.0
226719,0,0,0.0
362739,0,1,1.0
230815,0,0,0.0
410151,0,0,0.0
243927,0,0,0.0
448749,0,0,0.0
358819,0,0,0.0
239925,0,0,0.0
191241,0,0,0.0
210744,0,0,0.0
189828,0,0,0.0
353354,0,0,0.0
151063,0,0,0.0
186107,1,0,0.0
220463,0,0,0.0
320119,0,0,0.0
342412,0,0,0.0
129891,0,0,0.0
352792,0,0,0.0
402695,0,0,0.0
302578,0,0,0.0
234783,0,0,0.0
185214,0,0,0.0
345536,1,1,1.0
264151,0,0,0.0
331798,0,0,0.0
192863,0,0,0.0
151748,0,0,0.0
174640,0,0,0.0
243990,0,0,0.0
151562,0,0,0.0
257108,0,0,0.0
405587,1,0,0.0
128602,0,0,0.0
212905,0,1,1.0
410030,0,0,0.0
365562,0,0,0.0
419030,0,0,0.0
180593,0,0,0.0
305959,0,0,0.0
274355,0,0,0.0
260161,0,0,0.0
379382,0,0,0.0
282383,0,0,0.0
158951,0,0,0.0
306920,1,0,0.0
183859,0,0,0.0
308001,1,0,0.0
340493,0,1,1.0
364525,0,0,0.0
381599,1,0,0.0
387277,0,0,0.0
438156,0,0,0.0
455316,0,0,0.0
156044,0,0,0.0
191478,0,0,0.0
266307,0,0,0.0
317288,0,0,0.0
421617,0,0,0.0
290451,1,0,0.0
378076,0,0,0.0
205747,0,1,1.0
322246,0,0,0.0
283976,0,0,0.0
353036,0,0,0.0
302579,0,0,0.0
229472,0,0,0.0
375289,0,0,0.0
397456,0,0,0.0
102233,0,0,0.0
136780,0,0,0.0
410508,0,0,0.0
353045,0,0,0.0
326335,0,0,0.0
383707,0,0,0.0
322683,0,1,1.0
105608,0,1,1.0
294575,0,0,0.0
321279,0,0,0.0
350346,0,0,0.0
108176,0,0,0.0
375605,0,0,0.0
308347,0,0,0.0
395458,1,0,0.0
391020,0,0,0.0
423563,0,0,0.0
352713,0,0,0.0
383753,0,0,0.0
306147,1,0,0.0
362501,0,0,0.0
302845,0,1,1.0
104804,0,0,0.0
257313,0,1,1.0
244729,0,0,0.0
354433,0,0,0.0
128734,0,0,0.0
112638,0,1,1.0
235318,0,0,0.0
421260,0,0,0.0
297906,0,0,0.0
191330,0,0,0.0
179829,0,0,0.0
193454,0,0,0.0
171515,0,0,0.0
198205,0,0,0.0
418493,0,0,0.0
313123,0,0,0.0
341156,0,0,0.0
256814,0,0,0.0
208078,0,0,0.0
277965,0,0,0.0
452881,0,0,0.0
228531,0,0,0.0
287215,0,0,0.0
207919,0,0,0.0
153581,0,0,0.0
177818,0,0,0.0
376180,0,0,0.0
427990,0,0,0.0
263853,0,0,0.0
331113,0,0,0.0
285170,0,0,0.0
117440,1,0,0.0
419784,1,0,0.0
191549,0,0,0.0
374533,0,0,0.0
417047,0,0,0.0
255076,0,0,0.0
134580,0,0,0.0
397498,0,0,0.0
397314,0,0,0.0
417579,0,0,0.0
216157,0,0,0.0
285290,0,0,0.0
369644,1,0,0.0
191215,0,0,0.0
376875,0,0,0.0
398583,0,0,0.0
400959,0,0,0.0
371929,0,0,0.0
219455,0,0,0.0
291574,0,0,0.0
240151,0,0,0.0
249769,0,0,0.0
268167,0,0,0.0
439786,0,0,0.0
269120,0,0,0.0
424530,0,0,0.0
157939,0,0,0.0
234715,0,0,0.0
150204,0,0,0.0
198860,0,0,0.0
442841,0,0,0.0
165524,1,0,0.0
298088,0,0,0.0
156960,0,0,0.0
420424,1,0,0.0
285440,0,0,0.0
392218,0,1,1.0
198211,0,1,1.0
262445,0,0,0.0
226589,0,0,0.0
392147,0,0,0.0
124889,0,0,0.0
279962,0,0,0.0
286009,0,0,0.0
248661,0,0,0.0
257378,0,0,0.0
211048,0,1,1.0
437173,0,0,0.0
114149,0,1,1.0
340308,0,1,1.0
329598,0,0,0.0
157707,0,0,0.0
365527,0,0,0.0
205531,0,0,0.0
444300,0,0,0.0
178010,0,0,0.0
104267,0,0,0.0
342495,0,0,0.0
425883,0,0,0.0
149396,0,0,0.0
347882,0,0,0.0
340444,0,0,0.0
368591,0,0,0.0
419952,0,0,0.0
236915,0,0,0.0
210100,0,0,0.0
446563,0,0,0.0
160781,0,0,0.0
175526,0,1,1.0
212844,0,0,0.0
259780,0,0,0.0
141933,0,0,0.0
245675,0,1,1.0
178456,0,1,1.0
334196,0,0,0.0
198845,0,0,0.0
158446,0,0,0.0
158762,0,0,0.0
399916,0,0,0.0
225135,0,0,0.0
355709,0,1,1.0
455819,1,0,0.0
407175,0,0,0.0
284659,1,0,0.0
276010,0,0,0.0
132220,0,0,0.0
371376,0,0,0.0
289430,0,0,0.0
291485,1,0,0.0
327444,0,0,0.0
419362,0,0,0.0
399276,0,0,0.0
339194,0,0,0.0
282417,0,0,0.0
404727,0,0,0.0
118684,0,0,0.0
160487,0,0,0.0
269973,0,0,0.0
428792,0,0,0.0
442383,0,0,0.0
398665,0,0,0.0
204615,0,0,0.0
116895,0,0,0.0
210510,0,0,0.0
178927,1,0,0.0
351862,1,0,0.0
439119,0,0,0.0
428414,1,1,1.0
404742,0,0,0.0
346489,0,0,0.0
206871,0,1,1.0
187905,0,1,1.0
440720,0,0,0.0
128891,0,0,0.0
208461,0,0,0.0
170894,0,0,0.0
144664,0,0,0.0
232481,0,0,0.0
235488,0,0,0.0
248792,0,0,0.0
284880,0,0,0.0
448944,0,0,0.0
111410,0,0,0.0
351583,0,0,0.0
249440,0,0,0.0
195611,0,0,0.0
260542,0,1,1.0
331942,0,0,0.0
310184,1,0,0.0
388037,0,1,1.0
241984,0,1,1.0
241934,0,0,0.0
446706,0,0,0.0
298630,0,0,0.0
387635,0,0,0.0
223647,0,0,0.0
419577,0,0,0.0
204570,0,0,0.0
186258,0,0,0.0
408916,0,0,0.0
377634,0,0,0.0
336446,1,0,0.0
286430,0,0,0.0
111905,0,0,0.0
103133,1,1,1.0
424581,0,0,0.0
226925,0,1,1.0
330445,0,0,0.0
157865,0,0,0.0
230844,0,0,0.0
123194,0,0,0.0
222815,0,0,0.0
178129,0,0,0.0
124442,0,0,0.0
246941,0,1,1.0
191762,0,0,0.0
340757,0,1,1.0
429713,0,0,0.0
130676,0,0,0.0
228845,0,0,0.0
344992,1,0,0.0
245374,0,1,1.0
373361,0,0,0.0
117682,0,0,0.0
325045,0,0,0.0
279863,0,0,0.0
313432,0,0,0.0
418462,0,0,0.0
289482,0,0,0.0
135133,0,0,0.0
455542,0,0,0.0
355618,0,0,0.0
195764,0,0,0.0
429075,0,0,0.0
434882,0,1,1.0
387460,0,0,0.0
410965,0,0,0.0
302865,0,0,0.0
254636,0,0,0.0
226247,0,0,0.0
116116,0,0,0.0
182129,0,1,1.0
287650,0,0,0.0
158529,1,0,0.0
196565,0,0,0.0
198805,0,0,0.0
379013,0,0,0.0
266484,0,0,0.0
194455,0,0,0.0
329478,0,0,0.0
105243,0,0,0.0
278799,0,0,0.0
243059,0,0,0.0
328170,0,0,0.0
416442,0,0,0.0
128741,0,0,0.0
348937,0,0,0.0
179407,0,0,0.0
330871,0,0,0.0
146472,0,0,0.0
163697,0,1,1.0
242773,0,0,0.0
106210,0,0,0.0
274739,0,0,0.0
313686,0,1,1.0
130738,0,1,1.0
353648,0,0,0.0
405824,0,0,0.0
107968,1,0,0.0
181013,0,0,0.0
108248,0,0,0.0
444244,0,1,1.0
344050,0,0,0.0
187382,0,1,1.0
401145,0,0,0.0
203392,0,0,0.0
247981,0,0,0.0
284485,0,0,0.0
238041,0,0,0.0
250241,0,0,0.0
211268,0,0,0.0
161185,0,0,0.0
312653,0,0,0.0
224252,0,0,0.0
326455,0,0,0.0
191051,0,0,0.0
449785,0,0,0.0
154196,0,0,0.0
438071,0,0,0.0
163295,0,0,0.0
352339,0,0,0.0
448796,0,0,0.0
423600,0,0,0.0
357557,0,0,0.0
296665,0,0,0.0
260366,1,1,1.0
347149,0,0,0.0
450826,0,0,0.0
180068,0,0,0.0
450622,0,0,0.0
388813,1,0,0.0
277071,0,0,0.0
432479,0,0,0.0
326923,0,0,0.0
166943,0,0,0.0
346334,0,0,0.0
215545,0,0,0.0
182564,0,0,0.0
237462,0,0,0.0
301933,0,0,0.0
394956,0,1,1.0
170882,0,0,0.0
445491,0,0,0.0
135830,0,0,0.0
158272,0,0,0.0
321741,0,0,0.0
400364,0,0,0.0
429747,0,1,1.0
325013,0,0,0.0
125116,0,1,1.0
154204,0,0,0.0
432747,0,0,0.0
188603,1,1,1.0
145124,0,0,0.0
411956,0,0,0.0
290944,1,0,0.0
346488,0,0,0.0
307978,1,0,0.0
390485,0,0,0.0
413210,0,0,0.0
148003,0,0,0.0
282333,0,0,0.0
235634,0,0,0.0
278884,1,1,1.0
174348,0,0,0.0
185610,0,0,0.0
284407,0,0,0.0
171834,0,0,0.0
255124,1,1,1.0
432517,0,0,0.0
192242,0,0,0.0
224470,0,0,0.0
276905,0,0,0.0
133211,0,0,0.0
264537,0,0,0.0
152633,0,0,0.0
330548,0,0,0.0
359776,0,0,0.0
273111,0,0,0.0
361983,0,0,0.0
129905,0,0,0.0
241850,0,0,0.0
234324,0,0,0.0
109517,0,1,1.0
409317,0,0,0.0
235323,0,0,0.0
357877,0,1,1.0
203356,0,0,0.0
353158,0,0,0.0
312270,0,0,0.0
335905,0,0,0.0
272962,0,0,0.0
391455,0,0,0.0
436237,0,0,0.0
183575,0,0,0.0
363359,1,0,0.0
279054,0,0,0.0
108902,1,1,1.0
404939,1,1,1.0
337623,0,0,0.0
156382,0,0,0.0
411136,0,0,0.0
453173,0,0,0.0
265959,0,0,0.0
329708,0,0,0.0
124361,0,0,0.0
216508,0,0,0.0
421887,0,0,0.0
430894,0,0,0.0
325606,1,1,1.0
144646,1,0,0.0
364679,0,0,0.0
294350,0,0,0.0
100900,0,0,0.0
384934,0,0,0.0
203367,1,0,0.0
180425,0,0,0.0
447292,0,0,0.0
401043,0,1,1.0
106119,0,0,0.0
200392,0,0,0.0
197148,0,0,0.0
385212,0,0,0.0
443396,0,0,0.0
106639,0,0,0.0
437988,0,0,0.0
171559,0,0,0.0
150451,0,0,0.0
447395,0,0,0.0
455010,0,0,0.0
236394,0,0,0.0
423436,0,0,0.0
162459,0,0,0.0
333252,0,1,1.0
133441,0,0,0.0
317360,0,0,0.0
152575,0,0,0.0
255790,0,0,0.0
133610,0,0,0.0
233276,0,0,0.0
104454,0,0,0.0
217167,0,0,0.0
229024,0,1,1.0
367095,0,0,0.0
283128,0,0,0.0
252459,0,0,0.0
112242,0,0,0.0
175630,0,0,0.0
387436,0,1,1.0
435345,0,0,0.0
200614,0,0,0.0
406722,0,0,0.0
404731,0,0,0.0
421424,0,0,0.0
437626,0,0,0.0
228818,0,0,0.0
231054,0,0,0.0
161303,1,0,0.0
154384,0,0,0.0
371601,1,0,0.0
425989,0,0,0.0
347580,1,1,1.0
340518,0,0,0.0
300291,1,0,0.0
356241,1,1,1.0
172037,0,0,0.0
371311,0,0,0.0
126344,0,0,0.0
256218,0,0,0.0
157222,1,0,0.0
194112,0,0,0.0
324979,0,0,0.0
110926,0,0,0.0
165347,1,1,1.0
187650,0,0,0.0
203254,0,0,0.0
138766,0,0,0.0
160699,0,0,0.0
349263,0,0,0.0
107605,0,0,0.0
215115,0,0,0.0
322235,0,0,0.0
194898,0,0,0.0
347525,0,1,1.0
134094,0,0,0.0
170059,0,0,0.0
323084,0,0,0.0
155662,0,0,0.0
338123,0,0,0.0
197972,0,0,0.0
224454,0,0,0.0
327086,0,1,1.0
192523,0,1,1.0
395151,1,0,0.0
297453,0,0,0.0
248638,0,1,1.0
282592,0,0,0.0
235082,0,0,0.0
327190,0,1,1.0
454148,0,0,0.0
412839,0,0,0.0
288380,0,1,1.0
444562,1,1,1.0
182850,0,0,0.0
350100,0,0,0.0
219286,0,0,0.0
234575,0,0,0.0
281702,0,0,0.0
450128,0,0,0.0
406394,0,0,0.0
121959,0,0,0.0
391418,0,0,0.0
386414,0,0,0.0
108954,0,0,0.0
149429,0,0,0.0
209317,0,0,0.0
221891,0,0,0.0
125820,0,0,0.0
113963,0,0,0.0
215403,0,0,0.0
291907,0,0,0.0
178813,1,0,0.0
129116,1,0,0.0
156483,0,0,0.0
349554,0,0,0.0
168366,0,0,0.0
259174,0,0,0.0
382969,0,0,0.0
141921,0,0,0.0
444395,0,0,0.0
100401,1,0,0.0
443823,0,0,0.0
177351,0,0,0.0
276540,0,0,0.0
360169,0,0,0.0
406748,0,0,0.0
278727,0,0,0.0
187657,0,0,0.0
148901,0,0,0.0
204513,0,0,0.0
251065,0,0,0.0
421963,0,0,0.0
454323,0,0,0.0
271344,0,0,0.0
365257,0,1,1.0
321790,0,0,0.0
240969,0,0,0.0
367631,0,0,0.0
292530,0,1,1.0
210431,0,1,1.0
278854,0,0,0.0
282256,0,0,0.0
309639,0,0,0.0
438902,0,0,0.0
341984,0,0,0.0
399465,1,0,0.0
169059,0,0,0.0
447194,0,0,0.0
180910,0,0,0.0
143570,0,0,0.0
284629,1,0,0.0
367455,0,1,1.0
405563,0,0,0.0
393354,1,0,0.0
247019,0,0,0.0
160195,0,0,0.0
264573,0,0,0.0
110279,0,0,0.0
115327,0,0,0.0
154134,0,0,0.0
425478,0,0,0.0
277037,0,0,0.0
317791,0,0,0.0
214883,0,0,0.0
367268,1,0,0.0
165489,1,0,0.0
113500,0,0,0.0
124068,0,0,0.0
167700,0,0,0.0
247738,0,0,0.0
215700,0,1,1.0
340337,0,1,1.0
352542,0,0,0.0
271275,0,0,0.0
338519,0,0,0.0
310834,0,0,0.0
276597,0,1,1.0
212074,0,0,0.0
330595,0,0,0.0
412433,0,0,0.0
368335,0,0,0.0
269541,0,0,0.0
387600,0,0,0.0
131857,1,0,0.0
126208,0,0,0.0
265466,1,1,1.0
305436,0,0,0.0
315266,0,0,0.0
378454,0,1,1.0
356968,0,0,0.0
163783,0,0,0.0
360304,0,1,1.0
275533,0,0,0.0
147235,0,0,0.0
348590,0,1,1.0
264675,0,0,0.0
368681,0,0,0.0
431281,0,0,0.0
150502,0,0,0.0
328470,0,1,1.0
455198,1,0,0.0
122232,0,1,1.0
394674,0,0,0.0
147045,0,0,0.0
145420,0,0,0.0
315529,0,0,0.0
264109,0,0,0.0
142578,0,0,0.0
439232,0,0,0.0
249642,0,0,0.0
276931,0,0,0.0
205021,0,0,0.0
388068,0,0,0.0
453027,0,0,0.0
328766,0,0,0.0
303979,0,0,0.0
358338,0,0,0.0
197906,0,0,0.0
327236,0,0,0.0
388524,0,1,1.0
340006,0,0,0.0
417607,0,0,0.0
218432,0,0,0.0
149892,0,0,0.0
442365,0,0,0.0
355749,0,0,0.0
356481,0,0,0.0
399311,1,0,0.0
134428,0,0,0.0
402397,0,0,0.0
447637,0,0,0.0
396846,0,0,0.0
420183,0,0,0.0
254370,0,0,0.0
275162,0,0,0.0
389625,0,0,0.0
292212,0,0,0.0
291995,0,0,0.0
143299,1,0,0.0
446250,0,0,0.0
381862,1,0,0.0
394581,1,0,0.0
127829,0,0,0.0
162510,0,0,0.0
391508,0,0,0.0
119059,0,0,0.0
295809,0,0,0.0
441596,0,0,0.0
210130,0,0,0.0
235923,0,0,0.0
424446,0,1,1.0
190520,0,0,0.0
301967,0,0,0.0
427507,0,0,0.0
177488,0,0,0.0
220550,0,1,1.0
284097,0,1,1.0
269277,0,0,0.0
426900,0,0,0.0
311903,0,0,0.0
274488,0,0,0.0
228088,0,0,0.0
315093,0,0,0.0
188905,0,0,0.0
249419,0,0,0.0
444807,0,1,1.0
265724,0,0,0.0
255381,0,0,0.0
298332,1,1,1.0
270331,0,1,1.0
262917,1,0,0.0
388439,0,0,0.0
218958,0,0,0.0
331314,1,0,0.0
129166,0,0,0.0
203739,1,0,0.0
233951,0,0,0.0
321170,0,0,0.0
317441,0,0,0.0
103152,0,1,1.0
138159,0,0,0.0
400059,0,0,0.0
454998,0,0,0.0
223295,0,0,0.0
211077,0,0,0.0
385168,0,0,0.0
303589,0,0,0.0
411413,0,0,0.0
338367,0,0,0.0
218673,0,0,0.0
300530,0,0,0.0
244784,0,0,0.0
359421,0,1,1.0
128413,0,1,1.0
198668,0,0,0.0
399248,0,0,0.0
368316,0,0,0.0
224064,0,0,0.0
332440,0,1,1.0
379172,0,0,0.0
179202,0,0,0.0
339602,0,0,0.0
307365,0,0,0.0
224177,0,0,0.0
199976,0,0,0.0
179895,0,0,0.0
110621,0,0,0.0
203584,0,0,0.0
420994,0,0,0.0
155818,0,0,0.0
313572,0,0,0.0
171349,0,0,0.0
204897,0,1,1.0
294867,0,0,0.0
401026,0,0,0.0
169113,0,0,0.0
448986,0,0,0.0
410152,0,0,0.0
169558,0,0,0.0
121760,0,0,0.0
356707,0,0,0.0
236923,0,0,0.0
375219,0,0,0.0
180048,0,0,0.0
374130,0,0,0.0
263839,1,0,0.0
124310,0,0,0.0
363078,0,0,0.0
296857,0,0,0.0
112319,0,0,0.0
278677,0,0,0.0
325570,0,0,0.0
397658,0,1,1.0
303181,0,0,0.0
403484,0,0,0.0
138421,0,0,0.0
275566,0,0,0.0
419006,0,0,0.0
114880,0,0,0.0
261150,0,0,0.0
155842,0,0,0.0
179610,0,0,0.0
149138,0,0,0.0
432597,0,0,0.0
350801,0,0,0.0
433814,0,0,0.0
395444,0,1,1.0
281662,0,0,0.0
436755,1,0,0.0
357445,0,0,0.0
316985,0,0,0.0
343079,0,0,0.0
117558,0,0,0.0
249308,0,0,0.0
312749,0,0,0.0
372800,0,1,1.0
367792,0,0,0.0
123695,0,0,0.0
246551,0,0,0.0
242056,0,0,0.0
328137,0,0,0.0
327413,1,0,0.0
424176,0,0,0.0
446741,0,1,1.0
300136,0,0,0.0
155590,0,0,0.0
303063,0,0,0.0
166720,0,0,0.0
297849,0,0,0.0
448473,0,0,0.0
170339,0,0,0.0
247018,1,0,0.0
351351,0,0,0.0
110174,0,1,1.0
125748,0,0,0.0
428556,0,1,1.0
160567,0,0,0.0
444151,0,0,0.0
348905,0,0,0.0
287845,0,0,0.0
344987,0,0,0.0
126260,0,1,1.0
155350,0,0,0.0
221146,0,0,0.0
275663,0,0,0.0
302372,0,0,0.0
217942,1,0,0.0
331412,0,1,1.0
213075,0,0,0.0
348407,0,0,0.0
124248,0,0,0.0
106105,0,0,0.0
299436,0,0,0.0
130485,0,0,0.0
171558,0,0,0.0
298425,0,1,1.0
258427,0,0,0.0
201719,0,0,0.0
419928,0,0,0.0
249873,0,0,0.0
377865,0,0,0.0
410027,0,0,0.0
150320,0,0,0.0
274112,0,0,0.0
370891,0,0,0.0
385916,0,0,0.0
359960,0,0,0.0
153713,0,0,0.0
344228,0,0,0.0
343275,0,0,0.0
418788,0,0,0.0
192775,0,0,0.0
454084,0,0,0.0
159602,1,0,0.0
353811,0,0,0.0
224917,0,0,0.0
291346,0,0,0.0
344761,0,1,1.0
288737,1,0,0.0
206078,0,0,0.0
133068,0,0,0.0
123579,0,0,0.0
120161,0,0,0.0
184208,0,0,0.0
350623,0,0,0.0
236092,0,1,1.0
166059,0,0,0.0
397150,0,0,0.0
380518,0,0,0.0
333398,0,0,0.0
447067,0,0,0.0
242927,0,0,0.0
401801,0,0,0.0
207823,0,0,0.0
312275,0,0,0.0
370314,0,0,0.0
372832,0,1,1.0
201833,0,0,0.0
452056,0,0,0.0
323196,0,0,0.0
406314,0,0,0.0
219133,0,1,1.0
410114,0,0,0.0
351358,0,0,0.0
365175,0,0,0.0
404410,0,0,0.0
236265,0,1,1.0
199729,0,0,0.0
257109,0,1,1.0
450403,1,0,0.0
232065,0,0,0.0
198519,1,0,0.0
212996,0,0,0.0
293752,1,0,0.0
390489,0,0,0.0
425858,0,0,0.0
329460,0,0,0.0
158876,0,0,0.0
441728,0,0,0.0
154542,1,0,0.0
392837,0,0,0.0
356456,0,0,0.0
226896,0,0,0.0
267967,0,0,0.0
227093,0,0,0.0
110154,0,0,0.0
360163,0,0,0.0
225273,0,0,0.0
384960,1,0,0.0
370337,0,0,0.0
389633,1,0,0.0
106156,0,0,0.0
184546,0,0,0.0
417400,0,0,0.0
429878,0,0,0.0
238768,1,1,1.0
191599,0,0,0.0
432875,0,0,0.0
171216,0,0,0.0
339037,0,0,0.0
417841,0,0,0.0
375319,0,0,0.0
245925,0,1,1.0
311248,0,0,0.0
297352,0,0,0.0
287685,0,0,0.0
234281,0,1,1.0
159472,0,0,0.0
111236,0,0,0.0
253385,0,0,0.0
134744,0,0,0.0
174515,1,0,0.0
454930,0,0,0.0
309983,0,0,0.0
131545,0,0,0.0
174814,0,0,0.0
101651,0,0,0.0
323471,0,0,0.0
376712,0,0,0.0
255060,0,0,0.0
297538,0,1,1.0
437531,0,0,0.0
130442,0,0,0.0
396936,1,0,0.0
155767,0,0,0.0
352327,0,0,0.0
363266,0,1,1.0
109547,0,0,0.0
354886,0,0,0.0
231335,1,0,0.0
396362,0,0,0.0
422619,0,0,0.0
269538,0,1,1.0
309237,1,0,0.0
282112,0,0,0.0
114769,0,0,0.0
198307,0,0,0.0
263086,0,0,0.0
148979,0,0,0.0
149297,0,0,0.0
269872,0,0,0.0
233646,0,0,0.0
299539,0,0,0.0
158716,1,0,0.0
198151,0,0,0.0
224475,0,0,0.0
180173,0,0,0.0
281717,0,0,0.0
436844,0,0,0.0
373749,0,0,0.0
207590,0,0,0.0
238831,0,0,0.0
139495,0,0,0.0
152568,0,0,0.0
261776,0,0,0.0
218429,0,0,0.0
217558,0,0,0.0
124849,0,0,0.0
415207,0,0,0.0
441355,0,0,0.0
203773,0,0,0.0
435504,0,0,0.0
355851,0,0,0.0
414984,0,0,0.0
385017,1,0,0.0
332491,0,0,0.0
252910,1,0,0.0
387766,0,0,0.0
162662,0,0,0.0
452811,0,0,0.0
440227,0,0,0.0
382123,0,0,0.0
184204,0,0,0.0
115530,0,0,0.0
121132,0,1,1.0
306079,0,0,0.0
104056,0,0,0.0
422601,0,0,0.0
303472,0,0,0.0
225479,0,0,0.0
230969,0,0,0.0
261597,0,0,0.0
452110,0,0,0.0
154292,0,0,0.0
284120,0,0,0.0
255959,0,0,0.0
300739,0,0,0.0
436601,0,0,0.0
394357,0,0,0.0
278643,0,0,0.0
133139,1,0,0.0
208938,1,0,0.0
427762,1,0,0.0
449977,0,0,0.0
372032,0,0,0.0
193259,1,1,1.0
301504,0,1,1.0
366142,0,0,0.0
288066,0,1,1.0
377047,0,0,0.0
372908,0,0,0.0
266221,0,0,0.0
163090,0,1,1.0
237019,0,0,0.0
369089,0,0,0.0
285532,0,0,0.0
106197,0,0,0.0
173190,0,0,0.0
180751,0,0,0.0
251810,0,0,0.0
358196,0,0,0.0
344134,0,0,0.0
121585,1,0,0.0
439143,0,0,0.0
217189,0,0,0.0
298947,0,0,0.0
390284,0,0,0.0
418048,0,0,0.0
118997,0,0,0.0
448386,0,0,0.0
178254,0,0,0.0
125770,0,0,0.0
453943,0,0,0.0
414626,0,0,0.0
206650,0,0,0.0
173894,0,0,0.0
112108,0,0,0.0
353820,0,0,0.0
358901,0,0,0.0
251416,0,0,0.0
159741,0,1,1.0
168585,0,0,0.0
273571,0,0,0.0
368732,0,0,0.0
116032,0,0,0.0
128418,0,0,0.0
315876,0,0,0.0
332673,0,0,0.0
184620,0,0,0.0
268684,0,0,0.0
150708,0,0,0.0
374495,0,0,0.0
208272,0,0,0.0
249351,0,0,0.0
229228,0,0,0.0
289070,0,0,0.0
364645,0,0,0.0
213524,0,0,0.0
269314,0,1,1.0
234238,0,0,0.0
254573,0,0,0.0
109360,0,0,0.0
448480,0,0,0.0
361574,0,0,0.0
160517,0,0,0.0
100623,0,0,0.0
456173,0,0,0.0
168353,1,0,0.0
334243,0,0,0.0
117700,0,0,0.0
226205,0,0,0.0
288156,0,0,0.0
303614,0,0,0.0
317655,0,0,0.0
241828,1,0,0.0
109533,0,0,0.0
424627,1,0,0.0
142281,0,0,0.0
434040,1,0,0.0
147424,0,0,0.0
364827,0,0,0.0
235548,0,0,0.0
276677,0,0,0.0
104396,0,0,0.0
192314,1,1,1.0
384981,0,0,0.0
133126,0,0,0.0
353681,0,0,0.0
408216,1,0,0.0
163749,0,1,1.0
118250,1,0,0.0
431954,0,0,0.0
386674,0,0,0.0
381942,0,0,0.0
153590,0,1,1.0
153339,0,0,0.0
306274,0,0,0.0
303799,1,0,0.0
404203,0,1,1.0
276973,0,0,0.0
173974,0,0,0.0
321532,0,0,0.0
230917,0,0,0.0
370829,0,0,0.0
424351,0,0,0.0
282958,0,1,1.0
378668,0,0,0.0
244389,0,0,0.0
161544,0,0,0.0
204538,1,0,0.0
129880,0,0,0.0
259825,0,0,0.0
202606,0,0,0.0
320419,0,0,0.0
454454,0,0,0.0
209096,0,0,0.0
364037,0,0,0.0
258944,0,0,0.0
381960,0,0,0.0
139173,0,0,0.0
351307,0,1,1.0
314203,0,0,0.0
454346,0,1,1.0
134761,0,0,0.0
300001,0,0,0.0
102031,1,0,0.0
323776,0,0,0.0
283792,0,0,0.0
226802,0,0,0.0
190403,0,0,0.0
435213,0,0,0.0
271266,0,0,0.0
402885,0,0,0.0
359575,0,0,0.0
273787,0,0,0.0
154976,0,0,0.0
261833,0,0,0.0
343547,0,0,0.0
172488,0,0,0.0
410436,0,0,0.0
395020,0,0,0.0
202388,1,0,0.0
369479,0,0,0.0
350200,0,0,0.0
356772,0,0,0.0
141799,0,0,0.0
304253,0,0,0.0
207387,0,0,0.0
155883,0,0,0.0
358065,0,0,0.0
450274,0,0,0.0
427197,0,1,1.0
430166,0,0,0.0
161003,0,0,0.0
398535,0,1,1.0
402540,0,0,0.0
125231,0,0,0.0
411078,0,0,0.0
376261,0,0,0.0
138079,0,0,0.0
207165,0,0,0.0
302684,1,0,0.0
144331,0,0,0.0
150353,0,0,0.0
422278,0,1,1.0
313738,1,0,0.0
452450,1,0,0.0
352444,0,0,0.0
106664,0,0,0.0
319305,0,0,0.0
426474,0,0,0.0
154910,0,0,0.0
147344,0,0,0.0
376858,1,0,0.0
390552,0,0,0.0
315764,0,1,1.0
435390,0,0,0.0
268561,0,0,0.0
187776,0,0,0.0
342249,0,0,0.0
107832,0,0,0.0
374692,0,0,0.0
157747,0,0,0.0
404654,0,0,0.0
161515,0,0,0.0
436813,0,1,1.0
381503,0,0,0.0
380774,1,0,0.0
295613,0,0,0.0
203037,0,0,0.0
400819,0,0,0.0
283644,0,0,0.0
131441,0,0,0.0
338163,0,0,0.0
280949,0,0,0.0
397952,0,0,0.0
419353,0,0,0.0
422089,0,0,0.0
443404,0,1,1.0
269690,0,0,0.0
441923,0,0,0.0
254587,0,0,0.0
213169,0,0,0.0
426342,0,0,0.0
102954,0,0,0.0
141396,0,0,0.0
225055,0,1,1.0
104960,0,0,0.0
100659,0,0,0.0
201382,0,0,0.0
259761,0,0,0.0
281893,0,0,0.0
147937,0,0,0.0
218334,0,0,0.0
251437,0,0,0.0
178023,0,0,0.0
152597,0,0,0.0
385509,0,0,0.0
169451,0,0,0.0
189999,0,0,0.0
224498,0,0,0.0
110466,0,0,0.0
342906,0,0,0.0
173797,0,0,0.0
111119,0,0,0.0
420174,0,1,1.0
226465,0,0,0.0
379204,0,0,0.0
193439,0,0,0.0
256959,0,0,0.0
182755,0,0,0.0
367812,0,0,0.0
379419,0,0,0.0
405330,0,0,0.0
440980,0,0,0.0
107800,0,0,0.0
448949,0,0,0.0
324379,0,0,0.0
253917,0,0,0.0
166488,0,0,0.0
114215,0,0,0.0
324535,0,0,0.0
331313,0,0,0.0
371677,0,0,0.0
251511,0,0,0.0
238240,0,0,0.0
297519,0,0,0.0
383268,0,0,0.0
306055,1,0,0.0
382385,0,0,0.0
180533,1,1,1.0
121236,0,0,0.0
201770,0,0,0.0
435833,1,0,0.0
414415,0,1,1.0
114916,0,0,0.0
329097,0,0,0.0
179746,0,0,0.0
334210,0,0,0.0
375143,0,0,0.0
165746,0,0,0.0
161775,0,0,0.0
346942,0,0,0.0
236254,0,0,0.0
107795,0,0,0.0
166043,0,0,0.0
392019,0,0,0.0
161358,0,0,0.0
231490,0,1,1.0
202926,0,0,0.0
228823,0,0,0.0
264292,0,1,1.0
362767,0,0,0.0
112529,0,0,0.0
253865,0,0,0.0
444214,0,0,0.0
347598,0,0,0.0
151526,0,0,0.0
369660,0,0,0.0
174560,0,0,0.0
235687,0,0,0.0
284413,0,0,0.0
187687,1,1,1.0
117735,0,0,0.0
231474,0,0,0.0
177103,1,0,0.0
222747,0,0,0.0
377674,0,0,0.0
341384,0,0,0.0
108322,0,1,1.0
254377,0,0,0.0
195299,0,0,0.0
326155,0,0,0.0
429131,0,0,0.0
270803,0,0,0.0
182965,0,1,1.0
328455,0,0,0.0
174255,0,0,0.0
230631,0,0,0.0
362775,0,0,0.0
235635,0,0,0.0
271995,0,0,0.0
317626,0,0,0.0
285990,0,0,0.0
100101,0,0,0.0
159708,0,0,0.0
170078,0,0,0.0
165030,1,0,0.0
395623,0,0,0.0
255954,0,0,0.0
332998,0,0,0.0
351800,1,1,1.0
413379,0,0,0.0
123479,0,1,1.0
176078,0,0,0.0
284958,0,0,0.0
221939,0,0,0.0
180824,0,0,0.0
194826,0,0,0.0
423789,0,0,0.0
348947,0,1,1.0
137338,0,0,0.0
400601,0,0,0.0
160723,0,0,0.0
270017,0,0,0.0
122281,0,0,0.0
233426,0,0,0.0
284781,1,0,0.0
364034,0,0,0.0
353375,0,0,0.0
188662,0,0,0.0
282475,0,0,0.0
141337,0,0,0.0
131626,0,1,1.0
406950,1,0,0.0
405188,0,0,0.0
125955,0,0,0.0
257425,0,0,0.0
452468,0,0,0.0
167509,0,0,0.0
225492,0,0,0.0
309891,0,0,0.0
329527,0,0,0.0
164339,0,0,0.0
197789,0,0,0.0
209821,1,0,0.0
190289,0,0,0.0
153988,0,0,0.0
195806,0,0,0.0
118086,0,0,0.0
168074,0,0,0.0
225754,0,0,0.0
372579,0,0,0.0
186872,0,0,0.0
209495,0,0,0.0
173098,0,0,0.0
144482,0,1,1.0
382835,0,0,0.0
202404,0,0,0.0
440148,0,0,0.0
261987,0,0,0.0
402947,0,0,0.0
453818,0,0,0.0
402722,0,0,0.0
411888,0,1,1.0
172657,0,0,0.0
416339,0,0,0.0
346829,0,0,0.0
111304,0,0,0.0
376655,0,0,0.0
284841,0,0,0.0
199290,0,0,0.0
279276,0,1,1.0
374167,0,0,0.0
425525,0,0,0.0
136369,1,0,0.0
238814,0,0,0.0
319074,0,1,1.0
218493,0,0,0.0
322194,0,0,0.0
356130,0,0,0.0
260664,0,0,0.0
374469,0,0,0.0
170042,0,0,0.0
339726,0,0,0.0
320592,0,0,0.0
418186,0,0,0.0
351445,0,0,0.0
115287,0,1,1.0
264533,0,1,1.0
224070,0,1,1.0
240817,0,0,0.0
389311,0,0,0.0
204517,0,0,0.0
424061,0,0,0.0
154359,0,0,0.0
316181,0,0,0.0
349302,0,0,0.0
345394,0,0,0.0
210436,0,0,0.0
120049,0,0,0.0
282705,0,0,0.0
393273,0,0,0.0
319438,0,0,0.0
445349,0,0,0.0
274420,0,0,0.0
326457,1,0,0.0
200691,0,0,0.0
333341,0,1,1.0
279198,0,0,0.0
407126,0,0,0.0
436238,0,1,1.0
333462,0,0,0.0
262965,0,0,0.0
380271,0,0,0.0
375508,0,0,0.0
174816,0,0,0.0
225785,1,0,0.0
309222,0,0,0.0
112968,0,0,0.0
126830,0,0,0.0
203780,0,0,0.0
331537,0,0,0.0
176545,0,0,0.0
205192,0,0,0.0
354152,0,0,0.0
288176,0,0,0.0
249087,0,0,0.0
445683,0,0,0.0
209103,0,0,0.0
112960,0,0,0.0
141158,1,0,0.0
445098,0,1,1.0
429560,0,0,0.0
236389,0,0,0.0
240555,0,1,1.0
308809,0,0,0.0
359397,0,0,0.0
426085,0,0,0.0
197483,0,0,0.0
436360,0,1,1.0
104437,0,0,0.0
111473,0,0,0.0
383066,0,0,0.0
363831,0,0,0.0
289808,0,0,0.0
307987,0,0,0.0
171325,0,0,0.0
187111,0,0,0.0
377515,0,1,1.0
294087,0,0,0.0
425041,0,1,1.0
175155,0,0,0.0
356390,0,0,0.0
195147,0,0,0.0
131537,0,0,0.0
431743,0,0,0.0
186221,0,0,0.0
353650,0,0,0.0
304169,0,0,0.0
331622,0,1,1.0
370469,0,0,0.0
256450,0,1,1.0
145937,0,0,0.0
249163,1,0,0.0
172613,0,0,0.0
402598,0,1,1.0
374349,0,0,0.0
316179,0,0,0.0
390660,1,1,1.0
212741,0,0,0.0
405493,0,0,0.0
373541,0,0,0.0
281603,0,0,0.0
181407,0,0,0.0
403001,0,0,0.0
157288,0,0,0.0
411329,0,1,1.0
281321,0,1,1.0
309527,0,1,1.0
349859,0,0,0.0
373079,0,0,0.0
408149,0,0,0.0
156792,0,0,0.0
293555,0,0,0.0
328396,0,1,1.0
236377,0,0,0.0
431071,0,1,1.0
343849,0,0,0.0
206441,0,0,0.0
449797,0,0,0.0
245898,0,0,0.0
389799,0,0,0.0
427020,0,0,0.0
388087,0,0,0.0
172468,0,1,1.0
290265,0,0,0.0
149936,0,0,0.0
138054,0,0,0.0
207212,0,0,0.0
336979,0,0,0.0
104934,0,0,0.0
180243,0,0,0.0
285023,0,0,0.0
364806,0,0,0.0
450547,0,0,0.0
274421,0,0,0.0
417394,0,0,0.0
113798,0,0,0.0
154904,0,0,0.0
349365,0,0,0.0
406623,0,0,0.0
450149,0,0,0.0
179759,1,0,0.0
192401,0,0,0.0
194739,0,0,0.0
405802,0,0,0.0
334864,0,0,0.0
352721,0,0,0.0
128205,0,0,0.0
113682,1,0,0.0
138874,0,0,0.0
166480,0,0,0.0
123108,0,0,0.0
289372,0,0,0.0
164032,0,0,0.0
193600,0,0,0.0
417404,0,1,1.0
316847,0,0,0.0
131706,0,0,0.0
296360,0,0,0.0
185521,0,0,0.0
337320,0,0,0.0
192384,0,0,0.0
421411,0,0,0.0
404523,0,0,0.0
351866,0,0,0.0
265551,0,0,0.0
400676,0,0,0.0
265108,0,0,0.0
260678,0,1,1.0
198947,0,0,0.0
303133,0,0,0.0
260555,0,0,0.0
301265,0,0,0.0
433000,0,0,0.0
192781,0,0,0.0
407917,0,0,0.0
259093,0,0,0.0
108952,0,0,0.0
247283,1,0,0.0
449978,0,0,0.0
357888,0,0,0.0
231993,0,0,0.0
365262,0,0,0.0
333585,0,0,0.0
347694,0,0,0.0
336519,0,0,0.0
120771,0,0,0.0
171340,0,0,0.0
222355,0,0,0.0
152321,0,0,0.0
181268,0,0,0.0
115241,0,0,0.0
164839,0,1,1.0
182478,1,0,0.0
104305,0,0,0.0
418834,1,0,0.0
267544,0,0,0.0
215193,0,1,1.0
337119,0,0,0.0
220450,0,0,0.0
234645,0,0,0.0
389234,0,0,0.0
212748,0,0,0.0
416856,0,0,0.0
407492,0,0,0.0
381220,0,0,0.0
413350,0,0,0.0
114585,0,0,0.0
236703,0,0,0.0
396759,0,0,0.0
376037,0,0,0.0
230856,0,0,0.0
352474,0,0,0.0
275952,0,0,0.0
298780,0,0,0.0
417363,1,1,1.0
150756,0,0,0.0
129595,0,0,0.0
416653,0,0,0.0
169595,0,1,1.0
155353,0,0,0.0
346400,0,0,0.0
229356,0,1,1.0
429950,0,0,0.0
350765,0,0,0.0
151940,0,0,0.0
285558,0,0,0.0
105829,0,0,0.0
212724,0,0,0.0
230764,0,0,0.0
372123,0,0,0.0
262100,0,0,0.0
228871,0,0,0.0
189174,0,0,0.0
316943,0,0,0.0
360486,0,0,0.0
207003,0,0,0.0
215852,0,0,0.0
272169,0,0,0.0
128715,1,0,0.0
316821,0,1,1.0
351162,1,0,0.0
198649,0,0,0.0
110990,0,0,0.0
272076,0,0,0.0
444242,0,0,0.0
305319,0,0,0.0
408330,0,0,0.0
451291,0,0,0.0
239012,0,1,1.0
357119,0,0,0.0
257340,0,0,0.0
153685,0,0,0.0
220404,0,1,1.0
399732,0,0,0.0
230497,0,0,0.0
205260,0,0,0.0
189844,0,0,0.0
341000,0,0,0.0
233989,0,0,0.0
310453,0,0,0.0
111866,0,0,0.0
160879,0,0,0.0
255826,0,0,0.0
425748,0,0,0.0
165796,0,1,1.0
292436,0,0,0.0
455286,0,0,0.0
264492,0,1,1.0
200505,1,0,0.0
382286,0,0,0.0
328626,0,0,0.0
225126,1,0,0.0
268082,0,0,0.0
326717,0,0,0.0
342074,0,0,0.0
177267,0,0,0.0
443975,0,0,0.0
168591,0,0,0.0
174197,0,0,0.0
193840,1,0,0.0
313412,0,0,0.0
252196,0,0,0.0
418251,0,1,1.0
304765,0,0,0.0
452921,0,0,0.0
347861,0,0,0.0
323446,0,0,0.0
326963,1,0,0.0
305542,0,0,0.0
412110,0,1,1.0
326234,0,0,0.0
413203,0,0,0.0
297658,0,0,0.0
404637,0,0,0.0
422107,0,0,0.0
267714,0,0,0.0
212208,0,0,0.0
216485,0,0,0.0
415052,0,1,1.0
416334,0,0,0.0
384582,0,0,0.0
448617,0,1,1.0
224961,0,0,0.0
282206,0,0,0.0
271782,0,0,0.0
438055,1,0,0.0
133458,0,0,0.0
306092,0,1,1.0
322600,0,0,0.0
339850,0,0,0.0
334428,0,0,0.0
300537,0,0,0.0
222236,0,1,1.0
442439,1,0,0.0
358557,0,1,1.0
151768,0,0,0.0
396461,0,0,0.0
293710,0,0,0.0
439800,0,1,1.0
202891,0,0,0.0
339828,0,0,0.0
224501,0,0,0.0
435665,0,0,0.0
108911,0,0,0.0
167378,0,0,0.0
185781,0,0,0.0
165672,0,0,0.0
368960,0,0,0.0
291575,0,0,0.0
103996,1,1,1.0
220484,0,0,0.0
226810,0,0,0.0
144741,0,1,1.0
134531,0,0,0.0
183752,0,1,1.0
315880,0,0,0.0
347399,0,0,0.0
323420,0,0,0.0
379873,0,1,1.0
174394,0,0,0.0
255315,0,0,0.0
167079,0,1,1.0
325663,0,0,0.0
444964,0,0,0.0
212646,1,0,0.0
309365,0,0,0.0
323622,0,0,0.0
391750,0,0,0.0
148465,0,0,0.0
128647,1,0,0.0
410367,0,0,0.0
152089,0,1,1.0
389855,0,0,0.0
447801,0,0,0.0
155860,0,0,0.0
301328,0,0,0.0
250264,0,0,0.0
253718,0,0,0.0
131485,0,0,0.0
109668,0,0,0.0
211739,0,0,0.0
222682,0,0,0.0
205824,0,0,0.0
170358,0,0,0.0
102452,0,0,0.0
172902,0,1,1.0
143915,0,0,0.0
289961,0,0,0.0
306347,0,0,0.0
451195,0,0,0.0
306821,0,0,0.0
305830,0,0,0.0
135325,0,0,0.0
439563,0,0,0.0
424678,0,0,0.0
276602,0,0,0.0
217984,0,1,1.0
122847,0,0,0.0
314252,0,0,0.0
216418,0,0,0.0
239986,0,0,0.0
425680,0,0,0.0
454986,1,0,0.0
348142,0,0,0.0
455226,0,0,0.0
137248,0,0,0.0
379688,0,0,0.0
449799,0,0,0.0
406642,0,1,1.0
154715,1,0,0.0
442186,0,0,0.0
227802,0,0,0.0
294209,0,0,0.0
300201,0,0,0.0
445981,1,1,1.0
151582,0,0,0.0
307290,0,0,0.0
417546,0,0,0.0
364369,0,0,0.0
402114,0,0,0.0
155927,0,0,0.0
315323,0,0,0.0
384901,0,1,1.0
133646,1,0,0.0
299952,0,0,0.0
356853,0,0,0.0
316298,0,0,0.0
117998,0,0,0.0
454264,0,0,0.0
249146,0,0,0.0
264960,0,0,0.0
248534,0,0,0.0
371206,0,0,0.0
437786,0,0,0.0
182294,0,0,0.0
167169,0,0,0.0
107193,0,0,0.0
217835,0,0,0.0
250612,0,0,0.0
327293,0,1,1.0
162498,0,0,0.0
214958,0,0,0.0
214893,0,0,0.0
264676,0,0,0.0
250420,0,0,0.0
407474,0,0,0.0
282835,0,1,1.0
302450,1,0,0.0
388389,0,0,0.0
426214,0,0,0.0
453846,1,0,0.0
101226,0,0,0.0
377336,0,0,0.0
167951,0,0,0.0
161136,0,0,0.0
145433,0,0,0.0
395561,0,0,0.0
348868,0,1,1.0
188029,0,0,0.0
113416,1,0,0.0
144158,0,0,0.0
428040,0,0,0.0
361125,0,1,1.0
168346,0,0,0.0
148232,0,0,0.0
128935,0,0,0.0
122833,0,0,0.0
371608,0,0,0.0
455597,0,0,0.0
290066,0,1,1.0
427462,0,0,0.0
224556,0,0,0.0
109292,0,0,0.0
115737,0,0,0.0
358138,0,0,0.0
330544,0,0,0.0
129968,0,0,0.0
374954,0,0,0.0
235627,0,0,0.0
436651,0,0,0.0
230189,0,0,0.0
237823,0,0,0.0
210148,0,1,1.0
421873,1,0,0.0
277161,0,0,0.0
148370,0,0,0.0
111957,0,0,0.0
293595,0,0,0.0
389561,0,0,0.0
228548,0,0,0.0
428431,0,0,0.0
272949,0,0,0.0
232930,0,0,0.0
364898,0,0,0.0
302209,0,1,1.0
246823,0,0,0.0
110458,0,0,0.0
108262,0,0,0.0
245315,0,0,0.0
119041,0,0,0.0
417196,0,0,0.0
352318,0,0,0.0
368397,0,0,0.0
169128,0,0,0.0
231428,0,0,0.0
302680,0,0,0.0
407090,0,0,0.0
295963,0,0,0.0
228593,0,0,0.0
176017,0,0,0.0
436582,0,0,0.0
436898,0,0,0.0
102271,0,0,0.0
389861,0,0,0.0
410791,0,0,0.0
421021,0,0,0.0
236009,0,0,0.0
228862,0,0,0.0
345595,0,0,0.0
253102,0,0,0.0
277928,0,0,0.0
202365,0,0,0.0
377368,0,0,0.0
342311,0,0,0.0
376189,0,0,0.0
131111,0,0,0.0
114610,0,0,0.0
157138,0,1,1.0
297186,0,0,0.0
298404,0,0,0.0
278111,0,0,0.0
359819,1,1,1.0
415202,0,0,0.0
319424,0,0,0.0
372213,0,0,0.0
445564,0,1,1.0
240785,0,0,0.0
183686,0,0,0.0
354572,1,0,0.0
226960,0,0,0.0
444139,0,0,0.0
236541,0,0,0.0
167470,0,1,1.0
209246,0,1,1.0
269349,0,0,0.0
240143,1,0,0.0
183488,0,0,0.0
221441,0,0,0.0
361594,0,0,0.0
376033,0,0,0.0
336010,0,0,0.0
209434,0,1,1.0
255097,0,0,0.0
247958,0,0,0.0
307795,0,0,0.0
312898,1,0,0.0
405496,1,0,0.0
330790,0,0,0.0
301718,0,0,0.0
367469,0,1,1.0
446814,0,0,0.0
299160,0,0,0.0
443020,0,0,0.0
390278,0,0,0.0
252709,0,0,0.0
427791,1,0,0.0
222136,1,0,0.0
139779,0,0,0.0
273498,0,0,0.0
134704,1,1,1.0
189177,0,0,0.0
285242,1,0,0.0
346690,0,0,0.0
303515,0,1,1.0
108282,0,1,1.0
342622,0,0,0.0
307631,1,0,0.0
162960,0,1,1.0
390081,0,1,1.0
376387,0,0,0.0
416210,0,1,1.0
304177,0,1,1.0
413193,0,0,0.0
344187,1,0,0.0
291284,0,0,0.0
311206,0,0,0.0
217623,0,0,0.0
282957,0,0,0.0
244169,0,0,0.0
401681,0,0,0.0
217842,1,0,0.0
114592,1,0,0.0
273622,0,0,0.0
370499,0,0,0.0
166174,0,0,0.0
154565,0,0,0.0
130766,0,0,0.0
303173,0,1,1.0
116818,0,0,0.0
262669,0,0,0.0
179419,0,0,0.0
237645,0,0,0.0
396815,1,0,0.0
105321,0,0,0.0
313269,0,0,0.0
183874,0,0,0.0
227319,0,0,0.0
134692,0,0,0.0
433120,0,1,1.0
370081,0,0,0.0
328243,0,0,0.0
151496,0,0,0.0
236822,0,0,0.0
201574,0,0,0.0
222779,0,1,1.0
191077,0,0,0.0
354863,0,0,0.0
398085,0,0,0.0
385179,0,0,0.0
361122,0,0,0.0
138700,0,0,0.0
188656,0,0,0.0
391690,0,0,0.0
281264,0,0,0.0
142309,0,0,0.0
325191,0,0,0.0
285336,0,0,0.0
384252,0,0,0.0
164907,0,0,0.0
265395,1,0,0.0
112579,0,0,0.0
109978,0,0,0.0
327284,0,1,1.0
232163,0,0,0.0
455847,0,0,0.0
225576,1,0,0.0
293086,0,0,0.0
194848,0,0,0.0
254232,0,0,0.0
238979,0,0,0.0
141336,0,0,0.0
119006,0,0,0.0
320343,0,0,0.0
344714,0,0,0.0
315867,0,0,0.0
260600,0,0,0.0
450138,0,0,0.0
298089,0,0,0.0
174911,0,0,0.0
168255,0,0,0.0
389711,0,0,0.0
118508,0,0,0.0
133773,0,0,0.0
271362,0,0,0.0
192641,0,0,0.0
267175,0,0,0.0
334083,0,0,0.0
307814,0,0,0.0
435238,0,0,0.0
389933,0,1,1.0
352944,0,1,1.0
397055,0,0,0.0
444710,0,0,0.0
122795,0,0,0.0
291619,0,0,0.0
253637,0,0,0.0
108882,0,0,0.0
233936,0,0,0.0
381870,0,1,1.0
350576,0,0,0.0
295828,0,0,0.0
252814,1,0,0.0
265781,0,0,0.0
193903,0,0,0.0
430953,0,0,0.0
455519,0,0,0.0
346949,0,0,0.0
287426,0,0,0.0
187799,0,0,0.0
381001,0,0,0.0
223513,0,0,0.0
124843,0,0,0.0
298514,0,0,0.0
216753,0,0,0.0
119874,0,0,0.0
257443,0,1,1.0
238544,0,0,0.0
164762,0,0,0.0
150867,0,0,0.0
230271,0,0,0.0
234298,0,1,1.0
431681,0,0,0.0
155326,0,1,1.0
363221,0,0,0.0
451080,0,0,0.0
356361,0,0,0.0
412286,0,0,0.0
249643,0,0,0.0
128176,0,0,0.0
194948,0,0,0.0
195977,0,0,0.0
295329,0,0,0.0
255582,1,1,1.0
252547,0,0,0.0
222614,0,0,0.0
442360,0,0,0.0
115764,0,0,0.0
401012,0,0,0.0
180052,0,0,0.0
276248,0,1,1.0
320582,0,0,0.0
260387,0,0,0.0
134631,0,0,0.0
303092,0,0,0.0
251680,0,0,0.0
169391,0,0,0.0
317192,0,0,0.0
119717,0,0,0.0
245849,0,0,0.0
214977,0,1,1.0
140593,0,0,0.0
270925,0,0,0.0
328181,0,0,0.0
236662,0,0,0.0
245273,0,0,0.0
248470,0,0,0.0
432539,0,0,0.0
282009,1,0,0.0
110125,0,0,0.0
132716,0,0,0.0
329382,0,0,0.0
415833,0,0,0.0
108298,0,0,0.0
416102,0,0,0.0
194864,0,0,0.0
426678,0,0,0.0
424533,0,0,0.0
327527,0,0,0.0
241177,0,0,0.0
451717,0,0,0.0
196299,0,0,0.0
238438,0,0,0.0
308943,0,0,0.0
301040,0,0,0.0
284767,0,0,0.0
420044,0,0,0.0
302513,0,0,0.0
121311,0,0,0.0
167955,0,0,0.0
450529,0,0,0.0
454803,0,0,0.0
264133,0,0,0.0
338436,0,0,0.0
181169,0,0,0.0
287212,0,0,0.0
426612,0,0,0.0
285860,0,0,0.0
264559,0,0,0.0
438461,0,0,0.0
117156,0,0,0.0
185469,0,0,0.0
275510,0,0,0.0
262630,0,0,0.0
430780,0,0,0.0
317818,0,0,0.0
424321,0,0,0.0
206043,0,0,0.0
437075,0,1,1.0
397102,0,0,0.0
372446,0,0,0.0
420822,0,0,0.0
213897,0,0,0.0
421270,1,0,0.0
330166,0,0,0.0
300699,0,0,0.0
341330,0,0,0.0
293433,0,0,0.0
283374,0,0,0.0
212069,0,0,0.0
180227,0,0,0.0
237127,0,0,0.0
230965,0,1,1.0
198329,0,0,0.0
287710,0,0,0.0
413122,0,0,0.0
445646,0,0,0.0
288483,1,0,0.0
136441,0,0,0.0
354443,0,0,0.0
447125,0,0,0.0
442370,0,0,0.0
410052,0,0,0.0
340479,0,0,0.0
227443,0,0,0.0
129436,1,0,0.0
434782,0,0,0.0
383347,0,0,0.0
102873,0,0,0.0
228814,0,1,1.0
406411,0,0,0.0
180144,0,0,0.0
122873,0,0,0.0
429349,0,0,0.0
442701,0,0,0.0
207809,1,1,1.0
291845,0,0,0.0
217492,0,0,0.0
371348,0,0,0.0
341149,1,0,0.0
244030,1,0,0.0
192279,0,0,0.0
257029,0,0,0.0
352683,0,0,0.0
368048,0,0,0.0
229974,0,0,0.0
139299,0,0,0.0
109882,0,0,0.0
331877,0,0,0.0
443063,0,0,0.0
401716,0,0,0.0
216571,0,0,0.0
323648,0,0,0.0
163332,0,0,0.0
434268,0,0,0.0
187831,0,0,0.0
325900,0,0,0.0
276867,0,1,1.0
321185,0,0,0.0
159670,0,0,0.0
371444,0,0,0.0
253154,0,0,0.0
307466,0,0,0.0
374151,0,0,0.0
311118,0,0,0.0
371447,1,0,0.0
267032,0,0,0.0
280202,0,0,0.0
308290,0,0,0.0
371432,0,0,0.0
169693,0,0,0.0
198657,0,1,1.0
403436,0,0,0.0
278696,0,1,1.0
304973,0,0,0.0
350010,0,0,0.0
335648,0,0,0.0
247303,0,0,0.0
134871,0,0,0.0
400730,0,0,0.0
263487,0,0,0.0
219747,0,0,0.0
239164,0,0,0.0
172215,0,0,0.0
137482,0,0,0.0
455096,0,0,0.0
132523,0,0,0.0
330113,0,0,0.0
242356,0,0,0.0
365214,0,0,0.0
277259,0,0,0.0
333082,0,0,0.0
215906,0,0,0.0
140957,1,1,1.0
173928,0,0,0.0
140523,0,0,0.0
346638,0,0,0.0
312140,0,0,0.0
109921,0,0,0.0
294636,0,0,0.0
446263,0,0,0.0
343430,0,0,0.0
395929,0,0,0.0
128900,0,1,1.0
180686,0,0,0.0
376414,0,0,0.0
419349,0,0,0.0
204348,0,0,0.0
141482,0,0,0.0
261619,0,0,0.0
235894,0,0,0.0
120428,0,0,0.0
431363,0,1,1.0
132132,0,0,0.0
435786,0,0,0.0
455991,0,1,1.0
318324,0,0,0.0
275321,0,0,0.0
437257,0,0,0.0
449034,1,0,0.0
410398,0,1,1.0
206718,0,1,1.0
390944,0,0,0.0
286212,0,0,0.0
345668,1,0,0.0
133292,0,0,0.0
372071,0,0,0.0
209568,0,0,0.0
243102,0,0,0.0
312052,0,0,0.0
212171,0,0,0.0
207012,0,0,0.0
278528,0,0,0.0
182910,0,1,1.0
135705,1,0,0.0
264504,0,0,0.0
363378,0,0,0.0
378485,0,0,0.0
143454,1,1,1.0
374699,1,0,0.0
120130,0,0,0.0
371299,0,0,0.0
244313,0,0,0.0
175196,1,0,0.0
402854,0,0,0.0
357335,0,0,0.0
176372,0,0,0.0
387780,0,0,0.0
282535,0,0,0.0
384435,0,0,0.0
373095,0,0,0.0
198496,0,0,0.0
425549,0,0,0.0
162950,0,1,1.0
382861,0,0,0.0
381416,0,0,0.0
369797,0,0,0.0
248722,0,0,0.0
121407,0,1,1.0
215677,0,0,0.0
189715,0,0,0.0
311041,0,0,0.0
262839,0,0,0.0
223876,0,0,0.0
266190,0,1,1.0
279534,0,0,0.0
155360,0,0,0.0
183554,0,0,0.0
272736,0,0,0.0
397188,0,0,0.0
171682,0,0,0.0
283596,0,0,0.0
275097,0,0,0.0
109974,0,0,0.0
169286,1,0,0.0
118454,0,0,0.0
339609,0,0,0.0
214181,0,0,0.0
310286,0,1,1.0
187238,0,0,0.0
336568,0,0,0.0
145856,0,0,0.0
377981,0,0,0.0
209948,1,0,0.0
281461,0,0,0.0
269694,0,0,0.0
191707,0,0,0.0
375752,0,1,1.0
427384,0,0,0.0
436409,0,0,0.0
294198,0,1,1.0
328315,0,0,0.0
404705,0,0,0.0
123351,0,0,0.0
285952,0,0,0.0
209248,0,0,0.0
242685,0,1,1.0
333868,0,0,0.0
439860,0,0,0.0
217704,1,0,0.0
313191,0,0,0.0
367206,0,1,1.0
385016,0,0,0.0
269148,0,0,0.0
440445,0,0,0.0
371647,0,0,0.0
288834,0,0,0.0
156117,0,0,0.0
439177,0,0,0.0
146068,0,0,0.0
160294,1,0,0.0
335083,0,0,0.0
448521,0,0,0.0
216413,1,0,0.0
120574,0,0,0.0
359104,0,0,0.0
215178,0,0,0.0
295141,0,0,0.0
440190,0,0,0.0
213071,0,0,0.0
291469,0,0,0.0
292164,0,0,0.0
398232,0,0,0.0
155153,0,0,0.0
290963,0,0,0.0
336359,1,0,0.0
225378,0,0,0.0
190921,0,0,0.0
373788,0,0,0.0
133066,0,0,0.0
206123,0,0,0.0
427035,0,0,0.0
267614,0,0,0.0
197247,0,0,0.0
404801,0,0,0.0
270506,0,0,0.0
177382,0,0,0.0
312111,0,0,0.0
109527,0,1,1.0
146830,1,0,0.0
259841,0,0,0.0
102594,0,1,1.0
109082,0,0,0.0
302194,0,0,0.0
436496,0,1,1.0
360739,1,1,1.0
380251,0,0,0.0
210192,0,0,0.0
172179,0,0,0.0
413678,0,0,0.0
122665,0,0,0.0
380934,0,0,0.0
279039,0,0,0.0
343364,1,0,0.0
304264,0,0,0.0
128334,0,0,0.0
107884,0,0,0.0
101987,0,0,0.0
319259,1,0,0.0
170560,1,0,0.0
281932,0,0,0.0
223090,1,0,0.0
283651,0,0,0.0
296601,0,0,0.0
377922,0,0,0.0
214570,0,0,0.0
419242,0,1,1.0
388019,0,0,0.0
424112,0,0,0.0
239433,0,0,0.0
122555,0,0,0.0
173687,0,0,0.0
367771,0,0,0.0
346990,0,0,0.0
276957,0,0,0.0
264337,0,0,0.0
127559,1,0,0.0
177565,0,0,0.0
167802,0,0,0.0
292085,0,1,1.0
429388,0,0,0.0
150685,1,0,0.0
340986,0,0,0.0
416629,0,0,0.0
380123,0,0,0.0
111887,0,0,0.0
300661,0,1,1.0
311539,0,0,0.0
178086,0,0,0.0
152440,0,0,0.0
222479,0,0,0.0
439158,0,0,0.0
322397,0,0,0.0
353941,0,0,0.0
297565,0,0,0.0
233585,0,0,0.0
309690,0,0,0.0
228188,1,0,0.0
398536,0,0,0.0
185888,0,0,0.0
435695,0,0,0.0
193228,0,0,0.0
371686,0,0,0.0
215820,0,0,0.0
321426,0,0,0.0
437364,0,0,0.0
379282,0,0,0.0
186672,0,0,0.0
161301,1,1,1.0
327982,1,0,0.0
390470,0,0,0.0
194442,0,0,0.0
390084,0,0,0.0
344767,1,0,0.0
327447,0,0,0.0
236082,0,0,0.0
294044,0,0,0.0
434258,0,0,0.0
392550,0,0,0.0
404805,1,0,0.0
316480,0,0,0.0
299893,0,1,1.0
196767,0,0,0.0
239281,0,1,1.0
418621,0,1,1.0
196620,0,0,0.0
348857,0,1,1.0
123724,0,0,0.0
248884,1,1,1.0
265153,0,0,0.0
159148,0,0,0.0
379855,1,0,0.0
388492,0,0,0.0
109609,0,0,0.0
359616,1,0,0.0
197518,0,0,0.0
321237,0,0,0.0
326961,0,0,0.0
154218,0,0,0.0
359863,0,0,0.0
106538,0,0,0.0
186863,0,0,0.0
323110,0,0,0.0
310854,0,0,0.0
134071,0,0,0.0
109952,0,0,0.0
162395,1,0,0.0
187935,0,0,0.0
454104,0,0,0.0
243896,0,0,0.0
250439,0,0,0.0
442500,0,1,1.0
379027,0,0,0.0
391663,0,0,0.0
280347,0,0,0.0
219249,0,0,0.0
136492,0,0,0.0
423616,1,0,0.0
305394,0,0,0.0
322888,0,0,0.0
113414,0,0,0.0
203341,0,0,0.0
186077,0,0,0.0
152718,1,0,0.0
407225,0,1,1.0
127109,0,0,0.0
184591,0,0,0.0
439847,0,0,0.0
117410,0,0,0.0
252892,0,0,0.0
335606,0,1,1.0
272899,0,0,0.0
355719,0,0,0.0
306842,0,0,0.0
248923,0,0,0.0
110217,0,1,1.0
439175,0,0,0.0
163019,0,0,0.0
331725,0,0,0.0
135953,0,0,0.0
193040,0,0,0.0
163769,0,0,0.0
395270,0,0,0.0
175506,0,0,0.0
321137,0,0,0.0
347623,0,0,0.0
200637,0,1,1.0
261438,0,0,0.0
232480,0,0,0.0
130216,0,0,0.0
319343,0,0,0.0
125618,0,0,0.0
372607,0,0,0.0
255807,0,0,0.0
345392,0,0,0.0
213911,0,0,0.0
167332,0,0,0.0
218048,0,0,0.0
282784,0,0,0.0
300753,0,0,0.0
182348,0,0,0.0
105371,0,0,0.0
175036,0,0,0.0
357186,0,0,0.0
372475,1,0,0.0
325896,0,0,0.0
345624,0,0,0.0
144384,0,0,0.0
325182,0,0,0.0
411266,0,0,0.0
369654,0,0,0.0
310481,0,0,0.0
375468,0,1,1.0
224875,0,0,0.0
138320,0,0,0.0
296042,0,0,0.0
409102,0,0,0.0
285595,0,0,0.0
243115,0,0,0.0
156391,0,0,0.0
157026,0,0,0.0
206079,0,0,0.0
391626,0,0,0.0
104915,0,1,1.0
109463,0,0,0.0
405779,0,0,0.0
366424,0,0,0.0
202411,0,0,0.0
294431,0,0,0.0
378959,0,0,0.0
407510,0,0,0.0
446073,1,1,1.0
386769,0,0,0.0
274555,0,0,0.0
416590,0,0,0.0
421684,0,0,0.0
422394,0,0,0.0
360834,0,0,0.0
430218,0,0,0.0
430859,0,0,0.0
270846,0,1,1.0
347154,0,1,1.0
196913,0,0,0.0
254284,0,1,1.0
442980,0,0,0.0
320998,0,0,0.0
296574,0,1,1.0
355210,0,0,0.0
129764,0,0,0.0
336129,0,0,0.0
140648,0,0,0.0
420061,0,0,0.0
157410,0,0,0.0
430447,0,0,0.0
239029,0,0,0.0
344941,0,0,0.0
154054,0,0,0.0
271241,0,0,0.0
135937,0,0,0.0
170371,0,0,0.0
419215,0,0,0.0
146629,1,0,0.0
210547,0,0,0.0
364744,0,0,0.0
161431,0,0,0.0
388947,0,0,0.0
207101,0,0,0.0
209811,0,0,0.0
222248,0,0,0.0
142899,0,0,0.0
107006,0,0,0.0
437313,1,0,0.0
204940,0,0,0.0
189741,0,0,0.0
150961,0,0,0.0
249038,0,0,0.0
200184,0,0,0.0
395147,1,0,0.0
207421,0,0,0.0
211078,0,0,0.0
254656,0,0,0.0
332241,0,0,0.0
428156,0,0,0.0
261005,0,0,0.0
430228,0,0,0.0
262229,0,0,0.0
182723,0,0,0.0
248380,0,0,0.0
365769,0,0,0.0
387701,0,0,0.0
199120,0,0,0.0
129149,0,0,0.0
232420,0,0,0.0
116657,0,0,0.0
367986,0,0,0.0
394634,0,0,0.0
393182,0,0,0.0
362200,1,0,0.0
331600,0,0,0.0
223011,0,0,0.0
277628,0,0,0.0
160086,0,0,0.0
197830,0,0,0.0
365551,0,0,0.0
268430,0,0,0.0
377881,0,0,0.0
183015,0,0,0.0
206028,0,0,0.0
274792,0,0,0.0
312519,0,0,0.0
218457,0,0,0.0
359910,0,0,0.0
139760,0,0,0.0
169043,0,0,0.0
157649,0,0,0.0
365195,0,0,0.0
278667,0,0,0.0
344220,0,1,1.0
202137,0,0,0.0
277686,0,1,1.0
290948,0,0,0.0
340952,0,0,0.0
244091,0,0,0.0
325889,0,0,0.0
336313,0,0,0.0
408875,0,0,0.0
151962,0,0,0.0
249047,0,0,0.0
217320,0,1,1.0
102627,0,0,0.0
355345,0,0,0.0
376895,1,0,0.0
385324,0,0,0.0
429709,0,0,0.0
393637,0,0,0.0
388360,0,0,0.0
202151,0,0,0.0
287295,0,0,0.0
316650,0,0,0.0
425510,1,0,0.0
301797,0,0,0.0
217901,0,0,0.0
428765,1,0,0.0
144494,0,0,0.0
436558,0,1,1.0
256871,0,0,0.0
447750,0,0,0.0
432232,0,0,0.0
243332,0,1,1.0
258374,0,0,0.0
234882,0,0,0.0
273115,0,0,0.0
354758,0,0,0.0
128623,0,0,0.0
106619,0,0,0.0
262578,0,0,0.0
208705,0,0,0.0
324972,0,0,0.0
433716,0,0,0.0
449746,0,0,0.0
412404,0,0,0.0
397142,0,0,0.0
441232,0,0,0.0
273403,0,0,0.0
363220,0,1,1.0
275834,0,0,0.0
280811,0,0,0.0
121698,0,0,0.0
387071,0,0,0.0
455859,0,0,0.0
158741,0,0,0.0
230685,0,0,0.0
174712,0,0,0.0
189911,1,1,1.0
151760,0,0,0.0
363351,0,0,0.0
255629,0,0,0.0
362924,0,0,0.0
399069,0,0,0.0
360300,0,0,0.0
236707,0,0,0.0
365600,0,0,0.0
166591,0,0,0.0
436526,0,0,0.0
407354,0,0,0.0
150620,0,0,0.0
430197,0,0,0.0
162772,1,0,0.0
356133,0,0,0.0
430795,0,0,0.0
387686,0,0,0.0
232344,0,0,0.0
320654,0,0,0.0
287742,0,0,0.0
386195,0,0,0.0
398323,0,0,0.0
245743,0,0,0.0
324928,1,0,0.0
232289,0,0,0.0
248374,0,1,1.0
271539,0,0,0.0
335650,0,0,0.0
237273,0,0,0.0
281212,0,0,0.0
232027,0,0,0.0
331778,0,0,0.0
279228,0,0,0.0
106069,0,1,1.0
193978,0,1,1.0
234888,0,0,0.0
412893,0,1,1.0
383894,0,1,1.0
111674,0,0,0.0
130357,0,0,0.0
324608,0,0,0.0
192951,0,0,0.0
395099,0,0,0.0
327455,0,0,0.0
225671,0,0,0.0
267975,0,0,0.0
375455,0,0,0.0
183066,0,1,1.0
198252,0,0,0.0
126839,0,0,0.0
251212,0,1,1.0
134352,0,0,0.0
289357,0,0,0.0
136998,1,0,0.0
177014,0,1,1.0
214066,1,0,0.0
289181,0,0,0.0
378983,0,0,0.0
247506,0,0,0.0
233415,0,0,0.0
430085,0,0,0.0
130959,0,0,0.0
200765,0,0,0.0
405847,0,0,0.0
260581,0,0,0.0
202813,0,0,0.0
319715,0,0,0.0
332206,0,0,0.0
383970,0,0,0.0
167730,1,0,0.0
317154,0,0,0.0
246465,0,0,0.0
328365,0,0,0.0
420509,0,0,0.0
291152,0,0,0.0
123652,0,0,0.0
378171,0,0,0.0
158947,0,0,0.0
284261,0,0,0.0
384531,0,0,0.0
362815,0,0,0.0
106318,0,0,0.0
183014,1,0,0.0
213673,1,0,0.0
435084,0,0,0.0
338057,0,0,0.0
273618,0,0,0.0
199531,0,0,0.0
111649,1,0,0.0
367765,0,0,0.0
124589,0,0,0.0
451251,0,0,0.0
161869,0,1,1.0
277690,0,1,1.0
433255,0,0,0.0
353730,0,0,0.0
323646,0,0,0.0
222075,0,0,0.0
404296,0,0,0.0
276169,0,0,0.0
159461,0,0,0.0
129643,0,0,0.0
117738,0,0,0.0
153086,0,0,0.0
287645,0,0,0.0
286951,0,1,1.0
183903,0,0,0.0
110673,0,0,0.0
385817,0,0,0.0
453069,0,0,0.0
400316,0,0,0.0
408207,0,0,0.0
373873,0,0,0.0
256612,0,0,0.0
327423,0,0,0.0
384984,0,0,0.0
306952,0,0,0.0
186393,0,0,0.0
115403,0,0,0.0
402586,0,0,0.0
423287,0,0,0.0
223573,0,0,0.0
150831,0,0,0.0
294490,0,0,0.0
395031,0,0,0.0
179695,0,0,0.0
443032,0,0,0.0
302423,0,0,0.0
249530,0,0,0.0
148316,0,0,0.0
441992,0,0,0.0
431235,0,0,0.0
245692,0,0,0.0
370739,0,0,0.0
177106,0,1,1.0
330910,0,0,0.0
390541,0,1,1.0
233292,0,0,0.0
309426,0,0,0.0
244427,1,0,0.0
328089,0,0,0.0
139468,0,0,0.0
265492,0,0,0.0
411508,0,0,0.0
246731,0,0,0.0
321442,0,0,0.0
131450,1,0,0.0
383416,0,0,0.0
168942,0,0,0.0
311666,1,0,0.0
113510,0,0,0.0
293725,0,1,1.0
293393,0,0,0.0
401217,0,0,0.0
221047,0,0,0.0
172092,0,0,0.0
282813,0,0,0.0
356000,0,0,0.0
271445,0,0,0.0
212495,0,0,0.0
212597,0,0,0.0
346810,0,0,0.0
266640,0,0,0.0
287619,0,0,0.0
302993,0,0,0.0
286739,1,0,0.0
266693,0,0,0.0
383332,0,0,0.0
408634,0,0,0.0
391956,0,0,0.0
260089,0,0,0.0
392747,0,1,1.0
187873,0,0,0.0
298538,0,0,0.0
387540,0,0,0.0
114981,0,0,0.0
296827,0,0,0.0
252919,0,0,0.0
250389,0,0,0.0
372747,0,0,0.0
242658,0,0,0.0
311449,0,0,0.0
269962,0,0,0.0
249732,0,0,0.0
328166,0,0,0.0
216805,0,0,0.0
197669,0,0,0.0
340966,0,0,0.0
273024,1,1,1.0
447142,0,0,0.0
196136,0,0,0.0
342863,0,1,1.0
196716,0,0,0.0
220385,0,0,0.0
173433,0,0,0.0
208200,0,0,0.0
156341,0,0,0.0
273708,0,0,0.0
236054,0,0,0.0
336790,0,0,0.0
167795,0,0,0.0
202477,0,0,0.0
313941,0,0,0.0
388382,0,0,0.0
277434,0,0,0.0
224897,0,0,0.0
314157,0,0,0.0
210725,0,0,0.0
115408,0,0,0.0
191040,0,0,0.0
141488,0,0,0.0
221173,0,0,0.0
183309,0,0,0.0
397727,0,0,0.0
283783,0,0,0.0
326481,0,0,0.0
192339,0,0,0.0
132621,0,0,0.0
307019,0,0,0.0
383227,0,0,0.0
149493,0,0,0.0
232071,0,0,0.0
336608,0,0,0.0
308087,0,0,0.0
272565,0,0,0.0
453777,0,0,0.0
273692,0,0,0.0
344257,0,0,0.0
135891,0,0,0.0
130726,0,1,1.0
267207,0,0,0.0
350466,0,0,0.0
339802,0,0,0.0
306673,0,0,0.0
207226,0,0,0.0
360402,0,0,0.0
238770,1,0,0.0
345091,0,0,0.0
315144,1,1,1.0
140734,0,0,0.0
134081,0,0,0.0
450146,0,0,0.0
421123,0,0,0.0
149197,0,0,0.0
185292,0,0,0.0
197800,0,0,0.0
342325,0,0,0.0
131135,0,0,0.0
176804,0,0,0.0
182671,0,0,0.0
233331,1,0,0.0
276103,0,0,0.0
184416,0,0,0.0
375089,0,0,0.0
350590,0,0,0.0
441988,0,0,0.0
398074,0,0,0.0
171018,0,0,0.0
369647,0,0,0.0
375608,0,0,0.0
440514,0,0,0.0
109752,1,1,1.0
355034,0,0,0.0
268606,0,0,0.0
453345,0,0,0.0
354798,0,0,0.0
358619,0,0,0.0
262880,0,0,0.0
231130,0,0,0.0
226722,0,0,0.0
116246,0,0,0.0
413546,0,0,0.0
142295,0,0,0.0
122183,0,0,0.0
264617,0,0,0.0
112928,0,0,0.0
207669,0,0,0.0
299523,0,0,0.0
268088,0,0,0.0
440013,0,0,0.0
190970,0,0,0.0
241265,0,0,0.0
204584,0,0,0.0
283163,0,0,0.0
380954,0,0,0.0
288858,1,0,0.0
295966,0,0,0.0
112410,0,0,0.0
183729,0,0,0.0
438493,0,0,0.0
174383,0,0,0.0
107942,0,0,0.0
137307,0,0,0.0
303703,0,0,0.0
342890,0,0,0.0
453954,0,0,0.0
340598,0,0,0.0
275283,0,0,0.0
387315,0,0,0.0
307146,0,1,1.0
132264,0,0,0.0
323790,0,0,0.0
409038,0,0,0.0
110273,0,0,0.0
403402,0,0,0.0
235133,1,1,1.0
117360,1,0,0.0
170756,0,0,0.0
371684,0,0,0.0
241404,0,0,0.0
369559,0,0,0.0
364265,0,0,0.0
283343,0,0,0.0
362385,0,0,0.0
137391,0,0,0.0
426057,0,0,0.0
198480,0,0,0.0
297337,0,0,0.0
272934,0,0,0.0
384740,0,0,0.0
321715,0,0,0.0
369199,0,0,0.0
355548,0,0,0.0
305248,0,0,0.0
128500,0,0,0.0
219790,0,0,0.0
165117,0,0,0.0
201353,0,0,0.0
448945,0,0,0.0
330591,0,0,0.0
153431,0,0,0.0
163506,0,0,0.0
205759,1,0,0.0
267199,0,0,0.0
220814,0,0,0.0
108701,0,0,0.0
118030,0,0,0.0
437376,0,0,0.0
236097,0,0,0.0
301041,0,0,0.0
263506,0,0,0.0
117744,0,1,1.0
416107,0,0,0.0
200725,0,0,0.0
327684,1,1,1.0
237367,0,0,0.0
207860,0,0,0.0
452369,0,0,0.0
432047,0,0,0.0
226154,0,0,0.0
342162,0,0,0.0
111601,0,0,0.0
208085,0,0,0.0
206713,0,0,0.0
150862,0,0,0.0
450147,1,0,0.0
240395,0,0,0.0
334820,1,0,0.0
426283,0,0,0.0
288613,0,0,0.0
239732,0,0,0.0
238997,0,0,0.0
372204,0,0,0.0
271382,0,0,0.0
210765,0,0,0.0
341293,0,1,1.0
439575,0,1,1.0
229649,1,1,1.0
247368,0,0,0.0
338780,0,0,0.0
151178,0,0,0.0
452928,0,0,0.0
135399,0,0,0.0
241448,0,0,0.0
450907,0,0,0.0
152845,0,0,0.0
169403,0,0,0.0
249458,0,0,0.0
376879,0,0,0.0
434860,0,0,0.0
374769,0,0,0.0
183578,0,0,0.0
208817,0,0,0.0
306447,0,0,0.0
406775,0,0,0.0
372117,0,0,0.0
222327,1,0,0.0
406761,0,1,1.0
203734,0,0,0.0
148745,0,0,0.0
235526,0,0,0.0
146690,0,0,0.0
401110,0,0,0.0
444688,0,0,0.0
219323,0,0,0.0
376587,0,0,0.0
149522,0,0,0.0
234499,0,0,0.0
429684,0,0,0.0
391995,0,0,0.0
112757,0,0,0.0
180047,0,0,0.0
203420,0,0,0.0
454843,0,0,0.0
170624,0,0,0.0
423530,0,0,0.0
286014,0,1,1.0
140265,0,0,0.0
420019,0,0,0.0
231694,0,0,0.0
426961,0,0,0.0
367441,1,0,0.0
218427,0,0,0.0
321085,0,0,0.0
442181,0,0,0.0
405500,0,0,0.0
241744,0,0,0.0
450286,0,0,0.0
303660,0,0,0.0
192681,0,0,0.0
176748,0,1,1.0
146230,1,0,0.0
454274,0,1,1.0
119491,0,0,0.0
101228,0,0,0.0
116321,0,0,0.0
137896,0,0,0.0
320465,0,1,1.0
355412,0,0,0.0
230060,0,1,1.0
453388,0,0,0.0
266719,0,1,1.0
195784,0,0,0.0
181296,0,0,0.0
391891,0,0,0.0
129013,0,0,0.0
193671,0,0,0.0
261940,0,1,1.0
438964,0,0,0.0
136329,1,0,0.0
352963,0,0,0.0
117042,0,0,0.0
318381,0,0,0.0
150434,1,0,0.0
298762,0,0,0.0
159723,0,0,0.0
351164,0,0,0.0
355470,1,0,0.0
188708,0,0,0.0
151676,0,0,0.0
351914,0,1,1.0
319397,0,0,0.0
291352,0,0,0.0
211091,0,0,0.0
204948,0,0,0.0
187015,0,0,0.0
191777,0,0,0.0
113265,0,0,0.0
296964,0,0,0.0
419277,0,0,0.0
268036,0,0,0.0
194299,0,0,0.0
256302,0,0,0.0
270360,0,0,0.0
212820,0,0,0.0
142229,0,0,0.0
414833,0,0,0.0
251474,0,0,0.0
350377,0,0,0.0
126365,0,0,0.0
368713,0,0,0.0
387263,0,0,0.0
112351,0,1,1.0
321775,0,0,0.0
455903,0,0,0.0
430721,0,0,0.0
215297,0,0,0.0
201835,1,0,0.0
122284,0,0,0.0
188597,1,0,0.0
452763,0,0,0.0
386427,0,1,1.0
250805,0,0,0.0
120949,0,0,0.0
422753,0,0,0.0
108279,0,0,0.0
191318,0,0,0.0
197062,0,0,0.0
366223,0,0,0.0
291866,0,0,0.0
284375,0,0,0.0
136343,0,1,1.0
110680,0,0,0.0
347847,0,0,0.0
235707,1,0,0.0
333514,0,0,0.0
221179,0,1,1.0
231089,0,0,0.0
199044,0,0,0.0
333482,0,0,0.0
223459,1,0,0.0
142597,1,0,0.0
112628,0,0,0.0
252451,0,0,0.0
299201,0,0,0.0
148976,0,0,0.0
443605,0,0,0.0
176022,0,0,0.0
358696,0,0,0.0
342312,1,0,0.0
343561,1,0,0.0
285323,0,0,0.0
245436,0,0,0.0
312149,0,0,0.0
372358,0,0,0.0
320092,0,0,0.0
421899,0,0,0.0
263772,0,0,0.0
287169,0,0,0.0
112799,0,0,0.0
114523,0,1,1.0
363573,0,0,0.0
330817,0,0,0.0
303659,0,0,0.0
192809,0,0,0.0
415906,0,0,0.0
299236,0,0,0.0
456187,0,1,1.0
412213,0,0,0.0
433212,0,0,0.0
444243,0,0,0.0
188924,0,0,0.0
430284,0,0,0.0
334452,0,0,0.0
301324,0,0,0.0
386442,0,0,0.0
298972,0,0,0.0
181311,1,0,0.0
137340,0,0,0.0
245571,0,0,0.0
201809,0,0,0.0
272289,0,1,1.0
270125,0,0,0.0
368418,1,0,0.0
304216,0,0,0.0
248392,0,0,0.0
422314,0,0,0.0
290628,0,0,0.0
300655,0,0,0.0
401574,0,0,0.0
400905,0,0,0.0
168374,1,0,0.0
232175,1,0,0.0
378565,0,0,0.0
292156,0,0,0.0
100320,0,0,0.0
202203,0,0,0.0
268676,0,0,0.0
158976,0,0,0.0
120191,0,0,0.0
431943,0,0,0.0
124713,0,0,0.0
172521,0,0,0.0
358012,0,1,1.0
295596,1,0,0.0
124896,0,0,0.0
168990,0,1,1.0
113739,0,0,0.0
119783,0,0,0.0
145953,0,0,0.0
401279,0,0,0.0
130368,0,0,0.0
178212,0,0,0.0
312331,1,0,0.0
322316,0,0,0.0
179426,0,0,0.0
384202,0,0,0.0
346130,0,1,1.0
436656,0,0,0.0
453683,0,0,0.0
428916,1,0,0.0
381638,0,0,0.0
305446,0,0,0.0
115152,1,0,0.0
423589,0,0,0.0
181880,0,0,0.0
248680,0,0,0.0
308758,0,0,0.0
220467,0,0,0.0
113918,0,0,0.0
207468,0,0,0.0
446693,0,0,0.0
222790,0,0,0.0
382269,0,0,0.0
148463,0,0,0.0
423344,0,0,0.0
101372,0,0,0.0
116587,0,0,0.0
374742,0,0,0.0
325397,0,0,0.0
108932,0,0,0.0
257698,0,0,0.0
435167,0,1,1.0
371965,0,0,0.0
267019,0,0,0.0
176439,0,0,0.0
356747,0,0,0.0
439434,0,0,0.0
230620,0,0,0.0
374360,0,0,0.0
240045,0,0,0.0
251118,0,0,0.0
369088,0,0,0.0
274851,0,0,0.0
166391,0,1,1.0
157420,0,0,0.0
149447,0,0,0.0
284078,0,0,0.0
438944,0,0,0.0
156719,0,0,0.0
132929,1,0,0.0
290993,1,0,0.0
304525,0,0,0.0
411983,0,0,0.0
205042,0,0,0.0
137107,0,0,0.0
240758,1,0,0.0
282102,0,0,0.0
383607,0,0,0.0
326702,0,0,0.0
121042,1,0,0.0
122645,0,0,0.0
320772,0,0,0.0
378884,0,0,0.0
432341,0,0,0.0
435577,0,0,0.0
291065,0,0,0.0
284467,0,0,0.0
327002,0,0,0.0
409851,0,1,1.0
227814,0,0,0.0
254171,0,1,1.0
280840,0,0,0.0
215384,0,0,0.0
227491,0,0,0.0
332927,0,1,1.0
190332,0,0,0.0
255771,0,0,0.0
396642,0,0,0.0
297744,0,0,0.0
279124,0,0,0.0
279721,0,0,0.0
270064,0,0,0.0
100089,0,0,0.0
230843,0,0,0.0
347151,0,0,0.0
215658,0,0,0.0
176488,0,0,0.0
216835,0,0,0.0
229331,0,0,0.0
191526,0,0,0.0
158774,0,0,0.0
358739,0,0,0.0
182857,0,0,0.0
272797,1,0,0.0
165652,0,0,0.0
408982,0,0,0.0
157331,0,0,0.0
206146,0,0,0.0
121742,0,0,0.0
284379,0,0,0.0
369497,0,0,0.0
232710,0,0,0.0
425245,0,0,0.0
160771,0,0,0.0
210999,1,0,0.0
350947,0,0,0.0
345465,0,0,0.0
174969,0,0,0.0
425603,0,0,0.0
403210,0,0,0.0
405707,0,0,0.0
322985,0,1,1.0
237180,0,1,1.0
331520,0,0,0.0
278564,0,0,0.0
208471,0,0,0.0
404003,0,0,0.0
374919,0,0,0.0
115625,0,0,0.0
306623,0,0,0.0
292955,0,1,1.0
263050,0,1,1.0
107182,0,0,0.0
127798,0,0,0.0
363658,0,0,0.0
139708,1,0,0.0
386539,0,0,0.0
308950,0,1,1.0
174651,0,0,0.0
238462,0,0,0.0
403275,0,0,0.0
379125,0,0,0.0
372895,0,0,0.0
105853,0,1,1.0
420984,0,0,0.0
437248,0,0,0.0
175765,0,0,0.0
279024,0,0,0.0
338743,0,0,0.0
182004,0,0,0.0
420802,0,0,0.0
348706,0,1,1.0
247440,0,0,0.0
397225,0,0,0.0
170047,0,0,0.0
110480,0,0,0.0
323044,0,0,0.0
174658,0,0,0.0
372990,0,0,0.0
306075,0,0,0.0
202335,0,0,0.0
327250,0,0,0.0
357396,0,0,0.0
414460,0,0,0.0
140093,0,0,0.0
428494,0,0,0.0
428622,0,1,1.0
366004,0,0,0.0
134725,1,0,0.0
259421,0,0,0.0
325715,0,0,0.0
243564,1,0,0.0
405739,0,0,0.0
140586,0,1,1.0
120062,0,0,0.0
124479,0,0,0.0
168873,1,0,0.0
174333,0,0,0.0
118667,0,0,0.0
362482,0,0,0.0
282895,0,0,0.0
121188,0,1,1.0
304135,0,0,0.0
217711,0,0,0.0
300536,0,0,0.0
213072,0,1,1.0
115843,0,0,0.0
113503,0,0,0.0
306590,0,0,0.0
214090,0,0,0.0
277192,0,0,0.0
357639,0,0,0.0
236081,0,0,0.0
123514,0,0,0.0
305949,0,1,1.0
126751,0,0,0.0
436856,0,0,0.0
265769,0,0,0.0
177968,0,0,0.0
114876,0,0,0.0
137844,0,0,0.0
438231,0,0,0.0
112340,0,0,0.0
175760,0,1,1.0
200417,0,0,0.0
452747,0,0,0.0
117023,0,0,0.0
447382,0,0,0.0
447616,1,0,0.0
449526,0,0,0.0
399350,0,0,0.0
297607,0,0,0.0
293683,0,0,0.0
203141,0,0,0.0
405266,0,0,0.0
344588,0,0,0.0
265825,0,0,0.0
403596,0,0,0.0
293525,0,0,0.0
133817,0,0,0.0
292686,0,0,0.0
311556,0,0,0.0
273116,0,0,0.0
127860,0,0,0.0
213919,0,0,0.0
442343,0,0,0.0
255424,0,0,0.0
208776,0,0,0.0
324399,0,0,0.0
126648,0,0,0.0
304597,0,0,0.0
254879,0,0,0.0
289847,0,0,0.0
456230,0,0,0.0
134733,0,0,0.0
380765,0,0,0.0
265504,0,0,0.0
421184,0,0,0.0
194793,0,0,0.0
232202,0,1,1.0
132073,0,0,0.0
118711,0,0,0.0
277590,0,0,0.0
410882,0,0,0.0
127423,0,0,0.0
340634,0,0,0.0
241581,0,0,0.0
231007,0,0,0.0
291283,0,0,0.0
157057,0,0,0.0
200853,0,0,0.0
266211,0,0,0.0
256734,0,0,0.0
191589,0,0,0.0
390965,0,0,0.0
326381,0,0,0.0
276208,0,0,0.0
215215,0,0,0.0
270588,1,1,1.0
151144,0,0,0.0
178013,0,0,0.0
305732,0,0,0.0
224785,0,0,0.0
110464,0,0,0.0
251381,0,0,0.0
250527,0,0,0.0
358120,0,0,0.0
214449,0,1,1.0
425012,0,0,0.0
314669,0,0,0.0
200617,0,0,0.0
452441,0,0,0.0
439650,0,0,0.0
221518,0,0,0.0
336227,0,0,0.0
297361,0,0,0.0
253642,0,0,0.0
292117,0,0,0.0
318867,0,0,0.0
213154,1,0,0.0
273171,0,0,0.0
418781,0,0,0.0
149263,0,0,0.0
313766,1,0,0.0
187355,0,0,0.0
173983,0,0,0.0
444316,1,0,0.0
116731,0,0,0.0
209189,0,0,0.0
259775,0,0,0.0
169521,1,0,0.0
116396,0,1,1.0
246368,0,1,1.0
444043,0,0,0.0
342438,1,0,0.0
130968,0,0,0.0
311304,0,0,0.0
114270,0,0,0.0
121608,0,0,0.0
129558,0,0,0.0
253851,0,0,0.0
248873,0,0,0.0
278679,0,0,0.0
263788,0,0,0.0
376181,0,0,0.0
125778,0,0,0.0
299373,0,0,0.0
195714,0,0,0.0
301929,0,0,0.0
156550,0,0,0.0
290578,0,0,0.0
386656,0,0,0.0
399929,0,0,0.0
453772,1,1,1.0
232232,0,0,0.0
383851,0,0,0.0
123157,0,0,0.0
359121,0,0,0.0
386693,0,0,0.0
408653,0,0,0.0
171897,1,0,0.0
328061,0,0,0.0
442607,0,0,0.0
146112,1,0,0.0
273893,0,0,0.0
400637,0,0,0.0
356540,0,0,0.0
259185,0,0,0.0
107972,0,0,0.0
271319,0,0,0.0
275611,0,0,0.0
377179,0,1,1.0
253914,1,0,0.0
222690,0,0,0.0
330165,1,0,0.0
401754,0,0,0.0
205650,0,0,0.0
376071,0,0,0.0
404219,0,0,0.0
264727,0,0,0.0
162796,0,1,1.0
114478,0,0,0.0
381603,0,0,0.0
137073,0,0,0.0
171238,0,0,0.0
134930,0,0,0.0
179116,0,1,1.0
365011,0,0,0.0
263435,0,0,0.0
379652,0,0,0.0
432234,0,0,0.0
409920,0,0,0.0
337257,0,0,0.0
448128,0,1,1.0
314452,0,0,0.0
214537,0,0,0.0
124819,0,0,0.0
257580,0,0,0.0
246774,0,0,0.0
151183,1,0,0.0
147033,0,0,0.0
365921,0,0,0.0
201594,0,0,0.0
217536,0,0,0.0
426082,0,0,0.0
428914,0,0,0.0
122625,0,0,0.0
131429,0,0,0.0
413224,0,0,0.0
317666,0,0,0.0
328443,0,0,0.0
391689,0,0,0.0
279351,0,1,1.0
205669,0,0,0.0
188569,0,0,0.0
147452,0,0,0.0
105234,0,0,0.0
335018,0,0,0.0
283942,0,0,0.0
159376,0,0,0.0
433476,0,0,0.0
245187,0,0,0.0
229674,0,0,0.0
282788,0,0,0.0
362483,1,0,0.0
251670,0,0,0.0
445764,0,0,0.0
270752,0,0,0.0
254911,0,1,1.0
407494,0,0,0.0
167482,0,0,0.0
436475,0,0,0.0
421933,0,0,0.0
369110,0,0,0.0
293210,0,0,0.0
261434,0,0,0.0
282615,0,0,0.0
176438,0,0,0.0
448916,0,0,0.0
310230,1,1,1.0
363346,0,1,1.0
277724,0,0,0.0
320694,0,0,0.0
155155,0,0,0.0
363775,0,1,1.0
187000,0,0,0.0
117521,0,0,0.0
213452,0,0,0.0
224377,0,1,1.0
295301,0,0,0.0
280436,0,0,0.0
410281,0,0,0.0
212633,0,0,0.0
262515,0,0,0.0
372828,0,1,1.0
283904,0,0,0.0
437337,0,1,1.0
303950,0,0,0.0
152139,0,0,0.0
413269,0,0,0.0
232273,0,0,0.0
410597,0,0,0.0
299088,0,0,0.0
125446,0,0,0.0
249646,0,0,0.0
452135,1,0,0.0
274141,0,0,0.0
313435,0,1,1.0
284073,0,0,0.0
415358,0,0,0.0
217740,0,0,0.0
296666,1,0,0.0
448852,1,1,1.0
377959,0,0,0.0
324103,0,0,0.0
333510,0,1,1.0
108288,0,0,0.0
206642,0,0,0.0
402566,0,0,0.0
236520,0,0,0.0
409504,0,0,0.0
114996,0,0,0.0
243392,0,0,0.0
340298,0,0,0.0
181212,0,0,0.0
422622,0,0,0.0
385936,0,0,0.0
378012,0,0,0.0
169617,0,0,0.0
212253,0,0,0.0
351511,0,0,0.0
271028,0,0,0.0
266908,0,0,0.0
134028,0,0,0.0
241537,0,0,0.0
305245,0,1,1.0
100790,0,0,0.0
294633,0,0,0.0
438347,0,0,0.0
454960,0,0,0.0
184379,0,0,0.0
153167,0,0,0.0
274544,0,0,0.0
166934,0,0,0.0
246506,0,0,0.0
295466,0,0,0.0
108940,0,0,0.0
298178,0,0,0.0
214616,0,0,0.0
212707,1,0,0.0
386009,0,0,0.0
441729,0,1,1.0
414773,0,0,0.0
454223,0,0,0.0
179933,0,0,0.0
263023,0,0,0.0
158628,0,1,1.0
201227,0,0,0.0
273380,0,0,0.0
132812,0,0,0.0
191531,0,0,0.0
382478,1,1,1.0
383869,0,0,0.0
315959,0,0,0.0
207683,0,0,0.0
325374,0,0,0.0
349414,0,0,0.0
154928,0,0,0.0
341040,0,0,0.0
345601,0,0,0.0
321477,0,0,0.0
102106,0,0,0.0
421516,0,1,1.0
392666,0,0,0.0
297272,0,0,0.0
451128,0,0,0.0
393027,0,0,0.0
380541,0,0,0.0
449441,0,0,0.0
150996,0,0,0.0
395137,0,0,0.0
170398,0,0,0.0
106824,0,1,1.0
235286,1,1,1.0
305092,0,0,0.0
132922,0,0,0.0
355744,0,0,0.0
152880,0,0,0.0
195413,0,0,0.0
438619,0,0,0.0
298076,0,0,0.0
368689,0,0,0.0
120136,0,0,0.0
254665,0,0,0.0
280072,0,0,0.0
452985,0,0,0.0
129579,0,0,0.0
114675,0,0,0.0
409970,1,0,0.0
278395,0,0,0.0
434154,0,0,0.0
362422,1,0,0.0
160163,0,0,0.0
129859,0,0,0.0
409190,0,0,0.0
306167,1,1,1.0
207312,0,0,0.0
400086,0,0,0.0
307872,0,0,0.0
109933,0,0,0.0
184479,0,0,0.0
447411,0,0,0.0
190141,0,0,0.0
272325,0,0,0.0
422559,0,0,0.0
353298,0,0,0.0
118864,0,0,0.0
429400,0,0,0.0
359639,0,0,0.0
107343,0,0,0.0
241236,0,0,0.0
171171,0,0,0.0
172051,0,0,0.0
270232,0,0,0.0
212468,0,0,0.0
321749,0,0,0.0
362469,0,0,0.0
455664,0,0,0.0
305276,0,0,0.0
107107,0,1,1.0
320627,0,0,0.0
342259,0,0,0.0
258585,0,0,0.0
247703,0,0,0.0
278345,0,0,0.0
235311,0,0,0.0
380976,0,0,0.0
383500,1,0,0.0
109280,0,0,0.0
248647,0,1,1.0
432817,0,0,0.0
184732,0,1,1.0
159610,0,0,0.0
134442,0,0,0.0
412554,0,0,0.0
113958,0,0,0.0
223515,0,0,0.0
175924,0,0,0.0
239139,0,0,0.0
243837,0,0,0.0
302647,0,0,0.0
387818,0,0,0.0
424178,0,0,0.0
306738,0,0,0.0
147422,0,0,0.0
103906,0,0,0.0
191813,0,0,0.0
443664,0,0,0.0
328860,0,0,0.0
276777,0,0,0.0
160999,0,0,0.0
218997,0,0,0.0
365184,0,0,0.0
148148,0,0,0.0
371899,0,0,0.0
338272,0,0,0.0
334950,0,0,0.0
424401,0,0,0.0
263096,0,0,0.0
154640,0,0,0.0
390560,1,0,0.0
381614,0,0,0.0
418753,0,0,0.0
436213,0,0,0.0
204878,0,0,0.0
448135,0,0,0.0
237568,0,0,0.0
195503,0,0,0.0
413704,0,0,0.0
376928,0,0,0.0
202741,0,0,0.0
116622,0,1,1.0
132918,0,0,0.0
161441,1,0,0.0
448779,0,0,0.0
133642,0,0,0.0
316945,0,0,0.0
212727,0,0,0.0
241268,0,0,0.0
371012,1,0,0.0
312121,0,0,0.0
213494,0,0,0.0
358830,0,0,0.0
219021,0,0,0.0
302475,0,0,0.0
258597,0,0,0.0
388827,0,0,0.0
193811,0,0,0.0
372906,0,0,0.0
421191,0,0,0.0
338049,0,0,0.0
319902,0,0,0.0
455654,0,0,0.0
404000,0,0,0.0
104662,0,0,0.0
252289,0,0,0.0
401689,0,0,0.0
200834,0,0,0.0
108989,0,0,0.0
214862,0,1,1.0
302883,0,0,0.0
306112,0,0,0.0
398365,0,0,0.0
397820,0,1,1.0
299722,0,0,0.0
264798,0,0,0.0
170383,0,0,0.0
251931,0,0,0.0
371401,0,0,0.0
217439,0,0,0.0
245742,0,0,0.0
118179,0,0,0.0
449941,0,0,0.0
297762,0,0,0.0
120554,1,0,0.0
251704,0,0,0.0
323712,0,0,0.0
258850,0,0,0.0
281204,0,0,0.0
256028,0,1,1.0
169608,0,1,1.0
335946,0,1,1.0
267039,0,0,0.0
290768,0,0,0.0
239592,0,1,1.0
126901,0,0,0.0
149189,0,0,0.0
423207,0,0,0.0
443928,0,0,0.0
149232,0,0,0.0
385775,0,0,0.0
187387,0,0,0.0
209054,0,0,0.0
163606,0,0,0.0
382679,0,0,0.0
435049,0,0,0.0
381163,0,0,0.0
421286,0,0,0.0
326721,0,0,0.0
348755,0,0,0.0
175416,0,0,0.0
257616,0,0,0.0
191520,0,0,0.0
302445,0,0,0.0
271775,0,0,0.0
313904,0,0,0.0
426824,0,1,1.0
281334,0,0,0.0
289604,0,1,1.0
223834,0,0,0.0
245180,0,0,0.0
222824,0,0,0.0
127727,1,0,0.0
448865,0,0,0.0
296691,0,0,0.0
121294,0,0,0.0
231068,0,0,0.0
225896,0,0,0.0
441617,0,0,0.0
401348,0,0,0.0
402141,0,0,0.0
166496,0,0,0.0
419682,0,0,0.0
204373,0,0,0.0
119092,0,0,0.0
135336,0,0,0.0
390828,0,0,0.0
254557,0,0,0.0
231601,0,0,0.0
376713,0,0,0.0
172150,0,0,0.0
447758,0,0,0.0
450728,0,0,0.0
412806,0,0,0.0
210946,0,0,0.0
343698,0,0,0.0
134298,0,1,1.0
374978,0,0,0.0
395556,0,0,0.0
436837,0,0,0.0
184285,0,0,0.0
178132,0,0,0.0
414750,0,0,0.0
366136,0,0,0.0
105107,0,0,0.0
232856,0,1,1.0
272400,0,0,0.0
440790,0,0,0.0
285672,0,0,0.0
176654,0,0,0.0
185679,0,0,0.0
116636,0,0,0.0
184167,0,0,0.0
258301,0,0,0.0
164310,0,0,0.0
256160,0,0,0.0
449217,0,0,0.0
164886,0,0,0.0
336241,0,0,0.0
186995,0,0,0.0
259533,0,0,0.0
227231,0,0,0.0
147052,0,0,0.0
377693,1,0,0.0
322637,0,0,0.0
366914,0,0,0.0
299856,0,1,1.0
223639,0,0,0.0
359473,0,1,1.0
110874,0,0,0.0
375478,0,0,0.0
423496,0,0,0.0
139361,0,0,0.0
326008,0,0,0.0
222094,0,0,0.0
119996,0,0,0.0
422586,0,0,0.0
232294,0,0,0.0
233778,0,0,0.0
207459,0,0,0.0
242845,0,1,1.0
253898,1,0,0.0
385229,0,0,0.0
451214,1,0,0.0
242592,0,0,0.0
157316,0,0,0.0
393666,0,0,0.0
241232,0,0,0.0
142884,0,0,0.0
252519,0,0,0.0
436829,0,0,0.0
444963,0,0,0.0
158133,0,0,0.0
335028,0,0,0.0
239346,0,0,0.0
242680,0,0,0.0
377713,1,0,0.0
196125,0,0,0.0
234165,0,0,0.0
373256,0,0,0.0
398957,0,0,0.0
271320,0,0,0.0
195637,0,0,0.0
131342,0,0,0.0
332970,0,0,0.0
169152,0,1,1.0
316482,0,0,0.0
263700,1,0,0.0
219858,0,0,0.0
437204,0,0,0.0
390778,0,0,0.0
166927,0,0,0.0
137790,0,0,0.0
168041,0,0,0.0
214461,1,0,0.0
213438,0,0,0.0
295194,0,0,0.0
207942,0,0,0.0
350684,0,0,0.0
253118,0,0,0.0
411448,0,0,0.0
226524,0,0,0.0
134370,0,1,1.0
130661,0,0,0.0
362738,0,0,0.0
204686,0,0,0.0
151232,0,0,0.0
279700,0,0,0.0
251039,0,0,0.0
135004,0,0,0.0
142854,0,0,0.0
101390,0,0,0.0
311534,0,0,0.0
405279,0,0,0.0
233382,0,0,0.0
219528,0,0,0.0
186322,0,0,0.0
411586,0,0,0.0
415963,0,0,0.0
416588,0,1,1.0
337274,0,0,0.0
213761,0,1,1.0
153811,0,0,0.0
121551,0,1,1.0
136996,0,0,0.0
258886,0,0,0.0
140307,0,0,0.0
329088,0,0,0.0
238093,0,0,0.0
323306,0,1,1.0
395579,0,0,0.0
296027,0,0,0.0
252973,0,0,0.0
284662,0,0,0.0
443104,0,1,1.0
124076,0,0,0.0
446447,0,0,0.0
146793,0,0,0.0
163923,0,0,0.0
148459,0,0,0.0
252647,0,1,1.0
414963,0,0,0.0
432194,0,0,0.0
415905,0,1,1.0
430871,0,0,0.0
447117,0,0,0.0
197738,0,0,0.0
359558,0,0,0.0
369985,0,1,1.0
361358,0,0,0.0
203242,1,0,0.0
336314,0,0,0.0
173739,0,0,0.0
129538,0,0,0.0
323768,0,0,0.0
349631,0,0,0.0
428858,0,0,0.0
120312,0,0,0.0
269388,0,0,0.0
108430,0,0,0.0
445499,0,0,0.0
348684,0,0,0.0
303897,1,0,0.0
168549,0,0,0.0
103821,1,1,1.0
279022,0,0,0.0
299916,1,1,1.0
334640,0,1,1.0
282389,0,0,0.0
387132,1,0,0.0
405953,0,0,0.0
154357,1,0,0.0
120805,1,0,0.0
448319,0,0,0.0
142313,1,0,0.0
124284,0,0,0.0
187146,0,0,0.0
312401,0,0,0.0
291381,0,0,0.0
380601,0,1,1.0
428672,0,0,0.0
373487,1,0,0.0
364755,0,0,0.0
313515,0,0,0.0
445748,0,0,0.0
172884,0,0,0.0
448903,0,0,0.0
103716,0,0,0.0
119053,0,0,0.0
187250,0,0,0.0
276714,0,1,1.0
215221,0,0,0.0
350650,0,0,0.0
113554,0,0,0.0
290062,0,0,0.0
283395,0,0,0.0
231259,0,0,0.0
409036,0,1,1.0
203941,0,0,0.0
237680,0,0,0.0
121473,0,0,0.0
322728,0,0,0.0
379748,0,0,0.0
308050,0,0,0.0
289137,0,1,1.0
153589,0,0,0.0
433677,0,0,0.0
102551,0,0,0.0
392459,0,0,0.0
424229,0,1,1.0
448080,0,0,0.0
394936,0,0,0.0
327330,0,0,0.0
204817,0,0,0.0
263405,0,0,0.0
307986,0,0,0.0
422671,0,1,1.0
329205,0,0,0.0
158785,0,0,0.0
180335,1,0,0.0
216538,0,0,0.0
186923,0,0,0.0
161821,0,0,0.0
100739,0,0,0.0
156473,0,0,0.0
354752,1,0,0.0
174652,0,0,0.0
317459,0,0,0.0
391151,0,0,0.0
169319,0,0,0.0
400932,0,0,0.0
412489,0,0,0.0
395307,0,0,0.0
113858,0,0,0.0
123506,0,1,1.0
355211,0,0,0.0
271011,0,0,0.0
346783,0,0,0.0
406399,0,0,0.0
261291,0,0,0.0
305907,0,1,1.0
177835,0,0,0.0
205055,0,0,0.0
264824,0,0,0.0
365538,0,0,0.0
197635,1,0,0.0
202227,0,0,0.0
331229,0,0,0.0
403754,0,0,0.0
315417,0,0,0.0
398262,0,0,0.0
145283,0,0,0.0
275086,0,0,0.0
287129,0,0,0.0
202644,0,0,0.0
439083,0,0,0.0
413970,0,0,0.0
141763,0,0,0.0
363630,0,0,0.0
107622,0,0,0.0
238974,0,0,0.0
107934,0,0,0.0
283153,0,1,1.0
166697,1,0,0.0
108551,0,0,0.0
391290,0,0,0.0
303730,0,0,0.0
372075,0,0,0.0
374033,0,0,0.0
124641,0,0,0.0
222613,0,0,0.0
423871,0,0,0.0
110088,0,0,0.0
361123,0,1,1.0
190307,0,0,0.0
361161,0,0,0.0
341262,1,0,0.0
359110,0,1,1.0
281520,0,0,0.0
136306,0,0,0.0
337272,0,1,1.0
312199,0,0,0.0
244960,0,1,1.0
329734,0,0,0.0
436199,0,0,0.0
139966,0,0,0.0
347811,0,1,1.0
162623,0,0,0.0
376381,0,0,0.0
123034,0,0,0.0
147888,0,0,0.0
369241,0,0,0.0
269563,0,0,0.0
446584,0,0,0.0
214167,1,0,0.0
365590,0,0,0.0
280036,0,0,0.0
441358,0,0,0.0
108037,0,0,0.0
441237,0,0,0.0
185436,0,0,0.0
135056,0,0,0.0
129077,0,0,0.0
423033,0,1,1.0
379779,1,0,0.0
360868,0,0,0.0
288843,0,1,1.0
393295,0,0,0.0
358060,1,0,0.0
352480,0,0,0.0
135634,0,0,0.0
319056,0,0,0.0
326555,0,0,0.0
185544,0,0,0.0
409532,0,1,1.0
142179,0,1,1.0
351896,1,0,0.0
447903,0,0,0.0
221514,0,0,0.0
236665,0,0,0.0
375180,0,0,0.0
402783,0,0,0.0
328112,0,0,0.0
322268,0,0,0.0
155304,0,0,0.0
205716,0,0,0.0
247214,0,1,1.0
185621,0,0,0.0
334081,0,0,0.0
204285,0,0,0.0
170686,0,1,1.0
354276,0,0,0.0
185676,0,0,0.0
107616,0,0,0.0
125405,0,0,0.0
286840,0,0,0.0
231008,0,0,0.0
134770,0,0,0.0
455459,0,0,0.0
395426,0,0,0.0
220692,0,0,0.0
120429,0,1,1.0
380235,0,0,0.0
342784,0,0,0.0
399966,0,0,0.0
250218,0,0,0.0
201650,0,0,0.0
239229,0,0,0.0
382021,0,0,0.0
429793,0,0,0.0
286522,0,0,0.0
414655,0,0,0.0
384956,0,0,0.0
381083,0,0,0.0
204914,0,0,0.0
191090,0,0,0.0
312768,0,0,0.0
269658,0,0,0.0
349208,0,1,1.0
186256,0,0,0.0
181050,0,0,0.0
335523,0,0,0.0
135367,0,1,1.0
311249,0,0,0.0
310776,0,0,0.0
370490,0,0,0.0
195236,0,0,0.0
200982,0,0,0.0
406427,0,0,0.0
338556,0,0,0.0
136232,0,0,0.0
113446,0,0,0.0
359535,1,0,0.0
147283,0,0,0.0
116631,0,0,0.0
312294,0,0,0.0
381325,1,0,0.0
433325,0,0,0.0
135286,0,0,0.0
228343,0,0,0.0
196634,0,0,0.0
446873,0,1,1.0
333160,0,0,0.0
331897,0,0,0.0
143716,0,0,0.0
143839,0,0,0.0
219418,0,0,0.0
404914,0,0,0.0
351902,0,0,0.0
402787,0,1,1.0
245662,0,0,0.0
255092,0,0,0.0
451757,0,0,0.0
333558,0,0,0.0
445413,0,0,0.0
217379,0,0,0.0
418624,1,0,0.0
137516,0,0,0.0
214116,0,0,0.0
193773,0,0,0.0
133588,0,0,0.0
453854,0,1,1.0
104213,0,0,0.0
454237,0,0,0.0
396605,0,0,0.0
298735,0,0,0.0
205848,0,0,0.0
297174,0,0,0.0
417984,0,0,0.0
364278,0,0,0.0
116620,0,0,0.0
258941,0,0,0.0
337275,0,0,0.0
443887,0,0,0.0
370180,0,0,0.0
142553,1,0,0.0
136237,1,0,0.0
413720,0,1,1.0
209265,0,0,0.0
166312,0,0,0.0
277135,0,0,0.0
404824,0,0,0.0
180783,0,0,0.0
207736,0,0,0.0
249605,0,0,0.0
415224,0,0,0.0
157931,0,0,0.0
432490,0,0,0.0
249442,0,0,0.0
118961,0,0,0.0
422250,0,0,0.0
127616,1,0,0.0
124246,0,0,0.0
312420,0,0,0.0
307505,0,0,0.0
384625,0,0,0.0
248418,0,0,0.0
201060,0,0,0.0
454458,0,0,0.0
322366,0,0,0.0
110530,0,0,0.0
399573,0,0,0.0
160968,0,0,0.0
449976,1,1,1.0
325665,0,0,0.0
411936,0,0,0.0
276409,0,0,0.0
317039,0,0,0.0
299706,0,0,0.0
327218,0,0,0.0
117600,0,0,0.0
300068,0,0,0.0
281712,0,1,1.0
385281,0,0,0.0
440035,1,0,0.0
445137,0,0,0.0
117658,0,0,0.0
382692,0,0,0.0
219547,0,0,0.0
368585,0,0,0.0
157989,0,1,1.0
417345,0,0,0.0
210311,0,0,0.0
249311,0,1,1.0
226198,0,0,0.0
226150,0,0,0.0
327101,0,0,0.0
358693,0,0,0.0
222291,0,0,0.0
302173,0,0,0.0
281774,1,0,0.0
187373,0,0,0.0
277663,0,1,1.0
437187,0,0,0.0
106623,0,0,0.0
272225,0,0,0.0
363734,0,0,0.0
188578,0,0,0.0
102421,0,1,1.0
174045,0,0,0.0
274288,0,0,0.0
111990,0,1,1.0
288222,0,0,0.0
369114,0,0,0.0
199677,0,0,0.0
180729,0,0,0.0
185654,0,0,0.0
242330,0,0,0.0
369255,0,1,1.0
298938,0,0,0.0
444177,0,0,0.0
418074,0,0,0.0
333336,0,0,0.0
382805,0,0,0.0
154744,0,0,0.0
426535,0,0,0.0
430522,0,0,0.0
243810,0,0,0.0
211853,0,0,0.0
154124,1,0,0.0
106842,0,0,0.0
129320,0,1,1.0
218047,0,0,0.0
375707,0,0,0.0
186866,0,0,0.0
217447,0,0,0.0
354892,1,0,0.0
244124,0,0,0.0
152270,0,0,0.0
292303,0,1,1.0
369620,0,0,0.0
273191,1,0,0.0
414227,0,0,0.0
455811,0,0,0.0
235012,0,0,0.0
304249,0,0,0.0
419194,0,0,0.0
337439,0,0,0.0
124497,0,0,0.0
365409,0,0,0.0
302665,0,0,0.0
289914,0,0,0.0
186319,0,0,0.0
352521,0,0,0.0
194824,0,0,0.0
272581,0,0,0.0
114105,0,0,0.0
192414,0,0,0.0
381046,0,0,0.0
143878,0,0,0.0
323734,0,0,0.0
276574,0,0,0.0
344699,0,1,1.0
127661,0,0,0.0
428736,0,0,0.0
272414,0,0,0.0
244021,0,0,0.0
112119,0,0,0.0
452853,0,0,0.0
145637,0,0,0.0
353511,0,0,0.0
292965,0,0,0.0
269566,0,0,0.0
119853,0,0,0.0
277860,0,0,0.0
420599,0,0,0.0
186185,0,0,0.0
142859,0,0,0.0
165323,0,0,0.0
262307,0,0,0.0
310135,0,0,0.0
182482,0,0,0.0
307927,0,0,0.0
448440,1,0,0.0
378612,0,0,0.0
402283,0,0,0.0
314115,0,0,0.0
229685,0,0,0.0
372620,0,0,0.0
386951,0,0,0.0
123418,0,0,0.0
437220,0,0,0.0
119297,0,0,0.0
126017,0,0,0.0
150072,0,1,1.0
276532,0,0,0.0
418791,0,0,0.0
273334,0,0,0.0
415372,0,0,0.0
384974,0,0,0.0
399986,1,0,0.0
235824,0,0,0.0
444397,0,0,0.0
234349,0,0,0.0
430752,0,0,0.0
443520,0,0,0.0
399422,0,0,0.0
365400,0,0,0.0
328044,0,0,0.0
429492,1,0,0.0
257687,0,0,0.0
283399,0,0,0.0
402585,0,0,0.0
403129,0,1,1.0
245431,0,1,1.0
266646,0,0,0.0
222722,1,0,0.0
113244,1,0,0.0
296315,1,0,0.0
289699,0,0,0.0
192331,0,0,0.0
265650,0,0,0.0
182414,0,0,0.0
314032,0,0,0.0
281721,0,0,0.0
325124,0,0,0.0
107084,0,1,1.0
431049,0,0,0.0
126509,0,0,0.0
127435,0,0,0.0
310344,0,0,0.0
436440,0,0,0.0
356815,0,0,0.0
170257,1,0,0.0
310979,0,0,0.0
285598,0,0,0.0
371920,0,0,0.0
184574,0,0,0.0
380226,0,0,0.0
229286,0,0,0.0
206673,0,0,0.0
370433,1,0,0.0
383888,0,1,1.0
130699,0,0,0.0
328710,0,0,0.0
128486,0,0,0.0
113379,0,0,0.0
146693,0,0,0.0
165327,1,0,0.0
151361,0,0,0.0
180004,0,0,0.0
247792,0,0,0.0
188886,0,1,1.0
275971,0,0,0.0
204411,0,0,0.0
261304,0,0,0.0
384574,0,0,0.0
437642,0,0,0.0
295608,0,0,0.0
249773,0,0,0.0
450379,0,0,0.0
396472,0,0,0.0
190083,0,0,0.0
253585,0,0,0.0
199476,0,0,0.0
372025,0,0,0.0
151513,1,0,0.0
243406,0,0,0.0
271845,0,0,0.0
183260,0,0,0.0
153512,0,0,0.0
284011,0,1,1.0
228726,0,0,0.0
300588,0,0,0.0
269647,0,0,0.0
246582,0,1,1.0
201608,0,0,0.0
232120,0,0,0.0
106017,0,1,1.0
376430,0,0,0.0
241594,0,0,0.0
282228,0,0,0.0
448008,0,0,0.0
196954,0,0,0.0
451981,0,0,0.0
333649,0,0,0.0
307910,0,0,0.0
355916,0,0,0.0
298526,1,0,0.0
408938,0,0,0.0
230936,0,0,0.0
100056,0,0,0.0
170321,0,1,1.0
150008,0,0,0.0
164409,0,0,0.0
308185,0,0,0.0
432687,0,0,0.0
144632,0,0,0.0
380312,0,0,0.0
435031,0,0,0.0
194851,0,0,0.0
104390,0,0,0.0
105428,0,0,0.0
420648,0,0,0.0
343975,0,0,0.0
239189,1,0,0.0
144068,0,0,0.0
279484,0,0,0.0
271920,1,0,0.0
236625,0,0,0.0
211406,0,0,0.0
212668,0,0,0.0
137901,0,1,1.0
286091,1,0,0.0
227705,0,0,0.0
396314,0,0,0.0
237389,0,0,0.0
152711,0,0,0.0
102244,0,0,0.0
267783,0,0,0.0
370848,0,0,0.0
288437,0,0,0.0
281923,0,0,0.0
284932,0,0,0.0
381868,0,0,0.0
277847,0,1,1.0
368629,0,0,0.0
304739,0,0,0.0
174915,0,0,0.0
324855,0,0,0.0
347008,0,0,0.0
159552,0,0,0.0
355256,0,0,0.0
413292,1,0,0.0
299998,1,0,0.0
405621,0,0,0.0
384690,0,0,0.0
434540,0,0,0.0
309327,0,0,0.0
443790,0,1,1.0
303707,0,0,0.0
237381,1,0,0.0
248250,1,0,0.0
182502,0,0,0.0
321438,0,0,0.0
302023,0,0,0.0
204109,0,1,1.0
231129,0,0,0.0
254594,1,1,1.0
261782,0,0,0.0
392375,0,0,0.0
160466,0,0,0.0
263677,0,0,0.0
158268,0,0,0.0
382960,0,0,0.0
120970,0,0,0.0
171806,1,0,0.0
370332,0,0,0.0
104692,0,0,0.0
275962,0,0,0.0
289019,0,0,0.0
150141,0,0,0.0
145650,0,0,0.0
281194,0,0,0.0
230910,0,0,0.0
168707,0,0,0.0
346627,0,0,0.0
390798,0,0,0.0
290181,0,0,0.0
298251,0,0,0.0
188301,0,0,0.0
200784,0,0,0.0
176462,0,0,0.0
221070,0,0,0.0
220908,0,1,1.0
416650,0,0,0.0
306943,0,0,0.0
313868,0,0,0.0
443663,0,0,0.0
320963,0,0,0.0
140484,0,0,0.0
176276,0,0,0.0
356138,0,0,0.0
379919,1,0,0.0
197670,1,0,0.0
163503,0,0,0.0
225352,0,0,0.0
281459,0,0,0.0
144246,0,0,0.0
163023,0,0,0.0
218835,1,0,0.0
303586,0,0,0.0
237667,0,0,0.0
302321,1,0,0.0
304267,0,0,0.0
410837,0,0,0.0
188371,0,0,0.0
262699,0,0,0.0
439003,0,0,0.0
104736,0,0,0.0
427788,0,0,0.0
448586,0,0,0.0
143592,0,0,0.0
257331,0,1,1.0
401030,0,0,0.0
428468,0,0,0.0
268118,0,1,1.0
293331,0,0,0.0
193999,0,0,0.0
129507,0,0,0.0
372561,1,0,0.0
286764,0,0,0.0
367608,0,0,0.0
145693,0,0,0.0
319926,0,0,0.0
429263,0,0,0.0
160689,1,0,0.0
341782,0,0,0.0
302785,0,1,1.0
348347,0,0,0.0
382621,0,0,0.0
110528,0,0,0.0
415968,0,0,0.0
451579,0,0,0.0
336648,0,0,0.0
379924,0,0,0.0
435891,0,0,0.0
186011,0,0,0.0
186236,0,0,0.0
302531,0,0,0.0
270404,0,0,0.0
377560,0,0,0.0
303873,1,1,1.0
104335,0,0,0.0
214321,0,0,0.0
133605,0,0,0.0
407600,0,0,0.0
410427,0,0,0.0
182260,0,0,0.0
110715,0,1,1.0
373208,0,0,0.0
371987,0,0,0.0
134976,0,0,0.0
234419,0,0,0.0
189440,0,0,0.0
163918,0,0,0.0
409165,0,0,0.0
144577,0,1,1.0
132285,0,0,0.0
368014,0,0,0.0
357219,0,0,0.0
191448,0,0,0.0
363839,0,0,0.0
126481,0,0,0.0
247435,0,0,0.0
214779,1,1,1.0
426563,0,0,0.0
403589,0,0,0.0
100525,0,0,0.0
196520,0,0,0.0
132547,0,0,0.0
347082,1,0,0.0
305368,1,0,0.0
390677,0,0,0.0
300556,0,0,0.0
101889,0,0,0.0
349077,0,0,0.0
117466,0,0,0.0
158264,0,0,0.0
357531,0,0,0.0
218243,0,0,0.0
303661,0,0,0.0
349849,0,0,0.0
136687,0,0,0.0
219898,0,0,0.0
361905,0,0,0.0
380594,0,1,1.0
397699,0,0,0.0
374178,0,0,0.0
394509,0,0,0.0
369018,0,0,0.0
157891,0,0,0.0
279564,0,0,0.0
449418,0,1,1.0
388587,0,0,0.0
212666,1,0,0.0
420926,0,0,0.0
404344,0,0,0.0
170578,0,0,0.0
328731,0,1,1.0
316712,0,0,0.0
244678,0,0,0.0
115944,0,0,0.0
246767,0,0,0.0
446136,0,0,0.0
173757,0,0,0.0
144410,0,0,0.0
431747,0,0,0.0
379765,0,0,0.0
121499,0,0,0.0
409546,0,1,1.0
405980,0,0,0.0
172105,0,0,0.0
250877,0,0,0.0
265851,0,0,0.0
321927,0,0,0.0
195887,0,0,0.0
163297,0,0,0.0
105600,0,0,0.0
150156,0,0,0.0
147727,0,1,1.0
294991,0,0,0.0
274712,0,0,0.0
322926,0,0,0.0
200762,0,0,0.0
410713,0,0,0.0
175530,0,1,1.0
159094,0,0,0.0
158226,0,0,0.0
213530,0,0,0.0
170289,0,0,0.0
179953,0,0,0.0
416125,0,0,0.0
128448,0,0,0.0
276820,0,0,0.0
108588,0,0,0.0
180570,0,0,0.0
376224,0,0,0.0
393907,0,0,0.0
307044,0,0,0.0
309974,0,0,0.0
109458,0,1,1.0
358801,1,0,0.0
325430,0,0,0.0
166887,0,0,0.0
115617,0,0,0.0
323832,0,0,0.0
219695,0,0,0.0
253808,0,0,0.0
421772,0,0,0.0
324743,0,0,0.0
422135,0,0,0.0
417573,0,0,0.0
427588,0,0,0.0
106765,0,0,0.0
392892,0,0,0.0
411924,0,0,0.0
242106,0,0,0.0
301777,0,1,1.0
313442,0,0,0.0
405645,0,0,0.0
452167,0,0,0.0
112415,0,0,0.0
382284,0,0,0.0
125342,0,0,0.0
327715,0,0,0.0
446598,0,0,0.0
236755,1,1,1.0
309375,0,0,0.0
443369,0,0,0.0
186450,0,0,0.0
407887,1,0,0.0
423682,0,0,0.0
425736,0,0,0.0
364628,0,0,0.0
139518,0,0,0.0
198881,1,0,0.0
113815,0,0,0.0
360873,0,0,0.0
239530,0,1,1.0
409756,0,0,0.0
424135,0,0,0.0
265239,1,0,0.0
177909,0,0,0.0
303654,0,1,1.0
228811,0,0,0.0
255612,0,0,0.0
156071,0,0,0.0
205453,0,0,0.0
442037,0,0,0.0
296834,0,0,0.0
255431,0,0,0.0
416660,0,0,0.0
233142,0,0,0.0
237299,0,1,1.0
206579,0,0,0.0
193124,0,0,0.0
326341,1,0,0.0
391665,0,0,0.0
225350,0,0,0.0
140073,0,0,0.0
249737,1,0,0.0
396607,0,0,0.0
269885,0,0,0.0
166132,0,0,0.0
340929,0,0,0.0
287122,0,0,0.0
219881,0,0,0.0
300693,0,0,0.0
444810,0,0,0.0
420173,0,0,0.0
418401,0,0,0.0
437912,0,0,0.0
137639,0,0,0.0
266262,0,0,0.0
446197,0,0,0.0
311098,0,0,0.0
291418,0,0,0.0
372167,0,1,1.0
312632,0,0,0.0
121360,0,0,0.0
338128,0,0,0.0
351906,0,0,0.0
279515,0,0,0.0
140303,0,0,0.0
215900,0,0,0.0
106141,0,0,0.0
181709,0,1,1.0
438527,0,0,0.0
321353,0,0,0.0
211110,0,0,0.0
331602,1,1,1.0
450024,0,0,0.0
146698,0,1,1.0
189432,0,0,0.0
262493,0,0,0.0
261103,0,1,1.0
173569,0,0,0.0
147504,0,0,0.0
138813,0,0,0.0
426435,0,0,0.0
175231,0,0,0.0
433619,0,0,0.0
253051,0,0,0.0
359264,0,0,0.0
311187,0,0,0.0
206204,0,0,0.0
275784,0,0,0.0
406152,0,0,0.0
443010,0,0,0.0
149394,0,0,0.0
339626,0,0,0.0
434042,0,0,0.0
369573,0,0,0.0
223686,0,0,0.0
345533,0,0,0.0
389370,0,1,1.0
175123,0,0,0.0
239531,0,1,1.0
164091,0,1,1.0
362610,0,0,0.0
119451,0,0,0.0
184827,0,0,0.0
192797,0,0,0.0
141759,0,1,1.0
303520,1,1,1.0
111786,0,0,0.0
211774,0,1,1.0
271209,0,0,0.0
274252,0,0,0.0
222594,0,0,0.0
366162,0,0,0.0
146131,0,0,0.0
173534,1,0,0.0
294219,1,0,0.0
406539,0,0,0.0
306964,0,0,0.0
216984,0,0,0.0
355072,1,0,0.0
187076,0,0,0.0
379912,0,0,0.0
384254,0,0,0.0
422996,0,0,0.0
176976,0,0,0.0
109359,0,0,0.0
421437,0,0,0.0
389241,0,0,0.0
302713,0,0,0.0
402193,0,0,0.0
148736,0,0,0.0
239040,0,0,0.0
286350,0,0,0.0
252275,0,0,0.0
391196,0,0,0.0
454284,0,0,0.0
128126,1,0,0.0
445452,0,0,0.0
212305,0,0,0.0
340743,0,1,1.0
433479,0,0,0.0
449571,0,0,0.0
238978,0,0,0.0
344529,0,0,0.0
194895,0,0,0.0
309751,0,0,0.0
239318,0,0,0.0
126441,0,0,0.0
393057,0,0,0.0
254510,0,0,0.0
349831,0,0,0.0
238909,0,1,1.0
324361,0,0,0.0
291544,0,0,0.0
283471,0,0,0.0
100683,0,0,0.0
257659,0,0,0.0
290837,0,0,0.0
421915,0,0,0.0
284023,0,0,0.0
394301,0,0,0.0
207715,0,1,1.0
181676,0,0,0.0
437898,0,0,0.0
267674,0,1,1.0
441205,0,0,0.0
311770,0,0,0.0
352150,0,0,0.0
151323,0,0,0.0
422444,0,0,0.0
353112,0,0,0.0
175033,0,0,0.0
263438,0,0,0.0
145258,0,0,0.0
279428,0,0,0.0
411665,0,0,0.0
381696,0,1,1.0
164567,0,0,0.0
380458,0,0,0.0
331268,0,0,0.0
365302,0,0,0.0
402624,0,0,0.0
253877,0,0,0.0
192402,0,1,1.0
100685,0,0,0.0
249457,0,0,0.0
193041,0,0,0.0
339629,0,0,0.0
449218,0,0,0.0
341348,0,0,0.0
197404,0,0,0.0
128990,0,0,0.0
240228,0,0,0.0
274512,0,0,0.0
192771,0,0,0.0
221888,0,0,0.0
324980,0,0,0.0
328943,0,0,0.0
323628,0,0,0.0
138850,0,1,1.0
430067,0,0,0.0
227991,0,0,0.0
435546,0,0,0.0
150491,0,0,0.0
228496,0,0,0.0
274071,0,0,0.0
446887,0,0,0.0
150067,0,0,0.0
344280,0,0,0.0
344324,1,1,1.0
225310,0,1,1.0
448089,0,0,0.0
188778,0,0,0.0
360648,0,0,0.0
234162,0,0,0.0
141303,0,0,0.0
105911,0,0,0.0
277749,0,0,0.0
205817,1,0,0.0
140021,0,0,0.0
269302,0,0,0.0
317490,0,0,0.0
296615,0,0,0.0
232524,0,0,0.0
195423,0,0,0.0
336835,0,0,0.0
420786,0,0,0.0
211246,0,0,0.0
350520,0,0,0.0
414073,0,0,0.0
200764,1,0,0.0
353864,0,0,0.0
297444,0,0,0.0
161880,0,0,0.0
255540,0,0,0.0
247898,0,0,0.0
419696,0,0,0.0
427991,0,1,1.0
133251,0,0,0.0
206811,0,0,0.0
197085,0,0,0.0
167379,0,0,0.0
281218,0,0,0.0
239368,0,0,0.0
395916,1,0,0.0
331985,0,0,0.0
109549,0,0,0.0
167369,1,0,0.0
102692,0,0,0.0
125928,0,0,0.0
162717,0,0,0.0
130673,0,1,1.0
393588,0,1,1.0
109105,0,0,0.0
368213,0,0,0.0
300092,0,0,0.0
248535,0,0,0.0
120209,0,0,0.0
112438,0,1,1.0
386983,0,0,0.0
284276,0,0,0.0
166248,0,0,0.0
122388,0,0,0.0
351585,0,0,0.0
183043,0,0,0.0
419462,1,0,0.0
102187,0,1,1.0
248072,0,0,0.0
314129,0,0,0.0
311267,1,0,0.0
238011,0,0,0.0
201369,0,1,1.0
347622,0,0,0.0
397169,0,0,0.0
275600,0,0,0.0
365542,0,0,0.0
337367,0,0,0.0
382610,0,0,0.0
178905,0,0,0.0
178498,1,0,0.0
185933,0,0,0.0
155954,0,0,0.0
110497,0,0,0.0
374801,0,0,0.0
361445,0,1,1.0
104613,0,0,0.0
283696,0,0,0.0
223096,1,0,0.0
161931,0,0,0.0
177161,0,0,0.0
380640,0,0,0.0
121727,0,1,1.0
255713,0,0,0.0
265384,0,0,0.0
120869,0,0,0.0
347150,0,0,0.0
163281,0,0,0.0
312419,0,0,0.0
206956,0,0,0.0
377078,0,0,0.0
455275,0,0,0.0
165801,0,0,0.0
373356,1,0,0.0
247754,0,0,0.0
387162,0,0,0.0
431819,0,0,0.0
242457,1,0,0.0
198935,0,0,0.0
127990,0,0,0.0
313291,0,0,0.0
278311,0,0,0.0
141910,0,0,0.0
441362,1,0,0.0
428063,0,0,0.0
310392,0,0,0.0
376872,1,1,1.0
338548,1,0,0.0
274749,0,0,0.0
264818,0,0,0.0
449048,0,1,1.0
387697,0,0,0.0
376147,0,0,0.0
376193,0,0,0.0
252868,0,0,0.0
150943,0,0,0.0
302270,0,0,0.0
327158,0,0,0.0
217983,0,0,0.0
145424,0,0,0.0
407940,1,0,0.0
222082,0,0,0.0
208892,0,0,0.0
246436,0,0,0.0
378801,0,0,0.0
354008,1,0,0.0
413356,0,0,0.0
134099,0,0,0.0
334484,0,0,0.0
397806,0,0,0.0
377284,0,0,0.0
131096,0,0,0.0
193994,1,1,1.0
352039,0,0,0.0
398590,0,0,0.0
451356,0,0,0.0
265471,0,0,0.0
276233,0,0,0.0
404763,0,0,0.0
450142,0,0,0.0
111581,0,0,0.0
282172,0,0,0.0
203404,1,0,0.0
120454,0,0,0.0
142101,0,0,0.0
335049,0,0,0.0
292330,0,0,0.0
263148,0,0,0.0
322396,0,1,1.0
230463,0,0,0.0
367385,0,0,0.0
362188,0,0,0.0
339690,0,0,0.0
308229,0,0,0.0
115376,0,0,0.0
361011,0,0,0.0
340200,0,0,0.0
351501,0,0,0.0
115673,0,0,0.0
156752,0,0,0.0
351107,1,0,0.0
239246,1,0,0.0
263544,1,0,0.0
223853,1,0,0.0
317839,0,1,1.0
337316,1,0,0.0
448328,0,1,1.0
200021,0,0,0.0
322886,0,0,0.0
133634,0,0,0.0
153765,0,0,0.0
189241,0,0,0.0
325273,0,0,0.0
373508,1,1,1.0
255471,0,0,0.0
324008,0,0,0.0
240831,0,0,0.0
187428,0,0,0.0
441753,0,0,0.0
385475,0,1,1.0
302424,0,0,0.0
360211,1,0,0.0
407493,0,1,1.0
299384,0,0,0.0
104181,0,0,0.0
223616,0,0,0.0
227346,0,0,0.0
173864,0,0,0.0
446098,0,0,0.0
107190,0,0,0.0
224887,0,0,0.0
394420,0,0,0.0
323760,0,0,0.0
455944,0,0,0.0
262627,1,0,0.0
413071,0,0,0.0
393134,0,0,0.0
387146,0,0,0.0
250885,0,0,0.0
438003,0,0,0.0
104401,0,0,0.0
308354,1,1,1.0
411579,0,0,0.0
440931,0,0,0.0
421897,0,0,0.0
128523,0,1,1.0
314451,0,0,0.0
264375,0,0,0.0
183131,0,0,0.0
298892,0,0,0.0
258392,0,0,0.0
200177,0,0,0.0
415818,0,0,0.0
424104,0,0,0.0
429234,0,0,0.0
335102,0,0,0.0
447729,0,0,0.0
240173,1,0,0.0
182138,1,0,0.0
186894,0,0,0.0
454975,0,0,0.0
349652,0,0,0.0
251092,0,0,0.0
352911,0,1,1.0
221610,0,0,0.0
322546,0,0,0.0
182606,0,0,0.0
288479,0,0,0.0
104756,0,0,0.0
228229,0,0,0.0
395565,0,0,0.0
280108,0,0,0.0
437908,0,0,0.0
143803,0,0,0.0
137170,0,0,0.0
381592,0,0,0.0
213572,0,0,0.0
253817,0,0,0.0
213227,0,0,0.0
118318,0,0,0.0
350317,1,0,0.0
436245,1,1,1.0
349588,0,0,0.0
325808,0,0,0.0
409614,0,0,0.0
160198,0,0,0.0
172195,0,0,0.0
433164,0,0,0.0
279963,1,0,0.0
139254,0,0,0.0
325989,1,1,1.0
311920,0,0,0.0
288772,0,0,0.0
384747,0,0,0.0
133093,0,0,0.0
350755,0,0,0.0
164229,0,1,1.0
228251,0,0,0.0
438800,0,0,0.0
339467,0,0,0.0
259604,0,1,1.0
222842,0,0,0.0
395402,0,0,0.0
422260,1,0,0.0
163513,0,0,0.0
231344,1,0,0.0
311744,0,0,0.0
429853,0,0,0.0
124681,0,0,0.0
146324,0,0,0.0
134691,0,0,0.0
414392,0,0,0.0
426897,0,0,0.0
359383,0,0,0.0
393022,0,0,0.0
108612,0,0,0.0
263497,0,0,0.0
147302,0,0,0.0
338395,0,0,0.0
431486,0,0,0.0
128429,0,0,0.0
198238,0,0,0.0
348386,0,0,0.0
219297,0,0,0.0
263886,0,0,0.0
181215,0,0,0.0
284707,0,0,0.0
343141,0,0,0.0
269883,0,0,0.0
330103,0,1,1.0
317253,1,0,0.0
203775,0,0,0.0
272327,0,0,0.0
196296,0,0,0.0
430056,0,0,0.0
407813,0,0,0.0
282430,1,0,0.0
209593,0,0,0.0
454042,0,0,0.0
364006,0,0,0.0
132772,0,0,0.0
183313,0,0,0.0
374309,0,0,0.0
204171,0,0,0.0
381387,0,0,0.0
363800,1,0,0.0
265752,0,0,0.0
228370,1,1,1.0
144961,0,0,0.0
299974,0,0,0.0
305831,1,0,0.0
348579,0,0,0.0
176764,0,1,1.0
162524,0,0,0.0
450411,0,1,1.0
315717,1,1,1.0
330833,0,0,0.0
284150,0,1,1.0
407458,0,0,0.0
233631,0,0,0.0
382740,0,0,0.0
181095,0,0,0.0
380515,0,0,0.0
397867,1,0,0.0
196935,0,0,0.0
156810,0,0,0.0
332235,0,0,0.0
254195,0,0,0.0
399048,0,0,0.0
214695,0,0,0.0
312423,0,0,0.0
426248,0,0,0.0
444513,0,0,0.0
179714,0,0,0.0
374407,0,0,0.0
289316,0,0,0.0
281959,0,0,0.0
163507,0,0,0.0
153487,0,0,0.0
110336,0,0,0.0
236570,0,0,0.0
453154,1,0,0.0
399919,0,1,1.0
146016,0,0,0.0
232105,0,0,0.0
221235,0,0,0.0
361084,0,0,0.0
395446,0,0,0.0
284020,0,0,0.0
352032,0,1,1.0
131002,0,0,0.0
395242,0,0,0.0
303158,0,0,0.0
305639,0,0,0.0
295629,0,1,1.0
295747,0,0,0.0
442895,0,0,0.0
261872,0,0,0.0
368623,0,0,0.0
347838,0,0,0.0
270789,0,0,0.0
216656,0,0,0.0
152160,0,0,0.0
337234,0,0,0.0
238006,0,0,0.0
351281,0,0,0.0
240546,0,0,0.0
199637,0,0,0.0
271284,1,0,0.0
259923,0,0,0.0
388151,0,0,0.0
420646,0,1,1.0
312529,0,1,1.0
120544,0,0,0.0
136818,0,0,0.0
446481,0,0,0.0
333980,0,0,0.0
216224,0,0,0.0
178033,0,1,1.0
393412,0,0,0.0
201668,0,0,0.0
235714,0,0,0.0
267262,0,0,0.0
397239,0,0,0.0
101842,1,0,0.0
372746,0,0,0.0
375606,0,0,0.0
246573,0,0,0.0
144414,0,0,0.0
306354,0,0,0.0
280364,0,0,0.0
358979,0,0,0.0
390162,0,0,0.0
320354,0,0,0.0
147559,0,0,0.0
388776,0,0,0.0
331880,0,0,0.0
113575,0,0,0.0
387732,0,0,0.0
281525,0,1,1.0
321335,0,0,0.0
169524,0,0,0.0
322011,0,0,0.0
248831,0,0,0.0
413202,0,0,0.0
286795,0,0,0.0
218198,0,0,0.0
250997,0,0,0.0
194585,0,0,0.0
242767,0,0,0.0
425917,0,0,0.0
308955,0,0,0.0
194819,0,0,0.0
231318,0,0,0.0
383924,0,0,0.0
250060,0,0,0.0
344500,0,0,0.0
116409,0,0,0.0
306784,0,0,0.0
180845,0,0,0.0
226367,1,1,1.0
168491,0,0,0.0
318864,0,0,0.0
294477,0,0,0.0
152428,0,0,0.0
271238,0,0,0.0
195152,0,0,0.0
295018,0,0,0.0
423288,1,0,0.0
119765,0,0,0.0
208572,0,0,0.0
205376,0,1,1.0
210249,0,0,0.0
432436,0,0,0.0
330290,0,0,0.0
335918,0,0,0.0
152774,0,0,0.0
311237,0,0,0.0
358875,0,1,1.0
372492,0,0,0.0
195484,0,0,0.0
314498,0,0,0.0
428931,0,0,0.0
318136,0,0,0.0
191270,0,0,0.0
129240,0,0,0.0
192858,0,0,0.0
343814,0,0,0.0
286617,0,1,1.0
128521,0,0,0.0
371789,0,0,0.0
262849,0,0,0.0
401096,0,0,0.0
434646,0,0,0.0
297400,0,0,0.0
416799,0,0,0.0
365241,0,0,0.0
281072,0,0,0.0
111229,0,1,1.0
169969,0,0,0.0
358321,0,0,0.0
418248,0,0,0.0
202044,0,0,0.0
295671,0,0,0.0
221461,0,0,0.0
284551,0,0,0.0
368449,0,0,0.0
184782,0,0,0.0
375533,0,0,0.0
214502,0,1,1.0
318825,1,0,0.0
439557,0,0,0.0
444452,0,1,1.0
187483,0,0,0.0
124914,0,0,0.0
327910,0,0,0.0
329378,0,0,0.0
307730,1,0,0.0
401797,0,0,0.0
168907,0,0,0.0
137044,0,0,0.0
323838,0,0,0.0
315161,0,0,0.0
365808,0,0,0.0
265462,0,0,0.0
235831,0,0,0.0
303673,0,0,0.0
354542,0,0,0.0
213353,0,0,0.0
434510,0,1,1.0
437250,0,0,0.0
455808,0,0,0.0
321259,0,0,0.0
268806,0,0,0.0
183265,0,0,0.0
432210,0,0,0.0
273091,0,0,0.0
380613,0,0,0.0
203825,0,0,0.0
156413,0,0,0.0
434456,0,0,0.0
404961,0,1,1.0
121314,0,0,0.0
394735,0,1,1.0
147945,0,0,0.0
138930,0,0,0.0
212827,0,0,0.0
178118,0,1,1.0
407509,0,1,1.0
238532,0,0,0.0
125431,0,0,0.0
401340,0,0,0.0
179772,0,0,0.0
184126,0,0,0.0
403420,0,0,0.0
306954,0,0,0.0
181534,0,0,0.0
221299,1,0,0.0
239581,0,0,0.0
336315,1,0,0.0
406157,0,0,0.0
153960,0,0,0.0
393158,0,0,0.0
157324,0,0,0.0
411636,0,0,0.0
149081,0,0,0.0
363477,0,0,0.0
151681,0,0,0.0
342055,0,0,0.0
217559,0,0,0.0
130939,0,1,1.0
124290,0,0,0.0
209952,1,1,1.0
252825,0,1,1.0
242775,0,0,0.0
139679,0,0,0.0
257723,0,0,0.0
260663,0,0,0.0
330756,0,0,0.0
313483,0,0,0.0
195128,0,0,0.0
319382,0,0,0.0
193523,0,0,0.0
380588,0,0,0.0
139759,0,1,1.0
413013,0,0,0.0
377616,0,0,0.0
389744,0,1,1.0
390865,0,1,1.0
121191,0,0,0.0
212164,0,0,0.0
325481,0,0,0.0
251877,0,1,1.0
423669,0,0,0.0
229686,1,0,0.0
127099,1,0,0.0
230027,0,0,0.0
167673,0,0,0.0
118996,0,0,0.0
164987,0,0,0.0
209765,0,0,0.0
371969,0,0,0.0
317894,0,0,0.0
406571,0,0,0.0
255928,0,0,0.0
223789,1,1,1.0
189956,0,0,0.0
251452,0,0,0.0
308256,0,0,0.0
288924,0,0,0.0
240344,0,0,0.0
326062,0,1,1.0
149923,1,0,0.0
177434,0,0,0.0
313929,0,0,0.0
197998,0,0,0.0
266040,0,0,0.0
335571,0,0,0.0
264690,0,0,0.0
423100,0,0,0.0
361572,0,0,0.0
328019,0,0,0.0
343104,0,0,0.0
142315,0,0,0.0
380695,0,1,1.0
297803,0,0,0.0
141701,0,0,0.0
197144,0,0,0.0
265913,0,0,0.0
362932,0,0,0.0
418991,0,0,0.0
128211,0,0,0.0
244709,0,0,0.0
196844,0,0,0.0
370183,0,0,0.0
172648,0,1,1.0
302127,0,0,0.0
255168,0,0,0.0
188020,0,1,1.0
120635,0,0,0.0
407545,0,0,0.0
404615,0,0,0.0
283166,0,0,0.0
255153,0,0,0.0
337162,0,0,0.0
399039,0,0,0.0
282032,0,0,0.0
434894,0,0,0.0
207050,0,0,0.0
160748,0,0,0.0
248780,0,1,1.0
254087,0,0,0.0
119726,1,1,1.0
144586,0,0,0.0
128907,0,1,1.0
170352,0,0,0.0
114829,0,0,0.0
195516,0,0,0.0
264663,0,0,0.0
185290,0,0,0.0
243706,0,0,0.0
405835,0,0,0.0
298589,1,0,0.0
318596,0,0,0.0
303406,0,0,0.0
347467,0,0,0.0
325979,0,0,0.0
202106,0,0,0.0
255750,1,1,1.0
453813,1,0,0.0
325134,0,0,0.0
266871,0,0,0.0
115706,0,0,0.0
182685,0,1,1.0
202425,0,0,0.0
191927,0,0,0.0
225660,0,0,0.0
308553,0,0,0.0
106324,0,0,0.0
414199,0,0,0.0
397671,0,0,0.0
248193,0,0,0.0
262903,0,0,0.0
200395,0,0,0.0
352313,0,0,0.0
272314,0,0,0.0
293613,0,0,0.0
299124,0,0,0.0
357950,1,0,0.0
315184,0,0,0.0
455274,0,0,0.0
341105,0,0,0.0
377216,0,0,0.0
270481,0,0,0.0
289136,0,0,0.0
323499,0,0,0.0
183648,0,0,0.0
190577,0,0,0.0
437310,0,0,0.0
162061,0,0,0.0
359376,0,0,0.0
418868,0,0,0.0
268241,0,0,0.0
305399,0,0,0.0
390659,0,0,0.0
274577,0,0,0.0
430001,0,0,0.0
338273,0,0,0.0
212313,0,0,0.0
143369,0,0,0.0
431428,0,1,1.0
239134,0,0,0.0
439634,0,0,0.0
446666,0,1,1.0
436842,1,0,0.0
181097,0,0,0.0
174970,0,0,0.0
174397,0,0,0.0
121852,0,0,0.0
374404,0,0,0.0
106503,0,0,0.0
253111,0,0,0.0
394836,0,0,0.0
305716,0,0,0.0
225393,0,0,0.0
334010,0,1,1.0
451604,0,0,0.0
284745,0,0,0.0
149033,0,0,0.0
430688,0,0,0.0
312252,0,1,1.0
205890,0,0,0.0
130319,0,0,0.0
436495,0,0,0.0
334926,0,0,0.0
223208,0,0,0.0
385071,0,0,0.0
298457,0,0,0.0
255456,0,0,0.0
390567,0,0,0.0
362002,0,0,0.0
155067,0,0,0.0
104846,0,1,1.0
421020,0,0,0.0
160809,0,0,0.0
201723,0,0,0.0
430361,0,0,0.0
408969,0,0,0.0
286548,0,0,0.0
172287,0,0,0.0
133154,0,0,0.0
176559,0,0,0.0
211298,0,0,0.0
283425,0,0,0.0
262807,0,0,0.0
240829,0,0,0.0
172031,0,1,1.0
233281,0,0,0.0
371380,1,0,0.0
315645,0,0,0.0
117822,0,1,1.0
232613,0,0,0.0
181887,1,0,0.0
344348,0,0,0.0
129930,1,1,1.0
174202,0,0,0.0
443531,0,0,0.0
384315,0,0,0.0
211134,0,0,0.0
183477,0,0,0.0
393744,0,0,0.0
167084,0,0,0.0
425713,0,0,0.0
387642,0,1,1.0
124217,0,0,0.0
375501,0,0,0.0
216075,0,0,0.0
172588,0,0,0.0
392456,0,0,0.0
129411,0,0,0.0
182370,0,0,0.0
231249,0,1,1.0
311465,0,0,0.0
215214,0,0,0.0
324926,1,1,1.0
132324,0,1,1.0
256337,0,1,1.0
340051,0,0,0.0
431846,0,0,0.0
439850,0,0,0.0
292534,0,0,0.0
426990,0,0,0.0
138660,0,0,0.0
298136,0,0,0.0
422073,0,0,0.0
139356,0,0,0.0
318118,1,0,0.0
447656,0,0,0.0
263919,0,0,0.0
199396,0,0,0.0
268611,0,0,0.0
362796,0,0,0.0
298647,0,0,0.0
210938,0,0,0.0
149644,0,0,0.0
444459,0,0,0.0
343681,0,0,0.0
450391,1,0,0.0
325958,0,0,0.0
359768,0,0,0.0
222379,0,0,0.0
439103,0,0,0.0
350115,0,0,0.0
387681,0,0,0.0
222029,0,0,0.0
455250,1,0,0.0
197613,0,0,0.0
299175,1,1,1.0
200403,0,0,0.0
195755,0,0,0.0
181498,0,0,0.0
254604,0,0,0.0
199199,0,0,0.0
327674,0,0,0.0
439632,0,0,0.0
162239,0,0,0.0
173201,0,0,0.0
207785,0,0,0.0
385931,0,0,0.0
262312,0,0,0.0
285115,0,0,0.0
393462,0,0,0.0
131898,0,0,0.0
298361,1,0,0.0
250446,0,0,0.0
327832,0,0,0.0
149451,0,0,0.0
294531,0,0,0.0
393316,1,1,1.0
250477,0,0,0.0
230489,1,0,0.0
285048,0,0,0.0
330086,0,0,0.0
178717,0,0,0.0
209042,0,0,0.0
336019,0,1,1.0
455557,0,0,0.0
209784,0,0,0.0
311450,0,0,0.0
358900,0,1,1.0
235185,0,0,0.0
335175,0,0,0.0
165235,0,1,1.0
416851,0,1,1.0
244493,0,0,0.0
433188,0,0,0.0
334035,0,0,0.0
430555,0,0,0.0
371986,0,0,0.0
401813,0,0,0.0
440432,0,0,0.0
188200,0,1,1.0
282777,0,0,0.0
129577,0,0,0.0
137940,0,0,0.0
112251,0,0,0.0
100457,0,0,0.0
119366,0,0,0.0
329894,0,0,0.0
420292,0,0,0.0
389444,0,0,0.0
136604,0,1,1.0
283178,0,0,0.0
380325,0,0,0.0
406173,0,0,0.0
127171,0,0,0.0
307275,0,0,0.0
288756,0,0,0.0
125152,0,0,0.0
338947,0,0,0.0
339512,0,0,0.0
127939,0,0,0.0
144060,0,1,1.0
379194,0,0,0.0
215062,0,0,0.0
359888,0,0,0.0
187568,0,0,0.0
343189,0,0,0.0
354079,0,0,0.0
297441,0,0,0.0
199617,1,0,0.0
362516,0,0,0.0
433335,0,0,0.0
245239,1,0,0.0
222435,0,0,0.0
455949,0,0,0.0
444257,0,0,0.0
203716,0,0,0.0
344657,0,0,0.0
108558,0,0,0.0
452810,0,0,0.0
189627,0,0,0.0
171640,0,0,0.0
398245,0,0,0.0
172204,0,0,0.0
333015,0,0,0.0
104317,0,0,0.0
362285,0,0,0.0
270929,0,0,0.0
341174,0,0,0.0
146497,0,0,0.0
115130,0,0,0.0
233123,0,1,1.0
109961,0,0,0.0
261077,0,0,0.0
180192,0,0,0.0
235798,0,0,0.0
123811,0,0,0.0
209274,0,0,0.0
245392,0,0,0.0
237131,0,0,0.0
355280,0,0,0.0
441649,0,0,0.0
347220,0,0,0.0
297611,0,0,0.0
144477,0,0,0.0
434235,1,0,0.0
183678,0,0,0.0
389840,0,0,0.0
222043,0,0,0.0
347315,0,0,0.0
182115,0,0,0.0
281678,0,1,1.0
330028,0,0,0.0
286425,0,1,1.0
196960,0,0,0.0
369829,0,0,0.0
258899,0,0,0.0
434147,0,0,0.0
397640,0,0,0.0
395897,1,1,1.0
311939,0,0,0.0
280663,1,0,0.0
434161,1,0,0.0
325274,0,0,0.0
240718,0,0,0.0
430917,0,0,0.0
330485,0,0,0.0
320288,0,0,0.0
311868,0,1,1.0
111492,0,0,0.0
219589,0,0,0.0
102511,0,0,0.0
410498,0,0,0.0
180776,0,0,0.0
423689,1,0,0.0
415399,0,0,0.0
161094,0,0,0.0
219094,0,0,0.0
322557,0,0,0.0
153152,0,1,1.0
256710,0,1,1.0
391826,0,0,0.0
161498,0,0,0.0
123346,0,1,1.0
446487,0,0,0.0
116855,0,0,0.0
333250,0,0,0.0
261131,0,0,0.0
261988,0,0,0.0
415396,0,0,0.0
409328,0,0,0.0
302238,1,1,1.0
218938,0,0,0.0
215591,0,1,1.0
236973,1,0,0.0
262360,0,0,0.0
357363,0,0,0.0
356919,0,0,0.0
383748,0,0,0.0
447595,0,0,0.0
167298,0,0,0.0
211606,0,0,0.0
427283,0,0,0.0
421582,0,0,0.0
208568,1,0,0.0
441932,0,0,0.0
151903,0,0,0.0
388381,0,0,0.0
167205,0,1,1.0
205293,0,0,0.0
361532,1,0,0.0
216583,0,0,0.0
350140,0,0,0.0
170897,0,0,0.0
161099,0,0,0.0
245965,0,0,0.0
370390,0,0,0.0
438370,0,0,0.0
370515,0,0,0.0
414173,1,0,0.0
330091,0,0,0.0
444596,0,0,0.0
363064,0,0,0.0
230983,0,0,0.0
348179,0,0,0.0
192646,0,0,0.0
133560,0,0,0.0
105322,0,0,0.0
233685,0,0,0.0
308253,0,0,0.0
275660,0,0,0.0
238653,0,1,1.0
308382,0,0,0.0
425073,0,0,0.0
170362,0,0,0.0
320708,0,1,1.0
220041,0,0,0.0
155140,0,0,0.0
414759,0,0,0.0
244041,0,0,0.0
292805,0,0,0.0
161545,0,0,0.0
317995,0,0,0.0
277410,0,1,1.0
400610,0,0,0.0
281700,0,0,0.0
155427,1,1,1.0
290512,0,0,0.0
285825,0,0,0.0
385741,0,0,0.0
129006,1,0,0.0
456043,0,0,0.0
199241,0,0,0.0
254027,1,0,0.0
202706,0,0,0.0
176339,0,0,0.0
430584,0,0,0.0
252000,0,0,0.0
190650,0,0,0.0
311827,0,0,0.0
128856,0,0,0.0
349906,0,0,0.0
212522,0,0,0.0
262060,0,0,0.0
422528,0,0,0.0
397366,0,0,0.0
300361,0,0,0.0
235953,0,1,1.0
397214,0,0,0.0
225973,0,0,0.0
405392,0,1,1.0
444347,0,0,0.0
132554,0,0,0.0
413358,0,0,0.0
226512,0,1,1.0
261732,0,0,0.0
431375,0,0,0.0
100969,0,0,0.0
453454,0,0,0.0
266508,0,0,0.0
225078,0,0,0.0
170247,0,0,0.0
321573,0,0,0.0
396282,0,0,0.0
219952,0,0,0.0
360394,0,0,0.0
256599,0,0,0.0
172894,0,0,0.0
409343,0,1,1.0
282892,0,0,0.0
287261,0,0,0.0
276910,0,0,0.0
360306,0,0,0.0
145429,0,0,0.0
418617,0,0,0.0
418848,0,0,0.0
282117,0,0,0.0
299452,0,1,1.0
182753,0,0,0.0
115007,0,0,0.0
453106,0,0,0.0
240856,0,0,0.0
336496,0,0,0.0
260314,0,0,0.0
284063,0,0,0.0
200372,0,0,0.0
269719,0,0,0.0
405746,0,0,0.0
435571,0,0,0.0
250686,1,0,0.0
154605,0,0,0.0
126702,0,0,0.0
203791,0,0,0.0
186259,0,0,0.0
261324,0,0,0.0
308170,1,0,0.0
113983,0,0,0.0
124564,0,0,0.0
268193,0,0,0.0
411382,0,0,0.0
182523,0,0,0.0
299892,0,0,0.0
325347,0,0,0.0
173158,0,1,1.0
420898,0,0,0.0
110882,0,0,0.0
392118,0,0,0.0
382322,0,0,0.0
389888,0,0,0.0
325299,0,0,0.0
137154,0,0,0.0
404305,0,0,0.0
142754,0,1,1.0
134381,0,0,0.0
336629,0,0,0.0
419888,0,0,0.0
362327,1,0,0.0
197927,0,0,0.0
450669,0,0,0.0
104630,0,0,0.0
311481,0,0,0.0
427334,0,0,0.0
351872,0,0,0.0
165623,0,0,0.0
278199,0,0,0.0
414496,0,0,0.0
259782,0,0,0.0
371224,0,0,0.0
397326,0,0,0.0
116836,0,0,0.0
196257,0,0,0.0
247004,0,0,0.0
429515,0,0,0.0
154503,0,0,0.0
292309,0,1,1.0
354225,0,0,0.0
333972,0,0,0.0
251864,0,0,0.0
183794,0,1,1.0
187756,0,0,0.0
438318,0,0,0.0
378206,0,0,0.0
242460,0,0,0.0
449212,0,0,0.0
432368,0,1,1.0
394171,0,0,0.0
124205,0,0,0.0
225579,0,0,0.0
300364,0,0,0.0
233569,0,0,0.0
120258,0,0,0.0
313140,0,0,0.0
376282,0,0,0.0
325689,0,0,0.0
279886,0,0,0.0
172389,0,0,0.0
237466,0,0,0.0
212755,0,0,0.0
271886,0,0,0.0
252087,0,0,0.0
183681,0,0,0.0
217940,0,0,0.0
414315,0,0,0.0
347401,0,0,0.0
184704,0,0,0.0
248096,0,0,0.0
196506,0,0,0.0
270983,0,0,0.0
171371,0,0,0.0
342309,0,0,0.0
310862,0,0,0.0
137339,0,0,0.0
276483,0,1,1.0
383797,0,1,1.0
239038,0,0,0.0
118349,0,0,0.0
159408,0,0,0.0
222780,0,0,0.0
158972,0,1,1.0
181122,0,0,0.0
433808,0,0,0.0
191157,0,0,0.0
201418,0,0,0.0
296560,0,0,0.0
407716,0,0,0.0
404443,0,0,0.0
106767,0,0,0.0
137545,0,0,0.0
239430,0,0,0.0
112279,0,0,0.0
292169,0,0,0.0
364859,1,1,1.0
141543,0,0,0.0
325924,0,0,0.0
111707,0,0,0.0
230721,0,0,0.0
145000,0,1,1.0
413082,0,0,0.0
326673,0,1,1.0
324225,0,0,0.0
347103,0,1,1.0
231714,0,1,1.0
347129,0,0,0.0
411075,0,0,0.0
108971,0,0,0.0
158765,0,0,0.0
119791,0,0,0.0
451742,0,0,0.0
429025,0,0,0.0
408122,0,0,0.0
363280,0,0,0.0
139773,0,0,0.0
243385,0,0,0.0
347877,0,0,0.0
106243,0,0,0.0
235330,0,0,0.0
261106,0,0,0.0
183830,0,0,0.0
180326,0,0,0.0
300860,0,0,0.0
385148,0,0,0.0
232624,0,0,0.0
263778,0,0,0.0
279812,0,0,0.0
195683,0,0,0.0
201468,0,0,0.0
185054,0,0,0.0
308135,0,0,0.0
165017,1,0,0.0
250698,0,0,0.0
297644,0,0,0.0
312722,0,0,0.0
293118,1,0,0.0
306076,0,0,0.0
247968,0,0,0.0
432149,0,0,0.0
250117,0,0,0.0
183796,0,0,0.0
368691,1,1,1.0
281555,0,1,1.0
200956,0,0,0.0
435770,0,0,0.0
418079,0,1,1.0
161749,0,0,0.0
419381,0,0,0.0
327105,0,0,0.0
439368,0,0,0.0
316552,0,0,0.0
153381,1,1,1.0
445506,0,0,0.0
152576,0,0,0.0
215031,0,0,0.0
373608,0,0,0.0
423408,0,0,0.0
142263,0,0,0.0
106075,0,0,0.0
186803,0,0,0.0
230277,0,0,0.0
328143,0,0,0.0
361517,0,0,0.0
150527,0,0,0.0
362921,1,0,0.0
186954,0,0,0.0
185226,1,1,1.0
143341,0,0,0.0
143996,0,0,0.0
154365,0,0,0.0
326682,0,0,0.0
310551,0,0,0.0
111796,0,0,0.0
221943,0,0,0.0
301833,0,0,0.0
245647,0,0,0.0
322949,0,0,0.0
252614,0,0,0.0
444906,0,0,0.0
234385,0,0,0.0
171154,0,0,0.0
166302,1,0,0.0
410063,0,0,0.0
430900,0,0,0.0
330830,0,0,0.0
275275,0,0,0.0
115208,0,0,0.0
443749,0,0,0.0
424438,1,1,1.0
244308,0,0,0.0
269247,0,0,0.0
402886,0,0,0.0
116195,0,0,0.0
356384,0,0,0.0
328435,0,0,0.0
339524,0,0,0.0
387305,0,0,0.0
288386,0,0,0.0
111060,0,0,0.0
109424,0,0,0.0
388481,0,0,0.0
243192,0,0,0.0
324281,0,0,0.0
104851,0,0,0.0
191256,0,0,0.0
351388,0,0,0.0
173990,0,0,0.0
219553,1,0,0.0
229978,0,0,0.0
160564,0,0,0.0
357343,0,1,1.0
182051,0,0,0.0
327067,0,0,0.0
424682,0,0,0.0
395618,0,0,0.0
272190,0,0,0.0
263615,0,1,1.0
125946,0,1,1.0
345106,0,0,0.0
122309,0,0,0.0
452641,0,0,0.0
217788,0,0,0.0
254538,0,0,0.0
351347,0,0,0.0
272037,0,0,0.0
437434,0,0,0.0
227538,0,0,0.0
400511,0,0,0.0
251327,0,0,0.0
311988,0,0,0.0
172864,0,0,0.0
341831,0,0,0.0
397669,0,0,0.0
418115,0,0,0.0
174350,0,0,0.0
198952,0,1,1.0
267557,0,0,0.0
317548,0,0,0.0
251771,0,0,0.0
178489,0,0,0.0
298704,0,0,0.0
311062,0,0,0.0
282175,0,0,0.0
385352,0,0,0.0
334755,0,1,1.0
182733,1,0,0.0
134672,0,0,0.0
212536,0,0,0.0
199542,0,0,0.0
327663,0,0,0.0
309965,0,0,0.0
413090,0,0,0.0
296038,0,1,1.0
258140,0,0,0.0
318983,0,0,0.0
346735,0,0,0.0
122101,0,0,0.0
446792,0,1,1.0
310249,0,0,0.0
114282,0,0,0.0
418921,0,0,0.0
383031,1,0,0.0
452205,0,0,0.0
414200,0,0,0.0
247848,0,0,0.0
401834,0,0,0.0
324632,0,0,0.0
342947,0,0,0.0
439136,0,0,0.0
390850,1,0,0.0
116340,0,0,0.0
345695,0,0,0.0
277509,0,0,0.0
178406,0,0,0.0
413916,0,0,0.0
313257,0,0,0.0
312884,0,0,0.0
434031,0,0,0.0
294071,0,0,0.0
295083,1,0,0.0
258361,0,0,0.0
365849,0,0,0.0
230460,0,0,0.0
295881,0,0,0.0
252605,0,0,0.0
218058,0,0,0.0
285151,0,0,0.0
204118,0,0,0.0
333307,0,0,0.0
431638,0,0,0.0
159441,0,0,0.0
429731,0,0,0.0
441680,0,0,0.0
351028,0,0,0.0
337574,0,0,0.0
448038,0,0,0.0
195120,0,0,0.0
286863,0,0,0.0
197471,0,0,0.0
227266,0,0,0.0
102337,1,0,0.0
398027,0,0,0.0
107759,0,0,0.0
176431,0,0,0.0
106788,0,0,0.0
252580,0,0,0.0
386469,0,0,0.0
206467,0,0,0.0
291238,0,1,1.0
352095,0,0,0.0
234498,0,0,0.0
455123,0,0,0.0
444067,0,0,0.0
204886,0,0,0.0
312352,1,0,0.0
164080,0,0,0.0
436326,0,0,0.0
186238,0,0,0.0
263000,1,0,0.0
327810,0,0,0.0
294938,0,1,1.0
291686,0,0,0.0
166508,0,0,0.0
294410,0,0,0.0
211247,0,1,1.0
121859,0,0,0.0
401411,0,0,0.0
445302,1,0,0.0
177537,0,0,0.0
204918,0,0,0.0
323057,0,0,0.0
151376,0,1,1.0
340738,0,1,1.0
441319,0,0,0.0
305440,0,0,0.0
418932,0,0,0.0
143281,0,0,0.0
196191,0,0,0.0
321724,1,0,0.0
106038,0,0,0.0
300766,0,0,0.0
298562,0,0,0.0
408432,0,0,0.0
183159,0,0,0.0
336535,0,0,0.0
360568,0,0,0.0
431296,0,0,0.0
441257,0,0,0.0
351090,0,0,0.0
356380,0,1,1.0
138939,0,0,0.0
186564,0,0,0.0
420965,0,0,0.0
416030,0,1,1.0
313722,0,0,0.0
446309,0,0,0.0
409900,0,0,0.0
168203,0,0,0.0
258264,0,0,0.0
170589,0,0,0.0
240044,0,0,0.0
342818,0,0,0.0
172984,0,1,1.0
427549,1,0,0.0
143314,0,0,0.0
211450,0,0,0.0
247033,0,0,0.0
323939,0,0,0.0
182700,1,1,1.0
116296,0,0,0.0
390676,0,1,1.0
293512,0,0,0.0
243266,0,0,0.0
401794,0,0,0.0
140608,1,1,1.0
111769,0,0,0.0
410563,0,0,0.0
287620,0,0,0.0
455744,0,0,0.0
187970,0,0,0.0
180880,0,0,0.0
156342,1,0,0.0
214384,0,0,0.0
339565,0,0,0.0
112137,0,1,1.0
423825,0,0,0.0
153452,0,0,0.0
408045,0,0,0.0
417553,0,0,0.0
184224,0,0,0.0
329876,0,0,0.0
372520,0,0,0.0
128958,0,0,0.0
296917,0,0,0.0
336800,0,0,0.0
412522,0,0,0.0
160625,0,0,0.0
444103,0,0,0.0
425777,0,0,0.0
367173,0,0,0.0
257299,0,0,0.0
298952,0,0,0.0
123668,0,0,0.0
143608,0,0,0.0
158574,0,0,0.0
319188,0,0,0.0
188611,0,0,0.0
168279,0,0,0.0
325467,0,0,0.0
383238,0,0,0.0
195262,0,0,0.0
455615,1,0,0.0
242315,0,0,0.0
231965,0,0,0.0
189805,0,0,0.0
297640,0,0,0.0
137451,0,0,0.0
104093,0,0,0.0
300151,0,0,0.0
233207,0,0,0.0
379620,0,0,0.0
340176,1,1,1.0
116840,0,0,0.0
157393,0,0,0.0
125143,0,0,0.0
417595,1,0,0.0
295320,0,0,0.0
153148,0,0,0.0
394287,0,0,0.0
372834,0,0,0.0
120495,0,0,0.0
250334,0,0,0.0
129682,0,0,0.0
137382,0,0,0.0
376140,0,0,0.0
411791,0,0,0.0
368885,0,0,0.0
233536,0,0,0.0
114315,0,1,1.0
202988,0,0,0.0
420571,0,1,1.0
449989,0,0,0.0
258146,0,0,0.0
406340,0,0,0.0
276887,0,0,0.0
266979,0,0,0.0
307634,0,0,0.0
193537,0,0,0.0
419722,1,1,1.0
263422,0,0,0.0
306462,0,0,0.0
399977,0,0,0.0
151780,0,0,0.0
207009,0,0,0.0
249992,0,0,0.0
152377,0,1,1.0
351850,0,0,0.0
216623,0,0,0.0
232425,0,0,0.0
203929,0,0,0.0
375600,1,0,0.0
244087,0,0,0.0
396636,0,0,0.0
309030,0,0,0.0
216876,0,1,1.0
125959,0,0,0.0
187152,0,0,0.0
268823,0,0,0.0
267670,1,0,0.0
312381,0,0,0.0
125675,0,0,0.0
106985,0,0,0.0
218068,0,0,0.0
274222,0,0,0.0
236491,0,0,0.0
255942,0,0,0.0
375884,0,0,0.0
329855,0,0,0.0
199388,0,0,0.0
114920,0,0,0.0
203376,0,0,0.0
250556,0,0,0.0
105637,0,0,0.0
266917,0,0,0.0
148582,0,0,0.0
288852,0,0,0.0
441276,0,0,0.0
145876,0,0,0.0
106565,0,0,0.0
416485,0,0,0.0
392548,0,0,0.0
303359,0,0,0.0
336045,0,0,0.0
391143,0,0,0.0
352428,0,1,1.0
125452,1,0,0.0
384234,0,0,0.0
448487,0,0,0.0
309567,0,0,0.0
270560,0,0,0.0
213130,0,0,0.0
339844,1,0,0.0
356510,0,0,0.0
229938,0,0,0.0
144981,0,0,0.0
143010,0,0,0.0
453382,0,0,0.0
247330,0,0,0.0
292964,0,0,0.0
353920,0,0,0.0
393952,0,0,0.0
355339,0,0,0.0
319468,0,0,0.0
100009,0,0,0.0
448761,0,0,0.0
109352,0,0,0.0
212624,0,0,0.0
120183,0,0,0.0
116001,0,0,0.0
341754,0,0,0.0
400217,0,0,0.0
159125,0,0,0.0
377296,0,0,0.0
163383,0,0,0.0
179017,0,0,0.0
194183,1,0,0.0
161038,0,0,0.0
165159,0,0,0.0
417591,1,1,1.0
392101,0,0,0.0
196197,0,0,0.0
234382,0,0,0.0
332635,0,0,0.0
208334,0,0,0.0
331572,0,0,0.0
401509,0,0,0.0
117228,0,0,0.0
199280,0,0,0.0
348562,0,0,0.0
179667,0,0,0.0
449841,0,0,0.0
247825,0,0,0.0
117782,0,0,0.0
103284,0,1,1.0
331775,0,0,0.0
314028,0,1,1.0
364580,1,0,0.0
419167,0,0,0.0
340681,0,0,0.0
440353,0,1,1.0
339608,0,0,0.0
347324,0,0,0.0
363496,0,0,0.0
245509,0,0,0.0
189101,0,0,0.0
264359,0,0,0.0
324394,0,0,0.0
315889,0,0,0.0
249244,0,0,0.0
437729,0,1,1.0
330997,0,1,1.0
345321,0,1,1.0
321589,0,0,0.0
388994,0,0,0.0
175883,0,0,0.0
138065,0,0,0.0
404431,0,1,1.0
138485,0,0,0.0
125249,0,0,0.0
359357,1,0,0.0
263952,0,0,0.0
193020,0,0,0.0
340411,0,0,0.0
449914,0,0,0.0
412798,0,0,0.0
366990,0,0,0.0
137183,0,0,0.0
366518,0,1,1.0
132955,0,0,0.0
425361,0,0,0.0
430651,0,0,0.0
185163,0,0,0.0
335107,0,0,0.0
441508,0,0,0.0
437923,0,0,0.0
429036,0,0,0.0
124963,0,0,0.0
195017,0,0,0.0
349442,0,0,0.0
204051,0,0,0.0
195670,0,0,0.0
341697,0,0,0.0
153599,0,0,0.0
419111,0,0,0.0
205351,0,0,0.0
139206,0,0,0.0
272538,0,0,0.0
173173,0,0,0.0
312666,0,0,0.0
116978,0,0,0.0
358276,0,0,0.0
326993,0,0,0.0
282327,0,0,0.0
443156,0,0,0.0
157570,0,0,0.0
276731,0,0,0.0
440864,0,0,0.0
214651,0,0,0.0
170839,1,0,0.0
266835,0,0,0.0
438287,0,0,0.0
125797,0,0,0.0
242813,0,0,0.0
311980,0,0,0.0
445687,0,0,0.0
433715,1,0,0.0
284748,0,0,0.0
359912,0,1,1.0
315294,0,0,0.0
359312,0,0,0.0
161393,0,1,1.0
201934,1,0,0.0
332000,0,0,0.0
141458,0,1,1.0
335605,0,0,0.0
283078,0,0,0.0
449888,1,0,0.0
413298,0,0,0.0
307600,0,0,0.0
214757,0,0,0.0
327748,0,0,0.0
102788,0,0,0.0
407606,0,0,0.0
354361,0,1,1.0
216449,0,0,0.0
389132,0,0,0.0
213171,0,0,0.0
410892,0,0,0.0
326792,0,0,0.0
128065,0,0,0.0
306214,0,0,0.0
254163,0,0,0.0
225034,1,0,0.0
141136,0,0,0.0
402166,1,1,1.0
213305,0,0,0.0
156727,0,0,0.0
195175,0,0,0.0
412397,0,0,0.0
104898,0,0,0.0
444536,0,0,0.0
173376,0,0,0.0
419937,0,0,0.0
151591,0,0,0.0
348917,1,0,0.0
174192,0,0,0.0
167763,0,0,0.0
303779,0,0,0.0
206734,0,0,0.0
222692,0,0,0.0
397555,0,0,0.0
103988,0,0,0.0
326076,0,1,1.0
366239,0,0,0.0
229787,0,0,0.0
162537,1,0,0.0
164230,0,0,0.0
224190,0,0,0.0
244135,0,0,0.0
102033,0,0,0.0
280289,0,0,0.0
446844,0,0,0.0
101957,0,0,0.0
102082,0,0,0.0
239591,0,1,1.0
197721,0,0,0.0
109743,0,0,0.0
211489,0,0,0.0
200336,0,0,0.0
352127,0,0,0.0
129262,0,0,0.0
452200,0,0,0.0
325610,0,0,0.0
204427,0,0,0.0
203667,1,0,0.0
276074,0,0,0.0
183231,0,0,0.0
219891,0,0,0.0
426934,0,0,0.0
332052,0,0,0.0
196398,0,0,0.0
360684,0,0,0.0
159967,0,0,0.0
449161,0,1,1.0
132207,0,0,0.0
125674,0,0,0.0
313631,0,0,0.0
398003,0,0,0.0
401561,0,0,0.0
401419,0,0,0.0
443763,0,0,0.0
112977,0,0,0.0
310982,0,0,0.0
212556,0,0,0.0
259256,0,0,0.0
183075,1,0,0.0
354387,0,0,0.0
112759,0,0,0.0
427303,0,0,0.0
273533,0,0,0.0
319166,0,0,0.0
432893,0,1,1.0
350614,0,0,0.0
123417,1,1,1.0
121091,0,0,0.0
338491,0,0,0.0
122077,0,0,0.0
355745,0,0,0.0
410407,0,0,0.0
127607,0,0,0.0
231125,0,0,0.0
405476,0,0,0.0
101645,0,0,0.0
260415,0,1,1.0
339839,0,1,1.0
449251,0,0,0.0
404679,0,1,1.0
183485,0,0,0.0
188189,0,0,0.0
203802,0,0,0.0
160976,1,1,1.0
315769,0,0,0.0
228975,0,0,0.0
422145,0,0,0.0
282828,0,0,0.0
353951,0,0,0.0
255264,1,1,1.0
149856,0,0,0.0
297811,0,0,0.0
207441,0,0,0.0
208207,1,0,0.0
239323,0,0,0.0
288072,0,0,0.0
291913,1,0,0.0
148739,0,0,0.0
142278,0,0,0.0
402321,0,0,0.0
215822,0,0,0.0
398769,0,0,0.0
109587,0,0,0.0
385288,1,0,0.0
314356,0,0,0.0
233905,0,0,0.0
432627,0,0,0.0
285308,0,0,0.0
387648,0,0,0.0
439711,0,0,0.0
155131,0,0,0.0
257075,0,0,0.0
328995,0,0,0.0
310441,1,0,0.0
166128,0,0,0.0
421668,0,0,0.0
270228,0,0,0.0
188547,0,0,0.0
321949,0,0,0.0
326489,0,0,0.0
149312,0,0,0.0
124037,0,0,0.0
184455,0,0,0.0
246339,0,0,0.0
282783,0,0,0.0
453482,0,0,0.0
261712,0,1,1.0
339120,0,0,0.0
456185,0,0,0.0
191404,0,0,0.0
216644,0,0,0.0
288389,0,0,0.0
238568,0,0,0.0
114027,0,0,0.0
425032,0,0,0.0
142901,0,0,0.0
111635,0,0,0.0
359899,0,1,1.0
422781,0,0,0.0
258926,0,0,0.0
129866,0,0,0.0
343476,0,0,0.0
435117,0,0,0.0
438784,0,0,0.0
110501,0,0,0.0
355729,0,0,0.0
221353,0,0,0.0
124973,0,0,0.0
280860,0,0,0.0
395511,0,0,0.0
371975,0,0,0.0
410469,0,0,0.0
293970,0,0,0.0
454719,1,0,0.0
158499,0,0,0.0
222119,0,0,0.0
196800,0,0,0.0
176510,0,0,0.0
444635,0,0,0.0
161046,0,0,0.0
354000,0,0,0.0
362630,0,0,0.0
453182,0,0,0.0
151703,0,0,0.0
133736,0,1,1.0
261778,0,0,0.0
442762,0,0,0.0
309267,0,0,0.0
163025,0,0,0.0
258701,0,0,0.0
206648,0,0,0.0
451425,0,0,0.0
157825,0,0,0.0
337056,0,0,0.0
194556,0,0,0.0
329938,0,0,0.0
349245,0,1,1.0
384923,0,0,0.0
260320,0,0,0.0
207625,0,0,0.0
125243,1,0,0.0
311046,0,0,0.0
340582,0,0,0.0
402967,0,0,0.0
163159,0,0,0.0
437320,0,0,0.0
231842,0,1,1.0
294499,0,0,0.0
404712,0,0,0.0
139971,0,0,0.0
265370,0,0,0.0
104745,0,0,0.0
188473,0,0,0.0
451554,0,0,0.0
348677,0,0,0.0
424546,0,0,0.0
181439,0,0,0.0
125717,0,0,0.0
295896,0,1,1.0
235572,0,0,0.0
241981,0,1,1.0
450394,0,0,0.0
353098,0,1,1.0
144797,0,0,0.0
372104,0,0,0.0
448589,0,0,0.0
143122,0,0,0.0
337122,0,0,0.0
153531,0,0,0.0
269342,1,0,0.0
105887,0,1,1.0
213126,0,0,0.0
329984,0,0,0.0
437010,0,0,0.0
236616,0,0,0.0
157618,0,0,0.0
226412,0,0,0.0
220332,0,0,0.0
454115,1,1,1.0
399285,0,0,0.0
234546,0,0,0.0
305173,0,0,0.0
284813,0,0,0.0
428711,0,0,0.0
418286,0,0,0.0
255025,0,0,0.0
258260,0,0,0.0
387727,0,0,0.0
406558,0,1,1.0
176893,0,0,0.0
446484,0,0,0.0
384329,0,0,0.0
210568,0,0,0.0
318417,1,0,0.0
347234,0,0,0.0
136460,0,0,0.0
284898,0,0,0.0
420935,0,0,0.0
421189,0,0,0.0
444225,0,0,0.0
377293,0,0,0.0
364501,0,0,0.0
321106,0,0,0.0
384650,0,0,0.0
231986,0,1,1.0
203738,0,0,0.0
127162,0,1,1.0
374253,0,0,0.0
301212,0,0,0.0
308072,0,1,1.0
353723,0,0,0.0
388954,0,1,1.0
433242,0,0,0.0
114411,0,0,0.0
454199,0,0,0.0
340646,0,0,0.0
186495,0,0,0.0
157064,0,0,0.0
195932,0,0,0.0
123244,0,0,0.0
211620,0,1,1.0
362798,0,0,0.0
210522,0,0,0.0
285250,1,0,0.0
266633,0,0,0.0
323848,0,0,0.0
281401,0,0,0.0
399890,0,0,0.0
288315,0,0,0.0
215740,0,1,1.0
228020,0,0,0.0
282943,0,0,0.0
418967,0,0,0.0
125385,0,0,0.0
252845,0,0,0.0
167253,0,0,0.0
301253,0,0,0.0
130064,0,0,0.0
111193,0,1,1.0
121403,0,0,0.0
194568,0,0,0.0
139866,0,0,0.0
272897,1,0,0.0
189822,0,0,0.0
195680,0,0,0.0
320660,0,0,0.0
253622,0,0,0.0
184491,0,0,0.0
241385,0,0,0.0
330109,1,0,0.0
103804,0,0,0.0
266678,0,0,0.0
323706,0,0,0.0
433395,0,0,0.0
425947,0,0,0.0
331676,0,0,0.0
126427,0,0,0.0
306101,0,0,0.0
208673,0,0,0.0
118640,0,0,0.0
395079,0,0,0.0
343588,0,0,0.0
228206,0,0,0.0
127203,0,0,0.0
300295,0,0,0.0
357374,0,0,0.0
339262,0,0,0.0
252205,0,0,0.0
275347,0,0,0.0
141324,0,0,0.0
330046,1,0,0.0
373237,0,0,0.0
329782,0,0,0.0
138798,0,0,0.0
400401,0,0,0.0
246357,0,0,0.0
331739,1,0,0.0
449991,0,0,0.0
137914,0,0,0.0
315605,0,1,1.0
356769,0,0,0.0
392963,0,0,0.0
451032,0,0,0.0
377489,0,0,0.0
191158,0,0,0.0
238015,0,0,0.0
140315,0,0,0.0
364279,1,0,0.0
119319,0,0,0.0
337161,1,0,0.0
124837,0,0,0.0
114278,0,0,0.0
427973,0,0,0.0
294277,0,0,0.0
347440,0,0,0.0
134646,0,0,0.0
408758,0,0,0.0
185358,0,0,0.0
329421,0,1,1.0
159489,0,0,0.0
337765,0,0,0.0
107786,0,0,0.0
269995,0,0,0.0
361383,0,0,0.0
111717,1,0,0.0
367376,0,0,0.0
222532,0,0,0.0
425083,0,0,0.0
290108,0,0,0.0
425421,0,0,0.0
210294,0,0,0.0
101402,0,0,0.0
318894,1,0,0.0
400351,0,0,0.0
155470,0,0,0.0
279005,1,0,0.0
226905,0,0,0.0
379824,0,1,1.0
138202,0,0,0.0
339897,0,0,0.0
279208,0,0,0.0
405735,0,1,1.0
189209,0,0,0.0
308582,0,0,0.0
374727,0,0,0.0
316317,0,0,0.0
282449,0,0,0.0
144743,0,0,0.0
414587,0,0,0.0
170194,0,0,0.0
210108,0,0,0.0
114194,0,0,0.0
300245,0,0,0.0
284215,0,0,0.0
164934,0,0,0.0
273703,0,0,0.0
142321,1,0,0.0
378455,0,0,0.0
174530,0,1,1.0
171539,0,0,0.0
381643,0,0,0.0
355771,0,0,0.0
172950,0,0,0.0
386553,0,0,0.0
258386,0,0,0.0
111865,0,0,0.0
149437,0,0,0.0
423302,0,0,0.0
429053,0,0,0.0
374338,0,0,0.0
316350,1,1,1.0
439389,0,0,0.0
336303,0,0,0.0
204996,0,0,0.0
166924,1,1,1.0
381733,1,0,0.0
203291,0,0,0.0
267392,0,0,0.0
411427,0,0,0.0
285446,0,0,0.0
258879,0,1,1.0
443120,0,0,0.0
132970,0,0,0.0
200924,0,0,0.0
397144,0,0,0.0
430815,0,0,0.0
276155,0,0,0.0
268778,0,0,0.0
357730,0,0,0.0
143887,0,0,0.0
133434,0,0,0.0
221960,0,0,0.0
234036,0,0,0.0
170231,0,0,0.0
203369,0,1,1.0
359368,0,0,0.0
175742,0,1,1.0
210959,0,1,1.0
274768,0,1,1.0
428546,0,0,0.0
159989,0,0,0.0
447512,0,0,0.0
430070,0,0,0.0
307062,1,0,0.0
215544,1,0,0.0
358184,0,0,0.0
379641,0,0,0.0
100155,0,0,0.0
309299,0,0,0.0
196952,0,0,0.0
353236,0,0,0.0
260075,0,0,0.0
334989,0,0,0.0
117830,0,0,0.0
248916,0,0,0.0
282760,1,0,0.0
326327,0,0,0.0
244379,1,0,0.0
425476,0,0,0.0
407226,0,0,0.0
229364,0,0,0.0
183716,0,0,0.0
227521,0,0,0.0
310288,0,0,0.0
210937,0,0,0.0
224589,0,1,1.0
306698,0,0,0.0
312379,0,0,0.0
240478,0,1,1.0
121865,0,0,0.0
266136,0,0,0.0
123855,0,0,0.0
118599,0,0,0.0
282672,0,1,1.0
149485,0,0,0.0
344519,0,0,0.0
399144,0,0,0.0
292132,0,0,0.0
233159,0,1,1.0
208208,0,0,0.0
351072,0,0,0.0
264461,0,0,0.0
283648,0,0,0.0
143945,0,0,0.0
229081,0,1,1.0
155090,1,0,0.0
351812,0,0,0.0
195584,0,0,0.0
176665,0,0,0.0
350324,0,0,0.0
148390,0,0,0.0
244101,1,0,0.0
379582,0,0,0.0
407688,0,0,0.0
407233,0,0,0.0
351720,0,0,0.0
283157,0,0,0.0
137801,0,0,0.0
119547,0,0,0.0
219592,1,0,0.0
339623,0,1,1.0
336506,0,0,0.0
215153,0,0,0.0
113551,0,0,0.0
325510,0,0,0.0
185667,0,0,0.0
445462,0,0,0.0
107812,0,0,0.0
360424,0,1,1.0
285107,0,0,0.0
153857,0,0,0.0
329583,0,0,0.0
396385,0,0,0.0
428669,0,0,0.0
239912,0,0,0.0
274363,0,0,0.0
358354,0,0,0.0
291675,0,0,0.0
447086,1,0,0.0
260631,0,0,0.0
329187,1,0,0.0
175359,0,0,0.0
405023,0,0,0.0
325213,0,0,0.0
300146,0,0,0.0
114381,0,0,0.0
386020,0,0,0.0
234983,0,0,0.0
455283,0,0,0.0
392041,0,0,0.0
305951,0,0,0.0
145624,0,0,0.0
103785,0,0,0.0
199426,0,0,0.0
257408,0,0,0.0
172033,0,0,0.0
177987,0,0,0.0
263052,0,0,0.0
161178,0,0,0.0
281546,0,0,0.0
135801,0,0,0.0
297957,0,0,0.0
124880,0,0,0.0
326828,0,0,0.0
272610,0,0,0.0
422808,0,0,0.0
389396,1,0,0.0
245091,0,0,0.0
281341,0,1,1.0
374929,0,0,0.0
143484,0,0,0.0
255149,0,0,0.0
264666,0,0,0.0
300758,0,0,0.0
425315,0,0,0.0
353501,0,0,0.0
138270,0,0,0.0
275136,0,1,1.0
121136,0,0,0.0
449580,0,0,0.0
383087,0,0,0.0
250461,0,0,0.0
310708,0,0,0.0
317844,0,0,0.0
184784,0,0,0.0
193136,0,0,0.0
407563,0,0,0.0
329845,0,0,0.0
204997,0,0,0.0
279085,0,0,0.0
382077,0,0,0.0
316618,0,1,1.0
303443,0,0,0.0
280804,0,0,0.0
304730,0,0,0.0
190142,0,0,0.0
413801,0,0,0.0
344040,0,0,0.0
364365,0,1,1.0
399109,0,1,1.0
410225,0,0,0.0
228561,0,0,0.0
211204,0,0,0.0
450474,0,0,0.0
101266,0,0,0.0
286400,0,1,1.0
230244,0,0,0.0
192531,0,0,0.0
308872,0,0,0.0
193485,0,0,0.0
342197,0,0,0.0
149679,0,0,0.0
402823,0,0,0.0
152850,0,0,0.0
212898,0,0,0.0
202041,0,0,0.0
146064,0,0,0.0
351637,0,0,0.0
359307,0,0,0.0
436683,0,0,0.0
300129,0,0,0.0
287171,0,0,0.0
445611,1,0,0.0
340756,0,0,0.0
420846,0,0,0.0
138438,0,0,0.0
377174,0,0,0.0
367183,0,0,0.0
304759,0,0,0.0
282728,0,1,1.0
236024,0,0,0.0
347986,0,0,0.0
242586,0,1,1.0
114952,0,0,0.0
167132,0,0,0.0
156135,0,0,0.0
263818,0,0,0.0
301232,0,0,0.0
287544,0,0,0.0
323653,0,0,0.0
252589,0,0,0.0
379962,1,0,0.0
236629,0,0,0.0
196906,0,0,0.0
136662,0,0,0.0
424136,1,0,0.0
157300,0,0,0.0
447555,0,0,0.0
255409,0,0,0.0
404187,0,0,0.0
407086,0,0,0.0
432781,0,0,0.0
226307,0,0,0.0
102186,0,0,0.0
348631,0,0,0.0
110841,0,0,0.0
329422,0,1,1.0
292810,0,0,0.0
213137,0,1,1.0
174358,0,0,0.0
388999,0,0,0.0
444995,0,0,0.0
271370,0,0,0.0
444264,1,1,1.0
149818,1,0,0.0
432267,0,0,0.0
104719,0,0,0.0
165234,0,0,0.0
355722,0,0,0.0
436959,0,0,0.0
319472,0,0,0.0
352695,0,0,0.0
309609,0,0,0.0
282624,0,0,0.0
430401,0,0,0.0
290297,0,0,0.0
221355,0,0,0.0
134117,0,0,0.0
421783,0,0,0.0
306201,0,0,0.0
433728,0,0,0.0
251969,0,0,0.0
178910,0,0,0.0
271691,0,1,1.0
404700,0,0,0.0
209810,0,0,0.0
283888,1,1,1.0
288282,0,1,1.0
221344,0,1,1.0
244303,0,1,1.0
416825,0,0,0.0
348794,0,0,0.0
301228,0,0,0.0
117926,0,0,0.0
447613,0,0,0.0
100811,0,0,0.0
335959,0,0,0.0
105138,0,0,0.0
331292,0,0,0.0
112743,1,0,0.0
239708,0,0,0.0
418861,0,0,0.0
339313,0,0,0.0
424146,0,0,0.0
322361,0,0,0.0
115452,0,0,0.0
436659,0,0,0.0
243678,0,0,0.0
218003,1,0,0.0
109379,0,0,0.0
208088,0,0,0.0
100080,0,1,1.0
440493,0,0,0.0
152944,0,0,0.0
215832,1,0,0.0
131056,0,0,0.0
249323,0,0,0.0
409362,0,0,0.0
307130,0,0,0.0
111645,0,0,0.0
383647,1,0,0.0
288965,0,0,0.0
215018,0,0,0.0
290367,0,0,0.0
114593,0,0,0.0
343216,0,0,0.0
383670,1,1,1.0
419737,0,0,0.0
213883,0,0,0.0
421519,0,1,1.0
261057,1,1,1.0
168195,0,0,0.0
410501,0,0,0.0
269656,0,0,0.0
248269,0,0,0.0
243358,0,0,0.0
399107,0,0,0.0
317026,0,0,0.0
345032,0,0,0.0
243388,0,0,0.0
112034,0,0,0.0
443176,0,0,0.0
151472,0,0,0.0
243636,0,1,1.0
415138,0,0,0.0
374373,0,1,1.0
293544,0,0,0.0
138122,1,0,0.0
455321,0,0,0.0
207523,0,0,0.0
377620,0,0,0.0
435197,0,0,0.0
308489,0,0,0.0
308840,0,0,0.0
217837,1,0,0.0
239243,0,0,0.0
426881,0,0,0.0
399604,0,0,0.0
238311,0,0,0.0
446303,0,0,0.0
118102,0,1,1.0
206583,0,0,0.0
272450,0,0,0.0
174249,0,1,1.0
115684,0,0,0.0
130398,0,0,0.0
227987,0,0,0.0
299657,0,0,0.0
249389,0,0,0.0
364493,0,0,0.0
340962,0,0,0.0
129750,0,0,0.0
287812,0,0,0.0
295686,0,0,0.0
252872,1,0,0.0
345841,0,0,0.0
362030,0,0,0.0
402064,0,0,0.0
424338,1,0,0.0
324814,0,0,0.0
122226,0,0,0.0
352816,0,1,1.0
250071,0,0,0.0
183682,0,0,0.0
267061,0,0,0.0
133123,0,0,0.0
121756,0,1,1.0
369195,0,0,0.0
378901,0,0,0.0
203563,0,0,0.0
441102,0,0,0.0
130008,0,0,0.0
289011,0,0,0.0
417973,0,0,0.0
429880,0,0,0.0
125171,1,1,1.0
220420,0,0,0.0
219106,0,0,0.0
330860,0,0,0.0
360035,0,0,0.0
316002,0,0,0.0
129229,1,0,0.0
282734,0,0,0.0
244472,0,0,0.0
142044,0,0,0.0
358113,0,0,0.0
184844,0,0,0.0
372195,1,0,0.0
329152,0,0,0.0
120613,0,0,0.0
369441,0,0,0.0
139703,0,0,0.0
413826,0,0,0.0
140401,1,0,0.0
175589,0,0,0.0
250629,0,0,0.0
294503,0,0,0.0
104323,0,0,0.0
396676,0,0,0.0
305342,0,0,0.0
146359,0,0,0.0
179790,1,0,0.0
353139,1,1,1.0
448598,0,0,0.0
173537,0,0,0.0
181662,0,0,0.0
301113,0,0,0.0
279159,0,0,0.0
161997,0,0,0.0
246223,1,1,1.0
165833,0,0,0.0
216209,0,0,0.0
402530,0,0,0.0
118928,0,0,0.0
423362,0,0,0.0
252835,0,0,0.0
143610,0,0,0.0
136586,0,0,0.0
388910,0,1,1.0
108884,0,0,0.0
152493,0,0,0.0
365273,0,1,1.0
385166,0,0,0.0
440357,0,0,0.0
411268,0,0,0.0
341575,0,0,0.0
388489,0,0,0.0
399133,0,0,0.0
414010,0,0,0.0
401575,0,0,0.0
370235,0,0,0.0
333294,1,0,0.0
317400,0,0,0.0
434586,0,0,0.0
343198,0,0,0.0
278146,0,0,0.0
388254,0,0,0.0
324261,0,0,0.0
453435,0,0,0.0
349933,1,0,0.0
199638,0,0,0.0
155298,0,0,0.0
222217,0,1,1.0
245718,0,0,0.0
120978,0,0,0.0
259364,0,0,0.0
174446,0,0,0.0
393912,0,0,0.0
202913,0,0,0.0
357827,0,0,0.0
291462,0,0,0.0
295006,0,0,0.0
187843,0,0,0.0
121767,0,0,0.0
201164,0,0,0.0
408748,0,0,0.0
101438,0,0,0.0
269700,0,0,0.0
129043,0,1,1.0
203004,0,1,1.0
303926,0,0,0.0
442338,0,0,0.0
433328,0,0,0.0
404636,1,0,0.0
143572,0,0,0.0
254568,0,0,0.0
387056,0,0,0.0
436048,0,0,0.0
120169,0,1,1.0
314251,0,0,0.0
431382,0,1,1.0
102909,1,0,0.0
210038,0,0,0.0
423454,0,0,0.0
390746,0,0,0.0
144714,0,0,0.0
226476,0,0,0.0
219183,0,0,0.0
371629,0,0,0.0
448579,0,0,0.0
250669,0,1,1.0
204473,0,0,0.0
120134,0,0,0.0
242431,0,0,0.0
218650,1,0,0.0
227278,0,0,0.0
269670,0,0,0.0
342550,0,1,1.0
316086,0,0,0.0
291698,0,0,0.0
429710,0,0,0.0
184529,0,1,1.0
403860,0,0,0.0
362179,0,0,0.0
368094,0,0,0.0
381291,0,0,0.0
174195,0,0,0.0
234464,0,0,0.0
342716,0,0,0.0
261169,0,0,0.0
334349,0,0,0.0
108410,0,0,0.0
153606,0,1,1.0
274526,0,1,1.0
228369,0,0,0.0
240981,0,0,0.0
271404,0,0,0.0
180555,0,0,0.0
117722,0,0,0.0
183751,0,0,0.0
167166,0,0,0.0
132191,0,0,0.0
225468,0,0,0.0
273282,0,0,0.0
251482,0,0,0.0
435176,0,0,0.0
245949,0,0,0.0
289478,0,0,0.0
252269,0,0,0.0
453827,0,0,0.0
321986,0,0,0.0
259992,0,0,0.0
218421,0,0,0.0
352526,0,0,0.0
207974,0,0,0.0
447282,0,0,0.0
351536,0,0,0.0
345349,0,0,0.0
441030,0,0,0.0
104891,0,0,0.0
248361,1,0,0.0
247386,0,0,0.0
376947,0,0,0.0
294386,0,0,0.0
400150,0,0,0.0
137691,0,0,0.0
283169,0,0,0.0
404940,0,0,0.0
431025,0,0,0.0
406870,0,0,0.0
282176,0,0,0.0
258277,0,0,0.0
160977,0,0,0.0
219150,0,0,0.0
296800,0,0,0.0
243744,0,0,0.0
299726,0,0,0.0
371946,0,0,0.0
204569,0,0,0.0
256151,0,0,0.0
334688,0,0,0.0
312630,1,1,1.0
365170,0,0,0.0
289436,0,0,0.0
190823,0,0,0.0
431904,0,1,1.0
391757,0,0,0.0
408236,1,0,0.0
407189,0,0,0.0
333698,0,0,0.0
217920,0,0,0.0
348808,0,0,0.0
348685,0,0,0.0
103219,0,0,0.0
386454,0,0,0.0
160890,0,1,1.0
306713,0,0,0.0
143813,0,0,0.0
177404,0,1,1.0
298932,0,0,0.0
327950,0,0,0.0
384609,0,0,0.0
198390,0,0,0.0
244981,0,0,0.0
225901,0,0,0.0
129909,0,0,0.0
311129,0,0,0.0
327326,0,0,0.0
323697,0,0,0.0
212751,0,0,0.0
265413,0,0,0.0
288552,0,1,1.0
432862,0,0,0.0
152988,0,0,0.0
207206,0,0,0.0
446336,0,0,0.0
263550,0,0,0.0
316491,0,0,0.0
437792,0,0,0.0
444287,0,0,0.0
117469,0,0,0.0
125321,0,0,0.0
203068,0,0,0.0
408976,0,0,0.0
418438,0,0,0.0
256355,0,0,0.0
252666,0,0,0.0
438761,0,0,0.0
423850,0,0,0.0
114747,0,0,0.0
290159,0,0,0.0
329955,0,0,0.0
359326,0,0,0.0
110512,0,1,1.0
200985,0,0,0.0
229502,0,0,0.0
169091,0,0,0.0
437582,0,0,0.0
359762,1,0,0.0
378529,0,0,0.0
268953,0,0,0.0
279565,0,0,0.0
278444,0,0,0.0
231017,0,0,0.0
285422,0,0,0.0
168316,0,0,0.0
254412,0,0,0.0
267935,0,0,0.0
215784,0,0,0.0
177679,0,0,0.0
360508,0,0,0.0
266294,1,0,0.0
273391,0,0,0.0
433500,0,0,0.0
169131,0,0,0.0
264233,0,0,0.0
344720,0,0,0.0
203017,0,0,0.0
205731,0,0,0.0
263568,0,0,0.0
341260,0,1,1.0
369706,0,0,0.0
437784,0,0,0.0
284804,0,0,0.0
431894,0,0,0.0
144322,0,1,1.0
301278,0,0,0.0
183177,0,0,0.0
453504,0,0,0.0
135484,0,0,0.0
172108,0,0,0.0
410002,0,0,0.0
455272,0,0,0.0
357717,0,0,0.0
431359,0,0,0.0
397748,0,0,0.0
136614,0,0,0.0
249598,0,1,1.0
234254,0,0,0.0
216310,0,0,0.0
422222,0,1,1.0
323590,1,0,0.0
401482,0,0,0.0
167020,0,0,0.0
342375,0,0,0.0
362092,0,0,0.0
143127,0,0,0.0
316325,0,0,0.0
196730,0,0,0.0
271388,0,0,0.0
207366,0,0,0.0
247611,0,0,0.0
294802,0,0,0.0
139725,0,0,0.0
270409,0,0,0.0
383526,0,0,0.0
137678,0,0,0.0
279038,0,1,1.0
268183,0,0,0.0
131912,0,0,0.0
173752,0,0,0.0
219676,0,0,0.0
182130,0,0,0.0
290620,1,0,0.0
249560,1,0,0.0
382565,0,0,0.0
394530,0,0,0.0
128676,0,0,0.0
342757,0,0,0.0
311447,0,1,1.0
114655,0,0,0.0
290299,0,0,0.0
329498,0,1,1.0
378940,0,0,0.0
171382,0,0,0.0
373348,0,0,0.0
422505,0,0,0.0
255878,0,0,0.0
145225,0,0,0.0
248300,1,0,0.0
156881,0,0,0.0
289980,0,0,0.0
101943,0,0,0.0
160566,0,1,1.0
214193,0,1,1.0
210317,0,0,0.0
379691,0,0,0.0
218401,0,1,1.0
144936,0,0,0.0
121384,0,0,0.0
397740,0,0,0.0
374988,0,0,0.0
302476,0,0,0.0
264167,0,0,0.0
165025,1,0,0.0
293959,0,0,0.0
265543,0,0,0.0
356165,0,0,0.0
439832,0,0,0.0
273273,1,0,0.0
401610,0,0,0.0
219309,0,0,0.0
172139,0,1,1.0
145517,0,1,1.0
109078,0,0,0.0
198678,0,0,0.0
224862,0,0,0.0
226099,0,0,0.0
320302,0,0,0.0
399824,0,0,0.0
426020,0,0,0.0
397048,1,0,0.0
307399,0,0,0.0
108269,0,0,0.0
222661,0,0,0.0
330064,0,0,0.0
142568,0,0,0.0
439655,0,0,0.0
270722,0,0,0.0
290782,0,0,0.0
156693,0,0,0.0
223202,0,0,0.0
192136,0,0,0.0
165369,0,0,0.0
253862,0,0,0.0
283930,0,1,1.0
407736,0,0,0.0
335118,0,0,0.0
161965,1,0,0.0
303315,0,1,1.0
401025,0,1,1.0
105338,0,0,0.0
336548,0,0,0.0
189674,0,0,0.0
229906,0,1,1.0
349037,0,0,0.0
357757,0,0,0.0
112632,0,0,0.0
209686,1,0,0.0
206261,0,0,0.0
162726,0,0,0.0
376912,0,0,0.0
112278,0,0,0.0
297491,0,0,0.0
276213,0,0,0.0
162068,0,0,0.0
206973,0,0,0.0
431148,0,0,0.0
325873,0,0,0.0
228430,0,0,0.0
395729,0,0,0.0
197394,1,0,0.0
179444,0,0,0.0
414075,0,0,0.0
280613,0,1,1.0
269991,0,0,0.0
217505,0,0,0.0
108335,0,0,0.0
253136,0,0,0.0
140080,0,0,0.0
208305,0,0,0.0
218889,0,0,0.0
176287,0,0,0.0
138120,0,1,1.0
283991,0,1,1.0
291916,0,0,0.0
110021,0,0,0.0
272045,0,0,0.0
362835,0,0,0.0
155504,0,0,0.0
125354,0,1,1.0
203285,0,0,0.0
187968,0,0,0.0
422178,0,0,0.0
231578,1,1,1.0
275395,0,0,0.0
228842,0,0,0.0
419553,0,0,0.0
163011,0,0,0.0
353318,0,0,0.0
453013,0,0,0.0
394802,0,0,0.0
315832,0,0,0.0
233097,0,0,0.0
317216,0,0,0.0
364173,0,0,0.0
106650,0,0,0.0
200377,0,0,0.0
109382,0,0,0.0
134834,0,0,0.0
288919,0,0,0.0
241829,0,0,0.0
445225,0,0,0.0
159885,0,1,1.0
137318,0,0,0.0
401555,0,0,0.0
165266,0,0,0.0
410220,0,0,0.0
440667,0,1,1.0
441980,0,0,0.0
270827,0,0,0.0
227339,0,0,0.0
194754,0,0,0.0
218455,0,0,0.0
234258,0,0,0.0
263893,0,0,0.0
213333,0,0,0.0
270215,0,0,0.0
392911,0,0,0.0
118219,0,0,0.0
106780,0,0,0.0
422295,0,0,0.0
391627,0,0,0.0
259805,0,0,0.0
263862,0,0,0.0
394946,1,0,0.0
178440,1,0,0.0
377185,0,0,0.0
163047,0,0,0.0
360345,0,0,0.0
264395,0,1,1.0
298924,0,0,0.0
107382,0,0,0.0
446324,0,0,0.0
144568,0,0,0.0
301582,0,0,0.0
182219,0,1,1.0
268592,0,0,0.0
240549,0,0,0.0
263724,0,0,0.0
265188,0,0,0.0
208275,0,0,0.0
319611,1,0,0.0
322033,0,0,0.0
114848,0,0,0.0
195092,0,0,0.0
279460,0,0,0.0
332621,0,0,0.0
370649,0,0,0.0
300329,1,1,1.0
197799,0,0,0.0
273887,1,0,0.0
369271,0,0,0.0
134189,0,0,0.0
137702,0,0,0.0
111188,0,0,0.0
302318,0,0,0.0
135173,0,0,0.0
323472,0,0,0.0
387704,0,0,0.0
375806,0,0,0.0
447250,0,0,0.0
428326,0,0,0.0
454624,0,0,0.0
255360,0,0,0.0
343422,0,0,0.0
223926,0,0,0.0
332160,0,0,0.0
109372,0,0,0.0
270387,0,0,0.0
121480,1,1,1.0
377853,0,0,0.0
263197,0,0,0.0
342044,0,0,0.0
354944,0,0,0.0
144532,0,0,0.0
105864,0,0,0.0
241225,0,0,0.0
150216,0,0,0.0
192967,0,0,0.0
354712,0,0,0.0
340346,0,0,0.0
247323,0,0,0.0
389590,0,0,0.0
211128,0,0,0.0
221397,0,0,0.0
114623,0,0,0.0
408192,0,0,0.0
260365,0,0,0.0
375573,0,0,0.0
344233,1,0,0.0
203170,0,0,0.0
262922,0,0,0.0
412057,0,1,1.0
288604,0,0,0.0
158750,0,0,0.0
186895,0,0,0.0
344377,0,0,0.0
301578,0,0,0.0
301526,0,0,0.0
255574,0,0,0.0
223355,0,0,0.0
110731,0,0,0.0
361679,0,0,0.0
118200,0,0,0.0
328450,0,1,1.0
323744,0,0,0.0
186157,0,0,0.0
190001,0,0,0.0
208384,0,0,0.0
101045,0,0,0.0
397115,0,0,0.0
158782,0,0,0.0
149559,0,0,0.0
376063,0,0,0.0
414386,0,1,1.0
213929,0,0,0.0
271525,0,0,0.0
131361,0,0,0.0
420975,0,0,0.0
272277,0,1,1.0
153477,0,0,0.0
116298,0,0,0.0
119472,0,0,0.0
241454,0,0,0.0
361902,0,0,0.0
312686,0,0,0.0
353657,0,0,0.0
391186,0,0,0.0
311056,0,0,0.0
166884,0,1,1.0
390509,0,0,0.0
159311,0,0,0.0
425532,1,0,0.0
172990,0,0,0.0
132488,0,0,0.0
408641,0,0,0.0
124288,0,0,0.0
118719,0,1,1.0
328628,1,0,0.0
385060,0,0,0.0
444368,0,0,0.0
235531,0,0,0.0
296113,0,0,0.0
401749,1,1,1.0
439366,0,0,0.0
154634,0,0,0.0
354352,0,0,0.0
263426,0,0,0.0
392485,0,0,0.0
214390,0,0,0.0
449248,0,0,0.0
212535,0,1,1.0
361556,0,0,0.0
448200,0,0,0.0
307173,0,0,0.0
242370,0,0,0.0
370797,0,0,0.0
416449,0,0,0.0
202257,0,0,0.0
128221,0,0,0.0
428480,0,0,0.0
229895,0,0,0.0
284803,0,0,0.0
422266,0,0,0.0
207096,0,0,0.0
174417,0,0,0.0
286106,0,0,0.0
370119,0,0,0.0
202027,0,0,0.0
290439,0,0,0.0
332307,0,0,0.0
245368,0,0,0.0
386615,0,0,0.0
321214,0,0,0.0
316153,0,0,0.0
150012,1,0,0.0
233556,0,0,0.0
228892,0,0,0.0
336151,0,0,0.0
289817,0,1,1.0
343694,0,0,0.0
148375,0,0,0.0
276149,0,0,0.0
155320,0,0,0.0
197871,0,0,0.0
142253,0,1,1.0
433483,0,0,0.0
379270,0,0,0.0
289472,0,0,0.0
447091,0,0,0.0
164188,0,0,0.0
178106,0,0,0.0
378274,0,0,0.0
334402,0,0,0.0
299316,0,0,0.0
263154,0,1,1.0
381875,0,1,1.0
185858,1,0,0.0
147689,0,0,0.0
401307,0,0,0.0
403638,0,1,1.0
339859,0,0,0.0
349919,0,0,0.0
127366,0,0,0.0
241217,0,0,0.0
257093,0,0,0.0
179326,0,0,0.0
143382,0,0,0.0
121561,0,0,0.0
281952,0,0,0.0
441094,0,0,0.0
102093,0,0,0.0
419259,0,0,0.0
127923,0,0,0.0
345370,0,0,0.0
243029,0,0,0.0
374523,0,0,0.0
303927,0,0,0.0
412261,0,0,0.0
389270,0,0,0.0
370102,0,0,0.0
391141,0,0,0.0
453587,0,0,0.0
216260,0,0,0.0
129336,0,0,0.0
393061,0,0,0.0
140428,0,0,0.0
360602,0,0,0.0
193126,0,0,0.0
212232,0,0,0.0
136171,0,0,0.0
108205,0,0,0.0
246912,0,0,0.0
333603,0,0,0.0
431779,0,0,0.0
429048,0,0,0.0
243309,0,0,0.0
440575,1,0,0.0
194345,0,1,1.0
123049,0,0,0.0
213013,0,0,0.0
375668,0,0,0.0
151675,0,0,0.0
354248,0,0,0.0
180579,0,0,0.0
145520,0,0,0.0
165627,0,0,0.0
331915,1,0,0.0
152422,0,0,0.0
109849,0,0,0.0
359139,0,0,0.0
128833,0,0,0.0
160970,0,0,0.0
346548,0,1,1.0
258100,0,0,0.0
345127,0,0,0.0
123786,0,0,0.0
182879,0,0,0.0
141728,0,0,0.0
319567,0,0,0.0
278456,1,0,0.0
238285,0,1,1.0
219060,0,0,0.0
435787,0,0,0.0
238842,0,0,0.0
450957,0,0,0.0
294101,0,0,0.0
190445,1,0,0.0
144538,0,0,0.0
299495,0,0,0.0
290744,0,0,0.0
404024,0,0,0.0
364250,1,0,0.0
106058,0,0,0.0
385874,0,0,0.0
146788,0,0,0.0
249219,0,0,0.0
176962,1,0,0.0
369121,0,0,0.0
315028,0,0,0.0
206822,0,0,0.0
256575,0,0,0.0
371456,0,0,0.0
286810,1,0,0.0
341589,0,0,0.0
113638,0,0,0.0
304584,0,0,0.0
159110,0,0,0.0
274113,0,0,0.0
344980,0,0,0.0
215452,0,0,0.0
241494,0,1,1.0
395429,0,0,0.0
440985,0,0,0.0
140115,0,0,0.0
104706,0,0,0.0
420102,0,0,0.0
299172,0,0,0.0
415642,0,0,0.0
149834,0,0,0.0
444843,0,0,0.0
271380,0,0,0.0
328786,0,0,0.0
345103,0,0,0.0
133875,0,0,0.0
168489,0,0,0.0
386985,0,0,0.0
155444,0,0,0.0
403473,0,0,0.0
255621,0,0,0.0
412002,0,0,0.0
390210,0,0,0.0
292392,0,0,0.0
311713,0,0,0.0
353171,0,1,1.0
324485,0,0,0.0
442364,0,0,0.0
124066,0,0,0.0
119909,0,0,0.0
307991,0,0,0.0
370064,0,1,1.0
207712,1,0,0.0
326839,0,0,0.0
313051,0,0,0.0
134801,0,0,0.0
434422,0,0,0.0
297263,0,0,0.0
260856,0,0,0.0
337775,0,0,0.0
351920,0,0,0.0
230112,0,0,0.0
267678,0,0,0.0
342764,0,0,0.0
278348,0,0,0.0
238859,0,0,0.0
299189,0,0,0.0
317457,0,0,0.0
382026,0,0,0.0
292523,0,0,0.0
240333,0,0,0.0
259686,0,0,0.0
131616,0,0,0.0
399542,0,0,0.0
154657,1,0,0.0
343900,0,0,0.0
339644,0,0,0.0
119277,0,0,0.0
360368,1,0,0.0
378541,1,1,1.0
216699,0,0,0.0
294316,0,0,0.0
168338,0,0,0.0
205074,0,0,0.0
261639,0,0,0.0
356250,1,0,0.0
314409,0,0,0.0
290799,0,0,0.0
332975,1,0,0.0
196258,0,0,0.0
363144,0,0,0.0
339345,0,0,0.0
238029,0,0,0.0
116512,0,0,0.0
202880,0,0,0.0
405819,0,0,0.0
213272,0,0,0.0
368329,1,0,0.0
201233,0,0,0.0
167488,0,0,0.0
200662,0,0,0.0
311814,0,0,0.0
451213,0,0,0.0
354632,0,0,0.0
347392,0,0,0.0
220975,1,0,0.0
453355,0,0,0.0
376974,0,0,0.0
140825,0,0,0.0
438072,0,0,0.0
363854,0,0,0.0
203768,0,0,0.0
360116,0,0,0.0
382994,0,0,0.0
172387,0,1,1.0
277942,0,0,0.0
354665,0,0,0.0
392871,0,0,0.0
189155,0,0,0.0
379954,1,0,0.0
429476,0,0,0.0
338582,0,0,0.0
380675,0,0,0.0
362497,1,0,0.0
227378,0,0,0.0
185107,0,0,0.0
308336,0,0,0.0
104680,0,0,0.0
226878,0,0,0.0
154061,0,0,0.0
165316,0,0,0.0
225500,0,0,0.0
255886,0,0,0.0
282871,0,0,0.0
345693,0,0,0.0
125681,0,1,1.0
236551,1,1,1.0
407114,0,0,0.0
375983,0,0,0.0
315987,0,0,0.0
140170,0,0,0.0
384038,0,0,0.0
300980,0,0,0.0
354947,0,0,0.0
190933,0,0,0.0
227641,0,0,0.0
231220,0,0,0.0
359460,0,0,0.0
246215,1,0,0.0
438641,0,0,0.0
393530,0,0,0.0
112666,0,0,0.0
383554,0,0,0.0
312572,0,0,0.0
332614,1,1,1.0
121812,0,0,0.0
256764,0,0,0.0
270019,0,0,0.0
176945,0,0,0.0
391557,0,0,0.0
177640,0,0,0.0
438424,1,0,0.0
415780,0,0,0.0
343488,1,1,1.0
413534,0,0,0.0
124570,0,0,0.0
431585,0,0,0.0
380341,0,0,0.0
341864,0,0,0.0
261951,0,0,0.0
103693,0,0,0.0
395289,0,0,0.0
331262,0,0,0.0
340834,0,0,0.0
260066,0,0,0.0
107936,0,0,0.0
387871,0,0,0.0
393003,0,0,0.0
386423,0,0,0.0
280936,0,0,0.0
274952,0,0,0.0
222894,0,0,0.0
364120,0,0,0.0
161689,0,0,0.0
418113,0,0,0.0
279571,1,0,0.0
195119,0,0,0.0
380709,1,1,1.0
441561,0,0,0.0
378849,0,0,0.0
355770,0,0,0.0
243467,0,0,0.0
187804,0,1,1.0
336149,0,0,0.0
102565,0,0,0.0
409502,0,0,0.0
424134,0,0,0.0
312801,0,0,0.0
295046,0,1,1.0
402185,0,0,0.0
340762,0,1,1.0
196857,0,0,0.0
202093,0,1,1.0
455844,0,0,0.0
277023,1,0,0.0
266526,0,1,1.0
143325,0,0,0.0
286420,0,0,0.0
241827,0,0,0.0
233227,0,1,1.0
120251,0,0,0.0
414122,0,0,0.0
129061,1,0,0.0
277653,0,0,0.0
137787,1,0,0.0
311344,0,0,0.0
321874,0,0,0.0
157443,0,0,0.0
178520,0,0,0.0
429361,0,0,0.0
431772,0,0,0.0
378132,0,0,0.0
287947,0,0,0.0
328234,0,0,0.0
271122,1,0,0.0
106400,0,0,0.0
164608,0,0,0.0
340759,0,0,0.0
252311,0,0,0.0
402944,0,0,0.0
119393,0,0,0.0
113179,0,0,0.0
327024,0,1,1.0
371370,0,0,0.0
312655,0,0,0.0
444034,0,0,0.0
117750,0,0,0.0
423552,0,0,0.0
248100,0,0,0.0
163964,0,0,0.0
257322,1,0,0.0
198983,1,0,0.0
230584,0,0,0.0
349170,0,0,0.0
258112,0,0,0.0
315868,0,0,0.0
426933,0,0,0.0
255905,1,0,0.0
367311,0,0,0.0
189189,0,0,0.0
222540,0,0,0.0
350287,0,0,0.0
306839,0,0,0.0
269833,0,0,0.0
414951,0,0,0.0
209984,0,0,0.0
126725,0,1,1.0
160156,0,0,0.0
450353,0,0,0.0
364626,0,0,0.0
436627,0,0,0.0
203374,0,0,0.0
177518,0,0,0.0
133633,0,0,0.0
421603,1,0,0.0
169771,0,1,1.0
337465,0,0,0.0
192651,0,0,0.0
303108,0,0,0.0
183650,0,0,0.0
179258,0,0,0.0
314363,0,0,0.0
227300,0,0,0.0
208650,0,0,0.0
167608,0,0,0.0
397417,0,0,0.0
317833,0,0,0.0
134401,0,0,0.0
160293,0,0,0.0
439888,0,0,0.0
287968,0,0,0.0
352006,0,0,0.0
214460,0,0,0.0
301691,0,0,0.0
386768,0,0,0.0
151814,0,0,0.0
176072,0,0,0.0
193386,0,0,0.0
432710,0,0,0.0
180613,0,0,0.0
239931,0,0,0.0
323629,0,0,0.0
343015,0,1,1.0
378592,0,0,0.0
107141,0,0,0.0
295100,0,0,0.0
445902,0,0,0.0
226441,0,0,0.0
391747,0,0,0.0
123032,0,0,0.0
216507,0,0,0.0
275047,0,0,0.0
195929,0,0,0.0
249224,1,0,0.0
364945,0,0,0.0
422494,0,0,0.0
108240,0,0,0.0
297308,0,0,0.0
199873,0,0,0.0
147468,0,0,0.0
329728,0,1,1.0
219584,0,0,0.0
370907,0,0,0.0
350647,0,0,0.0
431498,0,0,0.0
282690,0,0,0.0
266305,0,0,0.0
450827,0,0,0.0
150973,0,0,0.0
164942,0,0,0.0
262275,1,0,0.0
347454,0,0,0.0
247343,1,0,0.0
161483,0,0,0.0
268221,0,0,0.0
146147,0,0,0.0
118722,0,0,0.0
213347,0,0,0.0
311211,0,0,0.0
420192,0,0,0.0
363398,0,0,0.0
160591,0,1,1.0
433160,0,0,0.0
397091,0,0,0.0
224612,0,0,0.0
124821,0,0,0.0
323647,0,0,0.0
333618,0,0,0.0
291869,0,0,0.0
299951,0,0,0.0
187123,0,0,0.0
281559,0,0,0.0
257833,0,0,0.0
141643,0,0,0.0
117431,0,0,0.0
131822,0,1,1.0
193471,0,0,0.0
447474,0,0,0.0
388386,0,0,0.0
416127,0,0,0.0
355529,0,0,0.0
197125,0,0,0.0
257524,1,0,0.0
159030,0,0,0.0
381663,0,0,0.0
103736,0,0,0.0
311398,0,0,0.0
455245,0,0,0.0
357164,0,0,0.0
332880,0,0,0.0
434821,0,0,0.0
400964,0,0,0.0
158121,0,0,0.0
423201,0,0,0.0
342195,0,0,0.0
320194,0,0,0.0
291993,0,0,0.0
284917,0,0,0.0
278240,0,0,0.0
357838,0,0,0.0
455761,0,0,0.0
267962,0,0,0.0
270670,0,0,0.0
249143,0,0,0.0
204422,0,0,0.0
388119,1,0,0.0
150448,0,0,0.0
298386,0,1,1.0
216407,0,0,0.0
451102,0,0,0.0
189967,0,0,0.0
137415,1,0,0.0
155236,1,0,0.0
395989,0,0,0.0
418320,1,0,0.0
127673,0,0,0.0
366494,0,0,0.0
204802,0,0,0.0
369869,0,0,0.0
299369,0,0,0.0
201335,0,0,0.0
370526,0,0,0.0
319163,0,0,0.0
258752,1,1,1.0
283709,1,1,1.0
100215,0,0,0.0
219327,0,0,0.0
113247,0,0,0.0
154117,0,0,0.0
371134,0,0,0.0
271620,0,0,0.0
351381,1,0,0.0
401160,0,0,0.0
259934,0,0,0.0
440465,0,0,0.0
332438,0,1,1.0
382222,0,0,0.0
373662,0,0,0.0
367917,0,0,0.0
274356,0,0,0.0
305873,0,0,0.0
446008,0,0,0.0
434523,0,0,0.0
142218,0,0,0.0
192702,0,0,0.0
194743,0,0,0.0
338184,0,0,0.0
319311,0,1,1.0
330163,0,1,1.0
344234,0,0,0.0
260393,0,1,1.0
149467,0,0,0.0
388769,0,0,0.0
263003,0,0,0.0
372563,0,1,1.0
235290,0,1,1.0
421241,0,1,1.0
112037,0,1,1.0
116451,0,0,0.0
269987,0,0,0.0
187506,0,0,0.0
129326,0,0,0.0
343326,0,0,0.0
317886,0,0,0.0
208979,0,0,0.0
303303,0,0,0.0
227605,0,0,0.0
447075,0,0,0.0
429705,0,0,0.0
289427,0,0,0.0
391666,0,0,0.0
286113,0,0,0.0
232498,0,0,0.0
156917,0,0,0.0
266692,0,0,0.0
276143,0,0,0.0
177930,1,0,0.0
120487,0,1,1.0
150633,0,0,0.0
382906,0,0,0.0
341335,0,1,1.0
146667,1,0,0.0
229960,0,0,0.0
240548,0,0,0.0
110511,0,0,0.0
381246,0,0,0.0
159505,0,0,0.0
231217,0,0,0.0
305613,0,0,0.0
158361,0,0,0.0
396233,0,0,0.0
251006,0,0,0.0
405252,0,0,0.0
421497,0,0,0.0
366697,0,0,0.0
347029,0,1,1.0
360796,0,0,0.0
182137,0,0,0.0
446788,0,0,0.0
171415,0,0,0.0
286716,0,0,0.0
312138,0,0,0.0
277361,0,0,0.0
376556,0,0,0.0
295779,0,0,0.0
426888,0,0,0.0
132741,0,0,0.0
409309,0,0,0.0
306137,0,0,0.0
239541,0,0,0.0
382555,1,1,1.0
294057,0,0,0.0
395049,0,0,0.0
332824,0,0,0.0
273239,0,0,0.0
247960,0,0,0.0
282316,0,0,0.0
352000,0,0,0.0
265212,0,0,0.0
429588,0,0,0.0
129221,0,0,0.0
205267,0,0,0.0
278161,0,0,0.0
107474,0,0,0.0
299909,0,0,0.0
437025,0,0,0.0
226191,0,0,0.0
353394,0,0,0.0
386044,0,0,0.0
148961,0,0,0.0
218425,1,0,0.0
366827,0,0,0.0
328641,0,0,0.0
258422,0,0,0.0
445865,0,0,0.0
234544,0,0,0.0
273629,0,0,0.0
445268,0,0,0.0
177523,1,0,0.0
247145,0,0,0.0
331247,0,1,1.0
337329,0,0,0.0
331440,1,0,0.0
244718,0,1,1.0
229510,0,1,1.0
361357,0,0,0.0
246607,0,0,0.0
243411,0,0,0.0
226575,1,0,0.0
417779,0,0,0.0
153891,0,0,0.0
148306,0,1,1.0
109154,0,0,0.0
266967,0,0,0.0
388972,0,0,0.0
308539,1,1,1.0
404298,0,1,1.0
210578,1,0,0.0
317471,0,0,0.0
170758,0,0,0.0
265405,0,1,1.0
391298,0,0,0.0
417554,0,0,0.0
425142,0,0,0.0
292806,0,1,1.0
154080,0,0,0.0
112453,0,0,0.0
139811,0,1,1.0
423252,0,0,0.0
421179,0,0,0.0
128403,0,0,0.0
110851,0,1,1.0
288984,0,0,0.0
282148,0,0,0.0
455248,0,0,0.0
159186,0,0,0.0
365580,0,1,1.0
362301,0,0,0.0
453728,1,1,1.0
223125,0,0,0.0
323623,0,0,0.0
135850,0,0,0.0
378658,0,0,0.0
199371,0,0,0.0
193594,0,0,0.0
260436,0,0,0.0
395336,0,0,0.0
240609,0,0,0.0
442351,0,0,0.0
209122,0,0,0.0
397402,0,0,0.0
103904,0,0,0.0
388757,0,1,1.0
251826,0,0,0.0
164493,0,0,0.0
423305,1,0,0.0
197322,0,0,0.0
104626,0,0,0.0
278300,0,0,0.0
360065,1,0,0.0
231501,0,0,0.0
255848,0,0,0.0
356083,0,0,0.0
362162,0,0,0.0
285925,0,0,0.0
335731,0,0,0.0
441495,0,0,0.0
395339,0,0,0.0
397519,0,0,0.0
322319,0,0,0.0
166771,0,0,0.0
420051,0,0,0.0
320273,0,0,0.0
378371,0,0,0.0
158250,0,0,0.0
210654,0,0,0.0
339221,0,0,0.0
319859,0,0,0.0
137235,0,0,0.0
187654,0,0,0.0
105567,0,0,0.0
270707,0,0,0.0
134173,0,0,0.0
122428,0,0,0.0
112112,0,0,0.0
446686,0,0,0.0
328599,0,0,0.0
199047,0,0,0.0
215212,0,0,0.0
395479,0,1,1.0
229646,0,0,0.0
133475,0,0,0.0
404511,0,0,0.0
434393,0,0,0.0
197254,0,0,0.0
417030,0,0,0.0
304039,0,0,0.0
188640,0,0,0.0
146947,0,0,0.0
217580,0,0,0.0
376309,0,0,0.0
288021,0,0,0.0
398599,1,1,1.0
449353,0,0,0.0
196816,0,0,0.0
359401,0,1,1.0
138294,0,0,0.0
431394,0,0,0.0
122196,0,0,0.0
115233,0,0,0.0
313216,0,0,0.0
327041,0,0,0.0
277758,0,0,0.0
218158,0,1,1.0
402784,0,0,0.0
262063,0,0,0.0
112304,0,1,1.0
286807,0,0,0.0
311506,0,0,0.0
433947,0,0,0.0
358091,0,0,0.0
423002,0,0,0.0
255831,0,0,0.0
173099,0,0,0.0
237641,0,0,0.0
239277,0,0,0.0
188850,0,0,0.0
140109,0,0,0.0
196573,0,0,0.0
139531,0,0,0.0
215977,0,0,0.0
440825,0,0,0.0
229291,0,0,0.0
257283,0,0,0.0
273569,0,0,0.0
441515,0,0,0.0
163160,0,0,0.0
389120,0,0,0.0
312387,0,0,0.0
429098,0,0,0.0
405781,0,0,0.0
195166,0,0,0.0
140120,0,0,0.0
240627,0,0,0.0
349128,0,0,0.0
127223,0,0,0.0
205604,0,0,0.0
424990,0,0,0.0
366516,0,0,0.0
312876,0,0,0.0
235249,0,0,0.0
388618,0,0,0.0
377089,0,0,0.0
206011,0,0,0.0
153544,0,0,0.0
114362,0,0,0.0
269454,0,0,0.0
207309,0,0,0.0
118443,0,0,0.0
226728,0,0,0.0
160725,0,0,0.0
393808,0,0,0.0
383889,0,0,0.0
179684,1,0,0.0
410231,0,0,0.0
299207,0,0,0.0
361493,0,0,0.0
356863,0,1,1.0
318083,0,0,0.0
187784,0,0,0.0
426221,0,0,0.0
440660,0,0,0.0
325569,0,0,0.0
403739,0,1,1.0
340734,0,0,0.0
325514,0,0,0.0
209675,0,0,0.0
206775,0,0,0.0
209995,0,0,0.0
382304,0,0,0.0
228390,0,0,0.0
161611,0,0,0.0
155136,0,0,0.0
189685,0,0,0.0
356030,0,0,0.0
270554,0,0,0.0
173916,0,0,0.0
283241,0,0,0.0
358435,0,0,0.0
255863,0,1,1.0
194537,0,0,0.0
262484,0,0,0.0
227965,1,0,0.0
104413,0,0,0.0
129947,1,0,0.0
211573,0,1,1.0
448594,0,1,1.0
198491,0,0,0.0
280431,0,0,0.0
257282,0,0,0.0
190669,0,0,0.0
396692,0,1,1.0
332154,0,0,0.0
106795,0,0,0.0
289911,1,0,0.0
228948,0,0,0.0
277823,0,1,1.0
174422,0,0,0.0
202019,0,0,0.0
424933,0,0,0.0
301872,0,0,0.0
156811,0,0,0.0
244802,0,0,0.0
293454,0,0,0.0
327721,0,0,0.0
304078,0,0,0.0
155649,0,0,0.0
357841,0,0,0.0
416141,0,0,0.0
218308,0,0,0.0
124049,0,0,0.0
176126,0,0,0.0
298120,0,0,0.0
109896,0,0,0.0
430293,0,0,0.0
421502,0,0,0.0
140689,0,0,0.0
292313,0,1,1.0
196123,0,0,0.0
144012,0,1,1.0
120113,0,0,0.0
219409,0,1,1.0
273671,0,0,0.0
251746,0,0,0.0
383485,0,1,1.0
365889,0,0,0.0
222350,0,0,0.0
356244,0,0,0.0
204189,0,0,0.0
316978,0,0,0.0
354363,0,0,0.0
197941,0,0,0.0
367036,0,0,0.0
200541,0,0,0.0
425272,0,0,0.0
393949,0,0,0.0
163706,0,0,0.0
418543,0,0,0.0
332035,1,0,0.0
194031,0,0,0.0
293133,0,1,1.0
456104,0,0,0.0
434509,0,0,0.0
274367,0,0,0.0
358775,1,0,0.0
280883,0,0,0.0
343235,0,0,0.0
261437,0,0,0.0
301849,0,0,0.0
184825,0,0,0.0
334793,0,0,0.0
275658,1,0,0.0
347953,0,0,0.0
291553,0,0,0.0
346706,0,0,0.0
382422,0,0,0.0
274648,0,0,0.0
188006,0,0,0.0
304605,0,0,0.0
423123,0,0,0.0
311496,0,0,0.0
309028,0,0,0.0
340656,0,0,0.0
333052,0,0,0.0
264565,0,1,1.0
380776,0,0,0.0
189326,0,0,0.0
417087,0,0,0.0
305223,0,0,0.0
253834,0,1,1.0
393654,0,0,0.0
267198,0,0,0.0
316900,0,0,0.0
346737,0,1,1.0
346115,0,0,0.0
150870,0,0,0.0
113189,0,0,0.0
419271,0,0,0.0
367160,0,0,0.0
167837,0,0,0.0
195775,0,1,1.0
346249,0,0,0.0
295546,0,0,0.0
354153,0,0,0.0
393529,1,0,0.0
138356,0,0,0.0
126631,0,0,0.0
168450,0,0,0.0
451066,0,0,0.0
366055,0,0,0.0
296266,0,0,0.0
409862,1,0,0.0
321152,0,0,0.0
330490,0,0,0.0
159792,0,1,1.0
281209,0,0,0.0
173831,0,0,0.0
273653,0,0,0.0
155330,0,0,0.0
128976,0,0,0.0
136978,0,0,0.0
208724,0,0,0.0
382351,0,0,0.0
224799,0,0,0.0
272223,0,0,0.0
220376,0,0,0.0
344194,0,0,0.0
160313,0,0,0.0
300225,0,0,0.0
305743,0,0,0.0
299578,0,0,0.0
159401,0,0,0.0
288499,0,0,0.0
347760,0,0,0.0
137800,1,0,0.0
362840,0,1,1.0
353538,1,0,0.0
233972,0,0,0.0
174285,0,0,0.0
181828,0,0,0.0
289161,0,0,0.0
447033,0,0,0.0
454744,0,1,1.0
414596,0,0,0.0
254299,0,0,0.0
376208,0,0,0.0
118660,0,0,0.0
229440,0,0,0.0
376451,0,0,0.0
285538,0,0,0.0
233640,0,0,0.0
165487,1,0,0.0
397500,0,0,0.0
237468,1,0,0.0
197377,0,0,0.0
159896,0,0,0.0
366989,0,0,0.0
354012,0,0,0.0
141068,0,0,0.0
218841,0,0,0.0
232546,0,0,0.0
326701,0,0,0.0
241443,0,0,0.0
297153,1,0,0.0
233323,1,1,1.0
415021,0,0,0.0
305113,0,0,0.0
451537,0,0,0.0
351523,0,0,0.0
219702,0,0,0.0
186791,0,1,1.0
341908,1,1,1.0
433407,0,0,0.0
328378,0,0,0.0
244501,0,0,0.0
413568,0,0,0.0
435414,0,0,0.0
157655,0,0,0.0
309918,0,0,0.0
402609,0,0,0.0
295171,0,0,0.0
174944,0,0,0.0
378524,0,0,0.0
233272,0,0,0.0
211527,0,0,0.0
158088,1,0,0.0
416643,0,0,0.0
315319,0,0,0.0
113492,0,1,1.0
238761,0,0,0.0
448252,0,0,0.0
100789,0,0,0.0
450330,0,0,0.0
168311,0,0,0.0
159154,0,0,0.0
188302,0,0,0.0
342459,0,0,0.0
433404,0,0,0.0
291970,0,0,0.0
301431,0,0,0.0
203809,0,0,0.0
384852,0,0,0.0
449659,0,0,0.0
254287,0,0,0.0
160549,0,0,0.0
406229,0,0,0.0
126806,0,0,0.0
164178,0,0,0.0
297835,0,0,0.0
146299,0,0,0.0
269823,0,0,0.0
324755,0,0,0.0
279128,0,0,0.0
128247,0,0,0.0
401196,0,0,0.0
348156,0,0,0.0
239724,0,0,0.0
331846,0,0,0.0
414601,0,1,1.0
357351,0,0,0.0
109140,0,0,0.0
261008,0,0,0.0
155407,0,0,0.0
173759,0,0,0.0
303435,1,0,0.0
422958,0,0,0.0
177506,0,1,1.0
297747,0,0,0.0
215543,0,0,0.0
443504,0,0,0.0
255636,0,0,0.0
388234,0,0,0.0
225774,0,0,0.0
282805,0,0,0.0
363052,0,0,0.0
151373,0,0,0.0
119809,0,0,0.0
294502,0,0,0.0
243768,0,0,0.0
177471,1,0,0.0
155440,0,0,0.0
382781,0,0,0.0
257280,0,0,0.0
200948,0,0,0.0
381984,0,0,0.0
406701,0,0,0.0
286833,0,0,0.0
238421,0,0,0.0
332706,0,0,0.0
246315,0,1,1.0
358086,0,0,0.0
223805,0,0,0.0
174162,0,0,0.0
270398,0,0,0.0
438014,0,1,1.0
453158,0,0,0.0
205984,0,0,0.0
213980,0,0,0.0
264409,0,0,0.0
371367,0,0,0.0
344806,0,0,0.0
215471,0,0,0.0
367821,0,0,0.0
391050,0,0,0.0
386385,0,1,1.0
361260,0,0,0.0
385989,0,0,0.0
343532,0,0,0.0
396114,0,0,0.0
176698,0,0,0.0
303955,0,0,0.0
196173,1,0,0.0
427496,0,0,0.0
230261,0,1,1.0
396271,0,0,0.0
162902,0,0,0.0
327539,0,0,0.0
194108,0,0,0.0
183401,0,0,0.0
394980,0,0,0.0
113825,0,0,0.0
204613,1,0,0.0
242765,0,0,0.0
349714,0,0,0.0
218499,0,0,0.0
169343,0,0,0.0
219168,0,0,0.0
422960,0,0,0.0
252302,0,0,0.0
177889,0,1,1.0
364630,0,0,0.0
130530,0,0,0.0
221236,0,0,0.0
152448,0,0,0.0
401121,0,0,0.0
411851,0,0,0.0
378404,0,0,0.0
404132,0,0,0.0
352074,0,0,0.0
142623,0,1,1.0
312171,0,0,0.0
266472,0,0,0.0
262628,0,0,0.0
103082,0,0,0.0
134426,0,0,0.0
288148,0,0,0.0
244039,0,0,0.0
146321,0,1,1.0
274875,0,0,0.0
156546,0,0,0.0
303561,0,0,0.0
369763,0,0,0.0
185915,0,0,0.0
437458,0,0,0.0
279404,0,0,0.0
273570,0,0,0.0
137989,0,0,0.0
368440,0,0,0.0
198304,0,0,0.0
279540,0,0,0.0
197055,0,0,0.0
456231,0,0,0.0
276680,0,1,1.0
155538,0,0,0.0
141648,0,0,0.0
219266,1,0,0.0
262855,0,0,0.0
250323,0,0,0.0
151857,0,0,0.0
185913,0,0,0.0
274678,0,0,0.0
119912,0,0,0.0
359073,0,0,0.0
442768,0,0,0.0
285947,0,0,0.0
179330,0,0,0.0
127414,0,0,0.0
120652,0,0,0.0
334706,0,0,0.0
441978,0,1,1.0
207871,0,0,0.0
308387,0,0,0.0
223173,0,0,0.0
164736,0,0,0.0
387749,0,0,0.0
236715,0,0,0.0
150055,0,0,0.0
284015,0,1,1.0
305805,0,0,0.0
292797,0,0,0.0
455614,0,0,0.0
183255,0,0,0.0
110006,0,0,0.0
169908,0,0,0.0
339158,0,0,0.0
352826,0,0,0.0
286921,0,0,0.0
167135,0,0,0.0
313835,0,0,0.0
200448,0,0,0.0
358984,0,0,0.0
387296,0,0,0.0
427011,0,0,0.0
227146,0,0,0.0
164531,0,0,0.0
454954,0,0,0.0
105549,0,0,0.0
447267,0,0,0.0
438016,0,0,0.0
282745,0,0,0.0
418858,0,0,0.0
266037,0,0,0.0
412633,0,0,0.0
186701,0,0,0.0
286530,0,0,0.0
422596,0,0,0.0
151499,0,0,0.0
283168,0,0,0.0
240500,0,0,0.0
246153,0,0,0.0
300997,0,0,0.0
232131,0,0,0.0
219882,0,0,0.0
331194,0,0,0.0
228160,0,0,0.0
263535,0,0,0.0
136703,0,1,1.0
357313,0,0,0.0
289035,0,1,1.0
220608,0,0,0.0
396611,0,0,0.0
137461,0,0,0.0
403897,0,0,0.0
430528,0,0,0.0
141449,0,0,0.0
112562,0,0,0.0
181233,0,0,0.0
244819,0,0,0.0
180233,0,0,0.0
358367,0,0,0.0
372986,0,0,0.0
193356,0,0,0.0
148318,0,1,1.0
316961,0,0,0.0
131738,1,1,1.0
117473,0,0,0.0
353360,0,0,0.0
355497,0,0,0.0
288143,0,0,0.0
357349,0,0,0.0
258541,0,0,0.0
162360,0,0,0.0
210116,0,0,0.0
107338,0,0,0.0
374862,0,0,0.0
123934,0,0,0.0
392407,0,0,0.0
110075,0,0,0.0
119585,0,0,0.0
250564,0,0,0.0
177962,0,0,0.0
247189,0,1,1.0
226164,0,0,0.0
381006,0,0,0.0
389063,0,0,0.0
368972,1,1,1.0
415857,0,1,1.0
322538,0,0,0.0
411251,0,0,0.0
144297,0,0,0.0
281312,0,0,0.0
172947,0,0,0.0
245025,0,0,0.0
365490,0,0,0.0
360494,0,0,0.0
367197,0,0,0.0
258753,0,0,0.0
347969,0,0,0.0
183590,0,0,0.0
244922,0,0,0.0
415195,0,0,0.0
257891,0,0,0.0
132373,0,0,0.0
431706,1,0,0.0
238439,0,1,1.0
299827,0,0,0.0
270901,0,0,0.0
405070,1,1,1.0
445292,0,0,0.0
152182,0,0,0.0
455788,1,0,0.0
375120,0,0,0.0
234383,0,0,0.0
200683,0,0,0.0
450088,0,0,0.0
123201,0,1,1.0
191717,0,0,0.0
382270,0,0,0.0
292340,0,0,0.0
339590,0,0,0.0
120189,0,0,0.0
299062,0,0,0.0
393286,0,0,0.0
132213,0,0,0.0
332096,0,0,0.0
388112,1,1,1.0
118528,0,0,0.0
368141,0,1,1.0
132160,0,0,0.0
340097,0,0,0.0
118146,0,0,0.0
110178,1,0,0.0
137427,0,0,0.0
315728,0,0,0.0
357498,0,0,0.0
104055,0,0,0.0
202262,0,0,0.0
145843,0,0,0.0
359347,0,0,0.0
219888,0,0,0.0
109243,1,0,0.0
287693,0,0,0.0
207321,1,0,0.0
125386,0,0,0.0
197049,1,0,0.0
140008,1,0,0.0
301912,0,0,0.0
442319,0,1,1.0
142879,0,0,0.0
171871,0,0,0.0
331363,0,0,0.0
414572,1,0,0.0
159498,0,0,0.0
285315,0,0,0.0
450243,0,0,0.0
189748,0,0,0.0
300890,0,1,1.0
408527,0,0,0.0
446982,0,0,0.0
437978,0,0,0.0
371196,0,0,0.0
141932,0,0,0.0
133118,0,0,0.0
161296,0,0,0.0
147522,0,1,1.0
260715,0,0,0.0
350336,0,0,0.0
410247,0,0,0.0
319484,0,0,0.0
178482,0,0,0.0
368848,0,0,0.0
206084,0,0,0.0
183601,0,0,0.0
121176,0,0,0.0
259764,0,0,0.0
257555,0,0,0.0
158313,0,1,1.0
169456,0,0,0.0
145847,0,0,0.0
172914,0,0,0.0
114230,0,0,0.0
360456,0,0,0.0
394298,0,0,0.0
203097,0,1,1.0
357181,0,0,0.0
295841,0,1,1.0
159052,0,0,0.0
168974,0,0,0.0
428504,0,0,0.0
321122,0,0,0.0
125794,0,0,0.0
283367,0,1,1.0
157797,0,0,0.0
430906,0,0,0.0
152596,0,0,0.0
182995,0,0,0.0
154189,0,0,0.0
339994,0,0,0.0
391314,0,0,0.0
253157,0,0,0.0
374149,1,0,0.0
173418,0,0,0.0
279647,0,0,0.0
154582,0,0,0.0
380042,0,0,0.0
174995,1,0,0.0
368269,0,0,0.0
152098,0,0,0.0
218986,0,0,0.0
331177,0,0,0.0
180080,0,0,0.0
206801,0,1,1.0
330877,0,0,0.0
311971,0,0,0.0
274407,0,0,0.0
251941,0,0,0.0
447394,0,0,0.0
216329,0,1,1.0
148169,0,0,0.0
454893,0,0,0.0
330801,0,0,0.0
155002,0,0,0.0
252633,0,1,1.0
229588,0,0,0.0
270531,0,0,0.0
199606,0,1,1.0
118062,0,0,0.0
437834,0,0,0.0
249439,0,0,0.0
356354,0,0,0.0
443527,0,0,0.0
106124,0,0,0.0
159351,0,0,0.0
418483,0,0,0.0
417538,0,0,0.0
455509,0,0,0.0
419753,0,0,0.0
396433,0,0,0.0
313701,1,0,0.0
141476,0,1,1.0
361851,0,0,0.0
149700,0,0,0.0
328821,0,1,1.0
294416,1,0,0.0
115330,1,0,0.0
134143,0,0,0.0
345732,0,0,0.0
208459,0,0,0.0
259181,0,0,0.0
303474,0,0,0.0
240454,0,0,0.0
111226,0,0,0.0
195919,0,0,0.0
279077,0,1,1.0
163202,0,0,0.0
367584,0,0,0.0
133290,0,0,0.0
346044,0,1,1.0
172370,0,0,0.0
303069,0,0,0.0
338133,0,0,0.0
109061,0,0,0.0
195633,0,0,0.0
412914,0,0,0.0
371790,0,0,0.0
385590,0,0,0.0
343003,0,0,0.0
226463,0,0,0.0
197759,0,0,0.0
247188,0,1,1.0
111742,0,0,0.0
378071,0,0,0.0
406428,0,0,0.0
132470,0,0,0.0
362537,0,0,0.0
421097,0,0,0.0
152983,0,0,0.0
312554,0,0,0.0
184797,0,1,1.0
152518,0,0,0.0
384734,0,0,0.0
121770,0,0,0.0
354729,0,0,0.0
302924,0,0,0.0
393250,0,0,0.0
436119,0,0,0.0
241321,0,0,0.0
264842,0,1,1.0
169601,0,0,0.0
289710,0,0,0.0
143926,1,0,0.0
252549,0,0,0.0
284252,0,0,0.0
349734,0,0,0.0
288902,0,0,0.0
260504,0,0,0.0
264034,0,0,0.0
403084,0,0,0.0
343760,0,0,0.0
425209,1,0,0.0
405823,0,0,0.0
256418,0,0,0.0
246151,0,0,0.0
167576,0,1,1.0
290110,0,0,0.0
109038,0,0,0.0
323887,0,0,0.0
281361,0,0,0.0
182364,0,0,0.0
245045,0,0,0.0
210463,0,0,0.0
278510,0,0,0.0
255184,0,0,0.0
124565,0,0,0.0
336895,0,1,1.0
395532,0,0,0.0
116640,0,0,0.0
215248,0,0,0.0
450991,0,1,1.0
353071,0,1,1.0
385576,1,0,0.0
446811,0,1,1.0
449542,1,0,0.0
135531,0,0,0.0
367900,0,0,0.0
125024,0,1,1.0
295919,0,0,0.0
275565,0,0,0.0
134354,0,1,1.0
114913,0,0,0.0
260420,0,0,0.0
426330,0,0,0.0
259842,0,0,0.0
376409,0,0,0.0
420553,0,0,0.0
200385,0,0,0.0
427344,0,0,0.0
156803,0,0,0.0
258693,0,0,0.0
239366,0,0,0.0
359318,0,0,0.0
102455,0,0,0.0
263490,0,0,0.0
376932,0,0,0.0
389826,0,1,1.0
401520,0,0,0.0
116935,0,0,0.0
259599,0,0,0.0
394152,0,0,0.0
247915,0,0,0.0
352385,0,0,0.0
307037,0,0,0.0
287333,0,0,0.0
336980,0,0,0.0
205161,0,0,0.0
442761,0,0,0.0
374966,1,1,1.0
336112,0,0,0.0
384316,1,0,0.0
364715,0,0,0.0
380655,0,0,0.0
260318,0,0,0.0
226232,0,0,0.0
280089,0,0,0.0
236543,0,0,0.0
332070,0,0,0.0
413698,0,0,0.0
357775,0,0,0.0
113626,0,0,0.0
136866,0,0,0.0
432443,1,0,0.0
418777,0,0,0.0
165242,1,0,0.0
310905,0,0,0.0
299424,0,0,0.0
363053,0,0,0.0
408499,0,0,0.0
199896,1,0,0.0
167021,1,0,0.0
197277,0,0,0.0
432470,0,0,0.0
444454,0,0,0.0
202504,0,0,0.0
138627,0,1,1.0
153772,0,0,0.0
412671,0,0,0.0
390383,1,0,0.0
401354,0,0,0.0
286345,0,0,0.0
319613,0,0,0.0
183105,0,0,0.0
435472,0,0,0.0
332604,0,0,0.0
119226,0,0,0.0
436154,0,0,0.0
397603,0,0,0.0
201310,0,0,0.0
434211,0,0,0.0
254098,0,0,0.0
139273,0,0,0.0
205760,0,0,0.0
273610,0,0,0.0
444049,0,0,0.0
179983,1,0,0.0
126322,0,0,0.0
270547,0,0,0.0
290831,1,1,1.0
209364,0,0,0.0
323459,0,0,0.0
232031,0,1,1.0
225271,0,0,0.0
255545,1,0,0.0
325884,0,0,0.0
189821,0,1,1.0
138246,0,0,0.0
442984,0,0,0.0
276042,0,0,0.0
343263,0,0,0.0
211066,1,0,0.0
286181,0,0,0.0
433277,0,0,0.0
123558,1,0,0.0
136322,0,0,0.0
142299,0,0,0.0
158321,1,1,1.0
274131,0,0,0.0
245553,0,0,0.0
142019,0,0,0.0
342291,0,0,0.0
239399,1,1,1.0
321287,0,0,0.0
155717,0,0,0.0
206919,0,0,0.0
424924,0,0,0.0
249427,0,0,0.0
243473,0,0,0.0
389514,0,1,1.0
183930,0,0,0.0
138644,0,0,0.0
328193,0,0,0.0
217477,0,0,0.0
382426,0,0,0.0
350353,0,0,0.0
328462,0,0,0.0
193937,0,0,0.0
453537,0,0,0.0
239922,0,0,0.0
223590,0,0,0.0
443086,0,0,0.0
112330,0,0,0.0
124126,0,0,0.0
375735,0,0,0.0
388862,0,0,0.0
137410,0,0,0.0
100967,0,0,0.0
417321,0,0,0.0
219738,0,0,0.0
120824,0,1,1.0
436240,0,0,0.0
348055,0,0,0.0
275889,1,0,0.0
186053,0,0,0.0
289475,0,0,0.0
251225,0,0,0.0
182316,1,0,0.0
217120,0,0,0.0
238097,0,0,0.0
208320,0,0,0.0
231247,0,0,0.0
429151,0,0,0.0
246691,0,0,0.0
271893,0,0,0.0
264821,0,0,0.0
241658,0,0,0.0
408733,0,0,0.0
210958,0,0,0.0
284740,0,0,0.0
434990,0,0,0.0
419245,0,0,0.0
218383,0,0,0.0
170803,0,0,0.0
396309,1,0,0.0
154170,0,0,0.0
179943,0,0,0.0
337704,0,0,0.0
273847,0,0,0.0
232854,1,0,0.0
434653,0,0,0.0
138790,0,1,1.0
279455,0,1,1.0
253822,0,0,0.0
108079,0,0,0.0
217144,0,0,0.0
366888,0,0,0.0
199731,0,0,0.0
206952,0,0,0.0
302929,0,0,0.0
133133,0,1,1.0
337737,0,0,0.0
126953,0,0,0.0
109218,0,0,0.0
349085,0,0,0.0
431907,0,0,0.0
293026,0,0,0.0
409713,1,0,0.0
190312,0,0,0.0
232655,0,0,0.0
350948,0,0,0.0
425033,0,0,0.0
332549,0,0,0.0
344205,0,0,0.0
439506,0,0,0.0
238032,0,1,1.0
414536,0,1,1.0
140627,0,0,0.0
362181,1,1,1.0
369992,0,0,0.0
246409,0,0,0.0
368874,0,0,0.0
134566,0,0,0.0
321493,1,0,0.0
317121,0,0,0.0
125303,0,0,0.0
178695,0,0,0.0
321305,0,0,0.0
163189,0,0,0.0
267705,0,0,0.0
340357,0,0,0.0
234251,0,0,0.0
190077,0,0,0.0
122459,0,0,0.0
193135,0,0,0.0
118078,0,0,0.0
189716,1,0,0.0
348128,0,0,0.0
111919,0,0,0.0
154537,0,0,0.0
210106,0,0,0.0
218396,0,0,0.0
434426,0,0,0.0
395474,0,0,0.0
318845,0,0,0.0
171673,0,0,0.0
260704,0,0,0.0
405112,0,1,1.0
425993,0,0,0.0
105047,0,0,0.0
153098,0,0,0.0
321027,0,0,0.0
287886,0,0,0.0
445806,0,0,0.0
296306,0,0,0.0
219808,0,0,0.0
298109,0,1,1.0
377677,0,0,0.0
385757,0,0,0.0
287662,0,0,0.0
396913,0,0,0.0
455639,0,0,0.0
406614,0,0,0.0
424373,0,0,0.0
155063,1,0,0.0
267117,0,0,0.0
131931,0,0,0.0
315914,0,0,0.0
136003,0,0,0.0
183263,0,0,0.0
107202,0,0,0.0
141335,0,0,0.0
371894,0,0,0.0
204289,0,0,0.0
239622,0,0,0.0
181637,0,0,0.0
455838,0,0,0.0
439812,0,0,0.0
388575,0,0,0.0
123550,1,0,0.0
253869,0,1,1.0
169945,0,0,0.0
169792,0,0,0.0
431366,0,0,0.0
167768,0,0,0.0
201012,0,0,0.0
419060,0,0,0.0
332202,0,1,1.0
367865,0,0,0.0
255873,0,0,0.0
137448,0,0,0.0
344368,0,0,0.0
289305,0,0,0.0
409478,0,0,0.0
142796,0,0,0.0
255679,0,0,0.0
452106,0,0,0.0
365818,0,1,1.0
346915,0,0,0.0
361619,0,0,0.0
395051,1,0,0.0
364149,0,0,0.0
436086,0,0,0.0
375304,0,0,0.0
239648,0,0,0.0
249241,0,0,0.0
344465,0,0,0.0
216544,0,0,0.0
372812,0,0,0.0
439182,0,0,0.0
188409,0,1,1.0
449533,0,0,0.0
213173,0,0,0.0
110232,1,0,0.0
168685,0,1,1.0
354926,0,0,0.0
441418,1,0,0.0
455314,1,0,0.0
389264,0,0,0.0
282026,0,0,0.0
172418,0,0,0.0
381111,0,0,0.0
261250,0,0,0.0
328482,0,0,0.0
265168,0,0,0.0
169476,1,0,0.0
216529,0,0,0.0
346722,0,0,0.0
176503,0,0,0.0
229771,0,0,0.0
414709,0,0,0.0
113531,0,0,0.0
215123,0,0,0.0
363189,0,0,0.0
353824,0,0,0.0
222406,0,0,0.0
314858,1,0,0.0
101781,0,0,0.0
385577,0,0,0.0
137601,0,0,0.0
139481,0,0,0.0
126724,0,0,0.0
362769,0,0,0.0
189115,0,0,0.0
205916,0,0,0.0
411717,0,0,0.0
224790,0,0,0.0
410472,0,0,0.0
263189,0,0,0.0
187304,0,0,0.0
449319,0,1,1.0
435225,0,0,0.0
285761,0,0,0.0
134191,0,1,1.0
428950,0,0,0.0
135247,0,0,0.0
324479,0,0,0.0
318396,0,0,0.0
315552,0,0,0.0
208827,0,0,0.0
444887,0,0,0.0
135790,0,0,0.0
194871,0,0,0.0
238739,1,0,0.0
145757,0,0,0.0
438473,0,0,0.0
230706,0,0,0.0
116992,0,0,0.0
264471,0,0,0.0
200223,0,0,0.0
182662,0,0,0.0
262167,0,0,0.0
441422,0,0,0.0
326202,0,0,0.0
321246,0,0,0.0
145552,0,0,0.0
446367,0,0,0.0
271743,0,0,0.0
253342,0,0,0.0
253462,0,0,0.0
455531,1,0,0.0
398445,0,0,0.0
130969,1,0,0.0
187538,0,0,0.0
371180,0,1,1.0
388568,0,0,0.0
310844,0,0,0.0
454695,0,0,0.0
226450,0,0,0.0
193098,1,0,0.0
397397,0,0,0.0
307838,0,0,0.0
267351,0,0,0.0
201548,0,0,0.0
353494,0,0,0.0
199300,1,1,1.0
184097,0,0,0.0
405115,0,1,1.0
430069,1,0,0.0
192826,0,0,0.0
351075,0,0,0.0
321617,0,0,0.0
282776,0,0,0.0
400095,0,0,0.0
360638,0,0,0.0
348830,0,0,0.0
141981,0,0,0.0
259564,0,0,0.0
161664,0,0,0.0
396283,0,0,0.0
165008,0,0,0.0
455626,0,0,0.0
102269,0,0,0.0
424559,0,0,0.0
180465,0,0,0.0
353978,0,0,0.0
181438,0,0,0.0
152682,0,0,0.0
273983,0,0,0.0
303340,0,0,0.0
440280,0,0,0.0
332087,0,1,1.0
127629,0,0,0.0
304068,0,0,0.0
374639,0,0,0.0
436286,0,0,0.0
273585,0,0,0.0
300164,0,0,0.0
235200,0,0,0.0
233234,0,0,0.0
106726,0,0,0.0
294324,0,0,0.0
294240,0,0,0.0
453263,0,1,1.0
385269,0,0,0.0
161732,0,0,0.0
324650,0,0,0.0
154569,0,0,0.0
389348,0,0,0.0
246499,0,0,0.0
211936,0,0,0.0
438560,0,1,1.0
289323,0,0,0.0
299100,0,0,0.0
124554,0,0,0.0
227198,0,0,0.0
105431,0,1,1.0
424564,0,0,0.0
249329,0,0,0.0
225074,0,0,0.0
118424,0,0,0.0
304128,0,0,0.0
289217,0,0,0.0
389289,0,0,0.0
294066,0,1,1.0
379332,0,0,0.0
361513,0,0,0.0
148119,0,0,0.0
353392,0,0,0.0
136483,0,0,0.0
228016,0,0,0.0
252849,0,0,0.0
358997,0,0,0.0
373846,0,0,0.0
229237,0,0,0.0
395422,0,0,0.0
426840,0,0,0.0
328263,0,0,0.0
265511,0,0,0.0
117828,0,0,0.0
290836,0,0,0.0
345160,0,0,0.0
208639,0,0,0.0
201267,0,0,0.0
107794,0,1,1.0
440522,0,0,0.0
206456,0,0,0.0
219825,0,0,0.0
104145,0,0,0.0
230230,0,0,0.0
187569,0,0,0.0
218521,0,0,0.0
380016,0,0,0.0
208416,0,0,0.0
384640,0,0,0.0
444256,0,0,0.0
255449,0,0,0.0
371914,0,0,0.0
424911,0,0,0.0
345279,0,0,0.0
393524,0,0,0.0
386016,0,0,0.0
316337,0,0,0.0
169648,0,0,0.0
371768,1,0,0.0
327535,0,0,0.0
312676,1,1,1.0
352141,0,0,0.0
178526,0,0,0.0
196600,0,0,0.0
372885,0,1,1.0
176323,0,0,0.0
131866,0,0,0.0
409968,0,0,0.0
333821,0,0,0.0
299977,0,0,0.0
230064,0,0,0.0
221536,0,0,0.0
152526,0,0,0.0
120963,0,0,0.0
120699,0,0,0.0
360682,0,0,0.0
170665,0,0,0.0
272115,0,0,0.0
243608,0,0,0.0
419280,0,0,0.0
126578,0,0,0.0
166552,0,0,0.0
380726,0,0,0.0
183824,0,0,0.0
159081,0,0,0.0
248867,0,0,0.0
185989,0,0,0.0
126742,0,0,0.0
220289,0,0,0.0
300050,0,0,0.0
253766,0,0,0.0
272251,0,0,0.0
259311,0,0,0.0
267584,0,0,0.0
232844,0,0,0.0
280989,0,1,1.0
255521,0,0,0.0
298999,0,0,0.0
160291,0,0,0.0
327161,0,0,0.0
337616,0,0,0.0
179301,0,0,0.0
266830,0,0,0.0
225861,0,0,0.0
353462,0,0,0.0
203902,0,0,0.0
206131,0,0,0.0
138590,1,0,0.0
243441,0,0,0.0
420272,0,0,0.0
262869,0,0,0.0
347966,0,0,0.0
455137,0,0,0.0
397865,0,1,1.0
384641,0,0,0.0
369704,0,0,0.0
267587,0,0,0.0
236695,0,0,0.0
329332,0,0,0.0
144353,0,0,0.0
411521,0,0,0.0
192836,0,0,0.0
258792,0,0,0.0
367995,0,0,0.0
128530,0,0,0.0
360087,0,0,0.0
261647,0,0,0.0
408107,0,0,0.0
445198,0,0,0.0
431900,0,0,0.0
137930,0,0,0.0
309919,0,0,0.0
331953,0,0,0.0
298023,0,0,0.0
391376,0,0,0.0
441267,0,0,0.0
195694,0,0,0.0
242111,0,0,0.0
204515,0,0,0.0
256703,0,0,0.0
255112,0,0,0.0
236955,0,0,0.0
159943,0,0,0.0
214827,0,0,0.0
266706,0,0,0.0
333857,0,0,0.0
304304,0,1,1.0
331765,0,0,0.0
441090,0,0,0.0
390167,0,0,0.0
444629,0,0,0.0
332138,1,1,1.0
210996,1,0,0.0
113465,0,0,0.0
407491,0,0,0.0
253663,0,0,0.0
157819,0,0,0.0
420575,0,0,0.0
314207,0,0,0.0
210646,0,0,0.0
204179,0,0,0.0
330475,0,0,0.0
107342,0,0,0.0
202513,0,0,0.0
290493,0,0,0.0
377403,0,0,0.0
419591,0,0,0.0
374588,0,0,0.0
352306,0,0,0.0
119522,0,0,0.0
254638,0,0,0.0
109159,0,0,0.0
282489,0,0,0.0
410897,0,0,0.0
194527,0,0,0.0
254075,0,0,0.0
110545,0,0,0.0
318294,0,0,0.0
416571,0,1,1.0
167852,0,0,0.0
270130,0,0,0.0
158812,0,0,0.0
268693,0,0,0.0
266799,0,1,1.0
420836,0,0,0.0
248939,0,0,0.0
333386,0,0,0.0
293083,0,0,0.0
454749,0,0,0.0
353165,0,0,0.0
410408,1,0,0.0
388987,0,0,0.0
183133,0,0,0.0
241272,0,0,0.0
371936,0,0,0.0
404800,0,0,0.0
219640,0,0,0.0
436630,0,0,0.0
391272,0,0,0.0
323614,0,0,0.0
101812,0,0,0.0
186141,0,0,0.0
295894,0,1,1.0
404145,0,0,0.0
175423,0,0,0.0
349928,0,0,0.0
382968,0,0,0.0
324267,0,0,0.0
422305,0,0,0.0
448680,0,0,0.0
156954,0,0,0.0
400488,0,0,0.0
165760,0,0,0.0
283799,0,0,0.0
300463,0,0,0.0
190608,0,0,0.0
240927,0,0,0.0
267905,0,0,0.0
380380,1,0,0.0
399025,0,0,0.0
244936,0,0,0.0
297685,0,0,0.0
206155,0,0,0.0
425295,0,0,0.0
130402,0,0,0.0
272674,0,0,0.0
306219,0,0,0.0
223046,0,0,0.0
248101,0,0,0.0
276745,0,0,0.0
246029,0,0,0.0
325605,0,0,0.0
325581,0,0,0.0
170999,0,0,0.0
241632,0,1,1.0
368753,0,0,0.0
309453,0,0,0.0
174035,1,0,0.0
340836,0,0,0.0
207998,0,0,0.0
278036,0,0,0.0
425605,0,0,0.0
426684,0,0,0.0
166148,0,0,0.0
219995,0,0,0.0
239077,0,0,0.0
127033,0,0,0.0
441412,1,0,0.0
453773,1,0,0.0
390832,0,0,0.0
286319,0,0,0.0
448247,0,0,0.0
400697,0,0,0.0
333168,0,0,0.0
268866,0,1,1.0
222981,0,0,0.0
199163,0,0,0.0
420004,0,0,0.0
130686,0,0,0.0
248073,0,0,0.0
367118,0,0,0.0
381851,0,0,0.0
435280,0,0,0.0
422034,0,0,0.0
163228,0,0,0.0
203754,0,0,0.0
161024,0,0,0.0
130054,0,0,0.0
111754,1,0,0.0
334828,0,0,0.0
370698,0,0,0.0
290969,0,0,0.0
379144,0,0,0.0
248567,0,0,0.0
235511,0,1,1.0
207261,0,0,0.0
281402,0,1,1.0
381720,0,0,0.0
156383,0,0,0.0
104811,0,0,0.0
359931,0,0,0.0
328667,0,1,1.0
248964,0,0,0.0
342689,0,0,0.0
239668,0,0,0.0
279905,0,0,0.0
297518,0,1,1.0
354716,0,0,0.0
183667,1,0,0.0
397620,0,1,1.0
143491,0,0,0.0
381625,0,0,0.0
400486,0,0,0.0
123684,0,0,0.0
360463,1,1,1.0
397434,0,0,0.0
190073,0,0,0.0
190757,0,0,0.0
139013,0,0,0.0
229138,1,0,0.0
299868,0,0,0.0
123455,1,0,0.0
343352,0,0,0.0
277212,0,0,0.0
298028,0,0,0.0
360924,0,0,0.0
390579,0,0,0.0
319542,1,0,0.0
447345,0,0,0.0
415163,0,0,0.0
204384,0,0,0.0
230357,0,1,1.0
185497,0,0,0.0
390875,1,0,0.0
374893,0,0,0.0
140141,0,0,0.0
401326,0,0,0.0
404007,0,0,0.0
130425,0,0,0.0
221802,0,0,0.0
391165,0,0,0.0
158263,0,0,0.0
182808,0,0,0.0
358706,0,0,0.0
225026,0,0,0.0
394846,0,1,1.0
139439,0,1,1.0
178372,0,0,0.0
383624,0,0,0.0
133566,0,0,0.0
409811,0,0,0.0
373782,0,0,0.0
350196,0,0,0.0
159652,0,0,0.0
251663,0,0,0.0
444447,0,0,0.0
405670,1,0,0.0
340548,0,1,1.0
379421,0,0,0.0
103379,0,0,0.0
121543,0,0,0.0
226891,0,0,0.0
287367,1,0,0.0
281988,0,0,0.0
325732,0,0,0.0
397061,0,0,0.0
429983,0,0,0.0
340865,0,0,0.0
120232,0,0,0.0
310153,0,0,0.0
279590,0,0,0.0
372531,0,0,0.0
284530,0,0,0.0
347411,0,0,0.0
176809,1,0,0.0
163395,0,0,0.0
343542,0,1,1.0
436134,0,0,0.0
367803,0,0,0.0
254150,0,0,0.0
297235,0,0,0.0
218894,1,0,0.0
415218,0,0,0.0
270820,0,0,0.0
375571,0,0,0.0
217576,0,0,0.0
262055,0,0,0.0
185785,0,0,0.0
373364,0,0,0.0
183778,0,0,0.0
310266,0,0,0.0
138671,0,1,1.0
328328,1,1,1.0
370745,0,0,0.0
102489,1,0,0.0
438470,0,0,0.0
350164,0,0,0.0
402710,0,0,0.0
277752,1,0,0.0
211334,0,0,0.0
275904,0,0,0.0
294970,0,0,0.0
236343,0,0,0.0
258454,0,0,0.0
209757,0,0,0.0
205334,0,0,0.0
324908,0,0,0.0
169281,0,0,0.0
290521,0,0,0.0
131942,0,0,0.0
287966,0,0,0.0
113529,0,0,0.0
358985,0,0,0.0
195846,0,0,0.0
387985,0,0,0.0
187247,0,0,0.0
350141,0,0,0.0
452345,0,0,0.0
316209,0,0,0.0
334629,0,0,0.0
428608,0,0,0.0
154067,0,0,0.0
186875,0,0,0.0
205261,0,0,0.0
366319,0,0,0.0
409363,0,0,0.0
165954,0,0,0.0
297854,0,0,0.0
303606,0,0,0.0
183383,0,0,0.0
134329,0,0,0.0
409786,0,0,0.0
226058,0,0,0.0
453515,0,0,0.0
207847,0,0,0.0
132371,0,0,0.0
250078,0,1,1.0
316409,0,0,0.0
373492,0,0,0.0
241885,0,0,0.0
326959,0,1,1.0
127130,0,0,0.0
306470,0,0,0.0
267555,0,0,0.0
293358,1,0,0.0
225889,0,0,0.0
441726,0,0,0.0
331260,0,0,0.0
130824,0,0,0.0
149543,0,0,0.0
330571,0,0,0.0
374803,1,0,0.0
328152,0,1,1.0
351926,0,1,1.0
232317,0,0,0.0
351999,0,0,0.0
442109,0,0,0.0
206817,1,0,0.0
275919,0,0,0.0
142007,0,0,0.0
427864,0,0,0.0
205899,0,0,0.0
176324,0,0,0.0
149187,0,0,0.0
293211,0,0,0.0
205253,1,0,0.0
380612,0,0,0.0
150662,0,0,0.0
160248,0,0,0.0
145182,0,0,0.0
133769,0,0,0.0
105685,0,0,0.0
414410,0,0,0.0
326872,0,0,0.0
316599,0,0,0.0
292531,0,0,0.0
324313,0,0,0.0
191537,0,0,0.0
433759,0,0,0.0
240911,0,0,0.0
163522,0,1,1.0
250563,0,0,0.0
315966,0,0,0.0
127232,0,0,0.0
264346,1,0,0.0
409863,0,0,0.0
151295,0,0,0.0
236400,0,0,0.0
285732,0,0,0.0
112891,0,0,0.0
346717,0,1,1.0
380132,1,0,0.0
242235,0,0,0.0
105148,0,0,0.0
439271,0,0,0.0
426112,0,0,0.0
234334,0,0,0.0
280751,0,0,0.0
266873,0,0,0.0
402188,1,0,0.0
450090,0,0,0.0
171200,0,0,0.0
208984,0,0,0.0
246567,0,0,0.0
376845,0,0,0.0
256365,0,0,0.0
218953,0,0,0.0
450988,0,0,0.0
428019,0,0,0.0
430986,0,0,0.0
324207,1,0,0.0
159199,0,0,0.0
224669,0,0,0.0
245362,0,0,0.0
319554,0,0,0.0
405222,0,0,0.0
284247,0,0,0.0
194041,0,0,0.0
244481,0,0,0.0
392533,0,0,0.0
344371,0,0,0.0
124814,0,0,0.0
281604,0,0,0.0
444643,0,0,0.0
325892,0,0,0.0
448809,0,0,0.0
121033,0,0,0.0
341286,0,0,0.0
154791,0,0,0.0
209826,0,0,0.0
392298,0,0,0.0
307426,0,0,0.0
435349,0,0,0.0
244623,0,0,0.0
310620,0,0,0.0
114093,0,0,0.0
387775,0,0,0.0
305729,0,0,0.0
325068,0,0,0.0
281801,1,0,0.0
240975,0,0,0.0
439430,0,0,0.0
372701,0,0,0.0
349843,0,0,0.0
318265,0,0,0.0
283534,0,0,0.0
360618,0,0,0.0
179195,0,1,1.0
403511,0,0,0.0
163985,0,0,0.0
323216,1,0,0.0
345372,1,0,0.0
372795,0,0,0.0
270930,0,0,0.0
233548,0,0,0.0
120006,0,0,0.0
126194,0,0,0.0
261285,0,0,0.0
233910,0,1,1.0
383694,0,0,0.0
196178,0,0,0.0
417501,0,0,0.0
396429,0,0,0.0
305536,0,0,0.0
261771,0,0,0.0
427084,0,0,0.0
219017,0,1,1.0
352500,0,0,0.0
435680,0,0,0.0
387986,0,0,0.0
171420,0,0,0.0
246022,0,1,1.0
203067,1,0,0.0
134360,0,0,0.0
388592,0,0,0.0
134668,0,0,0.0
396843,0,0,0.0
155727,1,0,0.0
366459,0,0,0.0
188984,1,0,0.0
298782,0,0,0.0
328448,0,0,0.0
385994,0,0,0.0
433297,0,0,0.0
337911,0,0,0.0
247907,0,0,0.0
240907,0,0,0.0
284654,0,0,0.0
329540,0,1,1.0
167756,0,0,0.0
295778,0,0,0.0
441902,0,0,0.0
450167,0,0,0.0
210566,0,0,0.0
394417,1,0,0.0
144189,0,0,0.0
446907,0,0,0.0
135132,0,0,0.0
401068,0,0,0.0
362404,0,0,0.0
235737,0,0,0.0
177001,0,0,0.0
381945,0,0,0.0
256362,0,0,0.0
357714,1,0,0.0
156955,0,0,0.0
290455,0,0,0.0
138479,0,0,0.0
451301,0,0,0.0
184232,0,0,0.0
139385,1,0,0.0
252210,0,0,0.0
380534,0,1,1.0
223337,0,0,0.0
229689,0,0,0.0
264357,1,0,0.0
267041,0,0,0.0
313891,0,0,0.0
293177,1,0,0.0
329278,0,0,0.0
256778,0,1,1.0
182126,0,0,0.0
329398,0,0,0.0
142426,0,0,0.0
403753,0,0,0.0
338787,0,0,0.0
318398,0,0,0.0
148112,0,0,0.0
156232,0,0,0.0
237251,0,1,1.0
437057,0,0,0.0
385508,0,0,0.0
130829,0,1,1.0
361027,0,1,1.0
380201,1,0,0.0
234402,0,0,0.0
293608,1,1,1.0
312612,0,0,0.0
316844,1,1,1.0
419646,0,1,1.0
130493,0,0,0.0
276895,0,0,0.0
295220,0,0,0.0
211922,0,0,0.0
378965,0,1,1.0
449259,0,0,0.0
453689,0,0,0.0
236534,0,0,0.0
289939,0,0,0.0
449231,0,0,0.0
137005,0,0,0.0
252085,0,1,1.0
198556,0,0,0.0
430096,0,0,0.0
352622,0,0,0.0
220261,0,0,0.0
260733,0,0,0.0
315157,0,0,0.0
327139,0,0,0.0
382552,0,0,0.0
324133,0,0,0.0
448894,0,1,1.0
167773,0,0,0.0
162866,0,0,0.0
218310,0,0,0.0
375938,0,0,0.0
115258,0,0,0.0
253078,1,0,0.0
255397,0,0,0.0
235084,0,0,0.0
193277,0,0,0.0
279205,0,0,0.0
222072,0,0,0.0
308514,0,0,0.0
391413,0,0,0.0
173218,0,0,0.0
359770,0,0,0.0
351472,1,0,0.0
456208,0,0,0.0
138359,0,0,0.0
155129,1,0,0.0
252497,0,0,0.0
209987,0,0,0.0
388149,0,0,0.0
122421,0,0,0.0
401364,0,1,1.0
237948,0,0,0.0
324732,0,0,0.0
181123,0,0,0.0
321221,0,1,1.0
352080,0,0,0.0
250260,0,0,0.0
286831,1,0,0.0
354843,0,0,0.0
394431,0,0,0.0
127441,0,0,0.0
433700,1,0,0.0
376499,0,0,0.0
177532,0,0,0.0
351956,0,0,0.0
188895,0,0,0.0
386620,0,1,1.0
258512,0,0,0.0
117588,0,0,0.0
213797,0,0,0.0
248335,0,0,0.0
146350,1,0,0.0
416621,0,1,1.0
293449,1,0,0.0
163786,0,0,0.0
253163,0,0,0.0
116790,0,0,0.0
435601,0,0,0.0
108585,0,0,0.0
247797,0,0,0.0
367805,0,0,0.0
420725,0,0,0.0
164211,0,0,0.0
418875,0,0,0.0
260193,0,0,0.0
270808,0,1,1.0
169708,0,0,0.0
234509,0,0,0.0
321867,0,0,0.0
145083,0,0,0.0
272034,0,0,0.0
236424,0,0,0.0
140103,0,0,0.0
160860,0,0,0.0
219481,0,0,0.0
384158,0,0,0.0
372200,0,0,0.0
282077,0,0,0.0
100941,0,0,0.0
389745,0,0,0.0
194930,0,0,0.0
425836,0,0,0.0
414935,0,0,0.0
407028,1,0,0.0
417090,0,0,0.0
431791,0,0,0.0
145688,1,0,0.0
374572,0,0,0.0
304174,0,0,0.0
264792,0,0,0.0
237419,0,0,0.0
215322,0,0,0.0
404313,0,1,1.0
189995,0,0,0.0
387235,0,0,0.0
167339,1,0,0.0
270382,0,0,0.0
409980,0,0,0.0
270663,0,0,0.0
298723,0,0,0.0
180009,0,1,1.0
426836,0,0,0.0
274948,0,0,0.0
419521,0,0,0.0
424730,0,0,0.0
321334,0,0,0.0
257391,0,0,0.0
381584,0,0,0.0
420917,0,1,1.0
406466,0,0,0.0
381962,0,0,0.0
309313,0,0,0.0
441290,0,0,0.0
441779,0,0,0.0
252661,0,0,0.0
366869,1,0,0.0
104117,0,0,0.0
385056,0,0,0.0
329961,0,0,0.0
145660,0,0,0.0
352404,0,0,0.0
429217,0,0,0.0
114179,0,0,0.0
180792,0,0,0.0
431923,0,1,1.0
141391,0,0,0.0
253933,0,0,0.0
376937,0,0,0.0
264578,0,0,0.0
117190,0,0,0.0
152821,0,1,1.0
192519,0,0,0.0
395777,0,0,0.0
288205,0,0,0.0
375918,0,0,0.0
260606,0,0,0.0
216381,0,0,0.0
356221,0,0,0.0
319617,1,1,1.0
202551,0,0,0.0
355644,0,0,0.0
307335,0,0,0.0
243161,0,0,0.0
212736,0,0,0.0
399217,0,0,0.0
236347,0,1,1.0
116764,0,0,0.0
130888,0,0,0.0
106250,0,1,1.0
327319,0,1,1.0
402913,0,0,0.0
105766,0,1,1.0
276421,0,0,0.0
424283,0,0,0.0
390622,0,0,0.0
380381,0,0,0.0
439703,1,0,0.0
437194,0,0,0.0
172754,0,0,0.0
177204,0,0,0.0
413327,0,0,0.0
375383,0,0,0.0
410160,0,0,0.0
308383,0,0,0.0
156789,0,0,0.0
314956,0,0,0.0
293229,0,0,0.0
346301,0,0,0.0
108941,0,0,0.0
297637,0,0,0.0
176908,0,0,0.0
327419,0,1,1.0
260785,0,0,0.0
181190,0,0,0.0
200875,0,0,0.0
431500,0,0,0.0
378898,0,0,0.0
282903,0,0,0.0
353771,0,0,0.0
392231,0,1,1.0
401806,0,0,0.0
454277,0,0,0.0
326050,0,0,0.0
178053,0,0,0.0
404463,0,0,0.0
233133,0,0,0.0
436774,0,0,0.0
383240,0,0,0.0
365123,0,0,0.0
373993,0,0,0.0
112099,0,0,0.0
376203,0,0,0.0
421738,0,0,0.0
431767,0,0,0.0
209576,1,0,0.0
360858,0,0,0.0
367489,0,0,0.0
392972,0,0,0.0
398199,0,0,0.0
215185,0,0,0.0
445012,0,0,0.0
123557,1,0,0.0
386574,0,0,0.0
385051,0,1,1.0
255321,0,0,0.0
304841,0,0,0.0
320892,0,0,0.0
173575,1,0,0.0
442090,0,0,0.0
450604,0,0,0.0
179115,0,0,0.0
248197,0,0,0.0
369679,0,0,0.0
412188,0,0,0.0
413162,0,0,0.0
147534,0,0,0.0
419221,0,0,0.0
357505,0,0,0.0
376708,0,0,0.0
324658,0,0,0.0
455389,0,1,1.0
115285,0,0,0.0
298331,0,0,0.0
401253,0,1,1.0
401531,0,0,0.0
448887,0,0,0.0
274579,0,0,0.0
270057,0,0,0.0
248076,0,0,0.0
316559,0,0,0.0
402764,0,0,0.0
335924,1,0,0.0
148575,0,1,1.0
174451,0,0,0.0
111059,0,0,0.0
350513,0,0,0.0
418726,0,0,0.0
162977,0,0,0.0
147477,0,0,0.0
357603,0,0,0.0
156048,0,0,0.0
442542,0,0,0.0
337791,0,0,0.0
394077,0,0,0.0
373341,0,0,0.0
322118,0,0,0.0
187092,0,0,0.0
336140,0,0,0.0
228607,0,0,0.0
112733,0,0,0.0
314764,0,0,0.0
242682,0,0,0.0
244627,0,0,0.0
137974,0,0,0.0
197307,0,0,0.0
350680,0,0,0.0
369697,0,0,0.0
366015,0,0,0.0
184138,0,0,0.0
381425,0,0,0.0
404011,0,0,0.0
208381,0,0,0.0
389518,0,0,0.0
405031,0,0,0.0
369741,0,0,0.0
304576,0,0,0.0
338501,0,0,0.0
170012,0,0,0.0
126435,0,0,0.0
437165,0,0,0.0
332727,0,0,0.0
209306,0,0,0.0
118553,0,0,0.0
128587,0,0,0.0
176136,0,0,0.0
146767,1,0,0.0
115073,0,0,0.0
224012,0,0,0.0
157451,0,1,1.0
168787,0,0,0.0
250620,0,0,0.0
307614,0,0,0.0
134164,0,0,0.0
290221,0,0,0.0
276051,0,0,0.0
211413,0,0,0.0
130868,0,0,0.0
406556,0,0,0.0
226439,1,1,1.0
264944,0,0,0.0
284105,0,0,0.0
229088,0,0,0.0
211906,0,0,0.0
383148,0,1,1.0
443083,0,0,0.0
192278,0,0,0.0
313126,0,0,0.0
123385,0,0,0.0
165528,0,0,0.0
257699,0,0,0.0
308292,0,0,0.0
432408,0,0,0.0
368330,0,1,1.0
145655,0,0,0.0
440343,0,1,1.0
362813,0,0,0.0
111806,0,0,0.0
184845,0,0,0.0
183163,0,0,0.0
377945,0,0,0.0
426045,0,0,0.0
394080,0,0,0.0
209944,0,0,0.0
401850,0,0,0.0
337004,0,0,0.0
229922,0,0,0.0
105652,0,0,0.0
434613,0,0,0.0
363281,0,0,0.0
212382,0,0,0.0
370173,0,0,0.0
182057,0,0,0.0
433573,0,0,0.0
322597,0,1,1.0
154274,1,0,0.0
198830,0,0,0.0
116354,0,0,0.0
440970,0,0,0.0
132129,0,0,0.0
225481,0,0,0.0
309336,0,0,0.0
100362,0,0,0.0
175860,0,0,0.0
412751,0,0,0.0
241425,0,0,0.0
196769,0,0,0.0
251086,0,0,0.0
269923,0,0,0.0
133365,0,0,0.0
133776,0,0,0.0
120481,0,0,0.0
248695,0,0,0.0
443079,0,0,0.0
100176,0,0,0.0
149465,0,0,0.0
281351,0,0,0.0
397316,0,0,0.0
405833,0,0,0.0
289272,0,0,0.0
329047,0,0,0.0
455409,0,0,0.0
259269,0,0,0.0
274502,0,1,1.0
135329,0,0,0.0
164247,0,0,0.0
347449,0,0,0.0
251556,0,0,0.0
346461,0,0,0.0
352994,0,0,0.0
141058,0,0,0.0
221958,0,0,0.0
133284,0,0,0.0
438980,0,0,0.0
307481,0,0,0.0
178648,0,0,0.0
226814,0,0,0.0
296583,0,0,0.0
387434,0,0,0.0
260455,0,0,0.0
302358,0,0,0.0
315733,0,0,0.0
111447,0,1,1.0
318115,0,1,1.0
408606,0,0,0.0
426304,0,0,0.0
364091,0,0,0.0
376722,0,0,0.0
295025,0,0,0.0
109946,0,0,0.0
383144,1,0,0.0
178133,0,1,1.0
396766,0,0,0.0
453496,0,0,0.0
166304,0,0,0.0
266927,0,0,0.0
174519,0,0,0.0
324750,1,0,0.0
360056,0,0,0.0
409626,0,0,0.0
230239,0,0,0.0
131345,0,0,0.0
419610,1,0,0.0
114803,0,0,0.0
320488,0,1,1.0
452516,0,0,0.0
206997,0,1,1.0
145977,0,0,0.0
218472,0,0,0.0
238334,0,0,0.0
430442,0,0,0.0
382857,0,0,0.0
257463,0,0,0.0
128996,0,1,1.0
258008,0,0,0.0
377526,0,0,0.0
247289,0,0,0.0
130669,0,0,0.0
368824,0,0,0.0
145373,0,0,0.0
438742,0,0,0.0
256559,0,0,0.0
419975,0,0,0.0
413053,0,0,0.0
177338,0,0,0.0
434524,0,0,0.0
266002,0,1,1.0
418969,0,0,0.0
257201,0,0,0.0
402635,0,0,0.0
424641,0,0,0.0
129673,0,0,0.0
296907,0,0,0.0
375080,0,0,0.0
384699,0,0,0.0
391761,0,0,0.0
435303,0,0,0.0
318412,0,0,0.0
327266,0,0,0.0
136487,0,0,0.0
270060,1,0,0.0
162965,0,0,0.0
347061,0,0,0.0
174602,0,0,0.0
364231,0,0,0.0
187038,0,0,0.0
202470,0,0,0.0
282469,0,0,0.0
380069,0,0,0.0
233851,0,0,0.0
266062,0,0,0.0
436615,0,0,0.0
421918,0,0,0.0
103116,0,0,0.0
134949,0,0,0.0
100059,0,0,0.0
202307,0,0,0.0
159977,0,0,0.0
107409,0,0,0.0
351537,0,0,0.0
341388,1,0,0.0
323828,0,1,1.0
112496,0,0,0.0
331180,0,0,0.0
142197,0,0,0.0
337098,0,0,0.0
333710,0,0,0.0
327829,0,0,0.0
384469,0,1,1.0
182694,0,0,0.0
415206,0,0,0.0
362103,0,0,0.0
256082,0,0,0.0
430539,0,0,0.0
419355,0,0,0.0
123434,0,0,0.0
141527,0,0,0.0
356436,0,0,0.0
322822,0,0,0.0
330862,0,0,0.0
248655,0,0,0.0
253584,0,0,0.0
187814,0,0,0.0
416439,0,0,0.0
189044,0,0,0.0
143313,0,0,0.0
282429,0,0,0.0
299001,0,1,1.0
184895,0,0,0.0
201083,0,0,0.0
140748,0,0,0.0
130265,0,0,0.0
375299,0,0,0.0
452609,0,0,0.0
347256,0,0,0.0
365068,0,0,0.0
343373,0,0,0.0
310741,0,0,0.0
286208,0,0,0.0
411790,0,0,0.0
443443,0,0,0.0
302609,0,0,0.0
372169,0,0,0.0
427500,0,0,0.0
247749,0,0,0.0
176974,0,0,0.0
131085,0,0,0.0
201314,0,0,0.0
204882,0,0,0.0
183655,0,0,0.0
152013,0,0,0.0
217925,0,0,0.0
346715,0,0,0.0
426909,1,0,0.0
223271,1,0,0.0
409526,0,0,0.0
240280,0,0,0.0
153368,0,0,0.0
397851,0,0,0.0
152281,1,0,0.0
189970,0,0,0.0
146004,0,0,0.0
124715,0,0,0.0
456249,0,0,0.0
278902,1,0,0.0
219820,0,0,0.0
110693,1,0,0.0
282517,0,0,0.0
266376,0,0,0.0
128708,0,0,0.0
180018,0,0,0.0
147717,1,0,0.0
136028,0,0,0.0
121272,0,0,0.0
202102,0,0,0.0
145807,0,0,0.0
111597,0,0,0.0
305140,0,0,0.0
217432,0,0,0.0
398258,0,0,0.0
148776,0,0,0.0
432143,0,0,0.0
129381,0,0,0.0
358494,0,0,0.0
118939,0,0,0.0
182034,0,0,0.0
166736,0,0,0.0
160588,0,0,0.0
451274,0,0,0.0
124283,0,0,0.0
315731,0,0,0.0
204942,0,0,0.0
282692,0,0,0.0
276351,0,0,0.0
340712,0,0,0.0
397256,0,0,0.0
452383,0,1,1.0
353823,0,0,0.0
288684,0,0,0.0
160346,1,0,0.0
264281,1,0,0.0
343659,0,0,0.0
153647,0,0,0.0
279838,0,0,0.0
408072,0,0,0.0
179112,0,0,0.0
384318,0,0,0.0
397708,1,0,0.0
130737,0,0,0.0
327414,0,0,0.0
391429,0,0,0.0
196276,0,0,0.0
230532,0,0,0.0
404880,0,0,0.0
401059,0,0,0.0
429565,0,0,0.0
431993,0,0,0.0
430518,0,0,0.0
263328,0,0,0.0
118945,0,0,0.0
241636,0,0,0.0
294607,0,0,0.0
360787,0,0,0.0
327976,0,1,1.0
377642,0,0,0.0
273187,0,0,0.0
416172,1,0,0.0
298886,0,0,0.0
283424,0,0,0.0
317623,0,0,0.0
198407,0,0,0.0
133796,0,0,0.0
348204,0,0,0.0
450674,0,0,0.0
264426,0,0,0.0
143102,0,0,0.0
368526,0,0,0.0
232742,0,0,0.0
215782,0,0,0.0
279670,0,0,0.0
252391,0,0,0.0
398786,0,0,0.0
389193,0,0,0.0
336919,0,0,0.0
310814,0,0,0.0
226623,0,1,1.0
186384,0,0,0.0
179858,0,0,0.0
301024,0,0,0.0
365082,0,0,0.0
448220,0,0,0.0
423860,0,0,0.0
371820,0,0,0.0
258800,0,0,0.0
400957,0,0,0.0
250739,0,0,0.0
132990,0,1,1.0
152757,1,0,0.0
348068,0,0,0.0
445546,0,0,0.0
130649,0,0,0.0
169015,0,0,0.0
181383,1,1,1.0
236720,0,0,0.0
259722,0,0,0.0
233903,0,0,0.0
162119,0,0,0.0
287476,0,0,0.0
297641,0,0,0.0
209988,0,0,0.0
155783,0,0,0.0
198825,1,0,0.0
329525,0,0,0.0
360408,0,0,0.0
211271,0,0,0.0
303756,0,1,1.0
241679,0,0,0.0
167485,0,0,0.0
176964,0,0,0.0
274387,0,0,0.0
280038,0,0,0.0
286437,0,0,0.0
291895,0,0,0.0
252014,0,0,0.0
290587,0,1,1.0
322944,0,0,0.0
437851,0,0,0.0
326376,0,0,0.0
428740,0,0,0.0
420732,0,0,0.0
415012,0,0,0.0
239394,0,0,0.0
342351,0,0,0.0
403187,0,0,0.0
109915,1,0,0.0
274028,0,0,0.0
129899,0,0,0.0
438512,0,0,0.0
326915,0,0,0.0
123961,0,0,0.0
291682,0,0,0.0
184706,0,0,0.0
327884,0,0,0.0
337420,0,0,0.0
100666,0,0,0.0
201801,0,0,0.0
206670,0,0,0.0
321669,0,1,1.0
107627,0,0,0.0
149758,0,0,0.0
327018,0,0,0.0
227134,0,0,0.0
229160,0,0,0.0
182019,0,0,0.0
165307,0,0,0.0
126939,0,1,1.0
155980,0,0,0.0
212974,0,0,0.0
310963,0,0,0.0
444692,0,0,0.0
134152,0,0,0.0
149861,0,0,0.0
425526,0,0,0.0
305806,0,0,0.0
376024,0,0,0.0
343297,0,0,0.0
380932,0,0,0.0
229975,0,0,0.0
195357,0,0,0.0
259929,0,0,0.0
188959,0,0,0.0
152590,0,0,0.0
234474,1,1,1.0
321366,0,0,0.0
378905,1,0,0.0
382941,0,0,0.0
316834,0,0,0.0
434696,0,0,0.0
101933,0,0,0.0
443900,0,1,1.0
368613,0,0,0.0
323741,0,0,0.0
416617,0,0,0.0
276594,0,0,0.0
300731,0,0,0.0
256341,0,0,0.0
160327,0,0,0.0
383590,0,0,0.0
366803,0,0,0.0
258371,0,0,0.0
297664,0,0,0.0
371742,0,0,0.0
163001,0,0,0.0
247547,0,0,0.0
135431,0,0,0.0
199081,0,0,0.0
111120,0,0,0.0
120730,0,0,0.0
104711,0,1,1.0
311325,0,0,0.0
406109,0,0,0.0
318073,0,0,0.0
189381,0,0,0.0
178810,0,0,0.0
224983,0,0,0.0
314380,0,0,0.0
426927,0,0,0.0
180979,0,0,0.0
263081,0,0,0.0
159457,0,0,0.0
289763,0,0,0.0
333498,0,0,0.0
212972,0,0,0.0
372208,0,1,1.0
369128,0,0,0.0
185456,0,0,0.0
386489,0,0,0.0
301080,0,0,0.0
128898,0,0,0.0
445634,0,0,0.0
328157,0,0,0.0
156090,1,1,1.0
268047,0,0,0.0
320020,0,0,0.0
345797,0,0,0.0
222469,1,1,1.0
129431,0,0,0.0
451995,0,0,0.0
180247,0,0,0.0
128791,0,0,0.0
166830,0,0,0.0
172931,0,0,0.0
270893,0,0,0.0
173279,0,0,0.0
340323,0,0,0.0
361822,1,0,0.0
207938,0,0,0.0
106992,0,0,0.0
356546,0,0,0.0
307435,0,0,0.0
431030,0,0,0.0
382438,0,0,0.0
278998,0,0,0.0
349736,0,0,0.0
436794,0,0,0.0
193908,0,0,0.0
142493,0,0,0.0
240891,1,0,0.0
158545,1,0,0.0
437394,0,0,0.0
179396,0,0,0.0
391780,0,0,0.0
210485,0,0,0.0
164322,0,0,0.0
456087,0,0,0.0
377408,0,0,0.0
343143,0,0,0.0
299621,0,0,0.0
218330,0,0,0.0
282302,0,0,0.0
446985,0,0,0.0
264026,0,0,0.0
118332,0,0,0.0
165006,0,0,0.0
301914,0,1,1.0
145607,0,0,0.0
426366,0,0,0.0
185985,0,0,0.0
152082,0,0,0.0
329237,0,0,0.0
220890,0,0,0.0
451966,0,0,0.0
196735,0,0,0.0
103677,0,0,0.0
374926,0,0,0.0
428961,0,0,0.0
212650,0,0,0.0
293384,0,1,1.0
100687,0,0,0.0
133911,0,0,0.0
185235,0,0,0.0
413206,0,0,0.0
228087,0,0,0.0
384664,0,0,0.0
189556,0,1,1.0
224032,0,0,0.0
146231,0,0,0.0
396441,0,0,0.0
385853,0,0,0.0
394487,0,0,0.0
345270,0,0,0.0
283294,0,0,0.0
426799,0,0,0.0
311189,0,0,0.0
404490,1,0,0.0
145582,0,0,0.0
377551,0,0,0.0
253215,0,0,0.0
102846,0,0,0.0
124133,0,0,0.0
394557,0,1,1.0
384030,1,1,1.0
162252,0,0,0.0
200659,0,1,1.0
191153,0,0,0.0
185533,0,0,0.0
164750,0,0,0.0
241383,0,0,0.0
183558,0,0,0.0
275108,0,0,0.0
104761,0,0,0.0
318828,0,0,0.0
317564,0,0,0.0
295376,0,0,0.0
434703,0,0,0.0
412940,0,0,0.0
140525,0,1,1.0
309819,0,0,0.0
219924,0,0,0.0
257752,0,0,0.0
440166,0,0,0.0
143695,0,0,0.0
326375,0,0,0.0
182678,0,0,0.0
398758,1,0,0.0
364405,0,0,0.0
156890,0,0,0.0
227069,0,1,1.0
276794,0,0,0.0
115722,0,0,0.0
339645,0,0,0.0
275289,0,0,0.0
260580,0,0,0.0
354615,0,0,0.0
455475,0,0,0.0
227852,0,0,0.0
431035,0,0,0.0
249611,0,0,0.0
412103,0,0,0.0
291497,0,0,0.0
407417,0,0,0.0
162560,0,0,0.0
196828,0,0,0.0
158073,0,0,0.0
375400,0,0,0.0
173350,0,0,0.0
169798,0,0,0.0
105894,0,0,0.0
247634,0,0,0.0
290326,0,0,0.0
190625,0,0,0.0
242608,0,0,0.0
390463,0,0,0.0
378897,0,0,0.0
383108,0,0,0.0
173911,0,0,0.0
395535,0,0,0.0
400038,0,1,1.0
191276,0,0,0.0
433738,0,0,0.0
373438,0,0,0.0
412732,0,0,0.0
325949,0,0,0.0
109444,0,0,0.0
300586,0,0,0.0
202519,0,0,0.0
165929,0,0,0.0
268943,0,0,0.0
254239,0,0,0.0
360318,0,0,0.0
113839,0,0,0.0
175474,0,1,1.0
121566,0,1,1.0
337101,0,0,0.0
357258,0,1,1.0
377355,0,0,0.0
134657,0,0,0.0
441314,1,0,0.0
214230,0,0,0.0
158034,0,0,0.0
169924,0,0,0.0
153754,0,0,0.0
391292,0,0,0.0
452040,0,0,0.0
224534,1,0,0.0
289740,0,0,0.0
352362,0,0,0.0
319735,0,0,0.0
164371,1,0,0.0
347920,0,0,0.0
238641,0,0,0.0
359244,0,0,0.0
223179,0,1,1.0
252652,0,0,0.0
346790,0,0,0.0
208947,0,1,1.0
152602,1,0,0.0
341131,1,0,0.0
379331,0,0,0.0
395417,0,0,0.0
292060,1,0,0.0
293991,0,0,0.0
138796,0,0,0.0
143793,0,0,0.0
357052,0,0,0.0
360833,0,0,0.0
352878,0,0,0.0
446269,0,1,1.0
369219,0,0,0.0
105962,0,0,0.0
171142,0,0,0.0
374791,0,0,0.0
266869,0,0,0.0
198040,1,1,1.0
209978,0,0,0.0
121537,0,0,0.0
222881,0,0,0.0
225009,0,0,0.0
400884,0,0,0.0
173570,0,0,0.0
309151,0,0,0.0
165720,0,0,0.0
209091,0,0,0.0
182108,0,0,0.0
249237,0,0,0.0
284289,1,0,0.0
431404,0,0,0.0
328879,0,0,0.0
366547,0,0,0.0
132283,0,0,0.0
175387,0,0,0.0
410141,0,0,0.0
106004,0,0,0.0
312413,0,1,1.0
455397,0,0,0.0
217507,0,0,0.0
281161,0,0,0.0
402418,0,0,0.0
146111,0,0,0.0
230903,0,0,0.0
343378,0,0,0.0
332807,0,0,0.0
239163,0,0,0.0
125757,0,1,1.0
289613,0,1,1.0
341112,0,0,0.0
326852,0,0,0.0
229658,0,0,0.0
257884,0,0,0.0
191888,0,0,0.0
309334,0,0,0.0
164859,0,0,0.0
112705,0,0,0.0
124803,0,0,0.0
131712,0,0,0.0
153134,0,1,1.0
312672,0,0,0.0
190994,0,0,0.0
205423,0,0,0.0
441631,0,0,0.0
445672,0,0,0.0
202030,0,0,0.0
202634,0,0,0.0
353459,0,0,0.0
448344,0,0,0.0
150964,1,0,0.0
437195,0,0,0.0
400443,0,0,0.0
266567,0,0,0.0
261065,0,0,0.0
117270,0,0,0.0
308795,0,0,0.0
156406,0,0,0.0
433144,0,0,0.0
444988,0,0,0.0
227271,1,0,0.0
229803,0,0,0.0
310780,0,0,0.0
349888,0,1,1.0
311843,0,0,0.0
168941,1,0,0.0
318244,0,0,0.0
163654,0,0,0.0
301805,0,1,1.0
167302,0,0,0.0
112995,0,0,0.0
327048,0,0,0.0
222819,0,0,0.0
103188,0,1,1.0
444129,0,0,0.0
310116,0,1,1.0
280294,0,0,0.0
222762,0,0,0.0
446841,0,0,0.0
236202,0,0,0.0
446199,0,0,0.0
397624,0,0,0.0
269679,0,0,0.0
272133,0,0,0.0
336264,0,0,0.0
341882,0,0,0.0
368146,0,0,0.0
117903,0,0,0.0
348604,0,1,1.0
188562,0,0,0.0
406159,0,0,0.0
131513,0,0,0.0
381440,0,0,0.0
421837,0,0,0.0
442983,0,0,0.0
110723,0,0,0.0
445056,0,0,0.0
317244,0,0,0.0
139177,0,0,0.0
432664,0,0,0.0
197360,0,0,0.0
235105,0,0,0.0
377577,0,1,1.0
329092,0,0,0.0
437638,0,0,0.0
131988,0,0,0.0
112133,0,1,1.0
331415,0,0,0.0
378958,0,0,0.0
229066,0,0,0.0
288634,0,0,0.0
149965,0,1,1.0
159239,0,0,0.0
159359,0,0,0.0
162845,0,0,0.0
131683,0,1,1.0
365469,0,1,1.0
197087,0,0,0.0
272776,0,0,0.0
277934,0,0,0.0
249471,0,0,0.0
427298,0,0,0.0
106281,0,0,0.0
390484,0,0,0.0
135947,0,0,0.0
120658,1,0,0.0
436352,1,0,0.0
139213,0,0,0.0
367513,1,0,0.0
168103,0,0,0.0
218622,0,0,0.0
247502,0,0,0.0
440196,1,1,1.0
317524,0,0,0.0
422078,0,0,0.0
406943,0,0,0.0
138292,0,0,0.0
317667,1,0,0.0
424421,0,0,0.0
301062,0,0,0.0
100118,0,0,0.0
398428,0,0,0.0
273268,0,0,0.0
439865,1,0,0.0
165458,0,1,1.0
434107,0,0,0.0
352557,0,0,0.0
352628,0,1,1.0
328794,0,1,1.0
161026,0,0,0.0
406293,1,0,0.0
446482,0,0,0.0
216250,0,0,0.0
339651,0,0,0.0
455812,0,0,0.0
199309,0,1,1.0
153818,0,0,0.0
425565,0,0,0.0
224667,0,1,1.0
122864,0,0,0.0
333331,0,0,0.0
304047,0,1,1.0
140737,0,0,0.0
141183,0,1,1.0
412942,0,0,0.0
411254,0,0,0.0
413656,0,0,0.0
301668,0,0,0.0
360158,0,0,0.0
185832,0,0,0.0
341361,0,0,0.0
248982,0,0,0.0
330078,0,0,0.0
102153,0,0,0.0
454152,0,0,0.0
372412,0,0,0.0
199200,0,0,0.0
360603,0,0,0.0
247688,0,0,0.0
326910,0,0,0.0
150438,1,1,1.0
132689,0,0,0.0
140128,0,0,0.0
371025,0,0,0.0
182257,0,1,1.0
318822,0,0,0.0
384491,0,0,0.0
107452,0,0,0.0
137401,0,1,1.0
286601,0,1,1.0
246410,0,0,0.0
276154,0,0,0.0
200913,0,0,0.0
370073,0,0,0.0
186349,0,0,0.0
327534,0,1,1.0
177638,1,0,0.0
288954,0,0,0.0
362233,0,0,0.0
418669,0,0,0.0
151210,0,1,1.0
239818,0,0,0.0
445645,0,0,0.0
380560,0,0,0.0
202548,0,0,0.0
151450,0,0,0.0
144662,0,0,0.0
156078,0,0,0.0
218461,0,0,0.0
385463,0,0,0.0
210102,0,0,0.0
147009,0,0,0.0
137948,0,0,0.0
445685,0,0,0.0
319394,0,0,0.0
314967,1,0,0.0
269841,0,0,0.0
338168,0,0,0.0
152578,0,1,1.0
416443,0,0,0.0
344583,0,0,0.0
290008,0,0,0.0
434829,0,0,0.0
407300,0,0,0.0
318652,0,0,0.0
119194,0,0,0.0
116529,0,0,0.0
359169,0,1,1.0
157284,0,0,0.0
347983,0,0,0.0
264698,0,0,0.0
109035,0,0,0.0
420545,0,0,0.0
315311,0,0,0.0
178735,0,0,0.0
371951,0,0,0.0
413100,0,0,0.0
151014,0,1,1.0
110373,1,0,0.0
296748,0,0,0.0
159689,0,0,0.0
149632,0,0,0.0
441490,0,0,0.0
436696,0,0,0.0
374125,0,0,0.0
283649,0,0,0.0
325067,0,0,0.0
180758,0,0,0.0
416754,1,0,0.0
114819,1,0,0.0
260978,0,1,1.0
288545,0,1,1.0
233740,0,1,1.0
112890,0,0,0.0
359694,0,0,0.0
249816,0,0,0.0
256465,0,0,0.0
346753,0,0,0.0
161928,0,0,0.0
162846,1,1,1.0
331490,0,0,0.0
281358,0,0,0.0
400611,0,0,0.0
348148,0,0,0.0
350060,0,0,0.0
193190,0,0,0.0
369951,0,0,0.0
144316,0,0,0.0
451613,0,0,0.0
407537,0,0,0.0
275895,0,0,0.0
186901,0,0,0.0
299902,1,0,0.0
176269,0,0,0.0
139436,0,0,0.0
168191,0,1,1.0
117439,0,0,0.0
329488,1,0,0.0
199664,0,0,0.0
357722,0,0,0.0
108157,0,0,0.0
374176,0,0,0.0
248992,0,0,0.0
308563,1,0,0.0
312875,0,1,1.0
389028,0,0,0.0
256290,0,0,0.0
282040,0,0,0.0
347673,0,0,0.0
225953,0,0,0.0
382719,0,0,0.0
214511,0,0,0.0
340744,0,0,0.0
186560,0,0,0.0
229776,0,0,0.0
429139,0,0,0.0
448511,0,0,0.0
282519,0,0,0.0
102157,0,0,0.0
235748,0,0,0.0
305077,0,0,0.0
288210,0,0,0.0
351925,0,0,0.0
283992,0,1,1.0
131379,0,0,0.0
167952,0,0,0.0
391760,0,0,0.0
100075,0,0,0.0
375270,0,0,0.0
217809,0,0,0.0
340452,0,0,0.0
268872,0,0,0.0
398241,0,0,0.0
449152,0,0,0.0
253023,0,0,0.0
121310,0,0,0.0
311658,0,0,0.0
388660,0,0,0.0
385484,0,0,0.0
162078,0,0,0.0
335146,0,1,1.0
148346,1,1,1.0
357983,0,0,0.0
286224,0,0,0.0
100285,0,0,0.0
142551,0,0,0.0
442251,0,0,0.0
363055,0,0,0.0
304308,0,0,0.0
454762,0,0,0.0
354769,0,0,0.0
176581,0,0,0.0
174895,0,0,0.0
435983,0,0,0.0
198838,1,0,0.0
261923,0,0,0.0
364970,1,0,0.0
152557,0,0,0.0
214552,0,0,0.0
230473,0,0,0.0
387794,0,0,0.0
267169,0,0,0.0
278375,0,0,0.0
348696,0,0,0.0
288734,1,0,0.0
439593,0,0,0.0
226619,0,0,0.0
124302,1,0,0.0
436802,0,0,0.0
218483,0,0,0.0
144742,0,0,0.0
426679,0,0,0.0
332268,0,0,0.0
247698,0,0,0.0
173714,0,0,0.0
196372,0,0,0.0
164509,0,0,0.0
282224,0,0,0.0
342365,0,0,0.0
449051,0,0,0.0
292167,0,0,0.0
349235,0,0,0.0
178043,0,0,0.0
374561,0,0,0.0
435298,0,0,0.0
359894,0,0,0.0
430682,0,0,0.0
178088,0,0,0.0
132841,0,0,0.0
251102,0,0,0.0
377829,0,0,0.0
211473,0,0,0.0
412894,0,1,1.0
143129,1,0,0.0
389920,0,0,0.0
339743,0,0,0.0
409265,0,0,0.0
384510,0,0,0.0
213267,0,0,0.0
267921,0,0,0.0
239883,0,0,0.0
396649,0,0,0.0
274595,0,0,0.0
338988,0,0,0.0
210579,0,0,0.0
186749,0,0,0.0
417036,0,0,0.0
316935,0,0,0.0
316766,0,0,0.0
289481,0,0,0.0
354633,0,0,0.0
217816,0,1,1.0
252170,0,0,0.0
396360,0,0,0.0
145947,0,0,0.0
141941,0,0,0.0
441889,0,1,1.0
183279,0,0,0.0
240367,0,0,0.0
341161,0,0,0.0
127048,1,0,0.0
237766,0,0,0.0
404144,0,0,0.0
384517,0,0,0.0
103573,0,0,0.0
214631,0,0,0.0
399431,0,0,0.0
449415,0,0,0.0
288137,0,0,0.0
153166,0,0,0.0
355101,0,0,0.0
258116,0,0,0.0
433415,1,0,0.0
324575,0,0,0.0
405477,0,0,0.0
213610,1,0,0.0
273414,0,0,0.0
425845,0,0,0.0
236930,0,0,0.0
352146,0,0,0.0
404466,0,0,0.0
305844,0,1,1.0
449371,0,0,0.0
229662,0,0,0.0
191193,0,0,0.0
120518,0,0,0.0
332372,0,0,0.0
258072,0,0,0.0
432703,0,0,0.0
402817,1,1,1.0
394081,0,0,0.0
109080,0,0,0.0
241049,0,0,0.0
114687,0,0,0.0
119004,0,0,0.0
290384,0,0,0.0
320065,1,0,0.0
374828,0,0,0.0
363874,0,0,0.0
431973,0,0,0.0
382033,0,0,0.0
157677,0,1,1.0
284547,0,0,0.0
290561,1,0,0.0
332284,0,0,0.0
226897,0,0,0.0
249497,0,0,0.0
226378,0,0,0.0
287014,0,0,0.0
454530,0,0,0.0
230902,0,0,0.0
312585,0,1,1.0
313279,1,0,0.0
171493,0,0,0.0
354211,1,0,0.0
379355,0,0,0.0
217503,0,0,0.0
247707,0,0,0.0
114579,0,0,0.0
288578,0,0,0.0
403207,0,0,0.0
192141,0,0,0.0
111573,0,0,0.0
267187,0,0,0.0
324018,0,0,0.0
108047,0,0,0.0
372816,0,0,0.0
365783,0,0,0.0
191500,0,0,0.0
309356,0,0,0.0
209586,1,0,0.0
194025,0,0,0.0
198914,1,0,0.0
147650,0,1,1.0
225507,0,0,0.0
132788,0,0,0.0
407467,0,0,0.0
372999,0,0,0.0
263226,0,1,1.0
225002,0,0,0.0
329337,0,0,0.0
250488,0,0,0.0
212275,1,0,0.0
383911,0,0,0.0
228735,0,0,0.0
265274,0,0,0.0
414770,1,0,0.0
152807,0,0,0.0
100545,0,0,0.0
248862,0,0,0.0
296177,0,0,0.0
159291,0,0,0.0
260242,0,0,0.0
437751,0,1,1.0
140535,0,0,0.0
299010,0,0,0.0
308319,0,1,1.0
367836,0,0,0.0
223921,0,0,0.0
271114,0,0,0.0
181246,0,0,0.0
189485,0,0,0.0
162216,0,0,0.0
421797,0,0,0.0
209934,1,0,0.0
267179,0,0,0.0
331608,0,0,0.0
411912,0,1,1.0
192950,1,0,0.0
335795,1,0,0.0
175521,0,0,0.0
156676,0,0,0.0
252239,0,0,0.0
140854,0,0,0.0
127558,0,0,0.0
449346,0,1,1.0
443327,0,0,0.0
248353,0,0,0.0
380921,0,0,0.0
309740,0,0,0.0
189969,0,0,0.0
306745,0,0,0.0
233671,0,0,0.0
376760,0,1,1.0
250364,0,1,1.0
321561,0,0,0.0
228436,0,1,1.0
358843,0,1,1.0
236528,0,0,0.0
165185,0,0,0.0
348534,0,0,0.0
427739,0,0,0.0
353263,1,0,0.0
451731,1,1,1.0
389738,0,0,0.0
174671,0,0,0.0
346074,0,0,0.0
172921,0,0,0.0
390446,0,0,0.0
253847,0,0,0.0
365421,0,0,0.0
450790,0,0,0.0
149530,0,0,0.0
260619,0,0,0.0
253835,0,0,0.0
127056,0,0,0.0
309093,0,0,0.0
303532,0,0,0.0
178261,0,0,0.0
438685,0,0,0.0
338065,0,0,0.0
438244,0,0,0.0
271287,0,0,0.0
219239,0,0,0.0
379411,0,1,1.0
262742,0,0,0.0
422237,0,0,0.0
264743,0,0,0.0
220086,0,0,0.0
262314,1,1,1.0
414398,0,0,0.0
323362,0,0,0.0
394170,0,0,0.0
259180,0,0,0.0
105518,0,0,0.0
447791,0,0,0.0
118043,0,0,0.0
391452,0,0,0.0
162817,0,0,0.0
154484,0,0,0.0
393240,0,0,0.0
288177,0,0,0.0
133768,0,0,0.0
324936,0,0,0.0
141845,0,0,0.0
420175,0,0,0.0
245542,0,0,0.0
101311,0,0,0.0
405233,0,0,0.0
443662,0,0,0.0
236300,1,0,0.0
284410,0,0,0.0
181583,0,0,0.0
182609,0,0,0.0
140966,0,0,0.0
315625,0,0,0.0
365289,0,1,1.0
365826,0,0,0.0
382464,0,0,0.0
259796,1,0,0.0
180862,0,0,0.0
170766,0,0,0.0
308937,0,0,0.0
410434,0,0,0.0
212951,0,0,0.0
130419,0,0,0.0
304939,0,0,0.0
307813,0,0,0.0
210613,0,0,0.0
109182,0,1,1.0
224606,0,0,0.0
408240,0,0,0.0
108947,0,1,1.0
176647,1,0,0.0
130464,0,0,0.0
149694,0,0,0.0
426455,0,0,0.0
207800,0,0,0.0
303192,0,0,0.0
337267,0,0,0.0
254726,0,0,0.0
170548,0,0,0.0
244999,0,0,0.0
181955,0,0,0.0
310948,1,1,1.0
412299,0,1,1.0
169207,0,0,0.0
184871,0,0,0.0
432877,0,1,1.0
130100,0,0,0.0
351703,0,0,0.0
134252,0,0,0.0
163259,0,1,1.0
240146,0,0,0.0
369369,0,0,0.0
430554,0,0,0.0
310623,0,1,1.0
144733,0,0,0.0
118828,0,0,0.0
238151,0,0,0.0
299687,0,0,0.0
205160,1,0,0.0
166377,0,0,0.0
446628,0,0,0.0
116826,0,1,1.0
444476,0,0,0.0
420040,0,0,0.0
290456,0,0,0.0
142514,0,0,0.0
201782,0,0,0.0
357922,0,0,0.0
345299,0,0,0.0
325367,1,0,0.0
340419,0,0,0.0
441158,0,0,0.0
146327,0,0,0.0
454133,0,0,0.0
175034,0,0,0.0
276713,0,0,0.0
173343,1,1,1.0
147444,0,0,0.0
249307,0,0,0.0
302163,0,1,1.0
292819,0,1,1.0
404543,0,0,0.0
229791,1,0,0.0
336408,0,0,0.0
428419,1,1,1.0
368802,0,0,0.0
309907,0,0,0.0
133481,0,0,0.0
184575,0,0,0.0
132738,0,0,0.0
318925,0,0,0.0
212578,0,0,0.0
339325,0,0,0.0
331469,1,0,0.0
289655,1,0,0.0
383115,0,0,0.0
146119,0,0,0.0
237708,1,0,0.0
104901,0,0,0.0
401650,0,0,0.0
335758,0,0,0.0
251190,1,0,0.0
248983,0,0,0.0
383642,0,0,0.0
443024,1,0,0.0
299574,0,0,0.0
401565,0,0,0.0
174804,0,0,0.0
423799,0,0,0.0
440223,0,0,0.0
378975,1,0,0.0
403018,0,0,0.0
242823,1,0,0.0
273782,0,0,0.0
164003,0,0,0.0
250921,0,0,0.0
161772,0,0,0.0
275597,0,0,0.0
383321,0,0,0.0
208890,0,1,1.0
207068,0,0,0.0
382525,0,0,0.0
414983,0,0,0.0
109388,0,0,0.0
297418,0,0,0.0
237191,0,0,0.0
415267,0,0,0.0
450099,0,0,0.0
216945,0,0,0.0
340833,0,0,0.0
111406,0,0,0.0
366780,0,0,0.0
322553,0,0,0.0
415194,0,0,0.0
423525,0,1,1.0
145599,0,0,0.0
447860,0,0,0.0
454570,0,0,0.0
435972,0,0,0.0
351465,0,0,0.0
264588,0,0,0.0
226106,0,0,0.0
432294,0,0,0.0
250767,0,0,0.0
104553,0,0,0.0
171284,0,0,0.0
303188,0,0,0.0
267201,0,0,0.0
432759,0,0,0.0
380751,0,0,0.0
184198,0,0,0.0
361117,0,0,0.0
259574,0,0,0.0
243166,0,0,0.0
142738,0,0,0.0
221694,0,0,0.0
102224,0,0,0.0
437202,0,0,0.0
198023,0,0,0.0
107269,0,1,1.0
314899,0,0,0.0
347279,0,1,1.0
276376,0,0,0.0
280779,0,0,0.0
208281,0,0,0.0
258863,0,0,0.0
366356,0,0,0.0
347606,0,1,1.0
444920,0,0,0.0
123587,0,0,0.0
140153,0,0,0.0
283580,0,0,0.0
415569,0,0,0.0
163312,0,0,0.0
451931,0,0,0.0
343680,0,0,0.0
235136,0,0,0.0
251532,0,0,0.0
434840,0,0,0.0
343469,0,0,0.0
282494,0,0,0.0
155285,0,0,0.0
250450,0,0,0.0
392783,0,0,0.0
354699,0,0,0.0
116822,0,0,0.0
194203,0,1,1.0
446981,0,0,0.0
175083,0,0,0.0
113481,0,0,0.0
369235,0,0,0.0
132298,0,0,0.0
328412,0,0,0.0
345200,0,0,0.0
296784,1,1,1.0
340106,0,0,0.0
425930,0,0,0.0
148064,0,0,0.0
220502,0,0,0.0
189484,1,0,0.0
419984,0,1,1.0
190135,0,0,0.0
210781,0,0,0.0
426538,0,0,0.0
385777,0,0,0.0
449153,0,0,0.0
369178,0,0,0.0
392609,0,0,0.0
402428,0,1,1.0
291657,0,0,0.0
399241,0,0,0.0
376906,0,1,1.0
432538,0,0,0.0
350393,0,0,0.0
388296,1,0,0.0
216650,0,0,0.0
135291,1,0,0.0
441909,0,0,0.0
187299,0,1,1.0
209700,0,0,0.0
302490,0,0,0.0
133553,0,0,0.0
397626,0,1,1.0
398115,0,0,0.0
328657,0,0,0.0
456212,0,0,0.0
165391,0,0,0.0
193778,0,0,0.0
190076,0,0,0.0
412137,0,0,0.0
313000,0,0,0.0
225731,1,0,0.0
275878,0,0,0.0
254866,0,0,0.0
357909,1,0,0.0
421113,0,0,0.0
146450,0,0,0.0
172177,0,0,0.0
295005,0,0,0.0
338619,0,0,0.0
293436,0,1,1.0
185184,0,0,0.0
317175,0,0,0.0
318963,0,0,0.0
393321,0,0,0.0
194323,0,0,0.0
195137,0,0,0.0
161056,0,0,0.0
323522,0,1,1.0
420308,0,0,0.0
244517,0,0,0.0
243613,0,0,0.0
453373,0,0,0.0
207720,0,0,0.0
339400,0,0,0.0
282986,0,0,0.0
272503,0,0,0.0
172466,0,0,0.0
306456,0,0,0.0
317403,0,0,0.0
272319,0,0,0.0
236043,0,0,0.0
352116,0,0,0.0
320532,0,0,0.0
446346,0,0,0.0
301556,0,0,0.0
189017,0,0,0.0
123203,0,1,1.0
255432,0,0,0.0
270792,0,1,1.0
306155,0,0,0.0
130174,0,0,0.0
149746,0,0,0.0
107945,0,0,0.0
350179,0,0,0.0
226141,1,0,0.0
108179,0,0,0.0
204713,0,0,0.0
312634,0,0,0.0
272243,0,0,0.0
127886,1,0,0.0
373269,0,1,1.0
122900,0,0,0.0
195244,0,0,0.0
113099,0,0,0.0
166345,0,0,0.0
447329,0,0,0.0
286767,0,0,0.0
308891,0,0,0.0
399040,1,0,0.0
204685,0,0,0.0
411232,0,0,0.0
428395,0,0,0.0
310351,0,0,0.0
260694,0,0,0.0
177279,0,0,0.0
209027,0,0,0.0
114334,0,0,0.0
424049,0,0,0.0
206868,1,0,0.0
335809,0,0,0.0
103714,0,0,0.0
333553,0,0,0.0
286909,0,0,0.0
122476,0,0,0.0
427594,0,0,0.0
292065,0,1,1.0
118776,0,1,1.0
438544,0,0,0.0
455290,1,0,0.0
448888,0,0,0.0
229284,0,0,0.0
248160,0,0,0.0
231626,0,0,0.0
103713,0,0,0.0
252720,0,0,0.0
383310,0,0,0.0
442000,0,0,0.0
193551,0,0,0.0
218631,0,0,0.0
115712,0,0,0.0
280203,0,0,0.0
266731,0,0,0.0
200475,0,0,0.0
453038,0,0,0.0
311097,0,0,0.0
337605,0,0,0.0
204714,0,0,0.0
353305,0,0,0.0
354050,0,0,0.0
101690,0,0,0.0
440952,0,0,0.0
271575,0,0,0.0
235274,0,0,0.0
126352,0,0,0.0
228649,0,0,0.0
198507,0,0,0.0
361867,0,0,0.0
244641,0,0,0.0
122630,0,0,0.0
380586,0,0,0.0
121868,1,1,1.0
124897,0,0,0.0
372767,0,0,0.0
383931,0,0,0.0
143821,1,0,0.0
402911,0,0,0.0
198759,0,0,0.0
236483,0,0,0.0
347188,0,0,0.0
127063,0,0,0.0
278130,0,0,0.0
299483,0,0,0.0
202345,0,0,0.0
443521,1,0,0.0
111416,0,0,0.0
118669,0,0,0.0
155362,0,0,0.0
410932,0,0,0.0
282181,0,0,0.0
389982,0,0,0.0
194495,0,0,0.0
364567,0,0,0.0
442661,0,1,1.0
175703,0,0,0.0
223930,0,0,0.0
393876,0,0,0.0
373891,0,0,0.0
203492,0,0,0.0
396859,0,0,0.0
164732,0,0,0.0
236058,0,0,0.0
160021,0,0,0.0
354118,0,0,0.0
253905,0,0,0.0
172084,0,0,0.0
376705,1,0,0.0
275152,0,0,0.0
449036,0,0,0.0
331552,0,0,0.0
101795,0,0,0.0
178637,0,0,0.0
415096,0,0,0.0
175749,0,0,0.0
424937,0,0,0.0
268947,0,0,0.0
311040,0,0,0.0
288724,0,1,1.0
393847,0,0,0.0
230622,0,0,0.0
426291,0,0,0.0
171160,0,0,0.0
187176,0,0,0.0
304520,0,0,0.0
260670,0,0,0.0
403740,0,0,0.0
426126,0,0,0.0
212338,0,1,1.0
116277,0,0,0.0
207742,0,0,0.0
206965,0,1,1.0
298459,0,0,0.0
411786,0,0,0.0
331999,0,1,1.0
425783,0,0,0.0
189245,0,0,0.0
127281,0,0,0.0
301756,0,0,0.0
166098,0,0,0.0
378103,0,0,0.0
154252,0,0,0.0
440820,0,0,0.0
373254,0,0,0.0
396199,0,0,0.0
103006,0,0,0.0
215926,1,0,0.0
192571,0,0,0.0
377204,0,0,0.0
359860,0,0,0.0
306245,0,0,0.0
261023,0,0,0.0
107198,0,0,0.0
238636,0,0,0.0
452500,0,0,0.0
205409,0,0,0.0
337450,0,0,0.0
273148,1,0,0.0
175770,0,0,0.0
352029,0,0,0.0
365249,1,0,0.0
441890,0,0,0.0
290039,0,1,1.0
296083,0,0,0.0
397887,0,0,0.0
135511,1,0,0.0
410627,0,0,0.0
268473,0,0,0.0
369232,0,0,0.0
153440,0,0,0.0
336006,0,1,1.0
270710,0,0,0.0
368481,0,0,0.0
418072,0,0,0.0
287434,0,0,0.0
141646,0,0,0.0
362150,0,0,0.0
215287,0,0,0.0
226219,0,0,0.0
109643,0,0,0.0
232894,0,0,0.0
341701,0,0,0.0
407169,0,0,0.0
223034,0,1,1.0
207251,0,0,0.0
136143,1,1,1.0
279481,0,0,0.0
342893,0,0,0.0
233547,0,0,0.0
302064,0,0,0.0
352538,0,0,0.0
442107,0,0,0.0
220953,1,0,0.0
298509,0,0,0.0
423364,0,0,0.0
152520,0,0,0.0
115998,0,1,1.0
284814,0,0,0.0
127118,0,0,0.0
158743,0,0,0.0
266931,0,1,1.0
178533,0,0,0.0
151802,0,0,0.0
124488,0,0,0.0
431686,1,0,0.0
134098,0,0,0.0
289106,0,0,0.0
339343,0,0,0.0
218002,0,0,0.0
101261,0,0,0.0
398008,0,0,0.0
117191,0,0,0.0
151222,0,0,0.0
249114,0,0,0.0
325418,0,0,0.0
290290,0,0,0.0
202371,0,1,1.0
291830,1,1,1.0
247204,0,0,0.0
238081,0,0,0.0
362876,0,0,0.0
228816,0,0,0.0
239371,0,0,0.0
245371,0,0,0.0
241668,1,0,0.0
321772,0,0,0.0
304763,0,0,0.0
270190,0,1,1.0
435125,0,0,0.0
389941,0,0,0.0
328750,0,0,0.0
431523,0,0,0.0
148768,0,0,0.0
174578,0,0,0.0
352568,0,0,0.0
162852,0,0,0.0
189415,0,0,0.0
117161,0,0,0.0
309128,0,0,0.0
440746,0,0,0.0
311294,0,1,1.0
381973,1,0,0.0
364165,1,0,0.0
350239,0,0,0.0
124510,0,0,0.0
170391,0,0,0.0
205548,0,1,1.0
351218,0,0,0.0
239614,0,0,0.0
252176,0,0,0.0
429577,0,0,0.0
171409,0,0,0.0
313220,0,0,0.0
243597,0,0,0.0
414828,0,0,0.0
369977,0,0,0.0
251885,0,0,0.0
305104,1,0,0.0
245829,0,0,0.0
190534,0,0,0.0
303552,0,0,0.0
179819,1,0,0.0
175316,0,0,0.0
233184,0,0,0.0
140306,0,0,0.0
381869,0,0,0.0
139660,0,0,0.0
436692,0,0,0.0
178784,0,0,0.0
384781,0,0,0.0
376658,0,0,0.0
242990,0,0,0.0
289574,0,0,0.0
161783,0,0,0.0
300286,0,0,0.0
177673,1,0,0.0
351031,0,0,0.0
452584,0,0,0.0
124984,0,0,0.0
441127,0,0,0.0
355684,0,0,0.0
372599,0,0,0.0
297616,0,0,0.0
194259,0,0,0.0
453706,0,0,0.0
320597,0,0,0.0
227417,0,0,0.0
206137,0,0,0.0
198675,1,0,0.0
298872,0,0,0.0
175436,0,1,1.0
148226,0,0,0.0
240667,0,0,0.0
329402,0,0,0.0
230170,0,0,0.0
410452,0,0,0.0
373042,0,0,0.0
125945,0,0,0.0
231493,0,0,0.0
424645,0,0,0.0
409613,0,0,0.0
390725,0,0,0.0
124854,0,0,0.0
130273,0,0,0.0
355462,0,0,0.0
383994,1,0,0.0
101912,0,1,1.0
185430,0,0,0.0
132254,0,0,0.0
339552,0,0,0.0
201067,0,0,0.0
150076,0,0,0.0
286596,0,1,1.0
156220,1,0,0.0
222959,0,0,0.0
292593,0,0,0.0
187025,0,0,0.0
372034,0,0,0.0
411592,0,0,0.0
345940,0,1,1.0
299048,1,1,1.0
328985,0,0,0.0
280204,0,0,0.0
213822,0,0,0.0
208399,0,0,0.0
452552,0,0,0.0
127283,0,0,0.0
202399,0,0,0.0
103039,0,0,0.0
210513,0,0,0.0
349963,0,0,0.0
326068,1,0,0.0
102478,0,0,0.0
369320,0,0,0.0
428633,0,0,0.0
272126,0,0,0.0
343592,0,0,0.0
323679,0,0,0.0
275293,0,0,0.0
204957,0,0,0.0
116808,0,0,0.0
240653,0,0,0.0
230537,0,0,0.0
306783,0,0,0.0
416068,0,0,0.0
228802,0,0,0.0
191113,0,0,0.0
385124,1,0,0.0
187129,0,0,0.0
247971,0,0,0.0
384397,0,0,0.0
153092,0,1,1.0
196779,0,0,0.0
352420,1,0,0.0
230309,0,0,0.0
159778,1,0,0.0
196780,0,0,0.0
351071,0,1,1.0
138225,0,0,0.0
250202,0,0,0.0
198092,0,0,0.0
303295,0,0,0.0
262977,0,0,0.0
221023,0,0,0.0
256923,0,0,0.0
192009,0,0,0.0
249671,0,0,0.0
211434,0,0,0.0
437317,0,0,0.0
344295,0,0,0.0
379989,0,0,0.0
128072,0,0,0.0
419654,0,0,0.0
375789,0,0,0.0
184394,0,0,0.0
363824,0,0,0.0
303256,0,0,0.0
373866,0,0,0.0
202843,0,0,0.0
100558,0,0,0.0
144574,0,1,1.0
397874,0,0,0.0
247433,0,0,0.0
271310,0,0,0.0
453502,0,0,0.0
419776,0,0,0.0
282826,0,0,0.0
428822,0,0,0.0
259368,0,0,0.0
235998,0,0,0.0
320575,0,0,0.0
112790,0,0,0.0
354056,1,0,0.0
177529,0,1,1.0
131204,0,0,0.0
404295,0,0,0.0
147116,0,0,0.0
120897,0,1,1.0
177174,0,0,0.0
339246,0,0,0.0
192487,0,0,0.0
306523,0,0,0.0
263049,1,0,0.0
100257,0,0,0.0
206184,1,0,0.0
183034,0,1,1.0
323940,0,0,0.0
342357,0,1,1.0
371440,0,0,0.0
446345,0,0,0.0
104535,0,0,0.0
177349,0,0,0.0
333806,1,0,0.0
306622,0,0,0.0
393483,0,0,0.0
376887,0,1,1.0
324211,0,0,0.0
151249,0,0,0.0
109531,0,0,0.0
307576,1,0,0.0
403755,0,0,0.0
204868,1,0,0.0
287746,0,0,0.0
327318,0,0,0.0
391283,0,1,1.0
339910,0,0,0.0
316079,0,1,1.0
153375,0,0,0.0
315347,0,0,0.0
428900,0,0,0.0
333873,0,0,0.0
148016,1,0,0.0
242790,0,1,1.0
412276,0,0,0.0
122585,0,1,1.0
241667,0,0,0.0
373685,0,0,0.0
365305,1,0,0.0
164422,0,0,0.0
438332,0,1,1.0
207091,0,0,0.0
273178,0,0,0.0
180404,0,0,0.0
139744,0,1,1.0
423660,0,0,0.0
117305,0,0,0.0
302645,0,0,0.0
451353,0,0,0.0
382523,1,0,0.0
250034,0,1,1.0
129738,0,0,0.0
259382,0,1,1.0
270292,0,0,0.0
446369,1,0,0.0
393561,0,0,0.0
339740,0,1,1.0
193922,0,0,0.0
367167,0,0,0.0
199336,0,0,0.0
164951,0,0,0.0
144098,0,0,0.0
221689,0,0,0.0
369928,1,0,0.0
177421,0,0,0.0
333043,0,1,1.0
246880,0,0,0.0
336859,1,0,0.0
407886,0,0,0.0
443793,0,0,0.0
369285,0,0,0.0
117508,0,1,1.0
373408,0,0,0.0
164659,0,0,0.0
433442,0,0,0.0
239372,0,0,0.0
102408,0,0,0.0
250113,0,0,0.0
113496,0,0,0.0
185304,0,1,1.0
313897,0,0,0.0
108148,0,0,0.0
163615,0,0,0.0
284204,0,0,0.0
136511,0,0,0.0
159760,0,0,0.0
328967,0,0,0.0
357322,0,0,0.0
203500,0,0,0.0
414025,0,0,0.0
321913,0,0,0.0
181319,0,0,0.0
293264,0,0,0.0
410819,0,0,0.0
443838,0,0,0.0
331020,1,0,0.0
383501,0,0,0.0
210360,0,0,0.0
354454,0,0,0.0
266982,0,1,1.0
440498,0,0,0.0
418175,1,0,0.0
302382,0,0,0.0
182255,0,0,0.0
449070,0,0,0.0
373686,1,0,0.0
182216,0,0,0.0
180275,1,0,0.0
196037,0,1,1.0
452355,1,0,0.0
328931,0,1,1.0
261163,0,1,1.0
330844,0,0,0.0
166753,0,0,0.0
269268,0,0,0.0
175249,0,0,0.0
403228,0,0,0.0
445127,0,0,0.0
319610,0,0,0.0
385513,0,0,0.0
335848,0,0,0.0
276648,0,0,0.0
252144,0,0,0.0
262149,0,0,0.0
197627,0,0,0.0
262792,0,0,0.0
202892,0,1,1.0
358130,0,0,0.0
260223,0,0,0.0
408474,0,0,0.0
155671,0,0,0.0
419257,0,0,0.0
286853,0,0,0.0
443418,0,0,0.0
431130,0,0,0.0
352749,0,1,1.0
272005,0,0,0.0
211051,0,1,1.0
149391,0,0,0.0
409338,0,0,0.0
450199,0,0,0.0
395264,0,0,0.0
186665,0,0,0.0
387314,0,0,0.0
366701,0,0,0.0
185501,0,0,0.0
190267,0,0,0.0
106665,0,0,0.0
377705,0,1,1.0
108154,1,0,0.0
213663,0,0,0.0
140527,0,0,0.0
441465,0,0,0.0
377837,0,0,0.0
220611,0,0,0.0
129615,0,0,0.0
181532,1,0,0.0
225139,0,0,0.0
259191,0,0,0.0
417171,0,0,0.0
357937,0,0,0.0
250991,0,0,0.0
110735,0,0,0.0
443718,0,0,0.0
135677,0,0,0.0
127419,0,0,0.0
104481,0,0,0.0
388261,1,0,0.0
411010,0,0,0.0
450312,0,0,0.0
333183,0,0,0.0
279656,0,0,0.0
117245,0,0,0.0
252241,0,0,0.0
171312,0,0,0.0
295134,0,0,0.0
134044,1,0,0.0
203944,0,0,0.0
128815,0,0,0.0
212158,0,0,0.0
126402,0,0,0.0
248733,0,1,1.0
345230,0,0,0.0
344656,0,0,0.0
319734,0,0,0.0
222171,0,0,0.0
265741,0,1,1.0
393352,0,0,0.0
321753,0,0,0.0
427198,0,0,0.0
308599,0,1,1.0
178987,0,0,0.0
285329,0,0,0.0
353413,0,0,0.0
339094,0,0,0.0
315338,0,0,0.0
377818,1,0,0.0
337143,0,0,0.0
249165,0,0,0.0
186891,0,0,0.0
412870,0,0,0.0
372539,0,0,0.0
105238,0,0,0.0
398573,0,0,0.0
359641,0,1,1.0
221369,0,0,0.0
105642,0,1,1.0
255433,0,0,0.0
272587,0,0,0.0
157328,0,0,0.0
236060,0,0,0.0
124072,0,0,0.0
205904,0,0,0.0
451161,0,1,1.0
152719,0,0,0.0
130874,0,0,0.0
298059,0,0,0.0
383758,0,0,0.0
229876,0,0,0.0
278136,0,0,0.0
262412,0,0,0.0
380305,0,0,0.0
319503,0,0,0.0
140111,0,1,1.0
340360,0,0,0.0
253009,1,0,0.0
180670,0,0,0.0
182374,0,0,0.0
414424,0,0,0.0
399717,1,1,1.0
129410,0,0,0.0
292306,0,0,0.0
231330,0,0,0.0
193539,0,0,0.0
130927,0,1,1.0
284401,0,0,0.0
140580,0,0,0.0
422813,0,0,0.0
189324,0,0,0.0
277836,1,0,0.0
289318,0,0,0.0
427203,1,1,1.0
290788,0,0,0.0
408205,0,0,0.0
370849,0,1,1.0
249139,0,0,0.0
289002,0,0,0.0
255052,0,1,1.0
350171,0,0,0.0
394604,1,0,0.0
305048,0,0,0.0
431877,0,0,0.0
227357,0,0,0.0
328965,0,0,0.0
421656,0,0,0.0
177899,0,1,1.0
218371,1,0,0.0
407180,0,0,0.0
283729,0,0,0.0
455114,0,0,0.0
382333,0,0,0.0
155672,0,0,0.0
235376,0,0,0.0
140808,0,0,0.0
330002,0,0,0.0
219633,0,0,0.0
244705,0,0,0.0
323682,0,1,1.0
135995,0,0,0.0
163087,0,0,0.0
290567,0,1,1.0
412977,0,0,0.0
177097,0,0,0.0
101457,0,0,0.0
298596,1,0,0.0
212977,0,0,0.0
205335,0,0,0.0
300466,0,0,0.0
290833,0,0,0.0
379681,0,0,0.0
281958,0,0,0.0
189725,0,1,1.0
271722,1,0,0.0
315422,0,0,0.0
173736,1,0,0.0
356759,0,0,0.0
386332,0,0,0.0
344001,0,0,0.0
451543,0,1,1.0
154472,0,0,0.0
352463,0,0,0.0
323370,0,0,0.0
278410,0,1,1.0
219645,0,0,0.0
167335,0,0,0.0
428609,0,0,0.0
341920,0,0,0.0
413256,0,0,0.0
330425,0,0,0.0
284922,0,0,0.0
181139,0,0,0.0
103051,0,0,0.0
112804,1,0,0.0
385984,0,0,0.0
408497,0,0,0.0
251003,0,0,0.0
316704,0,0,0.0
177335,1,0,0.0
154748,1,0,0.0
219426,0,0,0.0
278882,0,0,0.0
244022,0,0,0.0
364675,0,0,0.0
328290,1,0,0.0
244133,0,0,0.0
365639,0,0,0.0
440475,0,0,0.0
389759,0,0,0.0
212903,0,0,0.0
431518,0,0,0.0
317672,0,0,0.0
157943,0,0,0.0
260982,0,0,0.0
104888,1,0,0.0
148183,0,0,0.0
301142,0,0,0.0
390550,0,0,0.0
297952,0,0,0.0
142839,0,0,0.0
246309,0,0,0.0
229016,0,0,0.0
166087,0,0,0.0
189441,0,0,0.0
456084,0,0,0.0
365521,0,0,0.0
182750,0,0,0.0
214978,0,0,0.0
119679,0,0,0.0
423293,0,0,0.0
309688,0,0,0.0
375770,1,1,1.0
343489,0,0,0.0
426938,0,0,0.0
138179,0,0,0.0
166751,0,1,1.0
315700,1,0,0.0
310019,0,0,0.0
322892,1,0,0.0
265937,0,1,1.0
439798,0,0,0.0
151771,1,0,0.0
317439,1,0,0.0
316936,1,0,0.0
190689,0,0,0.0
391642,0,0,0.0
312306,0,0,0.0
394945,1,0,0.0
121953,0,0,0.0
390588,0,0,0.0
123985,0,0,0.0
332503,0,0,0.0
325453,0,0,0.0
143338,1,0,0.0
373282,0,0,0.0
413578,0,0,0.0
198971,0,0,0.0
286082,0,0,0.0
115799,0,0,0.0
406418,1,0,0.0
240001,0,0,0.0
217745,0,0,0.0
165579,0,0,0.0
336879,0,0,0.0
170792,0,0,0.0
308222,0,0,0.0
182209,0,0,0.0
185885,0,0,0.0
450386,0,1,1.0
146900,0,0,0.0
414609,0,0,0.0
389367,0,0,0.0
255616,1,0,0.0
313611,0,0,0.0
367828,0,0,0.0
312697,0,0,0.0
233861,0,0,0.0
401009,0,0,0.0
200623,0,0,0.0
217385,0,0,0.0
357354,0,0,0.0
174505,0,0,0.0
429881,0,0,0.0
244297,0,0,0.0
353030,0,0,0.0
318495,0,1,1.0
419920,0,0,0.0
400403,0,0,0.0
275717,0,0,0.0
392705,0,0,0.0
455170,0,0,0.0
230859,0,0,0.0
108087,0,1,1.0
115275,1,0,0.0
280595,0,0,0.0
432437,0,0,0.0
371533,0,0,0.0
348816,0,0,0.0
289679,0,0,0.0
404147,0,0,0.0
337146,0,0,0.0
241030,0,0,0.0
315253,0,0,0.0
269069,0,0,0.0
396744,0,0,0.0
158621,0,0,0.0
116862,0,0,0.0
200269,0,0,0.0
149103,0,0,0.0
106897,0,0,0.0
301450,0,1,1.0
245382,0,0,0.0
322595,0,0,0.0
399779,0,0,0.0
118773,0,0,0.0
321239,0,0,0.0
158327,0,1,1.0
382540,0,0,0.0
183229,0,0,0.0
311247,0,0,0.0
227364,0,0,0.0
271165,0,0,0.0
294378,0,0,0.0
447074,0,0,0.0
449103,0,0,0.0
384284,0,0,0.0
259601,0,0,0.0
251186,0,0,0.0
209555,0,0,0.0
440616,0,1,1.0
229097,0,0,0.0
450793,0,0,0.0
237162,0,0,0.0
323217,0,0,0.0
277316,0,0,0.0
385292,1,1,1.0
313559,0,0,0.0
111135,0,0,0.0
116940,0,0,0.0
211772,0,0,0.0
344057,0,0,0.0
327883,0,0,0.0
291249,0,0,0.0
399816,0,0,0.0
395662,0,1,1.0
454130,0,1,1.0
444228,1,0,0.0
382181,0,1,1.0
103339,0,0,0.0
181229,0,0,0.0
216634,0,0,0.0
252327,0,0,0.0
189301,0,0,0.0
247829,0,0,0.0
432237,0,0,0.0
244573,0,0,0.0
142824,1,0,0.0
343531,0,0,0.0
433553,0,0,0.0
354828,0,0,0.0
230787,1,0,0.0
115720,1,0,0.0
380564,1,0,0.0
326124,0,0,0.0
204890,0,0,0.0
159159,0,0,0.0
355426,0,0,0.0
189574,0,0,0.0
251794,1,0,0.0
111218,0,0,0.0
320166,0,0,0.0
197983,0,0,0.0
400107,0,0,0.0
205910,0,0,0.0
361263,0,1,1.0
235569,0,0,0.0
336267,0,0,0.0
429488,0,0,0.0
344961,1,0,0.0
320879,0,0,0.0
119386,0,0,0.0
147813,0,1,1.0
109103,0,0,0.0
421834,0,0,0.0
173680,0,0,0.0
264154,0,0,0.0
314076,0,0,0.0
189050,0,0,0.0
260138,1,0,0.0
203918,0,1,1.0
385594,0,1,1.0
129126,0,0,0.0
378074,0,1,1.0
200183,0,0,0.0
378540,1,0,0.0
113635,1,0,0.0
372474,0,0,0.0
299374,0,0,0.0
169855,0,0,0.0
116752,0,0,0.0
100191,0,0,0.0
372787,0,0,0.0
399724,1,0,0.0
445545,0,1,1.0
435931,0,0,0.0
355313,0,0,0.0
357823,0,0,0.0
103464,0,0,0.0
108981,0,0,0.0
409840,0,0,0.0
325727,0,0,0.0
387555,0,0,0.0
242630,0,0,0.0
325985,0,0,0.0
210118,0,0,0.0
105822,0,0,0.0
239416,0,0,0.0
335770,0,0,0.0
265853,0,0,0.0
324140,0,0,0.0
298389,0,1,1.0
112506,0,0,0.0
323068,0,0,0.0
410321,0,0,0.0
147996,0,0,0.0
200660,0,0,0.0
244817,0,0,0.0
227691,0,0,0.0
309788,0,0,0.0
237460,0,0,0.0
262168,0,0,0.0
229370,0,0,0.0
119527,0,0,0.0
424582,0,0,0.0
272379,0,0,0.0
427418,0,0,0.0
352581,0,0,0.0
183522,0,0,0.0
243408,0,1,1.0
435628,0,0,0.0
131046,0,0,0.0
357590,0,0,0.0
438614,0,0,0.0
251753,0,0,0.0
295479,0,0,0.0
392504,0,0,0.0
373729,0,1,1.0
414863,1,1,1.0
332173,0,0,0.0
422574,0,0,0.0
445681,0,0,0.0
383475,0,0,0.0
367395,0,0,0.0
437842,0,0,0.0
257617,0,0,0.0
204154,0,0,0.0
160276,0,0,0.0
192174,0,0,0.0
375316,0,0,0.0
359956,0,0,0.0
396977,1,1,1.0
153232,0,0,0.0
132998,0,0,0.0
394307,0,0,0.0
122896,0,0,0.0
240466,0,0,0.0
256899,0,1,1.0
153047,0,0,0.0
284616,0,0,0.0
335810,0,0,0.0
265780,1,0,0.0
138015,1,0,0.0
392724,0,0,0.0
376808,0,1,1.0
252415,1,1,1.0
262386,0,0,0.0
403101,0,0,0.0
314760,1,0,0.0
251278,1,0,0.0
439598,0,0,0.0
191818,0,1,1.0
430545,0,0,0.0
339389,0,0,0.0
439286,0,0,0.0
253553,0,0,0.0
194234,0,0,0.0
292232,0,0,0.0
124574,0,0,0.0
316043,0,0,0.0
382843,0,0,0.0
296757,0,0,0.0
333890,0,0,0.0
431812,0,0,0.0
346365,0,0,0.0
391833,0,0,0.0
433116,0,0,0.0
184203,0,0,0.0
201371,1,0,0.0
164318,0,0,0.0
386528,0,0,0.0
409090,0,0,0.0
217581,0,0,0.0
437603,0,0,0.0
369472,0,0,0.0
338087,0,0,0.0
136130,0,0,0.0
443943,0,0,0.0
235963,0,0,0.0
173446,0,0,0.0
354220,0,0,0.0
166114,0,0,0.0
250607,0,0,0.0
115372,0,0,0.0
242513,0,0,0.0
110430,0,0,0.0
238885,0,0,0.0
186478,0,1,1.0
336474,0,0,0.0
224817,0,0,0.0
219934,0,0,0.0
358520,0,0,0.0
342691,0,0,0.0
317770,0,0,0.0
296897,0,1,1.0
226627,0,0,0.0
319521,0,1,1.0
296316,0,0,0.0
402631,0,0,0.0
272427,0,0,0.0
298320,0,0,0.0
400242,0,0,0.0
434213,0,0,0.0
107273,1,0,0.0
420473,0,0,0.0
370261,0,0,0.0
164876,0,0,0.0
455675,1,0,0.0
440363,0,0,0.0
276283,0,0,0.0
438063,0,0,0.0
301192,0,0,0.0
262720,0,0,0.0
254675,0,0,0.0
118036,0,0,0.0
263209,0,0,0.0
220333,0,0,0.0
131202,0,0,0.0
117725,0,0,0.0
161696,0,0,0.0
101562,0,0,0.0
227247,0,0,0.0
255915,0,0,0.0
438879,0,0,0.0
364299,0,0,0.0
105259,1,0,0.0
268110,0,0,0.0
377136,0,0,0.0
400188,0,0,0.0
228825,1,0,0.0
232732,0,0,0.0
163910,0,0,0.0
334590,1,0,0.0
292768,0,0,0.0
359156,0,0,0.0
175318,0,0,0.0
302469,0,0,0.0
230985,0,0,0.0
289786,0,0,0.0
109404,0,0,0.0
358481,0,0,0.0
154873,0,0,0.0
352168,0,1,1.0
298174,0,1,1.0
150291,1,0,0.0
209964,0,0,0.0
271526,0,0,0.0
361222,0,0,0.0
377606,0,0,0.0
171719,0,0,0.0
280776,0,0,0.0
428108,0,1,1.0
403220,0,1,1.0
174331,0,0,0.0
146223,0,0,0.0
378400,0,0,0.0
100084,0,0,0.0
164248,0,0,0.0
415017,0,0,0.0
229799,0,0,0.0
215289,0,0,0.0
322712,0,0,0.0
359887,0,0,0.0
273099,0,0,0.0
307518,0,0,0.0
262647,0,0,0.0
401414,0,1,1.0
352920,0,0,0.0
432387,0,0,0.0
264101,0,0,0.0
395476,1,0,0.0
166750,0,0,0.0
415172,0,0,0.0
141355,0,0,0.0
446761,0,1,1.0
259896,0,0,0.0
270283,0,0,0.0
191411,1,0,0.0
174522,0,1,1.0
268350,0,0,0.0
259012,1,0,0.0
210230,0,0,0.0
310182,1,0,0.0
129654,1,0,0.0
328532,0,0,0.0
227860,0,0,0.0
270284,0,0,0.0
281464,0,0,0.0
369632,0,1,1.0
405601,0,0,0.0
397159,0,0,0.0
159019,0,0,0.0
111735,0,0,0.0
427902,0,0,0.0
109062,0,0,0.0
104157,1,0,0.0
149789,0,0,0.0
263698,0,0,0.0
454121,0,0,0.0
193535,0,0,0.0
200937,0,0,0.0
191712,0,0,0.0
194277,0,0,0.0
172341,0,1,1.0
227135,0,0,0.0
310698,0,0,0.0
137638,0,0,0.0
244916,0,0,0.0
141367,0,0,0.0
137518,1,0,0.0
360726,0,0,0.0
390829,0,0,0.0
403405,0,0,0.0
291776,0,0,0.0
423066,0,0,0.0
379104,0,0,0.0
412431,0,0,0.0
142625,0,0,0.0
448545,0,1,1.0
340066,0,0,0.0
109599,0,0,0.0
256603,1,0,0.0
407522,0,0,0.0
301810,0,0,0.0
311511,0,0,0.0
355302,0,0,0.0
316376,0,1,1.0
192772,1,0,0.0
177769,0,0,0.0
106955,0,0,0.0
344184,0,0,0.0
321302,0,0,0.0
337818,0,0,0.0
289042,1,0,0.0
196099,1,0,0.0
100637,0,0,0.0
122892,0,1,1.0
194005,0,0,0.0
114598,0,0,0.0
136600,0,1,1.0
261336,0,0,0.0
185555,1,0,0.0
165945,0,0,0.0
134578,0,0,0.0
138341,0,0,0.0
140471,0,0,0.0
390126,0,0,0.0
387422,0,0,0.0
352297,0,0,0.0
387354,0,0,0.0
243416,1,0,0.0
451893,0,0,0.0
250884,0,0,0.0
423277,0,0,0.0
286468,0,0,0.0
403248,0,0,0.0
256688,0,0,0.0
170669,0,0,0.0
221237,0,0,0.0
169955,0,0,0.0
313847,0,0,0.0
235179,0,0,0.0
150484,0,0,0.0
448405,0,1,1.0
226224,0,0,0.0
387619,0,0,0.0
101657,0,0,0.0
213543,0,0,0.0
375436,0,0,0.0
346863,0,0,0.0
287335,0,0,0.0
360800,0,0,0.0
147622,0,0,0.0
274122,0,0,0.0
447936,0,0,0.0
277735,0,0,0.0
351610,0,0,0.0
151397,0,0,0.0
396137,0,0,0.0
148033,0,0,0.0
414309,0,0,0.0
233742,1,0,0.0
140319,0,0,0.0
204141,0,0,0.0
221946,0,0,0.0
408426,0,0,0.0
419542,0,0,0.0
122819,0,0,0.0
403005,0,0,0.0
430323,0,0,0.0
416654,0,0,0.0
302953,0,0,0.0
108058,0,0,0.0
302679,0,1,1.0
438656,0,0,0.0
294098,0,0,0.0
293186,0,0,0.0
161757,0,0,0.0
451941,1,0,0.0
423425,0,0,0.0
452751,0,0,0.0
388540,0,0,0.0
361052,0,0,0.0
322234,0,0,0.0
125845,0,0,0.0
440901,0,0,0.0
433252,1,0,0.0
275517,0,0,0.0
215811,0,0,0.0
319773,0,0,0.0
120990,0,0,0.0
204559,1,0,0.0
416336,0,0,0.0
386381,0,0,0.0
151641,0,1,1.0
132420,0,0,0.0
119608,1,0,0.0
325841,1,0,0.0
213592,1,0,0.0
342728,0,0,0.0
350678,0,0,0.0
278926,0,0,0.0
441718,0,0,0.0
227754,0,0,0.0
223486,0,0,0.0
389046,0,0,0.0
157371,0,0,0.0
321034,0,0,0.0
228622,0,0,0.0
436584,0,0,0.0
105354,0,0,0.0
328277,1,0,0.0
231489,0,0,0.0
223328,0,0,0.0
122633,0,0,0.0
429144,0,0,0.0
242485,0,0,0.0
131784,0,0,0.0
321202,0,1,1.0
430119,0,0,0.0
339865,0,0,0.0
146272,0,0,0.0
385622,0,0,0.0
353013,0,0,0.0
276044,0,0,0.0
214143,0,1,1.0
264858,0,0,0.0
331248,0,0,0.0
233392,0,0,0.0
368500,0,0,0.0
300229,1,0,0.0
248139,0,0,0.0
293288,0,0,0.0
383656,0,0,0.0
338627,0,0,0.0
442108,1,0,0.0
138462,0,0,0.0
123294,0,0,0.0
286961,0,0,0.0
402130,0,0,0.0
165912,0,0,0.0
102467,0,0,0.0
134281,0,0,0.0
263555,0,0,0.0
347597,0,0,0.0
278116,0,0,0.0
175790,0,0,0.0
281773,0,0,0.0
442900,0,1,1.0
112008,0,0,0.0
451507,0,0,0.0
235444,0,0,0.0
381607,0,1,1.0
409318,0,0,0.0
208535,0,0,0.0
352204,0,0,0.0
279042,0,0,0.0
259211,0,0,0.0
206612,0,0,0.0
118153,0,0,0.0
348508,1,0,0.0
235208,0,0,0.0
121617,0,0,0.0
251817,0,0,0.0
109145,1,0,0.0
435649,0,0,0.0
309999,0,0,0.0
181430,0,0,0.0
292711,0,0,0.0
374741,0,0,0.0
173498,0,0,0.0
439019,0,0,0.0
324460,0,0,0.0
284417,1,0,0.0
334060,0,0,0.0
389497,0,0,0.0
449592,0,0,0.0
433170,0,1,1.0
327811,0,0,0.0
332715,0,0,0.0
343567,0,0,0.0
233914,0,0,0.0
166677,0,0,0.0
122705,0,0,0.0
296728,0,0,0.0
323919,0,0,0.0
103920,0,0,0.0
366939,0,0,0.0
123392,0,0,0.0
355344,0,0,0.0
440784,0,0,0.0
292656,0,0,0.0
304722,0,0,0.0
427850,1,0,0.0
186867,0,0,0.0
278092,0,0,0.0
200846,0,0,0.0
111116,0,0,0.0
235810,0,0,0.0
435624,0,0,0.0
204838,1,0,0.0
107606,1,1,1.0
339739,0,0,0.0
301966,0,0,0.0
304266,0,0,0.0
440220,0,0,0.0
214076,0,0,0.0
279996,0,0,0.0
220163,0,0,0.0
242828,1,0,0.0
107311,0,0,0.0
196465,0,0,0.0
259636,0,0,0.0
103244,0,0,0.0
370704,0,0,0.0
394353,0,1,1.0
326391,0,0,0.0
333974,1,1,1.0
233922,0,0,0.0
164614,1,1,1.0
325530,0,0,0.0
306894,0,0,0.0
301244,0,0,0.0
307150,0,0,0.0
445717,0,1,1.0
290019,0,0,0.0
232659,0,0,0.0
293097,0,0,0.0
421742,0,0,0.0
347219,0,0,0.0
314459,0,0,0.0
143347,0,0,0.0
135502,0,0,0.0
108712,0,0,0.0
207717,0,0,0.0
206440,0,0,0.0
272981,0,0,0.0
345396,0,0,0.0
205428,0,1,1.0
215996,0,0,0.0
421072,0,0,0.0
152904,0,0,0.0
230145,1,0,0.0
429668,0,0,0.0
138365,0,0,0.0
315345,0,0,0.0
107325,0,1,1.0
407165,0,0,0.0
386758,0,0,0.0
218479,1,0,0.0
446751,0,1,1.0
352530,0,1,1.0
161469,0,0,0.0
303887,0,0,0.0
113555,0,0,0.0
392579,0,0,0.0
430017,0,0,0.0
174543,0,0,0.0
357506,0,1,1.0
113721,0,0,0.0
241614,0,1,1.0
322125,0,0,0.0
140045,0,1,1.0
286606,0,0,0.0
287068,0,0,0.0
414388,0,0,0.0
159644,0,0,0.0
335542,0,0,0.0
393670,0,1,1.0
427591,0,0,0.0
311332,0,0,0.0
394716,0,1,1.0
432926,0,0,0.0
241826,0,0,0.0
167160,0,0,0.0
441682,0,0,0.0
427562,0,0,0.0
280618,0,0,0.0
419877,0,0,0.0
238583,0,0,0.0
248385,0,0,0.0
399181,0,0,0.0
267363,0,0,0.0
387136,0,0,0.0
327999,1,0,0.0
280766,0,0,0.0
294296,0,0,0.0
270003,0,0,0.0
150217,0,1,1.0
221102,1,0,0.0
365629,0,0,0.0
339702,1,0,0.0
166727,0,0,0.0
126627,0,0,0.0
288293,0,0,0.0
389376,0,0,0.0
402900,0,0,0.0
405011,0,0,0.0
334041,0,0,0.0
153614,1,1,1.0
243246,0,0,0.0
252552,0,0,0.0
323017,0,0,0.0
423541,0,1,1.0
208672,0,0,0.0
379862,0,0,0.0
280591,0,0,0.0
240468,0,1,1.0
249250,0,0,0.0
447377,0,0,0.0
202069,0,0,0.0
164444,0,0,0.0
151704,0,0,0.0
264844,0,0,0.0
236074,0,0,0.0
148274,0,0,0.0
220118,1,1,1.0
125137,0,0,0.0
190622,1,0,0.0
266407,0,0,0.0
238123,0,0,0.0
440853,0,0,0.0
165870,0,0,0.0
452254,1,1,1.0
313976,0,0,0.0
355844,0,1,1.0
138518,0,1,1.0
369118,1,1,1.0
257969,0,0,0.0
115746,0,0,0.0
137845,0,0,0.0
178773,0,0,0.0
171111,0,0,0.0
282092,0,0,0.0
228080,0,1,1.0
315449,0,0,0.0
259760,0,0,0.0
194839,1,0,0.0
333404,0,0,0.0
381637,0,1,1.0
126770,0,0,0.0
330758,0,0,0.0
363247,0,0,0.0
279579,0,0,0.0
389313,0,0,0.0
377122,0,1,1.0
119192,0,0,0.0
238300,0,0,0.0
263289,0,0,0.0
169369,0,0,0.0
111798,0,0,0.0
286883,0,0,0.0
386971,0,0,0.0
237557,0,0,0.0
418685,0,0,0.0
423917,0,0,0.0
253857,0,0,0.0
180372,0,0,0.0
395639,0,0,0.0
357933,0,0,0.0
338374,0,0,0.0
404096,0,0,0.0
442722,0,0,0.0
310652,0,0,0.0
149887,0,0,0.0
145575,0,0,0.0
352256,0,0,0.0
299132,0,0,0.0
361537,0,0,0.0
237016,0,0,0.0
332183,1,0,0.0
250360,1,0,0.0
206751,0,0,0.0
253217,0,0,0.0
343519,0,0,0.0
426293,0,0,0.0
344037,0,0,0.0
153661,0,0,0.0
109002,0,0,0.0
394337,0,0,0.0
315482,1,0,0.0
338870,0,0,0.0
313185,1,0,0.0
347592,0,0,0.0
247016,0,0,0.0
229272,0,0,0.0
236401,0,0,0.0
296515,1,0,0.0
392314,0,0,0.0
422013,0,0,0.0
292722,0,0,0.0
271170,1,0,0.0
105967,0,0,0.0
264654,0,0,0.0
314576,1,0,0.0
319120,0,0,0.0
154056,0,0,0.0
259800,0,0,0.0
196363,0,0,0.0
265334,0,1,1.0
415646,0,0,0.0
153124,0,1,1.0
362349,0,0,0.0
394079,1,0,0.0
157755,0,0,0.0
199002,1,0,0.0
160889,1,0,0.0
431723,0,0,0.0
136463,0,0,0.0
366350,0,0,0.0
152903,0,0,0.0
250926,0,0,0.0
184419,0,0,0.0
288935,0,0,0.0
342129,0,0,0.0
161462,0,1,1.0
384452,0,0,0.0
307404,0,0,0.0
338441,0,0,0.0
418314,0,0,0.0
132293,0,1,1.0
105507,0,0,0.0
280132,0,0,0.0
412043,0,0,0.0
148798,0,0,0.0
206237,1,1,1.0
139529,0,0,0.0
283657,0,0,0.0
192925,0,0,0.0
113467,0,0,0.0
314250,0,0,0.0
356653,0,0,0.0
320850,0,0,0.0
384534,0,0,0.0
439770,0,0,0.0
159721,0,0,0.0
103361,0,1,1.0
309991,0,0,0.0
436672,0,0,0.0
371662,0,0,0.0
155214,0,0,0.0
270561,0,0,0.0
306768,0,0,0.0
426509,1,0,0.0
344414,0,0,0.0
192227,0,0,0.0
356379,0,0,0.0
108061,0,0,0.0
241730,0,0,0.0
411039,0,0,0.0
215629,0,0,0.0
409960,0,0,0.0
112488,0,0,0.0
397386,0,0,0.0
417849,0,0,0.0
110350,0,0,0.0
242931,0,0,0.0
201947,0,0,0.0
223203,0,0,0.0
237100,0,0,0.0
154356,0,1,1.0
113719,0,0,0.0
323976,0,0,0.0
445240,0,0,0.0
269530,0,0,0.0
437998,0,0,0.0
157293,0,0,0.0
430424,0,0,0.0
204435,0,0,0.0
135786,0,0,0.0
234993,0,1,1.0
201249,0,1,1.0
299813,0,0,0.0
185293,0,1,1.0
363319,0,0,0.0
129887,0,0,0.0
176408,0,0,0.0
288330,0,0,0.0
359882,0,0,0.0
297113,0,0,0.0
203637,0,0,0.0
451982,0,0,0.0
141563,0,0,0.0
433148,0,0,0.0
109070,0,0,0.0
272333,0,0,0.0
412413,0,0,0.0
274571,0,0,0.0
332649,0,0,0.0
217945,0,1,1.0
249931,0,0,0.0
102983,0,0,0.0
176376,0,0,0.0
283624,0,0,0.0
253407,0,0,0.0
230722,0,1,1.0
446773,1,0,0.0
113040,0,0,0.0
218562,0,0,0.0
270857,0,1,1.0
203756,0,0,0.0
156800,0,0,0.0
190361,0,0,0.0
351425,0,0,0.0
212240,0,0,0.0
291934,0,0,0.0
241660,0,0,0.0
141509,0,0,0.0
134328,0,0,0.0
362005,1,0,0.0
162651,0,1,1.0
432393,0,0,0.0
141327,0,0,0.0
252214,0,0,0.0
156609,0,0,0.0
297485,0,0,0.0
405073,1,0,0.0
237328,0,0,0.0
347474,0,0,0.0
207986,0,0,0.0
233478,0,0,0.0
321529,0,0,0.0
444080,0,0,0.0
423649,0,0,0.0
448036,0,0,0.0
425475,0,0,0.0
378726,0,0,0.0
405223,1,0,0.0
190386,0,0,0.0
376609,0,0,0.0
341227,0,0,0.0
184433,0,0,0.0
429817,0,0,0.0
448484,0,0,0.0
266909,1,0,0.0
446602,1,0,0.0
198663,0,0,0.0
152960,1,1,1.0
245579,0,0,0.0
270889,1,0,0.0
285173,0,0,0.0
330975,1,0,0.0
363428,0,0,0.0
184897,0,1,1.0
276119,0,0,0.0
242322,1,0,0.0
143558,0,0,0.0
379458,0,0,0.0
244031,0,0,0.0
237290,0,0,0.0
309705,0,1,1.0
257493,0,0,0.0
146853,0,0,0.0
148164,0,1,1.0
204764,0,0,0.0
347613,0,1,1.0
253982,0,0,0.0
176047,0,0,0.0
455232,0,0,0.0
157682,0,0,0.0
434446,0,0,0.0
346060,1,0,0.0
274018,0,0,0.0
366322,0,0,0.0
384368,0,0,0.0
129672,0,0,0.0
428735,0,0,0.0
363304,1,0,0.0
101209,0,0,0.0
339078,0,0,0.0
156066,0,0,0.0
249233,0,0,0.0
345825,0,0,0.0
370193,0,0,0.0
188642,0,0,0.0
448064,0,0,0.0
212501,0,0,0.0
118262,0,0,0.0
166861,0,1,1.0
180982,0,0,0.0
438603,0,0,0.0
122649,0,0,0.0
275599,0,0,0.0
133636,1,1,1.0
269270,1,0,0.0
176379,1,0,0.0
452617,0,0,0.0
439581,0,0,0.0
221131,0,0,0.0
279477,0,0,0.0
363441,0,0,0.0
400250,0,0,0.0
294273,0,0,0.0
358600,0,0,0.0
291605,0,0,0.0
424366,0,0,0.0
344399,0,0,0.0
134402,0,0,0.0
164911,0,0,0.0
133912,0,0,0.0
240452,0,1,1.0
390368,0,0,0.0
146812,0,0,0.0
452492,1,0,0.0
196628,0,0,0.0
309872,1,0,0.0
277629,0,0,0.0
151029,0,0,0.0
251901,0,0,0.0
283362,0,0,0.0
136696,0,0,0.0
367694,0,0,0.0
146856,0,0,0.0
314641,0,1,1.0
100185,0,0,0.0
310434,0,0,0.0
438778,0,0,0.0
382936,0,0,0.0
296319,0,0,0.0
168362,1,0,0.0
449389,0,1,1.0
126367,0,0,0.0
268403,0,0,0.0
219212,0,0,0.0
206682,0,0,0.0
207671,1,0,0.0
347060,0,0,0.0
345414,0,1,1.0
384126,0,0,0.0
305179,0,0,0.0
328134,0,0,0.0
226693,0,0,0.0
373885,0,0,0.0
114935,0,0,0.0
195768,0,0,0.0
143222,0,0,0.0
160593,0,0,0.0
133309,0,0,0.0
142250,0,0,0.0
262928,0,0,0.0
263661,0,0,0.0
371549,0,0,0.0
119640,0,0,0.0
288225,0,0,0.0
131603,0,0,0.0
154764,0,0,0.0
452577,0,0,0.0
224882,0,0,0.0
383472,0,0,0.0
440637,0,0,0.0
417798,0,0,0.0
383549,0,0,0.0
352446,0,0,0.0
123393,0,0,0.0
181011,0,0,0.0
363409,0,0,0.0
297663,0,0,0.0
322321,0,0,0.0
164489,0,0,0.0
283836,0,1,1.0
220257,1,0,0.0
363650,0,0,0.0
190709,0,0,0.0
120863,0,0,0.0
327506,0,0,0.0
331173,0,0,0.0
342882,0,0,0.0
325301,0,0,0.0
290668,0,0,0.0
169519,0,0,0.0
141461,0,0,0.0
179799,0,0,0.0
420795,1,1,1.0
350792,0,0,0.0
383854,0,0,0.0
156448,0,1,1.0
240799,0,0,0.0
345400,0,1,1.0
294124,0,0,0.0
416905,0,0,0.0
181335,0,0,0.0
251438,0,0,0.0
208809,0,0,0.0
260591,0,1,1.0
424284,0,0,0.0
265399,0,0,0.0
208203,0,1,1.0
394608,0,1,1.0
306163,0,0,0.0
451652,0,0,0.0
432337,0,0,0.0
335243,0,0,0.0
413905,0,0,0.0
262551,0,0,0.0
270650,0,0,0.0
140607,0,0,0.0
356805,0,0,0.0
349908,0,0,0.0
277922,0,0,0.0
405420,0,0,0.0
105501,0,0,0.0
336237,0,0,0.0
373194,0,0,0.0
294550,0,0,0.0
271343,0,0,0.0
283923,0,0,0.0
286244,0,0,0.0
227440,0,0,0.0
285835,0,0,0.0
257931,0,0,0.0
137954,0,0,0.0
347534,0,0,0.0
164702,0,1,1.0
246634,0,0,0.0
209151,0,0,0.0
238973,0,0,0.0
295768,0,0,0.0
319819,0,0,0.0
228865,0,0,0.0
386572,0,0,0.0
186809,0,0,0.0
105407,0,0,0.0
243168,0,0,0.0
312744,0,0,0.0
408782,0,0,0.0
236673,0,0,0.0
422262,0,0,0.0
318086,0,0,0.0
429732,0,0,0.0
150126,0,0,0.0
145327,1,0,0.0
153398,0,0,0.0
414706,0,0,0.0
455324,0,1,1.0
393206,0,1,1.0
113666,0,0,0.0
286894,0,0,0.0
361960,0,0,0.0
297554,0,0,0.0
198752,0,0,0.0
313358,1,0,0.0
103701,0,0,0.0
427796,0,1,1.0
418999,0,0,0.0
392362,0,0,0.0
188675,0,0,0.0
164316,0,0,0.0
120524,1,0,0.0
423307,0,0,0.0
432717,0,0,0.0
230137,0,0,0.0
310655,0,0,0.0
233015,0,0,0.0
293127,0,0,0.0
226482,0,0,0.0
444943,0,0,0.0
266665,0,0,0.0
332873,0,0,0.0
101606,0,1,1.0
220135,1,0,0.0
292074,0,0,0.0
356087,0,0,0.0
298185,0,0,0.0
302155,0,0,0.0
134981,0,0,0.0
428100,0,0,0.0
401150,0,0,0.0
173431,0,0,0.0
449050,0,0,0.0
288713,0,1,1.0
370048,0,0,0.0
402173,0,0,0.0
381537,0,0,0.0
434903,0,0,0.0
355228,0,0,0.0
160461,0,0,0.0
256978,0,0,0.0
239349,0,0,0.0
103270,1,0,0.0
348406,0,0,0.0
240253,0,0,0.0
266882,0,0,0.0
355532,0,0,0.0
287919,0,0,0.0
189897,0,0,0.0
449546,0,0,0.0
308485,0,0,0.0
113699,0,0,0.0
232927,0,0,0.0
382864,0,0,0.0
246196,0,0,0.0
412889,0,0,0.0
271579,0,0,0.0
314512,0,0,0.0
353697,0,0,0.0
325749,0,0,0.0
228658,0,0,0.0
295687,0,0,0.0
291939,0,0,0.0
167666,0,0,0.0
328199,0,0,0.0
297423,0,0,0.0
157254,1,0,0.0
116053,0,0,0.0
309827,0,0,0.0
252901,0,0,0.0
133058,0,0,0.0
337655,0,0,0.0
245709,0,0,0.0
366389,0,0,0.0
437261,0,0,0.0
168665,0,1,1.0
355348,0,0,0.0
390687,0,0,0.0
321961,0,0,0.0
244437,0,0,0.0
385164,0,0,0.0
277007,1,0,0.0
439827,0,0,0.0
206657,1,0,0.0
313225,0,0,0.0
392129,0,1,1.0
309138,1,0,0.0
417249,0,1,1.0
137227,0,0,0.0
426818,0,0,0.0
232384,0,0,0.0
450337,0,0,0.0
197560,0,0,0.0
410315,0,0,0.0
311305,0,0,0.0
406858,0,0,0.0
151828,0,0,0.0
229519,0,0,0.0
311584,0,0,0.0
115003,0,0,0.0
308066,0,0,0.0
318622,0,0,0.0
275260,0,0,0.0
213249,0,1,1.0
348848,1,0,0.0
151853,0,0,0.0
194415,0,0,0.0
117461,0,0,0.0
192639,0,0,0.0
329489,1,0,0.0
441024,0,0,0.0
163599,0,0,0.0
379454,0,1,1.0
165541,0,1,1.0
289719,0,1,1.0
125933,0,0,0.0
274765,0,0,0.0
274492,1,1,1.0
258735,0,0,0.0
107483,0,0,0.0
214448,0,0,0.0
396988,0,0,0.0
266566,0,0,0.0
282470,0,0,0.0
353570,0,0,0.0
101377,0,0,0.0
350188,0,0,0.0
308444,0,0,0.0
262694,1,1,1.0
178069,0,0,0.0
264806,0,0,0.0
242353,0,0,0.0
332123,1,0,0.0
302312,0,0,0.0
202309,0,0,0.0
301637,0,0,0.0
272941,0,0,0.0
257772,0,0,0.0
442643,0,0,0.0
451690,0,1,1.0
454679,0,0,0.0
399990,0,0,0.0
272518,0,0,0.0
425765,1,1,1.0
235908,0,1,1.0
405181,0,1,1.0
216132,0,0,0.0
348034,1,0,0.0
223819,0,0,0.0
322258,0,0,0.0
284904,1,0,0.0
345016,0,0,0.0
169047,0,0,0.0
335819,0,0,0.0
165825,0,0,0.0
233440,0,0,0.0
308306,0,0,0.0
293274,0,0,0.0
321363,0,0,0.0
314394,0,0,0.0
333556,0,0,0.0
138396,0,0,0.0
205348,0,1,1.0
338750,0,0,0.0
129194,0,0,0.0
453041,0,0,0.0
455070,0,0,0.0
191499,0,1,1.0
184441,0,0,0.0
239656,0,0,0.0
335220,0,0,0.0
395351,0,0,0.0
168038,0,0,0.0
228147,0,0,0.0
213617,0,0,0.0
315912,0,0,0.0
454938,0,0,0.0
233506,0,0,0.0
450399,0,0,0.0
110951,1,0,0.0
286277,0,1,1.0
335560,0,0,0.0
434938,0,0,0.0
451380,0,0,0.0
408058,0,0,0.0
442624,0,0,0.0
336163,0,0,0.0
438542,0,0,0.0
188748,0,0,0.0
279857,1,0,0.0
232089,0,0,0.0
446660,0,0,0.0
140123,0,0,0.0
410796,0,0,0.0
233260,0,0,0.0
455393,0,0,0.0
357665,0,0,0.0
119368,0,0,0.0
225903,0,0,0.0
149210,0,0,0.0
194174,0,0,0.0
217971,0,0,0.0
180146,1,0,0.0
259754,0,0,0.0
113453,0,0,0.0
118417,0,0,0.0
364421,0,0,0.0
204711,0,1,1.0
251226,0,0,0.0
287466,0,0,0.0
150121,0,0,0.0
257724,0,0,0.0
291652,0,0,0.0
286165,0,0,0.0
252004,0,0,0.0
425031,0,0,0.0
316547,0,0,0.0
131455,0,0,0.0
333820,0,0,0.0
345659,0,0,0.0
152644,0,0,0.0
111514,0,0,0.0
397705,0,0,0.0
168068,0,0,0.0
325405,0,0,0.0
141437,0,1,1.0
378619,0,0,0.0
196271,0,1,1.0
350003,1,0,0.0
263509,0,0,0.0
269862,0,1,1.0
170710,0,0,0.0
455467,0,0,0.0
317748,0,1,1.0
133295,0,1,1.0
436995,0,0,0.0
200596,0,0,0.0
323339,0,0,0.0
425242,0,0,0.0
302013,0,0,0.0
105933,0,0,0.0
274866,0,0,0.0
442997,0,0,0.0
361264,0,0,0.0
149069,0,0,0.0
111534,0,0,0.0
276571,0,0,0.0
248334,0,1,1.0
336707,0,1,1.0
364799,0,0,0.0
276524,0,0,0.0
451070,0,0,0.0
215769,0,0,0.0
295048,0,0,0.0
202060,0,0,0.0
174662,0,0,0.0
455584,0,0,0.0
410989,0,0,0.0
303623,1,0,0.0
260351,0,0,0.0
318770,0,0,0.0
407836,0,0,0.0
112353,0,0,0.0
210807,0,0,0.0
201646,0,0,0.0
189056,1,0,0.0
310650,0,0,0.0
279073,0,0,0.0
349053,0,0,0.0
378256,0,0,0.0
377030,0,0,0.0
313244,0,0,0.0
406455,0,0,0.0
212513,0,0,0.0
250255,0,0,0.0
183967,0,1,1.0
117181,0,1,1.0
416986,0,1,1.0
406014,0,1,1.0
238404,0,0,0.0
268610,0,0,0.0
240104,0,0,0.0
374401,0,1,1.0
220513,0,0,0.0
453258,0,0,0.0
377926,0,0,0.0
164271,0,0,0.0
236460,0,0,0.0
387925,0,1,1.0
343892,0,0,0.0
180774,0,0,0.0
350860,0,0,0.0
375502,0,0,0.0
425587,0,0,0.0
422558,0,0,0.0
325396,0,0,0.0
168999,0,0,0.0
447197,0,0,0.0
200378,0,0,0.0
108456,0,0,0.0
240273,0,0,0.0
348187,0,0,0.0
174619,0,0,0.0
230396,0,0,0.0
246825,0,1,1.0
211958,0,0,0.0
230732,0,0,0.0
415577,1,0,0.0
369363,0,0,0.0
118729,0,0,0.0
409372,0,0,0.0
384872,0,0,0.0
252324,0,0,0.0
267286,0,0,0.0
309732,1,0,0.0
103604,0,1,1.0
317573,0,0,0.0
232539,0,0,0.0
422171,0,0,0.0
394311,0,0,0.0
218146,0,0,0.0
149641,0,0,0.0
170440,0,0,0.0
273345,0,0,0.0
396687,0,0,0.0
395393,0,0,0.0
187651,0,0,0.0
239435,1,0,0.0
116030,0,0,0.0
263620,0,0,0.0
428145,0,0,0.0
449166,0,0,0.0
317777,0,1,1.0
438925,0,0,0.0
156776,1,0,0.0
224026,0,0,0.0
332640,0,0,0.0
412374,0,0,0.0
209254,0,0,0.0
286552,0,0,0.0
281960,0,0,0.0
440544,0,0,0.0
116217,0,0,0.0
406375,0,0,0.0
188657,0,0,0.0
183080,0,0,0.0
295326,0,0,0.0
385010,0,1,1.0
161376,0,0,0.0
377462,1,0,0.0
441037,0,0,0.0
145860,0,0,0.0
303793,0,0,0.0
366027,1,1,1.0
438548,0,0,0.0
339596,0,0,0.0
386447,0,0,0.0
117985,0,0,0.0
167022,0,0,0.0
438222,0,0,0.0
165211,0,0,0.0
416052,0,0,0.0
125880,0,0,0.0
284823,0,0,0.0
444591,0,0,0.0
391662,0,0,0.0
148892,0,0,0.0
331157,0,0,0.0
169869,0,0,0.0
326958,0,0,0.0
128341,1,0,0.0
288136,0,1,1.0
190261,1,0,0.0
414139,0,1,1.0
104419,0,0,0.0
100112,1,0,0.0
264713,0,0,0.0
419000,0,0,0.0
136552,0,0,0.0
424473,0,0,0.0
318919,1,0,0.0
284160,1,0,0.0
133619,0,1,1.0
188451,0,0,0.0
306292,0,1,1.0
381250,0,0,0.0
395559,0,0,0.0
177043,0,0,0.0
425349,0,0,0.0
317123,0,0,0.0
268326,0,0,0.0
381528,1,0,0.0
197080,0,1,1.0
407440,1,0,0.0
253719,0,0,0.0
150196,0,0,0.0
111031,0,0,0.0
426589,0,0,0.0
247356,0,0,0.0
292859,0,0,0.0
185027,0,0,0.0
406499,0,0,0.0
181954,0,0,0.0
309753,0,0,0.0
194919,0,0,0.0
115223,1,0,0.0
354456,0,0,0.0
341300,0,0,0.0
289807,0,0,0.0
174760,1,0,0.0
239636,0,0,0.0
195063,0,0,0.0
220142,0,0,0.0
100938,0,0,0.0
452646,0,0,0.0
156407,0,1,1.0
388316,0,0,0.0
430568,0,0,0.0
168932,0,0,0.0
137292,0,1,1.0
337819,0,0,0.0
454915,0,0,0.0
152183,0,0,0.0
121113,0,0,0.0
155899,1,0,0.0
272847,0,0,0.0
341054,0,1,1.0
396355,0,0,0.0
364347,0,0,0.0
132022,0,0,0.0
137713,0,0,0.0
361907,0,1,1.0
265443,0,0,0.0
168949,0,0,0.0
295050,0,0,0.0
417053,0,0,0.0
243155,0,0,0.0
257138,0,0,0.0
168261,0,0,0.0
407001,0,0,0.0
254118,0,0,0.0
289022,0,0,0.0
159948,0,0,0.0
219807,0,0,0.0
324419,0,0,0.0
336542,0,0,0.0
115595,0,0,0.0
334337,0,0,0.0
429401,0,0,0.0
380290,0,0,0.0
220053,0,0,0.0
438763,0,0,0.0
225014,0,0,0.0
205538,1,0,0.0
221326,0,0,0.0
288088,0,0,0.0
176388,0,0,0.0
312892,0,0,0.0
180466,0,0,0.0
174461,0,0,0.0
294648,0,0,0.0
420444,0,0,0.0
226671,0,0,0.0
173838,0,0,0.0
334024,0,0,0.0
430143,0,0,0.0
350979,0,0,0.0
316403,0,0,0.0
296804,0,0,0.0
351657,0,0,0.0
159407,0,0,0.0
349260,0,0,0.0
138615,0,0,0.0
290300,0,0,0.0
391257,0,0,0.0
200317,0,1,1.0
271082,0,0,0.0
208922,0,0,0.0
136095,0,0,0.0
390672,0,0,0.0
225448,0,0,0.0
256656,0,0,0.0
225241,0,0,0.0
363073,0,0,0.0
388795,0,0,0.0
188573,0,0,0.0
256323,0,0,0.0
126323,0,0,0.0
135254,0,0,0.0
211197,0,0,0.0
322739,0,0,0.0
141463,0,0,0.0
325322,0,0,0.0
188617,0,1,1.0
316262,0,0,0.0
453316,0,0,0.0
106554,0,0,0.0
289192,0,1,1.0
122942,0,0,0.0
358441,0,0,0.0
159790,0,0,0.0
424405,0,0,0.0
285526,1,0,0.0
256721,0,0,0.0
267849,0,0,0.0
189320,0,0,0.0
325262,0,0,0.0
398492,0,0,0.0
140183,0,0,0.0
158340,0,0,0.0
290497,0,0,0.0
273975,1,0,0.0
408761,0,0,0.0
150551,0,0,0.0
131351,0,0,0.0
208691,0,0,0.0
187971,0,0,0.0
432025,0,0,0.0
335288,0,0,0.0
412860,0,0,0.0
303454,0,0,0.0
379736,0,0,0.0
242080,1,0,0.0
131991,0,0,0.0
306910,0,0,0.0
390262,0,0,0.0
319148,0,0,0.0
255003,0,0,0.0
424660,1,0,0.0
182232,1,0,0.0
325146,0,0,0.0
317976,0,0,0.0
426628,0,0,0.0
152695,0,0,0.0
205550,0,1,1.0
339521,0,0,0.0
150028,0,0,0.0
247810,0,0,0.0
335335,0,0,0.0
142991,0,0,0.0
227449,0,0,0.0
429821,0,0,0.0
242390,0,1,1.0
307952,0,0,0.0
426861,0,0,0.0
106265,0,1,1.0
176841,0,1,1.0
202269,0,0,0.0
347599,0,1,1.0
183266,0,0,0.0
280837,0,0,0.0
419282,0,0,0.0
361326,0,0,0.0
148425,0,1,1.0
408806,0,0,0.0
142225,0,0,0.0
113329,0,1,1.0
447586,0,0,0.0
272256,0,0,0.0
239754,0,0,0.0
143543,0,0,0.0
104287,0,0,0.0
385350,1,0,0.0
127675,0,0,0.0
400992,0,0,0.0
282874,0,0,0.0
300352,0,0,0.0
186631,1,1,1.0
201560,0,0,0.0
234137,0,0,0.0
303390,0,0,0.0
451323,0,0,0.0
277756,1,0,0.0
220288,1,0,0.0
434300,0,0,0.0
124318,0,0,0.0
360558,0,0,0.0
340540,0,0,0.0
437029,0,1,1.0
444958,1,0,0.0
271347,0,0,0.0
118782,0,0,0.0
344000,0,0,0.0
108333,0,0,0.0
128234,0,0,0.0
160359,1,0,0.0
205708,0,0,0.0
320648,0,0,0.0
269424,0,0,0.0
414840,1,0,0.0
301885,0,0,0.0
321404,0,0,0.0
448554,0,0,0.0
275361,0,0,0.0
169888,0,0,0.0
394174,0,0,0.0
144008,0,0,0.0
379380,0,0,0.0
430668,0,0,0.0
188061,0,0,0.0
120372,0,1,1.0
190721,0,0,0.0
201477,0,0,0.0
333426,0,0,0.0
336976,1,0,0.0
255345,0,1,1.0
105250,0,0,0.0
228109,0,0,0.0
202944,0,1,1.0
295538,0,0,0.0
429477,0,0,0.0
366232,0,0,0.0
385018,0,1,1.0
327435,0,0,0.0
253527,0,0,0.0
454143,0,0,0.0
351100,0,0,0.0
288391,1,0,0.0
264333,0,0,0.0
102256,0,0,0.0
119089,0,0,0.0
339435,0,0,0.0
249216,0,0,0.0
195311,0,0,0.0
143685,0,0,0.0
338508,0,1,1.0
166762,0,0,0.0
235120,0,0,0.0
116064,1,0,0.0
323624,0,0,0.0
183932,0,0,0.0
369465,0,0,0.0
449293,0,1,1.0
427204,0,0,0.0
290314,0,0,0.0
219433,0,1,1.0
407113,0,0,0.0
167685,0,0,0.0
251872,0,0,0.0
220860,0,1,1.0
315584,0,0,0.0
106645,0,0,0.0
146031,0,0,0.0
370937,0,0,0.0
326466,0,0,0.0
185573,0,1,1.0
400161,0,0,0.0
175535,0,1,1.0
299894,0,0,0.0
161644,0,0,0.0
409292,0,0,0.0
237945,0,0,0.0
382586,0,1,1.0
452803,0,0,0.0
200001,0,0,0.0
280033,0,0,0.0
362164,0,1,1.0
155112,0,0,0.0
385440,1,0,0.0
160382,0,0,0.0
444253,0,0,0.0
435338,0,0,0.0
371691,0,0,0.0
207081,0,0,0.0
121939,0,0,0.0
334400,0,0,0.0
166989,0,0,0.0
188697,0,0,0.0
288773,0,0,0.0
146960,0,0,0.0
166981,0,0,0.0
350015,0,0,0.0
417512,0,0,0.0
367703,0,0,0.0
372508,0,0,0.0
231073,0,0,0.0
264267,0,0,0.0
393861,1,0,0.0
437068,0,0,0.0
125411,0,0,0.0
142259,0,0,0.0
338706,0,0,0.0
183415,0,0,0.0
379725,0,0,0.0
281037,0,0,0.0
274581,0,0,0.0
313522,0,0,0.0
429569,0,0,0.0
348761,0,0,0.0
430717,0,0,0.0
127213,0,0,0.0
360414,0,0,0.0
159140,0,0,0.0
423315,0,0,0.0
143687,0,1,1.0
336152,0,0,0.0
304234,0,0,0.0
230863,0,0,0.0
420906,0,0,0.0
267431,0,0,0.0
412421,0,0,0.0
166029,0,0,0.0
227664,0,0,0.0
419623,0,1,1.0
211973,0,0,0.0
139266,0,0,0.0
138767,0,0,0.0
267156,0,0,0.0
424212,0,0,0.0
435237,0,0,0.0
337659,0,0,0.0
418703,0,0,0.0
412595,0,0,0.0
289785,0,0,0.0
217479,0,0,0.0
112121,0,0,0.0
198698,0,0,0.0
114907,0,0,0.0
141500,0,0,0.0
407948,0,0,0.0
126572,0,0,0.0
400423,0,0,0.0
265416,0,0,0.0
235077,0,0,0.0
189753,0,0,0.0
164965,0,0,0.0
445679,0,0,0.0
344570,0,0,0.0
384968,0,0,0.0
168538,0,0,0.0
227562,0,0,0.0
292860,0,0,0.0
367406,1,0,0.0
315972,0,0,0.0
117552,0,1,1.0
217890,0,0,0.0
450948,0,0,0.0
327130,0,0,0.0
171400,0,0,0.0
160905,0,0,0.0
355833,0,0,0.0
236267,0,1,1.0
134377,0,0,0.0
138920,0,0,0.0
415495,0,0,0.0
385553,0,0,0.0
120241,0,0,0.0
355281,0,0,0.0
361751,0,0,0.0
225932,1,1,1.0
123583,0,1,1.0
387810,0,0,0.0
129612,0,0,0.0
275723,0,0,0.0
403571,0,0,0.0
391181,0,0,0.0
278073,0,0,0.0
153518,0,1,1.0
201525,0,0,0.0
203136,0,0,0.0
264224,0,0,0.0
419264,1,0,0.0
345051,0,1,1.0
230397,0,0,0.0
413313,0,1,1.0
318614,0,0,0.0
418740,0,0,0.0
154740,0,0,0.0
234623,0,0,0.0
401284,0,1,1.0
174178,0,0,0.0
332676,0,0,0.0
125320,0,0,0.0
291088,0,0,0.0
302773,0,0,0.0
307396,0,0,0.0
224910,0,0,0.0
100237,0,0,0.0
359451,0,0,0.0
147164,0,0,0.0
287872,0,0,0.0
439001,0,0,0.0
221093,0,0,0.0
287424,0,0,0.0
435525,0,0,0.0
155335,0,0,0.0
413666,0,0,0.0
116094,0,0,0.0
236682,0,0,0.0
175831,0,0,0.0
448799,0,0,0.0
401381,0,0,0.0
176505,0,0,0.0
328812,0,0,0.0
206329,0,0,0.0
144066,0,0,0.0
301632,0,0,0.0
295264,0,0,0.0
109830,0,0,0.0
353027,0,0,0.0
402625,0,0,0.0
149879,0,0,0.0
312673,0,0,0.0
216641,0,0,0.0
275584,0,0,0.0
438946,0,0,0.0
409290,0,1,1.0
231788,0,1,1.0
358607,0,0,0.0
189783,0,0,0.0
172406,0,0,0.0
404565,0,0,0.0
259240,0,0,0.0
375087,0,0,0.0
393192,0,0,0.0
283857,0,0,0.0
316848,0,0,0.0
364612,0,0,0.0
330755,0,0,0.0
225071,0,0,0.0
231923,0,0,0.0
235042,0,0,0.0
420445,0,0,0.0
265795,0,0,0.0
320050,0,0,0.0
111916,0,0,0.0
398470,1,0,0.0
438238,0,0,0.0
348240,0,0,0.0
434464,0,0,0.0
313387,0,0,0.0
416166,0,0,0.0
165252,0,0,0.0
413675,0,0,0.0
346429,0,0,0.0
153574,0,0,0.0
449719,0,0,0.0
261944,0,0,0.0
386213,0,0,0.0
209733,0,0,0.0
158190,0,0,0.0
121446,0,0,0.0
296960,0,0,0.0
295106,1,0,0.0
283608,0,0,0.0
370965,0,0,0.0
275358,0,0,0.0
314242,0,0,0.0
218555,0,0,0.0
172601,0,0,0.0
302676,0,0,0.0
125291,0,0,0.0
275604,0,0,0.0
378922,1,0,0.0
148572,0,0,0.0
395849,0,0,0.0
346041,0,1,1.0
243346,0,0,0.0
356639,0,0,0.0
231590,1,0,0.0
153721,0,0,0.0
247167,0,0,0.0
420332,0,0,0.0
442021,0,0,0.0
150509,0,0,0.0
198039,0,0,0.0
436329,0,0,0.0
451755,0,0,0.0
395552,0,0,0.0
103969,0,0,0.0
182600,0,0,0.0
396358,0,0,0.0
206929,0,0,0.0
136016,0,0,0.0
380545,0,1,1.0
408750,0,0,0.0
321097,0,0,0.0
374641,0,0,0.0
320754,0,0,0.0
360724,0,0,0.0
379153,0,0,0.0
352843,0,0,0.0
170652,0,0,0.0
165463,0,0,0.0
413362,0,0,0.0
151234,0,0,0.0
280652,0,0,0.0
367125,0,0,0.0
436097,0,0,0.0
304727,1,0,0.0
391352,1,0,0.0
192336,0,0,0.0
305557,0,0,0.0
431408,0,0,0.0
438000,0,1,1.0
105455,1,0,0.0
300852,0,0,0.0
277580,0,0,0.0
157304,0,0,0.0
121600,0,0,0.0
114640,0,0,0.0
433982,0,0,0.0
268074,0,0,0.0
221869,0,0,0.0
395039,0,0,0.0
383291,0,0,0.0
176851,1,0,0.0
256492,0,0,0.0
278147,0,0,0.0
427778,0,0,0.0
104973,0,0,0.0
450753,0,0,0.0
408833,0,1,1.0
174936,0,0,0.0
251563,0,0,0.0
341407,0,0,0.0
435631,0,0,0.0
383714,0,0,0.0
401294,0,0,0.0
291972,1,0,0.0
261471,0,0,0.0
146507,1,0,0.0
231498,0,0,0.0
261237,0,1,1.0
296683,0,0,0.0
337697,0,0,0.0
196919,0,0,0.0
436069,0,0,0.0
143234,1,1,1.0
101176,0,0,0.0
342921,0,0,0.0
396161,0,0,0.0
282696,0,0,0.0
251356,0,0,0.0
139813,0,1,1.0
180737,1,0,0.0
450054,0,0,0.0
407583,0,0,0.0
142108,0,0,0.0
120456,0,0,0.0
114944,0,0,0.0
225214,0,0,0.0
256166,0,0,0.0
204730,0,0,0.0
416482,0,0,0.0
372700,0,0,0.0
238035,0,0,0.0
178747,0,0,0.0
331449,0,0,0.0
430440,0,0,0.0
367955,0,0,0.0
290024,0,0,0.0
420389,0,0,0.0
420974,0,0,0.0
373091,0,0,0.0
394586,0,0,0.0
185104,0,0,0.0
341620,0,0,0.0
385493,0,1,1.0
222901,0,0,0.0
438023,0,0,0.0
234139,0,0,0.0
123069,0,0,0.0
231654,0,0,0.0
298611,0,1,1.0
251192,0,0,0.0
166404,0,0,0.0
244911,1,0,0.0
303598,0,0,0.0
290059,0,0,0.0
430810,0,1,1.0
416040,0,0,0.0
194260,0,0,0.0
418928,1,1,1.0
122598,0,0,0.0
283977,0,0,0.0
117277,1,1,1.0
374761,0,0,0.0
204270,0,0,0.0
240456,1,0,0.0
129946,0,0,0.0
234610,0,0,0.0
375759,0,0,0.0
268520,0,0,0.0
400567,0,0,0.0
412327,0,0,0.0
323918,0,0,0.0
370718,0,1,1.0
400003,0,0,0.0
349637,0,0,0.0
438793,0,0,0.0
225998,0,0,0.0
223485,1,0,0.0
411691,0,1,1.0
310947,0,0,0.0
279023,0,0,0.0
181784,0,0,0.0
105280,0,0,0.0
233040,0,1,1.0
272156,0,0,0.0
124536,0,0,0.0
334410,0,0,0.0
297801,0,0,0.0
145800,0,1,1.0
452837,0,0,0.0
220840,0,0,0.0
112130,0,0,0.0
145289,0,0,0.0
109332,0,1,1.0
288570,0,0,0.0
225782,0,0,0.0
448206,0,0,0.0
104802,0,0,0.0
444712,0,0,0.0
352732,1,0,0.0
115787,0,0,0.0
376709,0,0,0.0
336728,1,0,0.0
369078,0,0,0.0
119090,0,0,0.0
327662,0,0,0.0
365942,0,0,0.0
449069,0,0,0.0
115946,0,0,0.0
444124,0,1,1.0
355004,0,0,0.0
228009,0,0,0.0
316136,0,0,0.0
245800,0,0,0.0
122667,0,0,0.0
383766,0,0,0.0
452212,1,0,0.0
105777,0,0,0.0
275338,0,0,0.0
401011,0,0,0.0
420969,0,0,0.0
212734,0,1,1.0
132217,0,0,0.0
274950,0,0,0.0
418016,0,0,0.0
206341,0,0,0.0
381041,0,0,0.0
142470,0,0,0.0
105684,0,0,0.0
114301,0,0,0.0
198145,0,0,0.0
356647,0,0,0.0
385776,0,0,0.0
232919,0,0,0.0
325626,0,1,1.0
214307,0,0,0.0
414932,1,0,0.0
440696,0,0,0.0
306415,0,0,0.0
173830,0,0,0.0
275869,0,0,0.0
243366,0,0,0.0
349012,0,0,0.0
278629,0,0,0.0
384836,0,0,0.0
359065,0,0,0.0
288857,0,0,0.0
314804,0,0,0.0
284636,0,0,0.0
312935,0,0,0.0
104874,0,0,0.0
312702,0,0,0.0
325103,0,0,0.0
168390,0,0,0.0
355776,0,0,0.0
245463,0,0,0.0
368349,0,0,0.0
172186,0,1,1.0
259430,0,0,0.0
444653,0,0,0.0
332055,0,0,0.0
393315,0,0,0.0
440355,0,0,0.0
133346,1,0,0.0
124370,0,0,0.0
381593,0,0,0.0
284196,0,0,0.0
296543,0,0,0.0
225629,0,0,0.0
443436,0,0,0.0
120801,1,1,1.0
449700,0,0,0.0
203307,0,0,0.0
118672,0,0,0.0
207700,0,0,0.0
141745,0,0,0.0
294242,0,0,0.0
322131,0,0,0.0
248730,0,0,0.0
303699,1,0,0.0
325232,1,0,0.0
176203,0,0,0.0
157996,0,0,0.0
315037,0,0,0.0
433787,0,0,0.0
356580,0,0,0.0
182617,0,0,0.0
348883,0,0,0.0
243556,0,0,0.0
167676,0,0,0.0
198850,0,1,1.0
154879,0,0,0.0
347887,0,0,0.0
273077,0,0,0.0
428002,0,0,0.0
268353,0,0,0.0
153116,0,0,0.0
253567,0,0,0.0
239634,0,0,0.0
250756,0,0,0.0
156343,0,0,0.0
102623,0,0,0.0
413229,0,0,0.0
437932,0,0,0.0
225838,0,0,0.0
379833,0,0,0.0
334782,0,0,0.0
423257,0,0,0.0
237456,0,0,0.0
167664,1,0,0.0
231277,0,0,0.0
116506,0,0,0.0
269630,0,0,0.0
289563,0,0,0.0
315508,0,1,1.0
400922,0,0,0.0
247659,0,0,0.0
104516,1,0,0.0
249752,0,0,0.0
150429,0,0,0.0
419385,0,0,0.0
221773,0,0,0.0
201325,1,0,0.0
321933,0,0,0.0
392183,0,0,0.0
272730,0,0,0.0
287365,0,0,0.0
179417,0,0,0.0
151867,0,1,1.0
367944,0,0,0.0
379916,0,0,0.0
285266,0,0,0.0
234439,1,0,0.0
134595,0,0,0.0
435746,0,1,1.0
198792,0,0,0.0
124300,0,0,0.0
296322,0,0,0.0
260557,0,0,0.0
177220,1,1,1.0
452483,0,0,0.0
132549,0,0,0.0
312570,0,0,0.0
251033,0,0,0.0
326579,0,0,0.0
405864,0,0,0.0
104821,0,0,0.0
102215,0,0,0.0
228801,0,0,0.0
367918,0,0,0.0
212142,0,1,1.0
232465,0,0,0.0
136704,0,1,1.0
356176,0,0,0.0
207061,0,0,0.0
435607,0,0,0.0
379031,0,0,0.0
254219,0,0,0.0
232832,0,0,0.0
411615,0,0,0.0
313470,0,0,0.0
343901,0,0,0.0
301286,0,0,0.0
355104,0,0,0.0
203556,0,0,0.0
454880,0,1,1.0
225633,0,0,0.0
208093,1,0,0.0
367218,1,0,0.0
262571,0,0,0.0
329037,0,0,0.0
279593,0,0,0.0
419197,1,0,0.0
264764,1,0,0.0
450194,0,0,0.0
167523,1,1,1.0
439383,0,0,0.0
181194,0,0,0.0
112669,0,0,0.0
142458,1,0,0.0
185886,0,0,0.0
151789,0,0,0.0
273366,0,0,0.0
252722,0,0,0.0
398289,1,0,0.0
380029,0,1,1.0
399376,1,0,0.0
230208,0,0,0.0
368923,0,0,0.0
358561,0,0,0.0
395566,0,0,0.0
278122,0,0,0.0
197989,0,0,0.0
370197,0,1,1.0
441277,0,0,0.0
105852,0,0,0.0
439439,0,1,1.0
255708,1,0,0.0
359706,0,0,0.0
204448,0,0,0.0
307664,0,0,0.0
406105,0,0,0.0
255727,1,0,0.0
246510,0,0,0.0
109566,0,0,0.0
388168,0,0,0.0
187699,1,0,0.0
254628,0,0,0.0
454969,0,0,0.0
203537,1,1,1.0
239470,0,1,1.0
421521,0,0,0.0
144685,0,0,0.0
176834,0,0,0.0
330393,0,1,1.0
261666,0,0,0.0
400947,1,0,0.0
448208,0,0,0.0
425729,0,1,1.0
213119,0,0,0.0
413011,1,0,0.0
317167,0,0,0.0
134780,0,0,0.0
141655,0,0,0.0
101729,0,0,0.0
437460,0,0,0.0
405916,0,0,0.0
401461,0,0,0.0
111413,0,1,1.0
391632,1,0,0.0
307999,0,0,0.0
243642,0,0,0.0
152559,0,0,0.0
440253,0,0,0.0
246518,0,0,0.0
403599,0,1,1.0
218816,0,0,0.0
296860,0,0,0.0
327106,0,0,0.0
306399,0,0,0.0
149949,0,0,0.0
123011,0,0,0.0
171151,0,0,0.0
245078,0,0,0.0
365904,0,0,0.0
159878,0,0,0.0
254054,0,0,0.0
278650,0,0,0.0
298957,0,1,1.0
309513,0,1,1.0
158624,0,0,0.0
317517,0,0,0.0
238252,0,0,0.0
171787,0,0,0.0
290649,0,0,0.0
354688,0,0,0.0
434912,0,1,1.0
179492,0,0,0.0
234444,0,0,0.0
208556,0,1,1.0
230750,0,0,0.0
344748,0,0,0.0
394912,0,0,0.0
214367,0,0,0.0
407508,0,0,0.0
346145,0,0,0.0
273580,0,0,0.0
451279,0,0,0.0
430495,0,0,0.0
288899,0,0,0.0
219661,0,0,0.0
140663,1,0,0.0
297287,1,0,0.0
282534,0,1,1.0
385506,0,0,0.0
124881,1,0,0.0
184927,0,0,0.0
270328,0,1,1.0
390175,0,0,0.0
444612,0,0,0.0
271387,0,0,0.0
389851,0,0,0.0
288697,0,0,0.0
192693,0,0,0.0
111375,0,0,0.0
430248,1,0,0.0
305361,0,0,0.0
151517,0,0,0.0
150113,0,0,0.0
294212,0,0,0.0
212887,0,0,0.0
342787,0,0,0.0
163486,0,0,0.0
211658,0,0,0.0
280258,0,0,0.0
278032,0,0,0.0
301168,0,0,0.0
421246,0,0,0.0
422825,0,0,0.0
439433,0,0,0.0
113607,0,0,0.0
444678,0,0,0.0
340282,0,0,0.0
418720,0,0,0.0
204755,0,0,0.0
187753,0,0,0.0
347889,0,0,0.0
237519,0,0,0.0
305169,0,0,0.0
253927,0,0,0.0
423546,0,0,0.0
321820,0,0,0.0
139031,0,0,0.0
432481,0,0,0.0
138167,0,0,0.0
426023,0,0,0.0
266182,0,0,0.0
328222,0,0,0.0
229666,0,0,0.0
336230,0,0,0.0
429337,0,0,0.0
234004,0,0,0.0
419540,0,1,1.0
114603,0,0,0.0
292064,0,0,0.0
280469,0,0,0.0
426707,0,0,0.0
271643,0,0,0.0
283598,0,0,0.0
108031,0,0,0.0
103929,0,0,0.0
373589,1,0,0.0
410084,0,0,0.0
177009,0,0,0.0
339502,0,0,0.0
183382,0,0,0.0
171792,0,0,0.0
431640,0,0,0.0
283141,0,0,0.0
362199,1,0,0.0
310504,0,0,0.0
230824,0,0,0.0
162506,0,0,0.0
279547,0,0,0.0
444777,0,0,0.0
392974,0,0,0.0
229310,0,0,0.0
294218,0,0,0.0
451752,0,0,0.0
114723,0,0,0.0
176649,0,0,0.0
204986,0,0,0.0
114836,0,0,0.0
172658,0,0,0.0
255917,0,0,0.0
240437,0,0,0.0
179801,0,0,0.0
261613,0,0,0.0
269875,0,0,0.0
317616,0,0,0.0
317873,0,0,0.0
298372,0,0,0.0
323332,0,0,0.0
268080,0,0,0.0
443015,0,0,0.0
274406,0,0,0.0
379888,0,0,0.0
140596,0,0,0.0
278619,0,0,0.0
399891,0,0,0.0
166953,0,0,0.0
240844,0,0,0.0
223922,0,0,0.0
273049,0,0,0.0
423501,0,0,0.0
184415,0,0,0.0
151981,0,0,0.0
352153,0,0,0.0
159097,0,0,0.0
394230,0,0,0.0
186993,0,0,0.0
126011,0,0,0.0
162647,0,0,0.0
194422,0,0,0.0
331749,0,0,0.0
298498,0,0,0.0
304590,0,0,0.0
430564,0,0,0.0
280572,0,0,0.0
376009,0,0,0.0
408099,0,0,0.0
154570,0,0,0.0
205888,0,0,0.0
104594,0,0,0.0
380796,0,0,0.0
176457,0,1,1.0
340943,0,0,0.0
344035,0,0,0.0
390694,0,0,0.0
107302,0,0,0.0
434049,0,0,0.0
267838,0,0,0.0
215763,0,0,0.0
179955,0,0,0.0
238562,0,0,0.0
218859,0,0,0.0
314803,0,0,0.0
241987,0,1,1.0
288411,0,0,0.0
240322,0,0,0.0
267097,0,0,0.0
128028,0,0,0.0
416154,0,0,0.0
223368,0,1,1.0
212358,0,0,0.0
322823,0,0,0.0
204497,0,1,1.0
225696,0,0,0.0
183020,0,0,0.0
411461,0,0,0.0
133921,0,0,0.0
148228,0,0,0.0
259997,0,0,0.0
121098,0,0,0.0
245189,0,0,0.0
189623,0,0,0.0
309290,0,0,0.0
325614,0,0,0.0
214341,0,0,0.0
174127,0,0,0.0
133890,0,0,0.0
368386,0,0,0.0
104405,0,0,0.0
316267,1,0,0.0
413464,0,0,0.0
199893,0,0,0.0
304347,0,0,0.0
440705,0,0,0.0
311616,0,1,1.0
237826,1,0,0.0
370747,0,0,0.0
142112,0,0,0.0
180138,0,0,0.0
428754,1,0,0.0
263776,0,0,0.0
435001,0,0,0.0
390876,0,0,0.0
450315,1,0,0.0
325402,1,0,0.0
312549,0,0,0.0
430240,0,0,0.0
124956,0,0,0.0
123208,0,0,0.0
362462,0,0,0.0
305195,0,0,0.0
159701,0,0,0.0
145570,0,0,0.0
199769,0,0,0.0
148080,0,0,0.0
211338,0,0,0.0
204915,0,0,0.0
126681,0,0,0.0
290224,0,0,0.0
414348,0,0,0.0
291105,0,0,0.0
387030,0,0,0.0
398897,0,1,1.0
219552,0,0,0.0
446766,0,0,0.0
124201,0,0,0.0
254664,0,0,0.0
278497,0,0,0.0
240325,0,0,0.0
239939,0,0,0.0
190457,0,0,0.0
246116,0,0,0.0
167845,0,0,0.0
430465,1,0,0.0
240779,0,0,0.0
357941,0,0,0.0
150122,0,1,1.0
211344,0,0,0.0
437146,0,1,1.0
398609,0,0,0.0
374201,0,0,0.0
201105,0,0,0.0
135364,0,0,0.0
297572,0,0,0.0
216722,0,0,0.0
231585,0,0,0.0
128878,0,0,0.0
316276,0,0,0.0
379423,0,0,0.0
359431,0,0,0.0
324433,0,0,0.0
407424,0,1,1.0
372744,0,0,0.0
273833,0,0,0.0
311543,0,0,0.0
129834,1,1,1.0
397477,0,0,0.0
276576,0,0,0.0
249480,0,0,0.0
119840,0,1,1.0
111819,0,0,0.0
354384,0,0,0.0
363713,0,0,0.0
410797,0,0,0.0
186076,1,0,0.0
384444,0,0,0.0
440501,0,0,0.0
212813,0,0,0.0
410640,1,1,1.0
339472,0,0,0.0
361948,0,0,0.0
281588,0,0,0.0
128135,0,0,0.0
409263,0,0,0.0
210212,0,0,0.0
276126,1,0,0.0
381585,0,0,0.0
341686,0,0,0.0
361209,0,0,0.0
232551,0,0,0.0
400831,0,0,0.0
377889,0,1,1.0
200918,0,0,0.0
132171,0,0,0.0
209452,0,0,0.0
374771,0,1,1.0
217515,1,0,0.0
163966,0,1,1.0
437249,0,0,0.0
183327,1,0,0.0
128512,0,0,0.0
308525,0,0,0.0
366399,0,1,1.0
154768,0,0,0.0
287658,0,0,0.0
395094,0,0,0.0
136714,0,0,0.0
120155,0,0,0.0
346047,0,0,0.0
441829,0,0,0.0
266911,0,0,0.0
236776,1,1,1.0
329481,0,0,0.0
106275,0,0,0.0
224266,0,0,0.0
147816,0,0,0.0
208248,0,0,0.0
186783,0,0,0.0
297320,0,0,0.0
399712,0,0,0.0
312588,0,0,0.0
207556,0,0,0.0
430675,0,0,0.0
310554,0,0,0.0
342409,0,0,0.0
166239,0,0,0.0
245762,0,0,0.0
391293,0,0,0.0
111596,1,0,0.0
191341,0,0,0.0
414556,0,0,0.0
334919,0,0,0.0
353980,0,0,0.0
330928,0,0,0.0
305205,0,0,0.0
342797,0,0,0.0
267900,0,1,1.0
378039,1,0,0.0
174093,0,0,0.0
359289,0,0,0.0
367196,0,0,0.0
120641,0,0,0.0
138175,0,0,0.0
206680,0,0,0.0
381803,0,0,0.0
108309,0,0,0.0
429253,0,0,0.0
339353,0,0,0.0
194077,1,1,1.0
122702,0,0,0.0
291749,0,0,0.0
159500,0,0,0.0
452041,0,0,0.0
343282,0,0,0.0
290933,0,1,1.0
170169,0,0,0.0
383075,0,0,0.0
189639,0,0,0.0
338888,0,1,1.0
355958,0,0,0.0
250005,0,0,0.0
112372,0,0,0.0
351324,0,0,0.0
421544,0,1,1.0
244490,0,0,0.0
177263,0,1,1.0
310748,0,0,0.0
368805,0,0,0.0
195353,0,0,0.0
119502,0,0,0.0
254632,0,0,0.0
409260,0,0,0.0
352671,0,0,0.0
415011,0,0,0.0
388730,0,0,0.0
126151,0,0,0.0
288632,0,0,0.0
329184,0,0,0.0
153831,0,0,0.0
135208,0,0,0.0
157598,0,0,0.0
129594,0,0,0.0
127772,0,0,0.0
156497,0,1,1.0
380950,0,1,1.0
433109,0,0,0.0
246866,0,0,0.0
200221,0,0,0.0
416286,0,0,0.0
230472,0,1,1.0
339106,1,0,0.0
152394,0,0,0.0
391547,0,0,0.0
387183,0,0,0.0
166485,0,0,0.0
109425,0,0,0.0
171387,0,0,0.0
390206,0,0,0.0
241061,0,0,0.0
106596,0,0,0.0
110027,0,0,0.0
384575,0,1,1.0
114438,0,0,0.0
119727,0,0,0.0
441396,0,0,0.0
140227,0,0,0.0
334968,0,0,0.0
304106,0,0,0.0
212416,0,0,0.0
421499,0,0,0.0
288250,0,0,0.0
274900,0,0,0.0
134327,1,0,0.0
384414,0,0,0.0
140468,0,0,0.0
428723,0,0,0.0
340643,0,0,0.0
288181,0,0,0.0
164964,0,0,0.0
266975,0,1,1.0
369555,0,0,0.0
407990,0,0,0.0
420206,0,0,0.0
110632,0,0,0.0
289246,0,0,0.0
300607,0,0,0.0
376850,0,0,0.0
210394,0,1,1.0
270677,0,1,1.0
213954,0,0,0.0
321701,1,0,0.0
405280,0,0,0.0
254070,0,0,0.0
333282,0,0,0.0
399574,0,0,0.0
209383,1,0,0.0
420829,0,0,0.0
311258,0,1,1.0
298967,1,1,1.0
326000,0,1,1.0
291439,0,1,1.0
401227,0,0,0.0
311140,0,1,1.0
212774,1,0,0.0
292491,0,1,1.0
120444,0,0,0.0
175445,0,0,0.0
339166,0,0,0.0
239407,0,0,0.0
183113,0,0,0.0
311665,0,1,1.0
310427,0,1,1.0
424481,0,0,0.0
374755,0,0,0.0
335827,1,1,1.0
231781,0,0,0.0
237620,0,0,0.0
304474,0,0,0.0
287051,0,0,0.0
410700,0,0,0.0
426811,0,0,0.0
188741,0,0,0.0
192464,0,0,0.0
444525,0,0,0.0
295983,0,0,0.0
159538,0,0,0.0
407400,0,0,0.0
357835,0,0,0.0
341827,0,0,0.0
300969,0,1,1.0
428837,0,0,0.0
382377,1,0,0.0
229101,0,0,0.0
160520,0,0,0.0
382842,1,1,1.0
119656,1,0,0.0
195829,0,0,0.0
236779,0,0,0.0
333610,0,0,0.0
248356,1,0,0.0
359607,1,0,0.0
396885,0,0,0.0
129687,1,0,0.0
348687,0,0,0.0
318709,0,0,0.0
213027,0,0,0.0
308439,0,0,0.0
124684,0,0,0.0
105638,0,1,1.0
170527,0,0,0.0
361299,0,0,0.0
254456,0,0,0.0
119471,0,0,0.0
130579,0,0,0.0
150146,0,0,0.0
293520,0,0,0.0
427874,0,0,0.0
139640,0,0,0.0
398568,0,0,0.0
313394,0,0,0.0
203568,0,0,0.0
158718,0,0,0.0
114727,0,0,0.0
111125,1,1,1.0
188823,0,0,0.0
438536,0,0,0.0
246008,1,0,0.0
199619,0,1,1.0
148214,0,0,0.0
154329,1,0,0.0
452938,0,0,0.0
107150,0,1,1.0
418224,0,0,0.0
372748,0,0,0.0
406636,0,0,0.0
397080,0,0,0.0
395207,0,0,0.0
220197,0,0,0.0
382645,0,0,0.0
198203,0,0,0.0
323663,0,0,0.0
197466,0,0,0.0
334429,0,0,0.0
175721,0,0,0.0
286980,0,0,0.0
239418,0,0,0.0
403324,0,0,0.0
193701,0,1,1.0
337473,0,0,0.0
354109,0,0,0.0
382218,0,0,0.0
407040,0,0,0.0
442396,0,0,0.0
143621,0,0,0.0
311979,0,0,0.0
172130,0,0,0.0
166862,0,0,0.0
340771,0,0,0.0
376454,0,0,0.0
183189,1,0,0.0
126174,0,0,0.0
336132,0,1,1.0
204303,0,0,0.0
385471,0,0,0.0
185865,0,0,0.0
212819,0,0,0.0
210838,1,0,0.0
177438,1,0,0.0
414698,0,0,0.0
367305,0,0,0.0
142419,0,0,0.0
125609,0,0,0.0
113461,1,0,0.0
114428,0,0,0.0
219813,0,0,0.0
327742,0,0,0.0
147004,0,0,0.0
281339,0,0,0.0
122524,0,0,0.0
355451,0,0,0.0
328592,0,0,0.0
141976,1,0,0.0
330452,0,0,0.0
330804,0,0,0.0
145244,0,0,0.0
203501,0,0,0.0
359735,0,0,0.0
369325,0,0,0.0
331070,1,0,0.0
386743,0,0,0.0
146209,0,0,0.0
193690,0,0,0.0
256517,0,0,0.0
444298,0,0,0.0
313090,0,0,0.0
416947,0,0,0.0
122641,0,0,0.0
436416,0,0,0.0
192530,0,0,0.0
165134,0,0,0.0
222759,0,1,1.0
218992,0,0,0.0
210680,0,0,0.0
338695,0,1,1.0
113898,0,1,1.0
221492,0,0,0.0
367503,1,0,0.0
403108,1,0,0.0
405307,1,0,0.0
229438,0,1,1.0
178175,0,0,0.0
163484,0,0,0.0
120391,0,0,0.0
339136,1,0,0.0
226608,0,0,0.0
193344,0,0,0.0
398894,0,0,0.0
102425,0,0,0.0
130634,0,0,0.0
291370,0,0,0.0
215607,0,0,0.0
152240,0,0,0.0
422761,0,0,0.0
279075,0,1,1.0
422475,0,0,0.0
248816,0,0,0.0
265367,0,0,0.0
179572,0,0,0.0
298547,0,0,0.0
341804,0,0,0.0
102624,1,0,0.0
324330,0,0,0.0
436653,0,0,0.0
373382,0,0,0.0
220607,0,0,0.0
254278,0,0,0.0
258833,0,0,0.0
119124,0,0,0.0
259071,0,0,0.0
143524,0,0,0.0
147730,0,0,0.0
157875,0,0,0.0
109634,0,1,1.0
161547,0,0,0.0
102815,0,0,0.0
203060,0,1,1.0
147714,0,0,0.0
369376,0,0,0.0
134249,0,0,0.0
313108,0,0,0.0
220869,0,0,0.0
129550,0,0,0.0
279677,0,0,0.0
163771,0,0,0.0
122759,0,0,0.0
340665,0,0,0.0
257123,0,0,0.0
382965,0,0,0.0
247015,1,0,0.0
355810,1,1,1.0
165095,0,0,0.0
337785,0,0,0.0
429610,0,0,0.0
363721,0,0,0.0
400304,0,0,0.0
333903,0,1,1.0
246402,0,1,1.0
149207,0,0,0.0
454826,0,0,0.0
170315,0,0,0.0
153506,1,1,1.0
296998,0,0,0.0
143662,0,0,0.0
442863,0,0,0.0
439724,0,0,0.0
336551,0,0,0.0
398020,0,1,1.0
261359,0,0,0.0
161653,0,0,0.0
226859,0,0,0.0
180571,0,0,0.0
176075,0,0,0.0
103500,1,0,0.0
247994,0,0,0.0
183985,0,0,0.0
256794,0,0,0.0
312153,0,0,0.0
231508,0,0,0.0
154677,0,0,0.0
208581,0,0,0.0
454648,0,1,1.0
366537,0,0,0.0
324034,0,0,0.0
371218,0,0,0.0
317851,0,0,0.0
188048,0,0,0.0
212374,0,0,0.0
172080,0,0,0.0
349657,0,0,0.0
120937,0,0,0.0
429587,0,0,0.0
400793,1,0,0.0
251679,0,0,0.0
263431,0,0,0.0
300014,1,0,0.0
202028,0,0,0.0
292146,0,0,0.0
176111,0,1,1.0
332122,0,1,1.0
303332,0,0,0.0
397101,0,0,0.0
108461,0,0,0.0
320881,0,0,0.0
326161,0,0,0.0
185275,0,0,0.0
358212,0,0,0.0
234028,0,0,0.0
230487,0,0,0.0
239492,0,0,0.0
228457,0,0,0.0
255639,0,0,0.0
348588,0,0,0.0
294076,0,0,0.0
235989,0,0,0.0
113358,0,0,0.0
439789,0,0,0.0
424055,0,0,0.0
122863,0,0,0.0
138579,0,0,0.0
411549,0,0,0.0
454340,0,0,0.0
106722,0,0,0.0
208508,0,0,0.0
202523,0,0,0.0
303834,0,1,1.0
443817,0,0,0.0
412434,0,0,0.0
400163,0,0,0.0
354041,0,0,0.0
277157,0,0,0.0
158586,0,1,1.0
114129,0,0,0.0
314643,0,0,0.0
197896,0,0,0.0
322154,0,0,0.0
269963,0,0,0.0
423269,1,0,0.0
137803,0,0,0.0
444498,0,0,0.0
171810,0,0,0.0
131929,0,0,0.0
357731,0,1,1.0
214224,0,0,0.0
100701,0,0,0.0
192293,0,0,0.0
122852,0,0,0.0
189027,0,1,1.0
294306,0,0,0.0
173572,0,0,0.0
346709,0,1,1.0
345599,0,1,1.0
338214,0,0,0.0
126131,0,0,0.0
156926,0,1,1.0
126863,0,1,1.0
206489,1,0,0.0
262610,0,1,1.0
387740,0,0,0.0
319708,0,0,0.0
182198,0,0,0.0
268836,0,0,0.0
278231,0,0,0.0
271273,0,0,0.0
345303,0,0,0.0
247684,0,0,0.0
313418,0,0,0.0
428421,0,1,1.0
238937,0,0,0.0
312362,0,0,0.0
327416,0,0,0.0
251555,0,0,0.0
438114,0,0,0.0
410536,0,0,0.0
196755,0,0,0.0
209403,0,0,0.0
294564,1,1,1.0
455040,0,1,1.0
199427,0,0,0.0
333543,0,0,0.0
406780,0,0,0.0
296016,0,0,0.0
391881,0,0,0.0
450495,0,0,0.0
384980,0,0,0.0
325393,0,1,1.0
176274,1,1,1.0
192143,0,0,0.0
237928,0,1,1.0
204420,0,0,0.0
112644,0,0,0.0
301009,0,0,0.0
243833,0,0,0.0
275065,0,0,0.0
123535,0,0,0.0
325462,0,0,0.0
454448,0,0,0.0
231190,0,0,0.0
243668,0,0,0.0
432477,0,0,0.0
421253,0,0,0.0
427638,0,0,0.0
132438,0,0,0.0
340050,0,0,0.0
448264,0,0,0.0
450858,0,0,0.0
341321,0,0,0.0
243904,0,0,0.0
387046,0,0,0.0
414905,0,0,0.0
119018,0,0,0.0
266570,0,0,0.0
155010,0,0,0.0
304573,1,0,0.0
106516,0,0,0.0
429149,0,0,0.0
203691,0,1,1.0
394546,1,0,0.0
232226,0,0,0.0
312593,0,0,0.0
144369,0,0,0.0
343083,0,0,0.0
238371,0,0,0.0
407730,0,0,0.0
136907,0,0,0.0
208165,0,0,0.0
442510,1,0,0.0
250460,0,0,0.0
265055,0,0,0.0
230222,0,0,0.0
137783,0,0,0.0
225464,0,0,0.0
390085,0,0,0.0
384571,0,0,0.0
113076,0,0,0.0
442354,0,0,0.0
399247,0,0,0.0
368542,0,0,0.0
290387,0,0,0.0
204454,0,0,0.0
150109,0,0,0.0
377667,0,0,0.0
224273,1,0,0.0
440412,0,0,0.0
197570,0,0,0.0
333831,0,0,0.0
226379,0,0,0.0
414343,0,0,0.0
383260,0,0,0.0
335697,0,0,0.0
358948,0,0,0.0
450974,0,0,0.0
308998,0,0,0.0
400277,0,0,0.0
117875,0,0,0.0
279367,0,0,0.0
101996,0,0,0.0
284918,0,0,0.0
260866,0,0,0.0
213937,0,0,0.0
202555,0,0,0.0
395750,0,0,0.0
378409,0,0,0.0
209424,0,0,0.0
369036,0,0,0.0
146846,0,0,0.0
129127,0,1,1.0
228131,0,0,0.0
178324,0,0,0.0
132821,1,0,0.0
349810,1,0,0.0
264602,0,0,0.0
438301,0,1,1.0
245259,0,0,0.0
107225,0,0,0.0
281106,0,0,0.0
293494,0,0,0.0
238704,0,0,0.0
118415,0,0,0.0
428760,0,0,0.0
227082,0,0,0.0
113774,0,0,0.0
156014,1,0,0.0
272617,0,0,0.0
275595,0,0,0.0
426506,0,0,0.0
301468,0,0,0.0
331734,0,0,0.0
107869,0,0,0.0
328464,0,0,0.0
120597,0,0,0.0
103485,0,0,0.0
330151,0,0,0.0
304892,0,0,0.0
145398,0,1,1.0
198764,0,0,0.0
335530,1,0,0.0
238121,1,0,0.0
429738,0,0,0.0
287444,0,0,0.0
186220,0,0,0.0
184971,0,0,0.0
328911,0,1,1.0
190778,0,0,0.0
341417,0,0,0.0
318241,0,0,0.0
353223,0,0,0.0
188357,0,0,0.0
233762,0,0,0.0
453148,0,0,0.0
180939,0,0,0.0
237656,0,0,0.0
403265,0,0,0.0
169527,0,0,0.0
332460,0,0,0.0
222731,0,0,0.0
339141,0,0,0.0
159863,0,0,0.0
204790,0,0,0.0
434576,0,0,0.0
333227,0,0,0.0
123184,0,0,0.0
333170,0,0,0.0
211233,0,0,0.0
174512,0,0,0.0
355861,0,0,0.0
145085,0,0,0.0
431563,0,0,0.0
356527,0,1,1.0
122814,0,0,0.0
150378,0,0,0.0
387400,0,0,0.0
297540,0,1,1.0
446424,0,0,0.0
274235,1,0,0.0
106077,0,0,0.0
410085,0,0,0.0
273064,1,0,0.0
408867,1,0,0.0
210552,0,0,0.0
197791,0,0,0.0
183640,0,0,0.0
315151,0,0,0.0
245019,0,1,1.0
310603,0,0,0.0
249337,0,0,0.0
296347,0,0,0.0
378191,0,1,1.0
240640,0,0,0.0
234426,0,0,0.0
238434,0,0,0.0
292467,0,0,0.0
424764,0,0,0.0
185468,0,1,1.0
134840,0,0,0.0
326659,0,0,0.0
139168,1,0,0.0
162855,0,0,0.0
290677,0,0,0.0
134222,0,0,0.0
272843,0,0,0.0
427886,0,1,1.0
249891,0,0,0.0
370103,0,0,0.0
212213,0,0,0.0
227612,0,0,0.0
315743,0,0,0.0
208066,0,0,0.0
276392,0,0,0.0
192017,0,0,0.0
278224,0,0,0.0
250059,0,0,0.0
168351,0,0,0.0
274917,0,0,0.0
346303,0,0,0.0
324085,0,0,0.0
384893,0,1,1.0
322702,0,0,0.0
272232,0,0,0.0
420799,0,0,0.0
137660,1,0,0.0
268585,0,0,0.0
191006,0,0,0.0
272099,0,0,0.0
357861,0,0,0.0
144820,0,0,0.0
252020,0,0,0.0
197137,0,0,0.0
399934,1,1,1.0
230354,0,0,0.0
219832,0,0,0.0
383127,0,0,0.0
359965,0,0,0.0
158229,0,1,1.0
423732,0,0,0.0
118644,0,0,0.0
344477,0,0,0.0
423225,0,0,0.0
437840,0,0,0.0
347584,0,1,1.0
422345,0,0,0.0
262432,0,0,0.0
446829,0,0,0.0
231334,0,0,0.0
140209,0,0,0.0
429888,0,0,0.0
196900,0,0,0.0
251766,0,0,0.0
399015,0,0,0.0
289474,0,1,1.0
265865,1,0,0.0
210049,0,0,0.0
397910,0,0,0.0
300120,0,1,1.0
327459,1,0,0.0
251925,1,0,0.0
247636,0,0,0.0
210609,0,0,0.0
212863,0,0,0.0
150469,0,0,0.0
379170,0,0,0.0
224935,0,0,0.0
315973,0,0,0.0
120892,0,1,1.0
181756,0,0,0.0
201169,0,0,0.0
203247,0,0,0.0
353539,0,0,0.0
208587,0,0,0.0
266252,0,1,1.0
195122,0,0,0.0
329023,1,0,0.0
110460,0,0,0.0
319244,0,0,0.0
171475,0,0,0.0
232603,0,0,0.0
210293,1,0,0.0
181354,0,1,1.0
344342,0,0,0.0
418573,0,0,0.0
311396,0,0,0.0
316264,0,0,0.0
172823,0,0,0.0
196291,0,0,0.0
443275,0,0,0.0
412928,0,0,0.0
131071,0,0,0.0
262597,0,1,1.0
262612,0,0,0.0
124578,0,0,0.0
325522,0,0,0.0
351260,0,0,0.0
253324,0,0,0.0
297054,0,1,1.0
281832,0,0,0.0
344208,0,0,0.0
119450,0,1,1.0
104442,1,0,0.0
177624,0,0,0.0
293629,0,0,0.0
275146,0,0,0.0
318684,0,0,0.0
347028,0,0,0.0
107637,0,0,0.0
446328,0,0,0.0
399649,0,0,0.0
162887,0,0,0.0
328639,0,0,0.0
351504,0,0,0.0
196135,0,0,0.0
100481,0,0,0.0
149000,0,0,0.0
334139,0,0,0.0
280210,0,0,0.0
175459,0,0,0.0
324753,0,0,0.0
231487,0,0,0.0
340033,0,0,0.0
261225,0,0,0.0
447837,0,0,0.0
434984,0,0,0.0
315591,0,0,0.0
454132,0,0,0.0
316550,0,0,0.0
110777,0,0,0.0
437986,0,1,1.0
434773,0,0,0.0
432162,0,0,0.0
319245,0,0,0.0
232947,0,0,0.0
413473,0,0,0.0
348107,0,0,0.0
230573,1,0,0.0
315691,0,0,0.0
105278,0,0,0.0
132397,0,0,0.0
447208,0,0,0.0
347122,0,0,0.0
332798,0,0,0.0
308234,0,0,0.0
347601,0,0,0.0
266383,0,0,0.0
291248,0,0,0.0
429748,0,0,0.0
455183,0,0,0.0
397730,0,0,0.0
186468,0,0,0.0
305379,0,0,0.0
336292,0,1,1.0
229918,0,0,0.0
277551,0,0,0.0
194989,0,0,0.0
190115,0,0,0.0
355652,1,0,0.0
284750,0,0,0.0
385503,0,0,0.0
121981,0,1,1.0
386919,0,1,1.0
247154,0,0,0.0
378687,0,0,0.0
205598,0,0,0.0
232138,0,0,0.0
246777,0,0,0.0
320615,0,0,0.0
107174,0,0,0.0
335324,0,0,0.0
192746,0,0,0.0
421609,0,0,0.0
301436,0,0,0.0
240824,0,0,0.0
110082,1,0,0.0
278578,0,0,0.0
154876,0,0,0.0
365321,0,0,0.0
348061,0,0,0.0
173321,0,0,0.0
411231,0,0,0.0
404284,0,0,0.0
102482,0,0,0.0
252422,0,0,0.0
214610,0,0,0.0
238147,0,0,0.0
258518,0,0,0.0
346220,0,0,0.0
293106,0,1,1.0
272070,0,0,0.0
365920,0,0,0.0
357616,0,0,0.0
241416,0,0,0.0
293066,0,0,0.0
195005,0,0,0.0
241941,0,0,0.0
132923,0,0,0.0
190321,0,0,0.0
252976,0,0,0.0
371670,0,0,0.0
280335,0,0,0.0
155934,1,0,0.0
254298,0,0,0.0
200429,0,0,0.0
410098,0,0,0.0
257447,0,0,0.0
224173,0,0,0.0
248306,0,0,0.0
251017,0,0,0.0
433993,0,0,0.0
233243,1,1,1.0
114395,0,0,0.0
400696,0,0,0.0
456091,0,0,0.0
145995,0,0,0.0
266838,1,0,0.0
441211,0,0,0.0
355183,0,1,1.0
217899,0,0,0.0
131256,0,0,0.0
207367,0,0,0.0
293092,0,1,1.0
362278,0,0,0.0
177872,0,0,0.0
374802,0,1,1.0
224327,1,0,0.0
399682,0,0,0.0
263710,0,0,0.0
400020,0,0,0.0
448251,1,0,0.0
405708,0,0,0.0
448717,0,0,0.0
126026,0,1,1.0
456054,0,0,0.0
328955,0,0,0.0
288049,0,1,1.0
167683,0,0,0.0
162263,0,0,0.0
322900,0,0,0.0
145734,0,0,0.0
376426,0,0,0.0
418362,0,0,0.0
159663,0,0,0.0
227677,0,0,0.0
449529,0,0,0.0
201892,0,0,0.0
443442,1,0,0.0
202980,0,1,1.0
412797,0,0,0.0
280233,0,1,1.0
277988,0,0,0.0
225403,0,0,0.0
245722,0,0,0.0
211111,0,0,0.0
246437,0,0,0.0
105702,1,0,0.0
315952,0,0,0.0
192344,0,0,0.0
209886,0,0,0.0
109277,0,0,0.0
322359,0,0,0.0
318497,0,1,1.0
309754,0,0,0.0
261270,0,0,0.0
161472,0,0,0.0
233154,0,0,0.0
414473,0,0,0.0
301705,1,0,0.0
292458,0,0,0.0
241527,0,0,0.0
402183,0,1,1.0
372401,0,0,0.0
331497,0,0,0.0
318249,0,0,0.0
349638,0,0,0.0
371081,0,1,1.0
423776,1,0,0.0
407166,0,0,0.0
388959,0,0,0.0
219911,0,0,0.0
393069,0,0,0.0
249823,0,0,0.0
425625,0,0,0.0
175370,0,0,0.0
377188,0,0,0.0
220644,1,1,1.0
213839,0,0,0.0
247486,0,0,0.0
217044,0,0,0.0
283567,0,1,1.0
164471,0,0,0.0
263380,0,0,0.0
197047,1,0,0.0
216054,0,0,0.0
402342,0,0,0.0
421291,0,0,0.0
167715,0,0,0.0
314320,0,0,0.0
402669,0,0,0.0
417844,0,0,0.0
116607,0,0,0.0
236977,0,0,0.0
226017,1,0,0.0
370166,0,0,0.0
102304,0,0,0.0
151483,0,0,0.0
342352,0,1,1.0
239268,0,0,0.0
383403,0,0,0.0
385022,0,1,1.0
262005,0,0,0.0
450507,0,0,0.0
280522,0,0,0.0
302279,0,1,1.0
238012,0,1,1.0
286625,0,0,0.0
120710,0,0,0.0
303685,0,0,0.0
203566,0,0,0.0
282237,0,0,0.0
207768,0,0,0.0
215279,0,0,0.0
175879,0,0,0.0
367063,0,0,0.0
291784,0,0,0.0
242079,0,0,0.0
452777,0,1,1.0
244131,0,0,0.0
308384,0,0,0.0
433856,0,0,0.0
325028,0,1,1.0
445117,0,0,0.0
209282,0,0,0.0
341738,0,0,0.0
204058,0,0,0.0
386871,0,0,0.0
140466,0,0,0.0
353251,1,0,0.0
323058,1,0,0.0
104676,1,0,0.0
223763,0,0,0.0
436607,0,0,0.0
100943,0,0,0.0
197881,0,0,0.0
223786,0,0,0.0
145109,0,0,0.0
402175,0,0,0.0
350280,1,0,0.0
132586,0,0,0.0
385957,0,0,0.0
336301,0,0,0.0
153117,0,0,0.0
386678,0,0,0.0
361064,0,0,0.0
185029,0,0,0.0
182199,0,1,1.0
262199,1,0,0.0
318179,0,0,0.0
217102,0,1,1.0
380450,0,0,0.0
253989,0,0,0.0
168883,0,0,0.0
398955,0,0,0.0
274046,0,0,0.0
423130,0,0,0.0
418894,0,0,0.0
220809,0,0,0.0
304550,0,0,0.0
396679,0,0,0.0
121974,0,1,1.0
416723,0,0,0.0
387643,0,0,0.0
236501,0,0,0.0
452654,0,0,0.0
148411,0,0,0.0
311708,0,0,0.0
318565,0,0,0.0
277215,0,0,0.0
244860,0,0,0.0
396458,0,0,0.0
314765,0,0,0.0
161450,0,0,0.0
366170,0,0,0.0
225396,0,0,0.0
372842,0,0,0.0
456048,0,0,0.0
132336,0,0,0.0
224572,0,0,0.0
217115,0,0,0.0
137445,0,0,0.0
236882,1,0,0.0
134053,0,0,0.0
319928,0,0,0.0
293139,0,0,0.0
177360,0,0,0.0
358056,0,0,0.0
359425,1,1,1.0
450126,1,0,0.0
211932,0,0,0.0
453323,0,0,0.0
240347,0,0,0.0
230046,0,0,0.0
186670,0,0,0.0
129030,0,0,0.0
367968,0,0,0.0
169634,1,0,0.0
384330,0,0,0.0
184084,0,0,0.0
201238,0,0,0.0
110972,0,0,0.0
160439,1,0,0.0
385982,0,0,0.0
141919,0,1,1.0
401494,0,0,0.0
129514,0,0,0.0
167233,0,0,0.0
236949,0,0,0.0
412338,0,0,0.0
201001,0,0,0.0
192622,0,0,0.0
288711,0,0,0.0
239124,0,0,0.0
346759,0,0,0.0
431802,0,0,0.0
109231,0,0,0.0
101283,0,0,0.0
298637,1,1,1.0
452206,0,0,0.0
162403,0,0,0.0
417866,0,0,0.0
180958,0,1,1.0
327607,0,0,0.0
395541,0,0,0.0
185385,0,0,0.0
446044,0,0,0.0
306653,0,0,0.0
370196,0,1,1.0
397542,0,1,1.0
125273,1,1,1.0
273583,0,0,0.0
274015,0,0,0.0
371581,0,0,0.0
424469,0,0,0.0
297080,0,0,0.0
182046,0,0,0.0
192869,0,0,0.0
198472,0,1,1.0
440152,0,0,0.0
381352,0,0,0.0
150404,0,0,0.0
203718,0,0,0.0
164419,0,0,0.0
383600,0,0,0.0
170074,0,0,0.0
267230,0,0,0.0
321360,0,0,0.0
246019,0,0,0.0
400538,0,0,0.0
439831,0,0,0.0
169216,0,0,0.0
287464,1,0,0.0
326581,0,0,0.0
421671,0,0,0.0
333019,0,0,0.0
286467,0,0,0.0
408005,0,0,0.0
195292,0,0,0.0
373384,0,0,0.0
158775,0,0,0.0
387876,1,0,0.0
398827,0,1,1.0
276398,0,1,1.0
219576,0,0,0.0
312510,0,0,0.0
340571,0,0,0.0
279931,0,0,0.0
157784,0,0,0.0
376361,0,0,0.0
361040,0,0,0.0
299318,0,0,0.0
167561,0,0,0.0
379445,0,0,0.0
288651,0,0,0.0
219032,1,0,0.0
133715,0,1,1.0
258067,0,0,0.0
104397,0,0,0.0
440831,0,0,0.0
266342,0,0,0.0
324965,0,0,0.0
259127,0,0,0.0
332095,0,0,0.0
434851,0,0,0.0
158013,0,0,0.0
261665,0,0,0.0
406110,1,0,0.0
288443,0,0,0.0
368869,0,0,0.0
355078,0,0,0.0
374551,0,0,0.0
420812,0,0,0.0
448592,1,0,0.0
162057,0,0,0.0
293336,0,0,0.0
108975,0,0,0.0
203813,0,0,0.0
443166,0,0,0.0
200477,0,0,0.0
422795,0,0,0.0
131375,0,0,0.0
279599,0,0,0.0
440690,1,0,0.0
291502,0,0,0.0
339374,0,0,0.0
422373,0,0,0.0
245673,0,0,0.0
255529,0,0,0.0
295401,0,0,0.0
451492,0,0,0.0
424626,0,0,0.0
304563,0,0,0.0
103788,0,0,0.0
412679,0,0,0.0
151779,0,0,0.0
411714,0,0,0.0
272740,0,0,0.0
356318,0,0,0.0
357994,0,0,0.0
404123,1,1,1.0
274842,0,0,0.0
193374,0,0,0.0
186832,0,0,0.0
111575,0,0,0.0
279877,0,0,0.0
195988,0,0,0.0
103042,0,0,0.0
157773,0,0,0.0
287867,0,0,0.0
286722,0,0,0.0
141149,0,0,0.0
115520,0,0,0.0
272816,0,0,0.0
132833,0,0,0.0
197743,0,0,0.0
390650,0,0,0.0
211590,0,0,0.0
361325,0,0,0.0
102379,0,1,1.0
189336,0,0,0.0
323372,0,0,0.0
243180,0,0,0.0
154372,0,0,0.0
388701,0,0,0.0
197861,0,0,0.0
408094,0,0,0.0
388424,1,0,0.0
422133,0,0,0.0
377102,0,0,0.0
395820,0,0,0.0
439364,0,0,0.0
400914,0,0,0.0
178397,0,0,0.0
251724,0,0,0.0
256190,0,0,0.0
271458,0,0,0.0
434682,0,0,0.0
356487,0,0,0.0
273129,0,0,0.0
372773,0,0,0.0
172875,0,0,0.0
342888,0,0,0.0
388595,0,0,0.0
308153,0,0,0.0
418105,0,0,0.0
288255,0,0,0.0
398584,0,0,0.0
112732,0,1,1.0
245915,0,0,0.0
153302,0,0,0.0
337836,0,0,0.0
318484,0,0,0.0
433121,0,0,0.0
382839,0,0,0.0
246225,1,0,0.0
417764,1,0,0.0
224661,0,0,0.0
264185,0,0,0.0
170351,1,1,1.0
295699,0,1,1.0
227776,0,0,0.0
182025,0,0,0.0
258349,0,0,0.0
454846,0,0,0.0
430250,0,0,0.0
101948,0,0,0.0
420022,0,0,0.0
275366,0,0,0.0
237916,0,0,0.0
210119,0,0,0.0
284436,0,0,0.0
129786,0,0,0.0
422599,0,0,0.0
376185,0,0,0.0
295038,0,0,0.0
160730,0,0,0.0
100472,1,0,0.0
317597,0,1,1.0
103540,0,0,0.0
217260,0,0,0.0
331337,0,0,0.0
395798,0,0,0.0
385028,0,0,0.0
169303,0,0,0.0
286450,0,0,0.0
320455,0,0,0.0
438543,0,0,0.0
222963,0,0,0.0
429653,0,0,0.0
224162,0,0,0.0
403012,0,0,0.0
434462,0,0,0.0
387898,0,0,0.0
442317,0,0,0.0
141894,0,0,0.0
149136,0,0,0.0
297513,0,0,0.0
110871,0,0,0.0
439764,0,0,0.0
311478,0,0,0.0
120219,0,0,0.0
323905,0,0,0.0
341323,1,0,0.0
352343,0,0,0.0
255120,0,0,0.0
311280,0,0,0.0
406659,1,0,0.0
144825,0,0,0.0
122758,0,0,0.0
418366,0,1,1.0
170063,0,1,1.0
431490,1,0,0.0
293122,0,0,0.0
413487,0,0,0.0
221012,0,1,1.0
136741,0,0,0.0
292026,0,0,0.0
393013,1,1,1.0
387975,0,0,0.0
108946,0,0,0.0
242362,0,0,0.0
285938,0,0,0.0
119612,0,0,0.0
300200,0,0,0.0
107489,0,0,0.0
127382,0,0,0.0
192488,0,1,1.0
204629,0,0,0.0
396791,0,0,0.0
347001,0,0,0.0
431565,1,1,1.0
339183,0,0,0.0
221017,0,0,0.0
204571,0,0,0.0
431250,0,0,0.0
398546,0,0,0.0
358041,0,0,0.0
149500,0,1,1.0
123660,0,0,0.0
443075,0,0,0.0
198842,0,0,0.0
129806,0,0,0.0
290772,0,0,0.0
337232,0,0,0.0
288956,0,0,0.0
297547,0,0,0.0
183211,0,0,0.0
369436,0,0,0.0
130413,0,0,0.0
327791,0,1,1.0
284005,0,0,0.0
305353,0,0,0.0
269753,0,0,0.0
412960,0,0,0.0
214440,0,1,1.0
255866,0,0,0.0
227792,1,0,0.0
132120,0,0,0.0
242910,0,0,0.0
110231,0,0,0.0
327994,0,0,0.0
406504,1,0,0.0
103521,0,1,1.0
400704,0,0,0.0
245655,0,0,0.0
399530,0,0,0.0
225541,0,0,0.0
176476,0,0,0.0
455981,0,0,0.0
385798,0,0,0.0
162995,0,0,0.0
240265,0,1,1.0
309003,0,0,0.0
199993,0,0,0.0
314647,0,0,0.0
168050,0,0,0.0
376142,0,0,0.0
213773,0,0,0.0
156415,0,0,0.0
446993,0,0,0.0
269528,0,0,0.0
326943,0,0,0.0
308978,0,0,0.0
241168,0,0,0.0
113075,0,0,0.0
214909,0,0,0.0
298539,0,0,0.0
387586,0,0,0.0
107051,0,0,0.0
116960,0,0,0.0
112546,0,0,0.0
211576,1,0,0.0
245101,0,0,0.0
107630,0,0,0.0
316540,0,0,0.0
331932,0,0,0.0
121295,0,0,0.0
183563,0,0,0.0
360132,0,1,1.0
343151,0,0,0.0
336236,0,0,0.0
379845,0,0,0.0
415595,0,0,0.0
293877,0,0,0.0
334089,0,0,0.0
311546,0,0,0.0
113234,0,0,0.0
293423,0,0,0.0
202997,0,0,0.0
161541,0,0,0.0
168837,0,0,0.0
453889,0,0,0.0
452835,0,0,0.0
381885,0,0,0.0
312904,0,0,0.0
212450,0,0,0.0
165278,0,0,0.0
412476,0,0,0.0
101065,0,0,0.0
123885,0,0,0.0
284852,0,0,0.0
202754,0,0,0.0
431890,0,0,0.0
251859,0,0,0.0
143023,1,0,0.0
167420,0,0,0.0
124449,0,0,0.0
181452,1,0,0.0
225784,0,0,0.0
148521,0,0,0.0
392057,0,0,0.0
415416,0,0,0.0
227711,0,0,0.0
361279,0,0,0.0
267151,0,0,0.0
321070,0,0,0.0
244154,0,0,0.0
281713,0,0,0.0
251582,0,0,0.0
413319,0,0,0.0
140646,0,0,0.0
200975,0,0,0.0
142638,0,0,0.0
339266,0,0,0.0
349757,0,0,0.0
101103,0,0,0.0
204064,0,0,0.0
271435,0,0,0.0
413955,0,0,0.0
114307,0,0,0.0
346538,0,1,1.0
432120,0,0,0.0
131567,0,0,0.0
140614,0,0,0.0
406885,0,0,0.0
294024,0,0,0.0
140533,0,0,0.0
244783,0,0,0.0
215639,0,0,0.0
303903,0,0,0.0
258774,1,1,1.0
381045,0,0,0.0
281944,0,0,0.0
385788,0,0,0.0
109390,0,0,0.0
297909,0,0,0.0
396482,0,0,0.0
430144,0,0,0.0
218052,0,0,0.0
235876,0,0,0.0
415361,0,0,0.0
323591,0,0,0.0
350963,0,0,0.0
251892,0,1,1.0
197212,0,1,1.0
107210,0,0,0.0
199404,0,0,0.0
297435,0,1,1.0
170602,0,0,0.0
284048,0,0,0.0
293571,0,0,0.0
439516,0,0,0.0
259674,0,0,0.0
169106,1,0,0.0
111453,0,1,1.0
138442,0,0,0.0
198953,0,0,0.0
104242,0,1,1.0
188231,0,0,0.0
243210,0,0,0.0
372835,0,0,0.0
453841,0,0,0.0
162245,0,0,0.0
218608,0,0,0.0
160922,0,0,0.0
424103,1,0,0.0
143104,1,0,0.0
258573,0,1,1.0
383095,0,0,0.0
317049,0,0,0.0
205359,0,0,0.0
230273,0,0,0.0
372864,0,0,0.0
364590,1,1,1.0
403419,0,0,0.0
375043,0,0,0.0
154199,0,0,0.0
212279,0,0,0.0
159079,0,0,0.0
101436,0,0,0.0
453044,1,0,0.0
312863,0,0,0.0
327934,0,1,1.0
310419,0,0,0.0
358973,0,1,1.0
225987,0,0,0.0
195308,0,0,0.0
258410,0,0,0.0
109627,0,0,0.0
409451,0,0,0.0
159656,0,0,0.0
283464,0,0,0.0
111491,0,0,0.0
308974,0,0,0.0
171278,0,0,0.0
145286,0,0,0.0
350215,0,0,0.0
220537,0,0,0.0
353646,0,0,0.0
341893,0,0,0.0
142827,0,0,0.0
249852,0,0,0.0
345769,0,0,0.0
294929,0,0,0.0
160951,0,0,0.0
106635,0,0,0.0
327154,0,0,0.0
361577,0,0,0.0
135904,0,0,0.0
222325,0,0,0.0
449996,0,0,0.0
262283,0,0,0.0
315351,1,0,0.0
401112,0,1,1.0
293025,0,0,0.0
219434,0,0,0.0
234875,0,0,0.0
421789,0,1,1.0
363880,0,0,0.0
447249,0,0,0.0
122036,0,0,0.0
251860,0,0,0.0
384772,0,0,0.0
203171,0,0,0.0
209066,0,0,0.0
143096,0,1,1.0
319693,0,0,0.0
252152,0,0,0.0
128497,0,0,0.0
424502,0,0,0.0
330736,0,0,0.0
139097,0,0,0.0
201311,0,0,0.0
396996,0,0,0.0
105545,0,1,1.0
440578,0,0,0.0
390578,0,0,0.0
265410,0,0,0.0
260451,0,0,0.0
175822,0,0,0.0
324262,0,0,0.0
252742,0,0,0.0
366508,0,0,0.0
177881,0,0,0.0
190718,0,0,0.0
182917,0,0,0.0
170137,0,0,0.0
385896,0,0,0.0
209341,0,0,0.0
200097,0,0,0.0
199784,0,1,1.0
292029,0,0,0.0
136686,0,1,1.0
155821,0,0,0.0
214186,0,0,0.0
216395,0,0,0.0
302862,0,0,0.0
145766,0,0,0.0
348136,0,0,0.0
345099,0,0,0.0
315048,1,0,0.0
153846,0,0,0.0
268795,0,0,0.0
147462,0,0,0.0
182930,0,0,0.0
340105,0,0,0.0
407850,0,0,0.0
395086,0,0,0.0
272027,0,0,0.0
384050,0,0,0.0
119224,1,0,0.0
184560,0,0,0.0
160901,0,0,0.0
373334,0,1,1.0
367639,0,0,0.0
299765,0,0,0.0
410399,0,0,0.0
396193,0,0,0.0
294935,0,0,0.0
294557,0,0,0.0
356785,0,0,0.0
417487,0,0,0.0
136591,0,0,0.0
285948,0,0,0.0
253997,0,0,0.0
248078,0,0,0.0
305649,0,0,0.0
265238,0,0,0.0
176696,0,0,0.0
293983,0,0,0.0
348147,0,0,0.0
278984,0,0,0.0
339820,0,0,0.0
455284,0,0,0.0
194204,0,0,0.0
259629,0,1,1.0
270438,0,0,0.0
430724,0,0,0.0
157763,0,0,0.0
357199,0,1,1.0
176000,0,0,0.0
409219,0,0,0.0
276962,0,0,0.0
186234,0,0,0.0
390412,0,0,0.0
322675,0,0,0.0
368099,0,0,0.0
227086,0,0,0.0
408964,0,0,0.0
109760,0,0,0.0
132303,1,0,0.0
216345,0,0,0.0
309240,0,0,0.0
221794,0,0,0.0
452645,0,0,0.0
166899,0,0,0.0
315960,0,0,0.0
179617,0,1,1.0
112470,0,0,0.0
116029,0,1,1.0
190890,0,0,0.0
283851,0,0,0.0
442966,0,0,0.0
419179,0,0,0.0
274795,0,0,0.0
224529,0,0,0.0
444593,0,0,0.0
430642,0,0,0.0
373309,0,0,0.0
140212,0,0,0.0
416524,0,0,0.0
359626,0,0,0.0
453486,0,1,1.0
325997,0,0,0.0
310064,1,0,0.0
113528,0,0,0.0
312662,0,0,0.0
409143,0,0,0.0
365156,0,0,0.0
358790,1,0,0.0
131998,0,0,0.0
364855,0,0,0.0
353452,0,0,0.0
245764,0,0,0.0
243023,1,0,0.0
364427,0,0,0.0
158125,0,0,0.0
386467,1,0,0.0
157741,0,0,0.0
311886,0,0,0.0
418309,0,0,0.0
339054,0,0,0.0
172506,0,1,1.0
223631,0,0,0.0
345787,0,0,0.0
403130,0,0,0.0
301739,0,0,0.0
118136,0,0,0.0
407347,0,0,0.0
152546,0,0,0.0
295049,0,0,0.0
282768,0,0,0.0
130536,0,0,0.0
357960,0,1,1.0
191895,0,0,0.0
151426,0,0,0.0
102172,0,1,1.0
421931,0,0,0.0
238575,0,0,0.0
193918,0,0,0.0
270965,0,0,0.0
117864,0,0,0.0
419433,1,1,1.0
269773,1,0,0.0
259293,0,0,0.0
385631,0,0,0.0
313128,0,0,0.0
160563,0,0,0.0
417354,0,0,0.0
192193,0,0,0.0
244908,0,0,0.0
242194,1,1,1.0
256374,0,0,0.0
357021,0,1,1.0
139044,0,0,0.0
385663,0,0,0.0
281582,0,0,0.0
179071,0,0,0.0
306999,0,0,0.0
178686,0,0,0.0
272406,0,0,0.0
129323,0,0,0.0
374976,0,0,0.0
173470,0,0,0.0
176068,0,0,0.0
309152,0,0,0.0
357388,0,0,0.0
419427,0,0,0.0
385640,0,0,0.0
131315,0,0,0.0
245642,0,0,0.0
268043,0,0,0.0
216917,0,0,0.0
417614,0,1,1.0
360369,0,0,0.0
345024,0,0,0.0
362043,0,0,0.0
197859,0,0,0.0
307276,0,0,0.0
298691,0,0,0.0
411964,0,0,0.0
381245,0,0,0.0
172806,0,0,0.0
395709,0,0,0.0
153365,0,0,0.0
131195,0,0,0.0
396768,0,0,0.0
286243,0,0,0.0
224073,0,0,0.0
392225,0,0,0.0
138352,1,0,0.0
451910,0,0,0.0
415308,0,0,0.0
291279,0,0,0.0
268576,0,0,0.0
280629,0,0,0.0
428589,0,0,0.0
294678,0,0,0.0
326476,0,0,0.0
383914,0,0,0.0
254621,0,0,0.0
301524,0,0,0.0
243432,1,1,1.0
381723,0,0,0.0
102548,0,0,0.0
418252,0,0,0.0
241788,1,1,1.0
346647,0,0,0.0
222391,0,0,0.0
442982,1,0,0.0
170608,0,0,0.0
134134,0,0,0.0
195243,1,1,1.0
120961,0,0,0.0
335853,0,0,0.0
403663,0,0,0.0
441253,0,0,0.0
197961,0,0,0.0
181928,0,0,0.0
173223,0,1,1.0
444565,0,1,1.0
204082,0,0,0.0
272486,0,0,0.0
395327,0,0,0.0
396711,0,0,0.0
339731,1,0,0.0
302412,0,0,0.0
104862,0,0,0.0
164424,0,0,0.0
226889,0,0,0.0
414353,0,1,1.0
341483,1,1,1.0
338587,0,1,1.0
208782,0,0,0.0
377409,0,0,0.0
177695,0,0,0.0
417793,0,0,0.0
366549,0,0,0.0
171985,0,0,0.0
103326,0,0,0.0
135256,0,0,0.0
171932,0,0,0.0
421653,0,0,0.0
420304,0,0,0.0
391559,0,0,0.0
415714,0,0,0.0
291630,0,0,0.0
352718,0,1,1.0
408215,0,0,0.0
134738,0,0,0.0
158735,0,0,0.0
174818,0,0,0.0
180766,0,0,0.0
183781,0,0,0.0
229443,0,0,0.0
243443,0,0,0.0
177755,0,0,0.0
367349,0,0,0.0
404029,0,0,0.0
372721,0,0,0.0
395173,0,0,0.0
391326,0,0,0.0
134048,1,0,0.0
422381,0,0,0.0
104467,0,0,0.0
106103,0,0,0.0
287584,0,0,0.0
392227,0,1,1.0
139512,0,0,0.0
191854,0,1,1.0
389242,0,1,1.0
433142,0,0,0.0
350502,0,0,0.0
145047,1,0,0.0
244806,0,0,0.0
263718,0,0,0.0
151226,0,0,0.0
154284,0,0,0.0
375090,1,0,0.0
234968,0,0,0.0
336547,0,0,0.0
235834,0,0,0.0
116281,0,0,0.0
219311,0,0,0.0
258787,0,0,0.0
203013,0,0,0.0
178297,0,0,0.0
139202,0,0,0.0
347860,0,0,0.0
348765,0,0,0.0
384658,0,0,0.0
396879,1,0,0.0
365988,0,0,0.0
196249,0,1,1.0
372450,0,0,0.0
227669,0,0,0.0
205175,0,0,0.0
366187,0,0,0.0
130548,0,0,0.0
198396,0,1,1.0
401724,1,1,1.0
237341,0,0,0.0
454426,0,0,0.0
368006,0,0,0.0
399204,0,1,1.0
176519,1,0,0.0
425300,0,0,0.0
107008,1,0,0.0
215233,0,0,0.0
167820,0,0,0.0
105369,0,0,0.0
240633,1,1,1.0
429654,0,0,0.0
247293,0,0,0.0
250664,0,0,0.0
402189,0,1,1.0
345696,0,0,0.0
410957,0,1,1.0
193459,0,0,0.0
401739,0,0,0.0
410783,0,0,0.0
450397,0,0,0.0
108064,0,0,0.0
173097,0,0,0.0
253684,0,0,0.0
105793,0,0,0.0
329461,0,0,0.0
254033,0,0,0.0
318078,0,0,0.0
230635,1,0,0.0
367579,0,0,0.0
395584,0,0,0.0
238487,0,0,0.0
332010,0,0,0.0
230188,0,0,0.0
349681,0,0,0.0
390826,0,0,0.0
150085,0,0,0.0
454393,0,0,0.0
311453,1,0,0.0
343099,0,0,0.0
431364,0,0,0.0
346793,0,0,0.0
183924,0,0,0.0
124008,0,0,0.0
421344,0,0,0.0
395720,0,0,0.0
119332,0,1,1.0
293506,0,0,0.0
158452,0,0,0.0
291710,0,0,0.0
359234,0,0,0.0
315016,0,0,0.0
290544,1,0,0.0
345540,0,0,0.0
115050,0,0,0.0
199221,0,0,0.0
349230,0,0,0.0
266631,0,0,0.0
139317,0,0,0.0
386634,1,1,1.0
167373,0,0,0.0
375308,0,0,0.0
313318,0,1,1.0
224574,0,0,0.0
275302,0,1,1.0
444853,0,0,0.0
301724,0,0,0.0
139109,0,0,0.0
446170,0,0,0.0
152674,0,0,0.0
230359,0,0,0.0
254489,0,0,0.0
364348,0,0,0.0
249213,0,0,0.0
106539,0,0,0.0
431009,0,0,0.0
431688,0,0,0.0
103955,0,1,1.0
259138,0,0,0.0
430977,0,0,0.0
346189,1,1,1.0
140697,0,0,0.0
133267,0,0,0.0
342058,0,0,0.0
206589,0,1,1.0
280946,0,0,0.0
368533,0,0,0.0
323116,0,0,0.0
293432,0,0,0.0
135312,0,0,0.0
307758,0,0,0.0
108331,0,0,0.0
368750,1,0,0.0
437163,0,0,0.0
170610,0,0,0.0
325458,0,0,0.0
107121,0,1,1.0
148161,1,0,0.0
448274,0,0,0.0
241387,0,0,0.0
410533,0,0,0.0
227286,1,0,0.0
240605,0,1,1.0
327634,0,0,0.0
135280,0,0,0.0
299196,0,0,0.0
265087,0,0,0.0
262074,0,0,0.0
403534,0,1,1.0
114828,0,0,0.0
451268,0,0,0.0
302712,0,0,0.0
295082,0,0,0.0
340919,0,0,0.0
392009,0,0,0.0
321028,0,0,0.0
120909,1,0,0.0
455738,0,0,0.0
255100,0,0,0.0
132971,0,0,0.0
127081,0,0,0.0
275799,0,0,0.0
357039,0,0,0.0
108828,0,0,0.0
378635,0,0,0.0
336098,0,0,0.0
306753,0,0,0.0
171833,0,0,0.0
405492,0,0,0.0
149576,0,1,1.0
264035,0,0,0.0
201539,1,0,0.0
167695,0,0,0.0
271007,0,0,0.0
282111,0,0,0.0
231093,0,0,0.0
410615,1,0,0.0
417488,0,0,0.0
256084,0,1,1.0
373052,0,0,0.0
216011,0,0,0.0
167873,1,0,0.0
416073,0,0,0.0
348079,0,1,1.0
301535,0,0,0.0
379526,0,0,0.0
146420,0,0,0.0
288525,0,0,0.0
165971,0,0,0.0
182815,0,0,0.0
281059,0,0,0.0
169893,0,0,0.0
306877,0,0,0.0
384978,0,0,0.0
411060,0,0,0.0
238631,0,0,0.0
384307,0,0,0.0
245131,0,0,0.0
110665,0,0,0.0
426586,0,0,0.0
220602,0,0,0.0
326952,1,0,0.0
163196,0,0,0.0
151564,1,0,0.0
173658,0,0,0.0
284831,0,0,0.0
147070,0,0,0.0
121232,0,0,0.0
119022,0,0,0.0
385385,0,0,0.0
397836,0,0,0.0
356253,0,0,0.0
277698,0,0,0.0
409767,0,0,0.0
148377,0,1,1.0
148460,0,0,0.0
384913,0,0,0.0
193824,0,1,1.0
228032,0,0,0.0
173701,0,0,0.0
265759,0,1,1.0
396313,0,0,0.0
106469,0,0,0.0
161567,0,0,0.0
267495,0,0,0.0
285038,0,0,0.0
393518,0,0,0.0
283660,0,0,0.0
291472,0,0,0.0
363513,0,0,0.0
251170,0,0,0.0
212717,0,0,0.0
456075,0,0,0.0
102736,0,0,0.0
177686,0,1,1.0
430053,0,0,0.0
120032,0,0,0.0
145296,0,0,0.0
257471,0,0,0.0
220188,0,0,0.0
249853,1,1,1.0
336501,0,0,0.0
297006,0,0,0.0
318051,0,0,0.0
132994,0,0,0.0
334266,0,0,0.0
375235,0,0,0.0
124420,1,0,0.0
282299,0,0,0.0
146380,0,0,0.0
235119,0,0,0.0
368680,0,1,1.0
445463,0,0,0.0
286512,0,0,0.0
107056,0,0,0.0
326859,0,0,0.0
435459,0,0,0.0
246974,0,0,0.0
294072,0,0,0.0
165163,0,0,0.0
298789,0,0,0.0
380603,0,0,0.0
243672,0,0,0.0
121661,0,0,0.0
369833,0,0,0.0
179109,0,0,0.0
402112,0,0,0.0
357386,0,0,0.0
358467,0,0,0.0
202882,0,0,0.0
304572,0,0,0.0
328661,0,0,0.0
290478,0,0,0.0
165776,0,0,0.0
119587,0,0,0.0
236696,0,0,0.0
116930,0,0,0.0
454194,0,0,0.0
334485,0,0,0.0
455691,0,0,0.0
314632,0,0,0.0
172312,0,0,0.0
119168,0,0,0.0
115011,1,0,0.0
355800,0,0,0.0
183431,0,1,1.0
370545,0,0,0.0
374949,0,0,0.0
314176,0,0,0.0
193506,0,1,1.0
316929,0,0,0.0
440754,0,0,0.0
299928,0,0,0.0
264755,0,0,0.0
176578,0,0,0.0
318865,0,0,0.0
226721,0,0,0.0
303682,0,0,0.0
363968,0,0,0.0
109319,0,0,0.0
188811,0,0,0.0
356438,0,0,0.0
318855,1,0,0.0
202459,0,0,0.0
375986,0,0,0.0
419279,0,0,0.0
349528,0,0,0.0
411164,0,0,0.0
400263,0,0,0.0
421771,0,0,0.0
390418,0,0,0.0
363857,0,0,0.0
364693,0,0,0.0
138625,1,0,0.0
292847,0,0,0.0
126092,0,0,0.0
440729,0,0,0.0
397819,0,1,1.0
411415,0,0,0.0
230183,1,0,0.0
163710,0,0,0.0
317262,0,0,0.0
284270,0,0,0.0
381109,0,0,0.0
235462,0,0,0.0
409733,0,0,0.0
422887,0,0,0.0
249280,0,0,0.0
304339,0,0,0.0
243499,0,0,0.0
438632,0,0,0.0
105927,0,0,0.0
265254,0,0,0.0
429510,0,0,0.0
178500,0,0,0.0
315958,0,0,0.0
345079,0,0,0.0
104123,0,0,0.0
432039,0,0,0.0
208018,0,0,0.0
287318,0,0,0.0
339093,0,1,1.0
422916,0,0,0.0
229592,0,0,0.0
378640,0,0,0.0
148452,0,0,0.0
100981,0,0,0.0
150359,0,0,0.0
309966,0,0,0.0
116698,0,0,0.0
158493,1,0,0.0
392438,0,0,0.0
400330,0,0,0.0
383082,0,0,0.0
349544,0,1,1.0
271610,0,0,0.0
367825,0,0,0.0
133623,0,1,1.0
384112,1,1,1.0
335289,0,0,0.0
326474,0,0,0.0
348438,0,0,0.0
315170,0,0,0.0
300102,1,0,0.0
148558,0,0,0.0
440880,0,0,0.0
101085,0,0,0.0
133876,0,0,0.0
316383,0,0,0.0
140110,0,1,1.0
342282,0,0,0.0
440625,1,0,0.0
214892,0,0,0.0
386980,0,0,0.0
413590,0,0,0.0
152259,0,0,0.0
386433,1,0,0.0
244935,0,0,0.0
160026,0,0,0.0
269185,0,0,0.0
285027,0,0,0.0
187913,1,0,0.0
207252,0,0,0.0
424496,0,0,0.0
137158,0,0,0.0
288284,0,0,0.0
238662,0,0,0.0
443564,0,0,0.0
263467,0,0,0.0
418270,0,0,0.0
189580,0,0,0.0
225334,0,0,0.0
324364,0,0,0.0
286260,0,0,0.0
340888,0,0,0.0
367319,0,0,0.0
208473,0,0,0.0
376281,0,0,0.0
272952,0,0,0.0
362959,0,0,0.0
320861,0,0,0.0
235399,0,0,0.0
224874,0,0,0.0
220983,0,0,0.0
154049,0,0,0.0
368211,0,0,0.0
289502,0,0,0.0
121439,0,0,0.0
187839,0,0,0.0
374789,0,0,0.0
122857,0,0,0.0
136753,0,0,0.0
380185,0,0,0.0
393144,0,0,0.0
414902,0,0,0.0
395842,0,0,0.0
426232,0,0,0.0
128271,1,0,0.0
417606,0,1,1.0
338897,0,0,0.0
282804,0,0,0.0
180386,0,0,0.0
336040,0,0,0.0
207405,0,0,0.0
154489,0,0,0.0
342881,0,0,0.0
283257,0,0,0.0
315986,0,0,0.0
131503,0,0,0.0
301609,0,0,0.0
216517,1,0,0.0
270171,0,0,0.0
312016,0,0,0.0
238927,1,1,1.0
407295,1,0,0.0
384703,0,0,0.0
194173,0,0,0.0
453896,0,0,0.0
429980,0,0,0.0
288864,0,0,0.0
354364,0,0,0.0
367860,0,0,0.0
207360,0,0,0.0
443683,0,0,0.0
397423,1,0,0.0
428732,0,0,0.0
150761,0,0,0.0
120736,0,0,0.0
225644,0,0,0.0
250076,0,1,1.0
274897,0,0,0.0
336912,0,0,0.0
410874,0,0,0.0
212047,1,0,0.0
367766,0,0,0.0
229464,0,0,0.0
362849,0,0,0.0
239741,0,0,0.0
308665,0,0,0.0
367002,0,0,0.0
259549,0,1,1.0
194218,0,0,0.0
219757,0,0,0.0
131234,0,0,0.0
158319,0,0,0.0
348213,0,0,0.0
337480,0,0,0.0
450850,0,0,0.0
184671,0,0,0.0
117933,0,0,0.0
173400,0,0,0.0
406561,0,0,0.0
192166,0,0,0.0
263714,0,0,0.0
226591,0,0,0.0
170677,0,0,0.0
131402,0,0,0.0
334778,1,0,0.0
235776,1,0,0.0
215475,0,0,0.0
424587,0,0,0.0
115395,0,0,0.0
364668,0,0,0.0
109513,0,0,0.0
171607,0,0,0.0
392801,0,0,0.0
379839,0,0,0.0
155098,0,0,0.0
420209,0,0,0.0
348490,0,0,0.0
398767,0,0,0.0
240467,0,0,0.0
395813,0,0,0.0
162191,0,0,0.0
227946,0,0,0.0
229956,0,0,0.0
345069,0,0,0.0
250694,0,0,0.0
390453,0,0,0.0
401047,0,0,0.0
431531,0,0,0.0
245285,0,1,1.0
363159,0,0,0.0
159546,0,0,0.0
308622,0,0,0.0
414953,0,0,0.0
102219,0,0,0.0
322222,0,0,0.0
443503,0,0,0.0
351810,0,0,0.0
417096,0,0,0.0
249529,0,0,0.0
265124,0,0,0.0
155489,0,0,0.0
387930,0,0,0.0
404900,0,0,0.0
115523,0,0,0.0
385032,0,1,1.0
389597,0,0,0.0
338850,0,0,0.0
206551,0,1,1.0
396431,0,0,0.0
151356,0,0,0.0
374985,0,0,0.0
197241,0,1,1.0
355507,0,1,1.0
409765,0,0,0.0
362449,1,0,0.0
184674,0,0,0.0
266836,0,0,0.0
212928,0,0,0.0
123903,0,1,1.0
358356,1,0,0.0
107623,0,0,0.0
129565,0,0,0.0
262423,0,0,0.0
411416,0,0,0.0
386101,0,0,0.0
213194,0,0,0.0
399669,0,0,0.0
139899,0,0,0.0
361727,1,1,1.0
404413,0,0,0.0
292484,0,0,0.0
202243,0,0,0.0
305989,0,0,0.0
347985,0,0,0.0
343819,0,0,0.0
335084,0,0,0.0
312932,0,0,0.0
285631,0,0,0.0
383585,0,0,0.0
197898,0,0,0.0
404418,0,0,0.0
308612,0,0,0.0
295946,0,0,0.0
455363,0,0,0.0
356964,0,0,0.0
220263,0,1,1.0
437224,0,1,1.0
438958,0,0,0.0
241486,0,0,0.0
385845,0,0,0.0
295789,0,0,0.0
291013,1,0,0.0
288061,0,0,0.0
165850,0,0,0.0
222599,0,0,0.0
259454,0,0,0.0
190540,0,0,0.0
168972,0,0,0.0
188446,0,0,0.0
175673,0,0,0.0
424483,0,0,0.0
405792,0,0,0.0
328287,0,0,0.0
268753,0,0,0.0
453229,0,0,0.0
342696,0,0,0.0
305748,0,0,0.0
364012,0,0,0.0
308365,0,0,0.0
379082,0,0,0.0
301938,0,0,0.0
380987,0,0,0.0
312726,0,0,0.0
224155,1,0,0.0
376290,0,0,0.0
143566,0,0,0.0
128335,0,1,1.0
352579,0,0,0.0
354181,0,0,0.0
150149,0,0,0.0
388333,0,0,0.0
327575,0,1,1.0
447192,0,0,0.0
209522,0,0,0.0
310758,0,0,0.0
164996,0,1,1.0
308676,0,0,0.0
284666,0,0,0.0
123190,0,1,1.0
154429,0,0,0.0
357644,0,0,0.0
179375,0,0,0.0
423924,0,0,0.0
382106,0,0,0.0
125070,1,0,0.0
320829,0,0,0.0
395824,0,0,0.0
334264,0,0,0.0
267561,0,0,0.0
401336,0,0,0.0
301048,1,0,0.0
180219,1,0,0.0
223237,0,0,0.0
277575,0,0,0.0
374841,1,1,1.0
323723,0,1,1.0
388002,0,0,0.0
328923,0,0,0.0
212274,0,0,0.0
455465,0,0,0.0
114660,0,0,0.0
448374,1,0,0.0
368871,0,0,0.0
218269,0,0,0.0
393441,0,0,0.0
128408,0,0,0.0
120090,0,0,0.0
158207,0,0,0.0
191343,0,0,0.0
136495,0,0,0.0
316194,0,0,0.0
289652,0,0,0.0
300114,0,1,1.0
347620,0,1,1.0
165071,0,0,0.0
315687,0,1,1.0
206093,0,0,0.0
396981,0,0,0.0
143021,0,0,0.0
256199,1,0,0.0
244162,0,0,0.0
122988,0,0,0.0
427826,0,0,0.0
246113,0,0,0.0
391859,0,1,1.0
102527,0,0,0.0
365737,1,0,0.0
241653,0,0,0.0
412210,0,0,0.0
116673,0,0,0.0
411671,0,0,0.0
293267,0,0,0.0
240254,0,0,0.0
320352,0,0,0.0
356575,0,0,0.0
451674,0,1,1.0
183913,0,0,0.0
104269,0,0,0.0
151807,0,0,0.0
253671,0,0,0.0
164511,1,1,1.0
326395,0,0,0.0
436267,0,0,0.0
315429,0,0,0.0
413724,0,0,0.0
169840,0,0,0.0
312514,0,0,0.0
374840,0,0,0.0
137792,0,0,0.0
259442,0,0,0.0
183562,0,0,0.0
328005,0,1,1.0
395420,0,0,0.0
336093,0,0,0.0
178826,0,0,0.0
333895,0,0,0.0
334007,0,0,0.0
269529,0,1,1.0
176463,0,0,0.0
390788,0,0,0.0
312936,0,1,1.0
152798,0,0,0.0
333887,0,0,0.0
352833,0,0,0.0
379761,0,0,0.0
207848,0,0,0.0
130708,0,0,0.0
154856,0,0,0.0
230132,0,0,0.0
365583,0,0,0.0
131981,0,0,0.0
384388,0,0,0.0
317627,0,0,0.0
139778,1,0,0.0
208686,0,0,0.0
448913,0,0,0.0
145491,0,0,0.0
231292,0,0,0.0
342205,0,0,0.0
416889,1,0,0.0
216379,0,0,0.0
428985,0,0,0.0
365780,0,1,1.0
141886,0,0,0.0
111616,0,0,0.0
263417,0,0,0.0
152538,0,0,0.0
309316,0,0,0.0
320613,0,0,0.0
440490,0,0,0.0
287519,1,0,0.0
197463,0,0,0.0
318643,0,0,0.0
431142,0,0,0.0
423299,0,0,0.0
404297,0,0,0.0
421324,0,0,0.0
444869,0,0,0.0
243730,0,0,0.0
339205,0,0,0.0
236306,0,0,0.0
261036,0,0,0.0
217048,0,0,0.0
204701,0,0,0.0
370463,0,0,0.0
314731,0,1,1.0
411721,0,0,0.0
191447,0,0,0.0
264376,0,0,0.0
382009,0,0,0.0
107248,0,0,0.0
268122,0,1,1.0
315901,0,0,0.0
428650,0,0,0.0
191517,0,0,0.0
273538,0,0,0.0
154045,1,0,0.0
228570,0,0,0.0
332800,0,0,0.0
400446,0,0,0.0
375229,0,0,0.0
268904,0,0,0.0
346436,0,0,0.0
132886,0,0,0.0
270327,0,0,0.0
116452,0,0,0.0
222750,0,0,0.0
182556,0,0,0.0
267937,0,0,0.0
292490,0,0,0.0
230563,0,0,0.0
180203,0,0,0.0
432784,0,0,0.0
413915,0,1,1.0
148812,0,0,0.0
326478,0,0,0.0
196929,0,0,0.0
220327,0,0,0.0
272904,0,0,0.0
335188,0,0,0.0
452719,0,0,0.0
185780,0,0,0.0
178001,0,0,0.0
433004,0,1,1.0
437067,0,0,0.0
339668,0,1,1.0
392249,0,0,0.0
261863,0,0,0.0
438679,0,0,0.0
282016,0,0,0.0
108624,0,0,0.0
433824,0,0,0.0
319224,0,0,0.0
282581,0,0,0.0
154438,0,0,0.0
190786,0,0,0.0
278029,0,0,0.0
180125,0,0,0.0
105090,0,0,0.0
344632,0,0,0.0
225569,0,0,0.0
157795,0,0,0.0
179654,0,0,0.0
392767,0,0,0.0
303989,0,1,1.0
395485,0,0,0.0
387336,0,0,0.0
290103,0,1,1.0
425506,0,0,0.0
350964,0,0,0.0
184685,0,0,0.0
346858,0,0,0.0
381951,0,0,0.0
183285,0,0,0.0
343048,0,0,0.0
238455,1,0,0.0
360378,0,0,0.0
273720,0,0,0.0
425920,0,0,0.0
247959,1,1,1.0
102492,0,0,0.0
249975,0,0,0.0
175130,0,0,0.0
338930,1,0,0.0
209751,0,0,0.0
152873,0,0,0.0
409243,0,0,0.0
211919,0,0,0.0
325283,0,0,0.0
168906,0,0,0.0
312367,0,0,0.0
360066,0,0,0.0
349256,0,1,1.0
388227,0,0,0.0
231552,0,0,0.0
194334,0,0,0.0
160971,0,0,0.0
161043,0,0,0.0
328972,0,0,0.0
138453,0,0,0.0
309307,0,0,0.0
420256,0,0,0.0
305926,0,0,0.0
257360,0,0,0.0
123059,0,0,0.0
187103,0,0,0.0
222288,0,0,0.0
261842,0,0,0.0
371094,0,0,0.0
235445,0,0,0.0
226473,0,0,0.0
237175,0,0,0.0
309284,0,0,0.0
345600,0,0,0.0
173961,0,0,0.0
277033,0,0,0.0
315327,1,0,0.0
352842,0,0,0.0
365777,0,1,1.0
126476,0,0,0.0
134263,0,1,1.0
377420,0,0,0.0
156352,0,0,0.0
323929,0,1,1.0
116459,0,0,0.0
247348,0,0,0.0
343397,0,0,0.0
170000,0,0,0.0
117177,0,0,0.0
292171,0,0,0.0
127016,0,0,0.0
425194,0,0,0.0
219978,0,0,0.0
345262,0,0,0.0
173733,1,1,1.0
215670,0,0,0.0
368360,0,0,0.0
434102,0,0,0.0
398101,0,0,0.0
184979,1,0,0.0
398695,0,0,0.0
306294,0,0,0.0
356028,0,0,0.0
257560,0,1,1.0
411368,0,1,1.0
337156,0,0,0.0
317887,0,0,0.0
212290,0,0,0.0
386081,0,0,0.0
339373,0,0,0.0
313076,0,0,0.0
450485,1,1,1.0
447102,0,0,0.0
434385,0,0,0.0
341165,0,0,0.0
418814,0,0,0.0
116524,0,0,0.0
124776,0,1,1.0
165981,0,0,0.0
233755,0,0,0.0
238225,0,0,0.0
271692,0,0,0.0
248848,1,0,0.0
161364,0,0,0.0
172079,0,0,0.0
212070,0,0,0.0
110532,1,0,0.0
204534,0,0,0.0
271392,0,0,0.0
150077,0,0,0.0
194126,0,0,0.0
302989,0,0,0.0
352575,0,1,1.0
416669,0,0,0.0
436089,0,0,0.0
169086,0,0,0.0
106291,0,0,0.0
329372,0,0,0.0
366331,0,0,0.0
169578,0,0,0.0
291372,0,0,0.0
169497,0,0,0.0
287553,0,0,0.0
196182,0,0,0.0
359737,0,0,0.0
349605,0,0,0.0
318735,0,0,0.0
442741,0,0,0.0
170993,1,0,0.0
447869,0,1,1.0
327354,0,0,0.0
398345,0,0,0.0
366786,1,0,0.0
234123,0,0,0.0
231152,0,0,0.0
333207,0,0,0.0
259405,0,0,0.0
165895,0,0,0.0
146187,0,0,0.0
304336,0,0,0.0
207663,0,0,0.0
164514,0,0,0.0
330823,0,0,0.0
442410,0,0,0.0
402355,0,0,0.0
390597,0,0,0.0
160790,0,0,0.0
288507,0,0,0.0
322166,0,0,0.0
441905,1,0,0.0
217337,0,0,0.0
112760,0,1,1.0
100784,1,0,0.0
110949,0,0,0.0
100700,0,0,0.0
209946,0,0,0.0
216742,0,0,0.0
130680,0,0,0.0
349504,0,0,0.0
178843,0,0,0.0
415579,0,0,0.0
132806,0,0,0.0
423005,0,1,1.0
439725,0,0,0.0
220292,0,0,0.0
420973,0,0,0.0
175122,0,0,0.0
319427,0,0,0.0
182333,0,0,0.0
455253,0,0,0.0
367219,0,0,0.0
409049,0,0,0.0
197858,0,0,0.0
401349,0,0,0.0
211297,0,0,0.0
318886,0,0,0.0
260257,0,1,1.0
246940,0,0,0.0
215385,0,0,0.0
390148,0,0,0.0
419248,0,0,0.0
427795,0,0,0.0
222145,0,0,0.0
363022,0,0,0.0
155514,0,0,0.0
296513,0,0,0.0
158967,0,0,0.0
183673,0,0,0.0
124296,0,0,0.0
117145,0,0,0.0
112030,0,0,0.0
204877,0,0,0.0
110634,0,0,0.0
274723,0,0,0.0
124157,1,0,0.0
355224,0,0,0.0
306011,0,0,0.0
140673,0,1,1.0
305521,0,0,0.0
406788,0,0,0.0
174023,0,0,0.0
308854,0,0,0.0
194837,0,0,0.0
103944,0,0,0.0
148704,0,0,0.0
274613,0,0,0.0
380422,0,0,0.0
430805,0,0,0.0
148254,0,0,0.0
306911,0,0,0.0
250787,1,0,0.0
282212,0,0,0.0
389259,0,0,0.0
172535,1,0,0.0
378323,0,0,0.0
385318,1,0,0.0
112322,0,0,0.0
435918,0,0,0.0
133185,0,0,0.0
328079,0,0,0.0
396242,0,0,0.0
129097,0,1,1.0
149528,0,0,0.0
309136,0,0,0.0
323248,0,0,0.0
260498,0,0,0.0
427169,0,0,0.0
174840,0,0,0.0
438650,0,0,0.0
310595,0,0,0.0
402567,0,0,0.0
387823,0,0,0.0
368125,0,0,0.0
142057,0,0,0.0
207602,0,0,0.0
230206,0,0,0.0
229580,0,0,0.0
285175,1,0,0.0
288658,0,0,0.0
350449,0,0,0.0
359791,0,1,1.0
106663,0,0,0.0
443600,0,0,0.0
358565,0,0,0.0
218561,1,0,0.0
231802,0,0,0.0
115336,0,0,0.0
213840,0,0,0.0
132197,0,1,1.0
406869,0,0,0.0
402959,0,0,0.0
419890,0,0,0.0
377863,0,1,1.0
370690,1,0,0.0
245130,0,0,0.0
310798,1,0,0.0
218720,0,0,0.0
210375,0,0,0.0
425217,0,0,0.0
388277,0,0,0.0
439446,0,0,0.0
272526,0,0,0.0
247344,0,0,0.0
316406,0,0,0.0
368283,0,0,0.0
159991,0,0,0.0
341147,0,0,0.0
165535,0,0,0.0
401183,0,0,0.0
193384,0,0,0.0
318183,0,0,0.0
285654,0,0,0.0
198426,0,0,0.0
187110,0,0,0.0
393623,0,0,0.0
127348,0,0,0.0
127284,0,0,0.0
154161,0,0,0.0
367538,0,0,0.0
148122,0,0,0.0
296467,0,0,0.0
329914,0,0,0.0
233878,0,0,0.0
372525,0,0,0.0
252266,0,0,0.0
149772,0,0,0.0
144101,0,0,0.0
366003,0,0,0.0
434625,0,0,0.0
239201,0,0,0.0
146956,0,0,0.0
434003,1,0,0.0
230272,0,0,0.0
331755,0,0,0.0
201235,0,1,1.0
254480,0,0,0.0
191758,0,0,0.0
435821,0,1,1.0
210656,0,0,0.0
240562,0,0,0.0
219332,0,0,0.0
106949,0,0,0.0
441383,0,0,0.0
148762,0,0,0.0
373566,0,0,0.0
336525,0,0,0.0
274946,0,0,0.0
269341,0,0,0.0
328574,0,0,0.0
357831,0,0,0.0
354393,0,0,0.0
130089,0,0,0.0
269664,0,0,0.0
171549,1,0,0.0
453657,0,0,0.0
255510,0,0,0.0
161630,0,0,0.0
381086,1,0,0.0
324006,0,0,0.0
251263,0,0,0.0
445217,0,0,0.0
362654,0,0,0.0
331540,0,0,0.0
302428,0,0,0.0
366316,1,0,0.0
118584,0,0,0.0
191566,0,0,0.0
298556,0,0,0.0
203362,0,0,0.0
113091,0,0,0.0
351763,0,0,0.0
352275,0,0,0.0
376053,1,0,0.0
253356,0,0,0.0
426788,1,1,1.0
209064,0,1,1.0
344385,0,0,0.0
447093,0,0,0.0
316814,0,0,0.0
236372,0,0,0.0
450785,0,0,0.0
338039,0,0,0.0
152328,0,0,0.0
375438,0,0,0.0
218567,0,0,0.0
385537,0,0,0.0
292654,0,0,0.0
401909,0,0,0.0
429485,1,0,0.0
349556,0,0,0.0
111952,0,0,0.0
387796,0,0,0.0
416736,0,0,0.0
182849,0,0,0.0
225200,0,0,0.0
196420,1,0,0.0
332287,0,0,0.0
316273,0,0,0.0
169755,0,0,0.0
167014,0,0,0.0
170822,0,0,0.0
168670,0,0,0.0
243442,0,0,0.0
335843,0,0,0.0
344921,0,0,0.0
369856,0,0,0.0
267215,0,0,0.0
126332,0,0,0.0
413842,0,0,0.0
446453,0,0,0.0
274475,0,0,0.0
442173,0,0,0.0
270775,0,0,0.0
310566,0,0,0.0
222127,0,0,0.0
218054,0,0,0.0
417721,0,0,0.0
331442,0,0,0.0
454886,1,0,0.0
412181,1,0,0.0
126453,0,0,0.0
456094,0,0,0.0
189042,0,0,0.0
431960,0,0,0.0
250335,0,0,0.0
323925,0,0,0.0
272355,0,0,0.0
444027,0,1,1.0
315551,1,1,1.0
214834,0,0,0.0
255445,0,0,0.0
344845,0,0,0.0
106163,0,0,0.0
299231,0,0,0.0
227028,0,0,0.0
375267,0,0,0.0
197426,0,0,0.0
331184,0,0,0.0
236497,0,0,0.0
405627,0,0,0.0
304990,0,0,0.0
388846,0,0,0.0
441953,0,0,0.0
430541,0,0,0.0
350103,0,0,0.0
413875,0,0,0.0
211829,0,0,0.0
228775,0,0,0.0
333018,0,0,0.0
231478,0,0,0.0
347885,0,0,0.0
428956,0,0,0.0
253290,0,0,0.0
161639,0,0,0.0
181041,1,0,0.0
437079,0,0,0.0
399804,0,0,0.0
403320,0,0,0.0
299497,0,0,0.0
409951,0,0,0.0
101603,0,0,0.0
288774,0,0,0.0
330787,0,0,0.0
417722,0,0,0.0
181580,0,0,0.0
188101,0,0,0.0
264623,0,0,0.0
409321,0,0,0.0
327113,0,0,0.0
195454,0,0,0.0
380434,0,0,0.0
445288,0,0,0.0
455998,0,0,0.0
228008,0,0,0.0
175529,0,0,0.0
240545,0,0,0.0
174317,0,0,0.0
360649,0,0,0.0
192564,0,0,0.0
314421,0,1,1.0
185630,0,0,0.0
388291,0,0,0.0
239311,0,0,0.0
250624,0,0,0.0
406988,0,0,0.0
134544,0,0,0.0
325517,0,0,0.0
358121,0,0,0.0
178640,0,1,1.0
171155,0,0,0.0
368896,0,0,0.0
434377,0,0,0.0
111977,0,0,0.0
152901,0,0,0.0
328028,0,0,0.0
280227,0,0,0.0
347938,0,0,0.0
417410,1,1,1.0
112348,0,0,0.0
229706,0,0,0.0
453131,1,0,0.0
188011,0,0,0.0
447982,0,0,0.0
408281,0,0,0.0
310079,1,0,0.0
156242,0,0,0.0
243566,0,0,0.0
150737,0,0,0.0
409762,0,0,0.0
327824,0,0,0.0
374325,0,0,0.0
331630,0,0,0.0
133989,0,0,0.0
406746,0,0,0.0
442384,1,0,0.0
279957,0,0,0.0
258569,0,0,0.0
262200,0,0,0.0
334869,0,0,0.0
431501,0,0,0.0
183758,0,0,0.0
427537,0,0,0.0
339869,0,0,0.0
108242,0,0,0.0
248315,0,0,0.0
385217,0,0,0.0
139789,0,0,0.0
346415,0,0,0.0
266419,0,0,0.0
176179,0,0,0.0
372397,0,0,0.0
302635,0,1,1.0
354174,0,0,0.0
293800,0,0,0.0
114452,0,0,0.0
203742,0,1,1.0
316006,0,0,0.0
197701,0,0,0.0
319252,0,1,1.0
158667,0,1,1.0
394741,0,0,0.0
122247,1,0,0.0
326141,0,0,0.0
241766,0,0,0.0
125028,0,0,0.0
187918,0,0,0.0
399139,0,0,0.0
325201,0,0,0.0
124677,0,0,0.0
102675,0,0,0.0
347048,0,0,0.0
189466,0,0,0.0
428171,0,0,0.0
395220,1,0,0.0
341128,0,0,0.0
152318,0,0,0.0
251529,0,0,0.0
241139,0,0,0.0
143465,0,0,0.0
300548,0,0,0.0
307906,0,0,0.0
315315,0,0,0.0
328844,0,0,0.0
211429,0,0,0.0
195190,0,0,0.0
127699,0,0,0.0
250146,0,1,1.0
126508,0,0,0.0
281657,0,1,1.0
208814,0,0,0.0
402960,0,0,0.0
295751,0,0,0.0
387511,0,0,0.0
206281,0,0,0.0
193604,1,0,0.0
139123,0,0,0.0
257880,0,0,0.0
225856,0,0,0.0
418496,0,0,0.0
303290,0,0,0.0
383405,0,0,0.0
195011,0,0,0.0
214026,0,0,0.0
118589,0,0,0.0
113723,0,0,0.0
392560,0,1,1.0
270616,0,0,0.0
212620,0,0,0.0
226786,0,0,0.0
367923,0,0,0.0
181265,0,0,0.0
444012,0,0,0.0
242798,0,0,0.0
429122,0,0,0.0
195380,0,0,0.0
385635,0,0,0.0
319082,0,0,0.0
263390,0,0,0.0
357874,0,0,0.0
142817,0,0,0.0
311967,0,0,0.0
418760,0,0,0.0
171281,0,0,0.0
315472,0,0,0.0
379705,1,0,0.0
177356,0,0,0.0
153103,0,0,0.0
408723,0,0,0.0
428483,0,0,0.0
398349,0,0,0.0
103278,0,0,0.0
167591,1,0,0.0
224272,0,0,0.0
191532,0,0,0.0
401537,0,0,0.0
209528,0,0,0.0
150006,0,0,0.0
275844,0,0,0.0
235586,0,0,0.0
357652,0,0,0.0
122709,0,0,0.0
169215,0,0,0.0
391243,0,0,0.0
318880,1,0,0.0
258522,0,0,0.0
443221,0,0,0.0
448732,0,0,0.0
135864,0,0,0.0
109489,0,0,0.0
158713,0,0,0.0
171743,0,0,0.0
324853,0,0,0.0
352392,0,0,0.0
154133,0,0,0.0
246522,0,0,0.0
120922,0,0,0.0
407173,0,0,0.0
410149,0,1,1.0
165254,0,0,0.0
126705,0,0,0.0
368550,0,0,0.0
421524,0,0,0.0
103251,0,1,1.0
342534,0,0,0.0
375738,0,1,1.0
175933,0,0,0.0
266293,0,0,0.0
427941,0,0,0.0
319891,0,0,0.0
214361,0,0,0.0
213809,0,0,0.0
406486,0,0,0.0
186795,1,1,1.0
120318,0,0,0.0
276601,0,1,1.0
269461,0,1,1.0
356175,0,0,0.0
314656,0,0,0.0
167327,0,0,0.0
316238,0,0,0.0
327856,0,0,0.0
147011,0,0,0.0
169185,0,0,0.0
316972,0,0,0.0
121538,0,0,0.0
266595,0,0,0.0
170779,0,0,0.0
293021,0,0,0.0
247413,1,0,0.0
311809,0,0,0.0
178454,0,0,0.0
448568,1,0,0.0
252293,0,0,0.0
336738,0,0,0.0
364197,0,0,0.0
259086,0,0,0.0
369231,0,0,0.0
223122,0,0,0.0
200307,0,1,1.0
127428,1,0,0.0
412203,0,0,0.0
108610,0,0,0.0
262747,1,0,0.0
416433,0,0,0.0
214387,0,1,1.0
270565,0,0,0.0
346673,0,0,0.0
168948,0,0,0.0
309587,0,0,0.0
105089,0,0,0.0
309630,0,0,0.0
272093,1,0,0.0
283476,0,0,0.0
236171,0,0,0.0
224349,0,0,0.0
272318,1,0,0.0
271111,0,0,0.0
155786,0,0,0.0
399902,0,0,0.0
269264,0,0,0.0
429562,0,1,1.0
299653,0,0,0.0
129522,0,0,0.0
160420,0,0,0.0
300045,0,0,0.0
222816,0,0,0.0
215752,0,1,1.0
266059,0,0,0.0
266435,0,1,1.0
289920,1,0,0.0
401004,0,0,0.0
364850,0,0,0.0
440894,0,0,0.0
355163,0,0,0.0
200255,0,0,0.0
292607,0,0,0.0
125103,0,0,0.0
415508,0,1,1.0
100717,1,0,0.0
100219,0,1,1.0
451599,0,0,0.0
225294,0,0,0.0
344084,0,0,0.0
449507,0,0,0.0
452169,0,0,0.0
265588,0,0,0.0
324082,0,0,0.0
397663,1,0,0.0
136826,0,0,0.0
365688,0,0,0.0
155931,0,0,0.0
322245,0,0,0.0
365860,0,0,0.0
450946,0,0,0.0
292759,0,0,0.0
337580,0,0,0.0
221714,0,0,0.0
107897,0,0,0.0
322534,0,0,0.0
407416,0,0,0.0
136146,0,0,0.0
234406,0,0,0.0
293723,0,0,0.0
181675,0,0,0.0
288863,0,0,0.0
393903,0,0,0.0
350553,0,0,0.0
129589,0,0,0.0
394198,0,0,0.0
126767,0,0,0.0
312118,0,0,0.0
189540,0,0,0.0
220453,0,0,0.0
131143,1,0,0.0
106637,0,0,0.0
443953,0,0,0.0
350316,0,0,0.0
139652,0,0,0.0
149659,0,0,0.0
434476,0,0,0.0
417583,1,0,0.0
204946,0,0,0.0
289180,0,0,0.0
338333,0,0,0.0
353273,0,0,0.0
357780,0,0,0.0
394708,0,0,0.0
300872,0,0,0.0
422643,0,0,0.0
191949,0,1,1.0
441429,0,0,0.0
174745,0,1,1.0
372975,0,0,0.0
377568,0,0,0.0
378828,0,0,0.0
269895,0,0,0.0
332751,0,1,1.0
403516,0,0,0.0
295970,0,0,0.0
150678,0,0,0.0
383595,0,0,0.0
242196,0,0,0.0
286850,0,0,0.0
183516,0,0,0.0
296122,0,0,0.0
240541,1,0,0.0
449958,0,1,1.0
264237,0,0,0.0
377297,0,0,0.0
387529,0,0,0.0
181577,0,0,0.0
313471,1,1,1.0
159181,0,0,0.0
339707,0,0,0.0
176989,0,0,0.0
429002,0,0,0.0
190822,0,0,0.0
253307,0,0,0.0
387379,0,0,0.0
380526,0,0,0.0
271949,0,0,0.0
392607,0,0,0.0
374482,0,1,1.0
173546,0,0,0.0
242843,0,0,0.0
415997,0,0,0.0
133861,0,1,1.0
277950,0,0,0.0
305592,0,0,0.0
357048,0,0,0.0
127900,0,0,0.0
397493,0,0,0.0
190952,0,0,0.0
384370,0,0,0.0
324280,0,0,0.0
185473,0,0,0.0
357887,0,0,0.0
442486,0,0,0.0
160032,0,0,0.0
212219,0,0,0.0
433793,0,0,0.0
442696,0,0,0.0
233472,0,0,0.0
129569,0,0,0.0
128984,0,0,0.0
344355,0,0,0.0
194910,0,0,0.0
275866,0,0,0.0
420131,0,0,0.0
450598,0,0,0.0
207552,0,0,0.0
366510,0,0,0.0
434804,0,0,0.0
328322,0,0,0.0
113758,0,0,0.0
311925,1,0,0.0
260443,0,0,0.0
430516,0,0,0.0
322470,0,0,0.0
355279,0,0,0.0
234602,0,0,0.0
339405,0,0,0.0
373478,0,0,0.0
340259,0,0,0.0
201578,0,1,1.0
451506,0,0,0.0
150066,0,0,0.0
189720,1,0,0.0
142129,0,0,0.0
254079,0,0,0.0
279220,0,0,0.0
252591,0,0,0.0
257034,0,0,0.0
354141,0,0,0.0
395977,0,0,0.0
312500,0,0,0.0
164289,0,0,0.0
268673,0,0,0.0
333315,0,0,0.0
326726,0,0,0.0
408583,0,1,1.0
324960,1,0,0.0
377402,0,0,0.0
313449,0,0,0.0
243338,0,0,0.0
208913,0,0,0.0
365865,0,0,0.0
242705,0,0,0.0
322399,1,0,0.0
165033,0,0,0.0
131147,1,1,1.0
252975,0,0,0.0
235725,0,0,0.0
383377,0,0,0.0
275397,0,0,0.0
456080,0,0,0.0
154769,0,0,0.0
198276,0,0,0.0
224920,1,0,0.0
136315,0,0,0.0
155167,0,0,0.0
281804,0,0,0.0
360851,0,0,0.0
138734,0,1,1.0
225064,0,0,0.0
184128,0,0,0.0
283121,0,0,0.0
133403,0,0,0.0
358555,0,0,0.0
229650,0,1,1.0
229327,0,1,1.0
235822,0,0,0.0
401914,0,0,0.0
370975,0,0,0.0
170046,0,0,0.0
336924,0,1,1.0
239219,0,0,0.0
136702,0,0,0.0
446725,0,0,0.0
447201,0,0,0.0
271918,0,0,0.0
126379,1,1,1.0
320868,0,0,0.0
434044,0,0,0.0
268653,0,0,0.0
130601,0,1,1.0
193637,0,0,0.0
144679,0,0,0.0
100414,0,0,0.0
289287,1,0,0.0
309506,0,0,0.0
201765,0,0,0.0
417658,0,0,0.0
364527,0,0,0.0
412339,0,0,0.0
235440,0,0,0.0
209009,0,1,1.0
257468,0,1,1.0
316148,0,1,1.0
142365,0,0,0.0
351938,0,0,0.0
227022,0,0,0.0
329193,0,0,0.0
418057,0,0,0.0
100513,0,0,0.0
165604,0,0,0.0
135556,0,1,1.0
108439,0,0,0.0
278889,0,0,0.0
298255,0,0,0.0
161831,1,0,0.0
131521,0,0,0.0
194040,1,0,0.0
123120,0,0,0.0
350022,1,0,0.0
215839,0,0,0.0
279833,1,0,0.0
186239,0,0,0.0
411134,0,0,0.0
433919,0,0,0.0
208700,0,0,0.0
277968,0,0,0.0
192286,0,0,0.0
217312,1,0,0.0
125511,0,0,0.0
177990,0,0,0.0
286230,0,0,0.0
376993,0,0,0.0
131190,0,0,0.0
381050,0,0,0.0
188853,0,0,0.0
146914,0,1,1.0
254975,0,0,0.0
283616,0,0,0.0
159905,0,0,0.0
349097,0,0,0.0
286849,0,0,0.0
333634,0,0,0.0
376253,0,0,0.0
309833,1,0,0.0
379557,1,0,0.0
351349,0,0,0.0
317328,0,0,0.0
427463,0,0,0.0
391477,1,0,0.0
200005,0,0,0.0
211865,0,0,0.0
425137,0,0,0.0
112115,1,0,0.0
446108,1,0,0.0
253682,0,0,0.0
324800,0,0,0.0
310853,0,0,0.0
172235,0,0,0.0
247132,0,0,0.0
177903,0,0,0.0
392182,0,0,0.0
155762,0,0,0.0
303207,0,0,0.0
114472,0,0,0.0
454354,0,0,0.0
298280,0,0,0.0
229965,1,0,0.0
311768,0,0,0.0
403819,0,0,0.0
288125,0,0,0.0
440771,0,0,0.0
231121,0,0,0.0
109011,0,0,0.0
161659,1,0,0.0
156246,0,0,0.0
105573,0,0,0.0
399594,0,0,0.0
132712,0,1,1.0
196003,0,0,0.0
142220,0,0,0.0
106144,0,0,0.0
359714,0,0,0.0
316887,0,0,0.0
265926,0,0,0.0
431602,0,0,0.0
413067,1,0,0.0
275104,0,0,0.0
263717,0,0,0.0
397412,1,0,0.0
317523,1,0,0.0
172978,0,0,0.0
148783,0,0,0.0
145490,0,0,0.0
259033,1,0,0.0
376882,0,0,0.0
130343,0,0,0.0
425265,0,0,0.0
378148,0,0,0.0
256596,0,0,0.0
305691,0,0,0.0
209455,0,0,0.0
246771,0,0,0.0
316791,0,0,0.0
451307,1,0,0.0
264139,0,0,0.0
291978,0,1,1.0
439721,0,0,0.0
104434,0,0,0.0
178862,0,0,0.0
180520,0,0,0.0
413080,0,0,0.0
356466,1,0,0.0
369619,0,0,0.0
128434,0,0,0.0
116418,0,1,1.0
199543,0,0,0.0
350410,0,0,0.0
106793,0,0,0.0
130470,0,0,0.0
325130,0,0,0.0
405268,0,0,0.0
246226,0,0,0.0
369354,1,1,1.0
358930,0,0,0.0
149089,0,0,0.0
154174,0,0,0.0
343908,1,0,0.0
103388,0,0,0.0
378641,0,0,0.0
141230,0,0,0.0
332216,0,0,0.0
377329,0,0,0.0
434865,0,0,0.0
265088,0,0,0.0
115191,1,1,1.0
449644,0,0,0.0
123824,0,0,0.0
217412,0,0,0.0
420806,0,0,0.0
453542,0,0,0.0
247337,0,0,0.0
279832,0,0,0.0
279131,0,0,0.0
118637,0,0,0.0
139537,1,0,0.0
277829,0,0,0.0
416168,1,1,1.0
315299,0,0,0.0
354121,0,0,0.0
213040,0,0,0.0
309167,0,0,0.0
174401,0,0,0.0
158479,0,0,0.0
319965,1,0,0.0
151728,1,0,0.0
119357,1,1,1.0
351646,0,0,0.0
162001,0,0,0.0
171300,0,0,0.0
320926,0,0,0.0
115314,0,0,0.0
379249,0,0,0.0
202877,0,0,0.0
433718,0,0,0.0
193413,0,0,0.0
194617,0,0,0.0
237602,0,0,0.0
254504,0,0,0.0
283451,0,0,0.0
281714,0,0,0.0
220218,0,0,0.0
355291,1,0,0.0
202624,0,0,0.0
293408,0,0,0.0
435189,0,0,0.0
318962,0,0,0.0
395038,0,0,0.0
207032,0,0,0.0
304342,1,0,0.0
271615,0,0,0.0
212649,0,0,0.0
274020,0,0,0.0
275856,0,0,0.0
387265,0,0,0.0
153367,0,0,0.0
335364,0,0,0.0
344917,0,0,0.0
395155,0,0,0.0
364860,0,0,0.0
185541,0,0,0.0
242283,0,0,0.0
180673,0,0,0.0
437117,0,0,0.0
128204,0,0,0.0
237174,0,0,0.0
107147,0,0,0.0
229161,0,0,0.0
120919,0,0,0.0
104933,0,0,0.0
219413,1,0,0.0
362401,0,0,0.0
218942,0,0,0.0
227182,0,0,0.0
363899,0,1,1.0
429975,0,0,0.0
337032,0,0,0.0
448902,0,0,0.0
311599,0,0,0.0
245985,0,0,0.0
375747,0,0,0.0
153461,0,0,0.0
220830,1,1,1.0
308329,0,0,0.0
109789,0,0,0.0
327576,0,0,0.0
316566,0,0,0.0
350597,1,1,1.0
113218,0,0,0.0
144628,0,0,0.0
129118,0,0,0.0
272250,0,0,0.0
322680,0,0,0.0
377969,0,0,0.0
248223,0,0,0.0
259182,0,0,0.0
354303,0,0,0.0
143818,0,0,0.0
361598,0,0,0.0
341185,0,1,1.0
427028,0,0,0.0
448767,0,0,0.0
239361,1,0,0.0
355751,0,0,0.0
275140,0,0,0.0
231040,0,0,0.0
226863,0,0,0.0
267585,0,0,0.0
363526,0,0,0.0
192987,1,0,0.0
271009,0,0,0.0
442397,0,0,0.0
189812,0,0,0.0
349668,0,0,0.0
449504,0,0,0.0
392834,0,0,0.0
109051,0,0,0.0
164858,0,0,0.0
258063,0,0,0.0
396688,0,0,0.0
305534,0,0,0.0
264265,0,0,0.0
325216,0,0,0.0
415442,0,0,0.0
235135,0,0,0.0
362486,0,0,0.0
181283,0,0,0.0
106918,0,0,0.0
451883,0,1,1.0
324996,0,0,0.0
236770,0,1,1.0
107640,0,0,0.0
448613,0,1,1.0
315527,0,0,0.0
116897,0,0,0.0
370459,0,0,0.0
272866,0,0,0.0
144719,1,0,0.0
188046,0,0,0.0
138768,0,0,0.0
396827,0,0,0.0
405144,0,0,0.0
350866,0,0,0.0
341832,0,0,0.0
158445,0,0,0.0
131650,0,0,0.0
293082,1,0,0.0
117844,0,1,1.0
118984,1,0,0.0
414405,0,0,0.0
233161,0,0,0.0
236757,0,0,0.0
220459,0,0,0.0
248278,0,0,0.0
216249,0,0,0.0
406570,0,0,0.0
292714,1,0,0.0
338982,1,0,0.0
116967,0,0,0.0
277468,0,0,0.0
329614,0,0,0.0
388433,0,0,0.0
112493,0,0,0.0
102004,0,0,0.0
213266,0,0,0.0
391195,0,0,0.0
355103,0,1,1.0
259278,0,0,0.0
120966,0,0,0.0
436879,0,0,0.0
140657,0,0,0.0
394890,0,0,0.0
357533,0,0,0.0
230243,0,0,0.0
120386,0,0,0.0
324609,0,0,0.0
423413,0,1,1.0
246535,0,0,0.0
229471,0,0,0.0
153414,0,0,0.0
124444,0,0,0.0
141357,0,0,0.0
344034,0,0,0.0
311718,0,0,0.0
190971,0,0,0.0
354543,0,0,0.0
376814,0,0,0.0
148018,0,0,0.0
423204,0,0,0.0
422122,0,0,0.0
329505,0,0,0.0
197266,0,0,0.0
427566,0,0,0.0
182059,0,0,0.0
174151,0,0,0.0
279453,0,0,0.0
163776,0,0,0.0
342780,0,1,1.0
158622,0,0,0.0
122372,0,0,0.0
210874,0,0,0.0
103282,0,0,0.0
183121,1,1,1.0
391884,0,0,0.0
174248,0,1,1.0
440294,0,0,0.0
441462,0,0,0.0
372960,0,0,0.0
112264,0,0,0.0
421593,0,0,0.0
201783,0,0,0.0
298220,0,0,0.0
129455,0,0,0.0
137095,0,0,0.0
283712,0,0,0.0
363240,0,0,0.0
440588,0,0,0.0
137567,0,0,0.0
441900,0,0,0.0
220762,0,0,0.0
256455,0,0,0.0
357141,0,0,0.0
347844,1,0,0.0
415871,0,0,0.0
152178,0,0,0.0
400560,0,0,0.0
157249,0,0,0.0
238317,0,0,0.0
294655,0,0,0.0
264529,0,0,0.0
343129,0,0,0.0
245305,0,0,0.0
108752,1,1,1.0
261591,0,0,0.0
355258,0,0,0.0
274816,0,0,0.0
201707,0,0,0.0
370118,1,0,0.0
361784,0,0,0.0
208135,0,0,0.0
365709,0,0,0.0
110675,0,0,0.0
313677,0,0,0.0
248640,0,0,0.0
452983,0,0,0.0
320827,0,0,0.0
276711,0,0,0.0
377875,0,0,0.0
240021,0,0,0.0
191513,0,0,0.0
394766,0,0,0.0
283902,1,0,0.0
214520,0,0,0.0
411110,0,0,0.0
235350,0,0,0.0
402303,0,0,0.0
223664,0,1,1.0
274149,1,0,0.0
276609,0,0,0.0
210323,0,0,0.0
442309,0,0,0.0
373379,1,0,0.0
274320,0,0,0.0
124952,0,0,0.0
141002,0,0,0.0
333565,0,0,0.0
403583,0,0,0.0
195550,0,0,0.0
430893,0,0,0.0
406203,0,1,1.0
240040,0,0,0.0
125586,0,0,0.0
406362,0,1,1.0
339010,0,1,1.0
308482,0,0,0.0
336438,0,0,0.0
429248,1,0,0.0
435319,0,0,0.0
276685,0,0,0.0
285135,0,0,0.0
285194,0,0,0.0
105944,0,0,0.0
108198,0,0,0.0
192295,0,0,0.0
214873,0,0,0.0
193969,0,1,1.0
167662,0,0,0.0
413670,0,0,0.0
187174,0,0,0.0
292972,0,0,0.0
406884,0,0,0.0
224796,0,0,0.0
253941,0,0,0.0
159342,0,0,0.0
173708,1,1,1.0
276756,0,1,1.0
258316,1,0,0.0
180168,0,1,1.0
289619,0,0,0.0
302520,0,0,0.0
330594,0,0,0.0
398774,0,0,0.0
343633,0,1,1.0
150540,0,0,0.0
289221,0,0,0.0
306110,0,0,0.0
211485,0,0,0.0
131012,0,0,0.0
399608,0,0,0.0
162294,0,0,0.0
218755,0,0,0.0
391372,0,0,0.0
191563,0,0,0.0
170120,0,1,1.0
425787,0,0,0.0
184088,0,0,0.0
196229,0,1,1.0
432895,0,0,0.0
288253,0,0,0.0
350029,0,0,0.0
299232,1,0,0.0
281853,0,0,0.0
333401,0,0,0.0
389318,0,0,0.0
284780,0,0,0.0
175262,0,1,1.0
270218,0,0,0.0
112380,0,0,0.0
427456,0,0,0.0
453710,0,1,1.0
362936,0,0,0.0
237492,0,1,1.0
362037,0,0,0.0
326892,0,0,0.0
147647,0,0,0.0
167382,0,0,0.0
242160,0,0,0.0
323415,0,0,0.0
259145,0,1,1.0
128698,0,0,0.0
340942,0,0,0.0
319675,0,0,0.0
143507,0,0,0.0
294596,0,0,0.0
137840,0,0,0.0
104722,0,0,0.0
429507,0,0,0.0
199430,0,0,0.0
141716,0,0,0.0
440409,0,0,0.0
192405,0,0,0.0
432638,0,0,0.0
274584,0,0,0.0
356197,0,0,0.0
371441,0,0,0.0
106236,0,0,0.0
320814,0,0,0.0
388603,0,0,0.0
408237,1,0,0.0
224815,0,0,0.0
119296,0,0,0.0
325743,0,0,0.0
161166,0,0,0.0
144750,0,0,0.0
384613,0,0,0.0
325629,0,0,0.0
164557,0,0,0.0
441551,0,0,0.0
145920,0,0,0.0
417557,0,0,0.0
424420,0,0,0.0
256031,0,0,0.0
302426,0,0,0.0
271800,0,0,0.0
226060,0,0,0.0
187361,0,0,0.0
428332,1,0,0.0
371382,0,0,0.0
410012,0,0,0.0
124590,0,0,0.0
263873,0,0,0.0
241661,0,0,0.0
378596,0,0,0.0
394516,0,0,0.0
224803,0,0,0.0
205534,0,0,0.0
106480,0,0,0.0
342930,0,0,0.0
287901,0,1,1.0
125532,0,0,0.0
428486,1,0,0.0
271585,0,0,0.0
272003,0,0,0.0
223953,0,0,0.0
258853,0,0,0.0
206845,0,0,0.0
187635,0,0,0.0
132519,0,0,0.0
215052,0,0,0.0
208324,0,0,0.0
289314,0,0,0.0
335708,0,0,0.0
349400,0,0,0.0
411858,0,0,0.0
395578,0,0,0.0
378242,0,0,0.0
212259,0,0,0.0
399547,0,0,0.0
156762,0,0,0.0
373253,0,0,0.0
140926,0,0,0.0
349043,0,0,0.0
233225,0,0,0.0
177948,0,0,0.0
269212,0,0,0.0
345602,0,0,0.0
233492,0,0,0.0
441150,0,0,0.0
448232,0,0,0.0
121253,0,0,0.0
279973,0,0,0.0
232459,0,0,0.0
272894,0,0,0.0
189642,0,0,0.0
120116,0,0,0.0
287174,0,0,0.0
103873,0,0,0.0
445057,1,0,0.0
339006,0,0,0.0
359339,1,0,0.0
320758,0,0,0.0
361047,0,0,0.0
224952,0,0,0.0
215160,0,0,0.0
161463,0,0,0.0
212733,0,0,0.0
111653,0,0,0.0
421239,0,0,0.0
321130,0,0,0.0
329469,0,0,0.0
234117,0,0,0.0
340879,0,0,0.0
343485,0,0,0.0
407497,0,0,0.0
116573,0,0,0.0
427233,1,0,0.0
451467,0,0,0.0
422516,0,0,0.0
258629,0,0,0.0
298273,0,0,0.0
103727,0,0,0.0
136974,1,1,1.0
217997,0,0,0.0
199178,0,1,1.0
444092,0,0,0.0
242885,0,0,0.0
188843,0,0,0.0
415564,0,0,0.0
157230,0,0,0.0
175093,1,0,0.0
375915,0,0,0.0
304362,0,0,0.0
247762,0,0,0.0
165432,0,1,1.0
166314,0,0,0.0
398362,0,0,0.0
328614,0,1,1.0
441305,0,0,0.0
176546,0,0,0.0
180988,0,0,0.0
455352,1,0,0.0
169161,0,0,0.0
386922,1,0,0.0
442229,0,0,0.0
376438,0,0,0.0
266066,0,1,1.0
225112,0,0,0.0
221060,1,0,0.0
424411,0,0,0.0
418884,0,0,0.0
309109,0,0,0.0
382794,0,0,0.0
447379,0,0,0.0
292931,0,0,0.0
265411,0,0,0.0
328062,0,0,0.0
213879,1,0,0.0
378360,0,0,0.0
442345,0,0,0.0
372490,0,0,0.0
172096,0,0,0.0
305785,0,0,0.0
309315,0,0,0.0
398399,0,0,0.0
251014,0,0,0.0
233210,0,0,0.0
330440,0,1,1.0
183975,0,0,0.0
372073,0,0,0.0
106399,0,0,0.0
378413,0,0,0.0
305996,0,0,0.0
380106,0,0,0.0
252610,0,0,0.0
288720,0,0,0.0
113525,0,0,0.0
329074,0,0,0.0
145331,0,0,0.0
251650,1,0,0.0
284743,0,0,0.0
223768,0,0,0.0
266170,0,0,0.0
111399,0,1,1.0
397792,0,0,0.0
353522,0,0,0.0
101139,0,0,0.0
430113,0,0,0.0
223189,0,0,0.0
368312,0,0,0.0
426505,0,1,1.0
283382,0,0,0.0
291257,0,0,0.0
318789,0,0,0.0
235152,0,0,0.0
360086,0,1,1.0
182221,0,0,0.0
112708,0,0,0.0
140937,0,0,0.0
179422,0,0,0.0
326193,0,0,0.0
167535,0,0,0.0
220252,0,0,0.0
165213,0,0,0.0
104526,0,0,0.0
210882,1,0,0.0
186515,0,0,0.0
241633,0,0,0.0
188480,0,0,0.0
424569,0,0,0.0
391447,0,0,0.0
115305,0,0,0.0
126157,0,0,0.0
381658,0,0,0.0
415985,0,0,0.0
320872,0,0,0.0
154294,0,0,0.0
190393,0,0,0.0
158400,1,0,0.0
197968,0,0,0.0
254476,0,0,0.0
406148,0,0,0.0
347012,1,0,0.0
183497,0,0,0.0
117589,0,0,0.0
125568,0,0,0.0
270544,0,0,0.0
306847,0,0,0.0
431237,0,0,0.0
298830,0,0,0.0
440482,0,0,0.0
277171,0,0,0.0
428275,0,0,0.0
169050,0,0,0.0
149953,1,0,0.0
441542,1,1,1.0
301457,1,0,0.0
222130,0,1,1.0
397569,0,0,0.0
187647,0,0,0.0
110571,0,0,0.0
184064,0,0,0.0
139022,0,0,0.0
225337,0,0,0.0
123820,0,0,0.0
333397,0,0,0.0
441194,0,0,0.0
281443,0,1,1.0
451415,0,0,0.0
271619,1,0,0.0
209498,0,0,0.0
211995,0,0,0.0
422876,0,0,0.0
271465,0,0,0.0
184835,0,0,0.0
281610,0,0,0.0
142776,0,0,0.0
265494,0,0,0.0
357256,0,0,0.0
395779,0,0,0.0
234886,0,0,0.0
370163,0,1,1.0
252850,1,0,0.0
147398,0,0,0.0
439636,0,0,0.0
449643,0,0,0.0
328359,0,1,1.0
272279,0,0,0.0
126641,0,0,0.0
184771,0,0,0.0
390775,0,0,0.0
246407,0,0,0.0
392192,0,0,0.0
348338,0,0,0.0
346471,0,0,0.0
103375,0,0,0.0
109899,0,0,0.0
149117,0,0,0.0
146612,0,0,0.0
352917,0,0,0.0
335656,0,0,0.0
159786,0,0,0.0
437590,0,0,0.0
239802,0,0,0.0
409708,1,1,1.0
244011,0,1,1.0
142474,1,0,0.0
273173,0,0,0.0
217670,0,0,0.0
206532,0,0,0.0
324332,0,0,0.0
129098,0,1,1.0
392718,0,0,0.0
227767,0,0,0.0
201687,0,0,0.0
355824,0,0,0.0
349032,1,0,0.0
284523,0,0,0.0
216451,0,1,1.0
177144,0,0,0.0
166950,0,0,0.0
419846,0,0,0.0
243758,0,0,0.0
289722,1,0,0.0
139162,0,0,0.0
340001,0,0,0.0
390681,1,0,0.0
112803,0,0,0.0
196590,0,0,0.0
123689,0,0,0.0
143581,0,0,0.0
157640,0,0,0.0
220483,0,0,0.0
330889,0,1,1.0
373707,0,0,0.0
300628,0,0,0.0
219946,0,0,0.0
394442,1,0,0.0
316598,0,0,0.0
341238,0,0,0.0
256175,0,0,0.0
389873,1,0,0.0
355005,0,0,0.0
427022,0,0,0.0
236826,0,1,1.0
445153,0,0,0.0
400233,0,0,0.0
278515,0,0,0.0
196460,0,0,0.0
185747,0,0,0.0
147760,0,1,1.0
149195,0,0,0.0
393899,0,0,0.0
307430,0,1,1.0
359802,0,0,0.0
248684,0,0,0.0
138043,0,1,1.0
167033,0,0,0.0
412062,0,0,0.0
243707,0,0,0.0
216806,0,0,0.0
387637,0,0,0.0
374603,0,0,0.0
306529,0,0,0.0
279218,0,0,0.0
127610,0,0,0.0
292044,0,0,0.0
408778,0,0,0.0
151138,0,0,0.0
403540,0,0,0.0
436826,0,0,0.0
341769,0,0,0.0
284822,0,0,0.0
235264,0,1,1.0
326401,1,1,1.0
415562,0,0,0.0
364935,1,0,0.0
221832,0,0,0.0
351731,1,0,0.0
380370,0,0,0.0
171637,0,0,0.0
338401,0,0,0.0
361048,0,0,0.0
130511,0,0,0.0
262334,0,0,0.0
231388,0,0,0.0
212792,1,0,0.0
176291,0,0,0.0
248994,0,0,0.0
311330,0,0,0.0
378226,0,0,0.0
367022,1,0,0.0
176523,0,0,0.0
261756,0,0,0.0
429487,0,0,0.0
438232,0,0,0.0
212316,0,0,0.0
312483,0,0,0.0
345895,0,0,0.0
317706,0,0,0.0
278756,0,1,1.0
370532,1,0,0.0
278150,0,0,0.0
328345,0,1,1.0
283901,1,0,0.0
127068,0,0,0.0
163146,0,0,0.0
199380,0,0,0.0
276329,0,0,0.0
175197,1,0,0.0
363160,0,0,0.0
319461,0,0,0.0
443679,0,0,0.0
369204,0,0,0.0
201125,0,0,0.0
310109,0,0,0.0
400238,0,0,0.0
338686,0,0,0.0
132976,1,0,0.0
116979,0,0,0.0
315585,0,0,0.0
238763,0,0,0.0
285535,0,0,0.0
381117,1,1,1.0
365847,0,0,0.0
162265,0,1,1.0
216639,0,0,0.0
379174,0,0,0.0
215015,0,0,0.0
359930,0,0,0.0
220548,0,0,0.0
313477,0,0,0.0
123857,1,0,0.0
422108,0,0,0.0
410985,0,0,0.0
261962,0,0,0.0
336070,1,0,0.0
352627,0,0,0.0
405345,0,0,0.0
159273,0,0,0.0
291538,0,0,0.0
184993,0,0,0.0
184805,1,0,0.0
385718,0,0,0.0
288966,0,0,0.0
342791,0,0,0.0
299469,1,0,0.0
184042,0,0,0.0
369031,0,0,0.0
292666,0,0,0.0
227695,0,0,0.0
212398,0,0,0.0
426169,0,0,0.0
132601,0,0,0.0
224921,0,0,0.0
157431,1,0,0.0
450600,0,0,0.0
394425,1,0,0.0
343548,0,0,0.0
445959,1,0,0.0
382837,0,0,0.0
302809,0,0,0.0
182844,0,0,0.0
357378,1,1,1.0
404361,0,0,0.0
364735,0,0,0.0
139975,0,0,0.0
170360,0,0,0.0
130987,0,0,0.0
213875,0,0,0.0
295752,0,0,0.0
198376,0,0,0.0
418200,0,0,0.0
311701,0,0,0.0
390264,0,0,0.0
282732,0,0,0.0
333727,0,0,0.0
111852,0,0,0.0
318489,0,0,0.0
266278,0,0,0.0
416260,0,0,0.0
378943,0,0,0.0
245574,0,0,0.0
426558,0,0,0.0
113357,0,0,0.0
299604,0,0,0.0
248463,0,0,0.0
137333,0,1,1.0
312474,0,1,1.0
176727,0,0,0.0
243932,0,0,0.0
349078,0,1,1.0
267386,0,0,0.0
343178,1,0,0.0
252110,0,0,0.0
416011,0,0,0.0
224447,0,0,0.0
141053,0,1,1.0
445750,0,0,0.0
327201,0,0,0.0
143379,0,0,0.0
125942,0,0,0.0
265823,0,0,0.0
326949,0,0,0.0
332103,0,0,0.0
388502,0,0,0.0
204266,0,0,0.0
275474,1,0,0.0
191072,0,0,0.0
410138,0,0,0.0
433214,0,1,1.0
244716,0,0,0.0
110017,0,0,0.0
122182,0,0,0.0
136461,0,1,1.0
180093,0,0,0.0
316640,0,0,0.0
230280,0,0,0.0
222025,0,0,0.0
138402,0,0,0.0
124044,1,0,0.0
109986,0,0,0.0
384896,0,0,0.0
127604,0,1,1.0
261406,0,0,0.0
278167,0,0,0.0
250525,0,0,0.0
413149,0,0,0.0
364101,0,0,0.0
201094,0,0,0.0
432147,1,0,0.0
101094,0,0,0.0
284819,0,1,1.0
397022,0,0,0.0
141435,0,1,1.0
141381,0,0,0.0
447277,0,0,0.0
449675,0,0,0.0
169730,0,0,0.0
377885,0,0,0.0
212147,0,0,0.0
351595,0,0,0.0
143110,0,0,0.0
146383,0,0,0.0
433646,0,0,0.0
184151,1,0,0.0
398425,0,0,0.0
414393,0,0,0.0
358185,0,0,0.0
123813,1,0,0.0
356247,0,0,0.0
418778,0,1,1.0
390968,0,0,0.0
137161,0,1,1.0
363528,0,0,0.0
387835,0,0,0.0
217524,0,0,0.0
222380,0,0,0.0
344902,0,0,0.0
314816,0,0,0.0
415387,0,0,0.0
277076,0,0,0.0
137471,1,1,1.0
376731,0,0,0.0
403256,0,0,0.0
238837,0,0,0.0
115663,0,0,0.0
241550,0,0,0.0
211486,0,0,0.0
315770,1,0,0.0
186298,0,1,1.0
116724,1,1,1.0
154821,0,0,0.0
334993,0,0,0.0
371481,0,0,0.0
248007,0,0,0.0
111603,0,0,0.0
201115,0,0,0.0
277035,0,0,0.0
232219,0,0,0.0
279256,0,0,0.0
389036,0,0,0.0
421928,0,0,0.0
152672,0,0,0.0
416594,0,0,0.0
246069,0,0,0.0
282682,0,0,0.0
376857,0,0,0.0
223858,0,0,0.0
281986,0,0,0.0
119519,0,0,0.0
213823,0,0,0.0
259077,0,0,0.0
181118,0,0,0.0
404498,1,1,1.0
256861,0,0,0.0
115918,0,0,0.0
383251,0,0,0.0
205691,0,0,0.0
103081,0,0,0.0
217061,0,0,0.0
345664,0,0,0.0
314964,0,0,0.0
379837,0,0,0.0
124611,0,0,0.0
419732,0,1,1.0
452173,0,0,0.0
425520,0,0,0.0
215804,0,0,0.0
191565,0,0,0.0
288776,0,0,0.0
169065,0,0,0.0
271067,0,1,1.0
238088,0,0,0.0
207385,0,0,0.0
441048,0,1,1.0
313872,0,0,0.0
281058,0,0,0.0
265050,0,0,0.0
285816,0,0,0.0
175748,0,0,0.0
333736,0,1,1.0
439094,0,0,0.0
203948,0,0,0.0
380464,0,0,0.0
300211,0,0,0.0
449309,0,0,0.0
443656,0,0,0.0
405017,1,0,0.0
452976,0,0,0.0
225996,0,0,0.0
215755,0,0,0.0
433114,0,0,0.0
388336,0,0,0.0
407174,0,0,0.0
313301,0,0,0.0
453580,0,0,0.0
326272,0,0,0.0
269395,0,0,0.0
435971,0,1,1.0
165568,0,0,0.0
303392,0,0,0.0
109845,0,0,0.0
245563,0,0,0.0
379055,0,0,0.0
385342,0,1,1.0
138606,0,0,0.0
125870,1,1,1.0
161116,0,0,0.0
257481,0,0,0.0
337981,0,0,0.0
263079,0,0,0.0
296370,0,0,0.0
420064,0,0,0.0
353309,0,0,0.0
229287,0,0,0.0
272145,0,0,0.0
434416,0,0,0.0
305851,0,0,0.0
315018,0,0,0.0
323752,1,0,0.0
402877,0,0,0.0
256124,0,0,0.0
295113,0,0,0.0
119641,0,1,1.0
147599,0,0,0.0
219963,0,0,0.0
340723,0,0,0.0
281518,0,0,0.0
255437,0,0,0.0
218027,0,0,0.0
156944,0,0,0.0
162632,0,0,0.0
293577,0,0,0.0
175141,0,1,1.0
216518,0,1,1.0
185929,0,0,0.0
395272,0,0,0.0
260996,0,0,0.0
397996,0,0,0.0
112558,0,0,0.0
143039,0,0,0.0
128360,0,0,0.0
242261,0,0,0.0
444648,0,0,0.0
149294,0,0,0.0
453116,0,0,0.0
360978,0,0,0.0
386710,0,1,1.0
189266,0,0,0.0
391497,0,0,0.0
323452,0,0,0.0
157473,1,0,0.0
316739,0,0,0.0
186071,0,0,0.0
282422,0,0,0.0
272144,0,1,1.0
150342,0,0,0.0
321838,0,0,0.0
245561,0,0,0.0
421135,0,0,0.0
160764,0,0,0.0
338100,0,0,0.0
105102,0,0,0.0
386598,0,1,1.0
283573,0,0,0.0
115620,0,0,0.0
337752,0,0,0.0
426729,0,0,0.0
236801,0,0,0.0
377900,0,0,0.0
339747,0,1,1.0
305847,0,0,0.0
339169,0,0,0.0
236578,0,0,0.0
151064,0,0,0.0
380867,0,0,0.0
371184,1,1,1.0
322884,0,0,0.0
413118,0,0,0.0
258213,0,0,0.0
202160,0,0,0.0
353134,0,0,0.0
117761,0,0,0.0
213782,0,0,0.0
150990,0,0,0.0
281413,0,1,1.0
454817,0,0,0.0
166796,0,0,0.0
234413,0,0,0.0
206381,0,0,0.0
115163,0,0,0.0
267358,0,0,0.0
334582,0,0,0.0
385638,0,0,0.0
176321,0,0,0.0
406774,0,0,0.0
444292,0,1,1.0
442802,1,0,0.0
325317,0,0,0.0
106020,0,0,0.0
124753,0,0,0.0
226444,0,0,0.0
321103,0,0,0.0
257539,1,1,1.0
366509,0,0,0.0
328496,0,0,0.0
120091,0,0,0.0
323516,0,1,1.0
272260,0,0,0.0
212878,0,0,0.0
431266,0,0,0.0
385841,0,0,0.0
331631,0,0,0.0
160334,0,0,0.0
290255,0,0,0.0
426029,0,1,1.0
116532,0,0,0.0
218946,0,0,0.0
378440,0,0,0.0
111656,1,0,0.0
230130,0,0,0.0
249584,0,0,0.0
268639,0,0,0.0
285489,0,0,0.0
220958,0,0,0.0
322816,0,0,0.0
233551,0,1,1.0
193199,0,0,0.0
120323,0,0,0.0
177852,0,0,0.0
298954,0,0,0.0
360293,0,0,0.0
335781,0,0,0.0
344984,0,0,0.0
296983,0,0,0.0
409471,0,0,0.0
424233,0,0,0.0
287020,0,0,0.0
393083,0,0,0.0
128705,0,0,0.0
406387,1,0,0.0
145024,1,0,0.0
320028,1,0,0.0
256391,0,0,0.0
445058,0,0,0.0
267541,0,0,0.0
202506,0,0,0.0
246916,0,1,1.0
178932,0,0,0.0
375635,0,0,0.0
204475,0,0,0.0
388882,0,0,0.0
316274,0,0,0.0
216491,0,0,0.0
207525,0,0,0.0
311684,0,0,0.0
332625,0,0,0.0
187563,0,1,1.0
251342,0,0,0.0
230337,1,0,0.0
357029,0,0,0.0
351359,0,0,0.0
147999,0,0,0.0
102681,1,0,0.0
174408,0,0,0.0
254528,0,0,0.0
121871,1,0,0.0
447657,0,0,0.0
239805,0,0,0.0
441774,0,0,0.0
169564,0,0,0.0
394469,0,0,0.0
135550,0,0,0.0
128540,0,0,0.0
299839,0,0,0.0
451839,0,0,0.0
259837,0,0,0.0
240976,0,0,0.0
395263,1,1,1.0
386411,0,0,0.0
255387,0,0,0.0
188621,0,0,0.0
181846,0,0,0.0
379663,0,0,0.0
445158,0,0,0.0
159070,0,0,0.0
217553,0,0,0.0
388452,0,0,0.0
253048,0,0,0.0
401361,0,0,0.0
343769,0,0,0.0
156924,0,0,0.0
218437,0,0,0.0
408939,0,0,0.0
157532,0,0,0.0
344425,1,0,0.0
318189,0,0,0.0
225829,1,0,0.0
169338,0,0,0.0
245674,1,0,0.0
219647,0,1,1.0
165820,0,0,0.0
382198,0,0,0.0
284282,0,0,0.0
328649,0,0,0.0
251264,0,0,0.0
402294,0,0,0.0
188781,0,0,0.0
327547,0,0,0.0
308832,0,0,0.0
265037,0,0,0.0
163248,0,0,0.0
452366,1,0,0.0
346120,0,1,1.0
322952,0,0,0.0
353587,0,0,0.0
125324,0,0,0.0
417794,0,0,0.0
447597,1,0,0.0
291128,0,0,0.0
191838,0,0,0.0
153803,0,0,0.0
392932,0,1,1.0
130455,0,0,0.0
372860,0,0,0.0
379546,0,0,0.0
407714,0,0,0.0
413276,0,0,0.0
153936,0,0,0.0
131041,0,0,0.0
271121,0,0,0.0
264454,0,0,0.0
251891,0,0,0.0
216791,0,0,0.0
231520,0,0,0.0
419919,0,0,0.0
199381,0,0,0.0
365937,0,1,1.0
127194,1,0,0.0
385583,0,1,1.0
167439,0,0,0.0
304076,1,0,0.0
297530,0,0,0.0
233876,0,1,1.0
410631,0,0,0.0
280827,0,0,0.0
102045,0,0,0.0
289205,0,0,0.0
106465,0,0,0.0
196373,0,0,0.0
418996,0,0,0.0
335782,1,0,0.0
155029,0,0,0.0
364754,0,0,0.0
231138,0,0,0.0
234696,0,1,1.0
186173,0,0,0.0
222024,0,1,1.0
229893,0,0,0.0
309191,0,0,0.0
158014,0,0,0.0
342786,0,0,0.0
195774,0,0,0.0
323655,0,0,0.0
375172,0,0,0.0
376507,0,0,0.0
436912,0,0,0.0
105256,0,0,0.0
416922,0,0,0.0
442958,0,0,0.0
319130,0,0,0.0
180257,0,0,0.0
429099,0,0,0.0
300881,0,0,0.0
419849,0,0,0.0
310092,0,0,0.0
144584,0,0,0.0
208219,0,0,0.0
275495,0,0,0.0
358332,0,1,1.0
401818,0,0,0.0
386536,0,0,0.0
363638,0,0,0.0
368451,0,0,0.0
146777,0,1,1.0
179615,0,0,0.0
451381,0,1,1.0
439915,0,0,0.0
309822,0,0,0.0
262704,0,0,0.0
303452,0,0,0.0
450366,0,1,1.0
257400,0,0,0.0
160786,0,0,0.0
307673,0,0,0.0
307248,0,0,0.0
192215,0,0,0.0
242744,0,0,0.0
427798,0,0,0.0
145178,0,0,0.0
222306,0,0,0.0
339601,0,0,0.0
438510,0,0,0.0
369502,0,1,1.0
124886,0,0,0.0
354155,0,1,1.0
328251,0,0,0.0
372987,0,0,0.0
342898,0,0,0.0
163973,0,0,0.0
379442,0,0,0.0
402217,0,0,0.0
232235,0,0,0.0
451232,1,1,1.0
162322,0,0,0.0
406658,0,0,0.0
103034,0,0,0.0
333529,0,0,0.0
138039,0,1,1.0
342121,0,0,0.0
438884,0,0,0.0
384879,0,0,0.0
342891,1,0,0.0
253018,0,0,0.0
407012,0,0,0.0
298689,0,0,0.0
238166,0,1,1.0
270184,0,0,0.0
433181,0,0,0.0
330643,1,0,0.0
419067,0,0,0.0
190924,0,0,0.0
325688,0,0,0.0
203454,0,0,0.0
163485,0,0,0.0
100736,0,0,0.0
191640,0,1,1.0
169339,0,0,0.0
417507,0,0,0.0
331434,0,0,0.0
223987,0,1,1.0
395209,0,0,0.0
142989,0,0,0.0
171707,0,0,0.0
403213,0,0,0.0
264103,0,0,0.0
196827,0,0,0.0
423272,0,0,0.0
354201,0,0,0.0
304808,0,0,0.0
283987,0,0,0.0
356823,1,0,0.0
169062,0,0,0.0
324883,0,0,0.0
266953,0,0,0.0
378662,0,1,1.0
127324,0,0,0.0
258101,0,0,0.0
252402,0,1,1.0
110290,0,0,0.0
239848,0,0,0.0
303074,0,0,0.0
339858,0,0,0.0
385033,1,0,0.0
326130,0,0,0.0
340926,0,0,0.0
404577,0,0,0.0
415764,0,0,0.0
165227,0,0,0.0
131336,0,0,0.0
230987,0,0,0.0
306490,0,0,0.0
175045,0,0,0.0
282217,0,0,0.0
447848,0,0,0.0
383847,0,1,1.0
101246,0,0,0.0
403471,1,1,1.0
362362,0,0,0.0
322053,0,0,0.0
381684,0,0,0.0
316211,0,0,0.0
218766,0,0,0.0
408000,0,0,0.0
171148,0,0,0.0
199690,0,0,0.0
341928,1,0,0.0
330068,0,0,0.0
404055,0,0,0.0
407936,0,0,0.0
101117,0,0,0.0
278541,0,0,0.0
439630,0,1,1.0
374417,0,0,0.0
283966,1,0,0.0
333541,0,0,0.0
129902,0,1,1.0
318209,0,0,0.0
191753,0,0,0.0
364936,0,0,0.0
148272,1,0,0.0
350472,0,0,0.0
434421,0,0,0.0
119031,0,0,0.0
172893,0,0,0.0
106704,0,0,0.0
137616,0,0,0.0
377002,1,1,1.0
244976,0,1,1.0
184473,0,0,0.0
294715,0,0,0.0
205754,0,1,1.0
390208,0,1,1.0
340564,0,0,0.0
129453,0,0,0.0
144278,0,0,0.0
128119,0,0,0.0
292582,0,0,0.0
207084,0,0,0.0
320209,0,0,0.0
415975,0,0,0.0
203279,0,0,0.0
139507,0,0,0.0
176889,0,0,0.0
277858,0,0,0.0
153252,1,0,0.0
302667,0,0,0.0
418697,0,0,0.0
398252,0,0,0.0
237238,1,0,0.0
311337,0,0,0.0
250269,1,0,0.0
320134,0,1,1.0
333304,1,0,0.0
136010,0,0,0.0
250572,0,0,0.0
261583,0,0,0.0
306199,0,0,0.0
223545,0,0,0.0
121067,0,0,0.0
205506,0,0,0.0
312314,0,0,0.0
252206,0,0,0.0
361652,0,0,0.0
123681,0,0,0.0
444568,0,0,0.0
169563,1,0,0.0
437939,0,0,0.0
216573,0,0,0.0
422945,0,0,0.0
139018,0,0,0.0
340018,1,0,0.0
377866,0,0,0.0
163443,0,0,0.0
423777,0,0,0.0
188114,0,0,0.0
119275,0,0,0.0
254834,0,0,0.0
128106,1,1,1.0
365981,0,0,0.0
424568,0,0,0.0
103673,0,0,0.0
423440,0,0,0.0
438766,0,0,0.0
353772,0,0,0.0
330484,0,0,0.0
349938,0,1,1.0
280844,0,0,0.0
430371,0,0,0.0
326925,0,0,0.0
157814,0,0,0.0
275204,0,0,0.0
384773,0,1,1.0
398054,0,0,0.0
405605,1,1,1.0
311673,0,0,0.0
197863,0,0,0.0
452240,0,0,0.0
201884,0,0,0.0
175698,0,0,0.0
242119,0,0,0.0
225003,0,0,0.0
446373,0,0,0.0
311084,0,1,1.0
312920,0,0,0.0
228685,0,0,0.0
348723,0,0,0.0
238881,0,0,0.0
237530,0,0,0.0
163992,0,0,0.0
241535,1,0,0.0
267512,0,0,0.0
310847,0,0,0.0
388369,0,1,1.0
197823,0,0,0.0
452953,0,0,0.0
228023,0,0,0.0
361215,0,0,0.0
210810,0,0,0.0
370809,0,0,0.0
122620,0,0,0.0
137304,0,0,0.0
243045,0,0,0.0
252444,0,0,0.0
409728,0,0,0.0
350651,0,0,0.0
175639,0,1,1.0
128604,0,0,0.0
194983,0,0,0.0
176863,0,0,0.0
408339,0,0,0.0
157433,0,0,0.0
372875,0,0,0.0
288416,0,0,0.0
342897,0,0,0.0
141791,0,0,0.0
447217,0,0,0.0
213994,0,0,0.0
246655,1,1,1.0
245809,0,0,0.0
265844,0,0,0.0
137534,0,0,0.0
242793,0,0,0.0
229419,0,0,0.0
352877,1,1,1.0
298939,1,0,0.0
108050,0,0,0.0
124762,0,0,0.0
386201,1,0,0.0
180529,0,0,0.0
411423,0,0,0.0
240915,0,0,0.0
148034,0,1,1.0
434742,0,0,0.0
427977,0,1,1.0
194396,0,0,0.0
245531,0,0,0.0
452394,0,0,0.0
451979,0,0,0.0
310202,0,0,0.0
338265,0,0,0.0
346601,1,0,0.0
162192,0,0,0.0
453273,0,0,0.0
140464,0,0,0.0
346704,0,0,0.0
373279,0,0,0.0
401677,0,0,0.0
177111,1,0,0.0
111764,0,0,0.0
393656,0,0,0.0
104659,0,0,0.0
400299,0,0,0.0
224092,0,0,0.0
187554,0,0,0.0
304364,0,0,0.0
223108,0,0,0.0
266599,0,0,0.0
188599,0,0,0.0
409179,0,0,0.0
260746,0,0,0.0
363244,0,1,1.0
407029,0,0,0.0
291217,0,0,0.0
388357,0,0,0.0
162635,0,1,1.0
379036,0,1,1.0
348770,1,0,0.0
262837,0,0,0.0
278584,0,0,0.0
184223,0,0,0.0
333046,0,0,0.0
209153,0,0,0.0
269698,0,0,0.0
384455,0,1,1.0
394386,0,0,0.0
450034,0,0,0.0
178913,0,0,0.0
181188,0,0,0.0
182657,0,0,0.0
132600,1,0,0.0
281644,0,1,1.0
451713,0,0,0.0
333115,0,0,0.0
435026,0,0,0.0
348054,0,0,0.0
299658,0,0,0.0
195314,0,0,0.0
265934,0,0,0.0
275693,0,0,0.0
310016,0,0,0.0
183765,0,0,0.0
164149,0,0,0.0
225032,0,0,0.0
215828,0,0,0.0
424137,0,0,0.0
288641,0,0,0.0
183269,0,0,0.0
184698,0,1,1.0
152804,0,0,0.0
139659,0,0,0.0
120704,0,0,0.0
120595,0,0,0.0
415481,0,0,0.0
246033,0,0,0.0
303599,0,0,0.0
227524,0,0,0.0
355823,0,0,0.0
406689,0,0,0.0
261563,1,0,0.0
434519,0,0,0.0
234204,0,0,0.0
225438,0,0,0.0
336760,0,0,0.0
261736,0,0,0.0
390544,0,1,1.0
222789,0,0,0.0
454556,0,0,0.0
129144,0,0,0.0
455007,0,0,0.0
425662,0,0,0.0
339991,0,0,0.0
367373,0,0,0.0
185612,0,0,0.0
428535,1,1,1.0
437000,1,0,0.0
332141,0,0,0.0
419766,0,0,0.0
302587,0,0,0.0
403357,0,0,0.0
315741,0,0,0.0
370159,0,0,0.0
423384,1,1,1.0
416923,0,0,0.0
248258,0,0,0.0
158896,0,0,0.0
327246,0,0,0.0
185789,0,0,0.0
403221,0,0,0.0
380163,0,0,0.0
265624,0,0,0.0
138620,0,1,1.0
284997,0,0,0.0
371349,1,0,0.0
280526,0,0,0.0
219256,0,0,0.0
109678,0,0,0.0
235246,0,0,0.0
123266,0,0,0.0
431001,0,0,0.0
196907,0,0,0.0
402439,0,0,0.0
214748,1,0,0.0
283795,1,0,0.0
212317,0,0,0.0
230372,0,0,0.0
426166,0,0,0.0
136610,1,0,0.0
243782,0,0,0.0
205553,0,0,0.0
165000,0,0,0.0
319374,0,0,0.0
261230,0,1,1.0
207046,0,0,0.0
351007,0,0,0.0
234899,0,0,0.0
133282,0,0,0.0
272439,0,0,0.0
130914,0,0,0.0
283830,0,0,0.0
297445,0,1,1.0
427621,0,0,0.0
433755,0,0,0.0
323433,0,0,0.0
339686,0,0,0.0
230782,0,0,0.0
438344,0,0,0.0
239967,0,0,0.0
233356,0,0,0.0
421170,0,1,1.0
353336,0,0,0.0
187444,0,0,0.0
378878,0,0,0.0
178518,0,0,0.0
367097,0,0,0.0
430807,0,0,0.0
341078,0,0,0.0
128076,0,0,0.0
332169,0,0,0.0
122440,0,0,0.0
387312,1,0,0.0
443338,0,0,0.0
127114,0,0,0.0
253753,0,0,0.0
223030,0,0,0.0
229217,0,0,0.0
190456,0,0,0.0
159286,0,0,0.0
105982,0,0,0.0
210691,0,0,0.0
102517,0,0,0.0
144280,0,0,0.0
224751,0,0,0.0
365219,0,0,0.0
297573,1,0,0.0
196487,0,0,0.0
151617,0,0,0.0
214926,0,0,0.0
243625,1,0,0.0
118943,0,0,0.0
173430,0,0,0.0
226109,0,0,0.0
214475,0,0,0.0
144161,0,0,0.0
354199,0,0,0.0
186328,0,0,0.0
145251,0,0,0.0
413588,0,0,0.0
422246,0,0,0.0
118375,1,0,0.0
252725,0,0,0.0
323230,1,0,0.0
382771,0,1,1.0
179361,0,0,0.0
452925,0,0,0.0
386192,0,0,0.0
104884,1,1,1.0
174637,0,1,1.0
102871,0,0,0.0
418794,0,0,0.0
168363,0,0,0.0
229182,0,0,0.0
219526,0,0,0.0
454831,0,0,0.0
255685,0,0,0.0
360672,0,0,0.0
303241,0,0,0.0
333098,0,0,0.0
145708,0,1,1.0
360216,0,0,0.0
309922,0,0,0.0
338321,1,0,0.0
112713,0,0,0.0
415272,0,0,0.0
217977,0,1,1.0
130643,0,0,0.0
400370,0,0,0.0
314685,0,0,0.0
223431,0,0,0.0
405948,1,0,0.0
357566,0,0,0.0
260611,0,0,0.0
187779,0,0,0.0
367254,0,0,0.0
435693,0,0,0.0
169235,0,0,0.0
272452,0,0,0.0
265451,0,0,0.0
213991,0,0,0.0
194497,0,1,1.0
100750,0,0,0.0
402171,1,0,0.0
206458,0,0,0.0
321351,0,0,0.0
147434,0,0,0.0
232565,0,0,0.0
261189,1,0,0.0
344217,0,0,0.0
296368,1,0,0.0
303953,0,0,0.0
376205,0,0,0.0
250881,0,0,0.0
301084,0,0,0.0
170966,0,1,1.0
119481,0,1,1.0
275088,0,0,0.0
116083,1,0,0.0
241273,0,0,0.0
392872,0,0,0.0
158187,0,1,1.0
306714,1,0,0.0
298455,0,0,0.0
142930,0,0,0.0
295638,0,0,0.0
367094,1,0,0.0
303198,0,0,0.0
363610,0,0,0.0
178939,0,0,0.0
322168,0,0,0.0
284424,0,0,0.0
168101,0,0,0.0
178839,0,0,0.0
235557,0,0,0.0
313455,0,0,0.0
335012,0,0,0.0
421055,0,0,0.0
304311,0,0,0.0
123445,0,0,0.0
299516,1,0,0.0
220113,0,0,0.0
260624,0,1,1.0
137618,0,0,0.0
384667,0,0,0.0
226637,0,0,0.0
213259,0,0,0.0
191101,0,0,0.0
334888,0,1,1.0
354564,1,1,1.0
196355,0,0,0.0
336533,0,0,0.0
418095,1,0,0.0
254188,0,0,0.0
262194,0,0,0.0
236133,1,1,1.0
239338,0,0,0.0
438754,0,0,0.0
228159,0,0,0.0
228412,0,0,0.0
159831,1,1,1.0
426693,0,0,0.0
353868,0,0,0.0
371803,0,0,0.0
362731,0,0,0.0
287874,0,0,0.0
195904,0,1,1.0
364366,0,1,1.0
242176,0,0,0.0
414794,0,0,0.0
357485,0,0,0.0
410787,0,1,1.0
263133,0,0,0.0
270662,0,0,0.0
122241,0,0,0.0
252235,0,0,0.0
167150,0,0,0.0
347683,0,0,0.0
436389,0,0,0.0
172717,0,0,0.0
363963,0,0,0.0
311772,0,0,0.0
442688,0,0,0.0
321937,0,1,1.0
123894,1,0,0.0
290487,0,0,0.0
106974,0,0,0.0
247191,0,0,0.0
283229,0,0,0.0
413385,0,0,0.0
312799,0,0,0.0
412705,0,1,1.0
414890,0,0,0.0
373496,0,0,0.0
226344,0,0,0.0
402031,0,1,1.0
418497,0,0,0.0
212940,0,0,0.0
370572,0,0,0.0
299209,1,0,0.0
276542,0,0,0.0
345214,0,0,0.0
392547,0,0,0.0
364655,0,0,0.0
407378,0,0,0.0
164835,0,0,0.0
110140,0,0,0.0
165610,0,0,0.0
146023,0,0,0.0
304858,1,0,0.0
288046,0,0,0.0
116133,1,0,0.0
184421,0,0,0.0
364947,0,0,0.0
251569,0,0,0.0
393131,0,0,0.0
241253,0,0,0.0
369426,1,0,0.0
452020,0,0,0.0
199362,0,0,0.0
287296,0,0,0.0
414106,0,0,0.0
361892,0,0,0.0
251696,0,0,0.0
316680,0,0,0.0
200220,0,0,0.0
279625,0,0,0.0
345507,0,0,0.0
137430,0,0,0.0
290956,0,0,0.0
454701,0,0,0.0
188023,0,0,0.0
395388,0,0,0.0
372046,0,0,0.0
230832,0,0,0.0
432475,0,0,0.0
243298,0,0,0.0
278532,0,0,0.0
203638,1,1,1.0
141188,0,0,0.0
231420,0,1,1.0
352472,0,0,0.0
340985,0,0,0.0
316044,1,0,0.0
160852,0,0,0.0
452006,0,0,0.0
391838,0,0,0.0
442389,0,0,0.0
395073,0,0,0.0
232280,0,0,0.0
429240,0,0,0.0
372802,0,0,0.0
335611,0,0,0.0
270569,0,0,0.0
324274,0,0,0.0
316050,0,1,1.0
437435,0,0,0.0
230370,0,1,1.0
300830,0,0,0.0
345670,0,0,0.0
136840,0,0,0.0
202299,1,0,0.0
293887,0,0,0.0
412750,0,0,0.0
195526,0,0,0.0
341862,0,0,0.0
339347,0,0,0.0
375362,0,0,0.0
155709,0,0,0.0
197543,0,0,0.0
424746,0,0,0.0
432832,0,0,0.0
180150,1,0,0.0
342592,0,0,0.0
239743,0,0,0.0
341065,0,0,0.0
374081,0,0,0.0
233625,0,0,0.0
294756,0,0,0.0
160053,0,0,0.0
316020,1,0,0.0
208517,1,1,1.0
135124,0,0,0.0
112885,0,0,0.0
434409,0,0,0.0
331591,0,0,0.0
210675,0,0,0.0
185715,0,0,0.0
161799,0,0,0.0
252997,0,0,0.0
220478,0,0,0.0
332575,0,0,0.0
447892,0,1,1.0
390888,0,0,0.0
199738,0,0,0.0
105086,0,0,0.0
444314,0,0,0.0
354634,0,0,0.0
232341,0,0,0.0
317646,1,1,1.0
351774,0,0,0.0
373794,0,1,1.0
102034,0,0,0.0
199232,0,0,0.0
398793,0,1,1.0
197326,0,0,0.0
168601,0,1,1.0
356017,0,0,0.0
248668,0,0,0.0
219357,0,1,1.0
339528,0,0,0.0
260836,0,0,0.0
266341,0,1,1.0
120860,0,0,0.0
324022,0,0,0.0
311386,1,0,0.0
401126,1,0,0.0
231339,0,1,1.0
108291,0,0,0.0
143432,0,0,0.0
333138,1,0,0.0
148493,0,0,0.0
427527,0,0,0.0
173380,0,0,0.0
137727,1,0,0.0
445758,0,0,0.0
103117,0,0,0.0
452597,0,0,0.0
135992,0,1,1.0
196850,0,1,1.0
398412,1,0,0.0
229551,0,0,0.0
173254,0,0,0.0
424766,0,0,0.0
403520,0,0,0.0
438976,0,0,0.0
128695,0,0,0.0
391659,0,0,0.0
294123,1,0,0.0
305487,0,0,0.0
454918,0,0,0.0
227570,0,0,0.0
293470,1,1,1.0
230681,0,0,0.0
330985,0,0,0.0
216028,0,1,1.0
409726,0,1,1.0
373599,0,0,0.0
448636,0,0,0.0
222078,0,0,0.0
106701,0,0,0.0
260237,0,0,0.0
368362,0,0,0.0
319504,0,0,0.0
439523,0,0,0.0
354315,0,0,0.0
207384,0,1,1.0
208919,0,0,0.0
166406,0,0,0.0
346140,0,0,0.0
314034,0,0,0.0
304376,0,0,0.0
275617,0,0,0.0
198667,1,0,0.0
231594,0,0,0.0
281849,0,1,1.0
453619,0,0,0.0
215868,0,0,0.0
455168,0,0,0.0
279560,0,1,1.0
375214,0,0,0.0
363194,0,0,0.0
256260,0,0,0.0
411759,0,0,0.0
431748,0,0,0.0
163097,0,0,0.0
156349,0,0,0.0
318317,0,0,0.0
138502,0,0,0.0
436366,0,0,0.0
170210,0,0,0.0
364485,0,0,0.0
135215,0,0,0.0
187157,0,0,0.0
328466,0,0,0.0
200620,0,0,0.0
243722,0,0,0.0
162747,0,0,0.0
345060,0,0,0.0
452472,0,0,0.0
246732,0,0,0.0
268478,0,0,0.0
382354,0,0,0.0
307581,0,0,0.0
127652,0,0,0.0
223559,0,0,0.0
167772,1,0,0.0
296505,1,0,0.0
174893,0,0,0.0
148266,0,0,0.0
440095,0,0,0.0
173095,0,0,0.0
193781,0,1,1.0
197056,0,0,0.0
164321,0,0,0.0
138499,0,0,0.0
334202,0,0,0.0
304424,0,0,0.0
307897,0,0,0.0
409544,1,0,0.0
219260,0,0,0.0
128363,0,0,0.0
266705,0,1,1.0
352170,0,0,0.0
117852,0,0,0.0
313952,0,0,0.0
118483,0,0,0.0
198955,0,0,0.0
202625,0,1,1.0
363805,0,0,0.0
310649,0,0,0.0
376467,0,0,0.0
320389,0,0,0.0
304073,0,0,0.0
191991,0,0,0.0
411822,0,0,0.0
358872,0,0,0.0
161854,0,0,0.0
150081,0,1,1.0
351118,0,0,0.0
365028,0,0,0.0
369584,0,0,0.0
263866,0,0,0.0
146041,0,0,0.0
273350,0,0,0.0
159704,0,0,0.0
416530,1,1,1.0
401833,0,0,0.0
239608,0,0,0.0
338027,0,0,0.0
391167,0,0,0.0
204252,0,1,1.0
129047,1,1,1.0
203982,0,0,0.0
326845,0,0,0.0
340492,0,0,0.0
362010,0,0,0.0
185866,0,0,0.0
124813,0,0,0.0
374964,0,0,0.0
141015,0,1,1.0
349461,0,0,0.0
211067,0,0,0.0
439741,0,0,0.0
179085,0,0,0.0
228742,0,0,0.0
266849,0,0,0.0
291063,0,0,0.0
441220,0,0,0.0
429862,0,0,0.0
370312,0,1,1.0
408414,1,0,0.0
404520,0,0,0.0
157813,0,0,0.0
409689,0,0,0.0
314737,0,0,0.0
441894,0,0,0.0
357170,0,0,0.0
360641,0,0,0.0
163832,0,0,0.0
127836,0,0,0.0
428101,0,0,0.0
397141,0,0,0.0
213355,0,0,0.0
276971,0,0,0.0
202803,0,0,0.0
135969,1,0,0.0
180255,0,0,0.0
384132,0,0,0.0
280187,0,0,0.0
220384,1,0,0.0
330517,0,0,0.0
164324,0,0,0.0
321568,0,0,0.0
217791,0,0,0.0
361601,0,0,0.0
326037,0,0,0.0
453033,0,0,0.0
397258,0,0,0.0
234522,0,0,0.0
260398,0,0,0.0
208750,0,0,0.0
220612,0,0,0.0
196879,0,0,0.0
454288,0,0,0.0
385745,0,0,0.0
327610,0,0,0.0
300951,0,0,0.0
300030,0,0,0.0
341039,1,0,0.0
128495,0,0,0.0
411889,0,0,0.0
133042,0,0,0.0
213030,0,0,0.0
388624,0,0,0.0
440826,0,0,0.0
268651,0,0,0.0
220831,0,0,0.0
118755,0,0,0.0
245779,0,0,0.0
327108,0,0,0.0
196092,0,0,0.0
378675,0,0,0.0
272376,0,0,0.0
225051,0,0,0.0
177986,0,0,0.0
355830,0,0,0.0
362994,0,0,0.0
222712,0,0,0.0
423045,0,0,0.0
432808,0,0,0.0
376367,0,0,0.0
330715,0,0,0.0
173174,0,0,0.0
182534,0,0,0.0
243864,0,0,0.0
144095,1,0,0.0
185881,0,1,1.0
124920,0,0,0.0
139618,0,0,0.0
237104,1,0,0.0
307761,0,0,0.0
425146,0,0,0.0
364843,0,1,1.0
108085,0,1,1.0
374711,0,0,0.0
354196,0,0,0.0
379963,0,0,0.0
437754,0,0,0.0
130753,0,0,0.0
422333,0,0,0.0
209830,0,1,1.0
404019,0,0,0.0
216550,0,0,0.0
263259,0,0,0.0
339369,0,1,1.0
453146,0,0,0.0
271308,0,0,0.0
309613,0,0,0.0
331318,1,1,1.0
284924,0,0,0.0
363330,0,0,0.0
251517,0,0,0.0
317787,1,0,0.0
388608,0,0,0.0
413153,0,0,0.0
367483,0,0,0.0
426577,0,0,0.0
177550,0,0,0.0
316294,0,0,0.0
111531,0,0,0.0
175674,0,0,0.0
363683,0,0,0.0
126179,0,0,0.0
147680,0,0,0.0
251588,0,0,0.0
367996,0,0,0.0
138859,0,0,0.0
216125,0,0,0.0
344600,0,1,1.0
437976,0,0,0.0
425246,0,0,0.0
231002,0,0,0.0
286729,0,0,0.0
329912,0,0,0.0
283380,0,0,0.0
219432,0,0,0.0
143946,0,0,0.0
120945,0,0,0.0
124174,0,0,0.0
144181,0,1,1.0
419013,1,0,0.0
140380,0,0,0.0
122631,0,0,0.0
169292,0,0,0.0
167255,0,0,0.0
127606,0,0,0.0
428096,0,0,0.0
151570,0,0,0.0
356254,0,0,0.0
134970,0,0,0.0
404026,0,0,0.0
185853,0,0,0.0
248438,0,1,1.0
434629,0,0,0.0
393438,0,0,0.0
125739,1,1,1.0
372529,0,0,0.0
305029,0,0,0.0
300626,0,0,0.0
191168,0,0,0.0
107598,0,0,0.0
334608,0,0,0.0
122117,0,0,0.0
305903,0,1,1.0
415600,0,0,0.0
188660,1,0,0.0
342654,1,0,0.0
143322,0,0,0.0
327417,0,0,0.0
373058,0,0,0.0
322526,1,0,0.0
191701,0,0,0.0
269116,0,0,0.0
337042,0,0,0.0
149409,0,0,0.0
266287,0,0,0.0
344535,0,0,0.0
232205,0,0,0.0
248576,0,0,0.0
211700,0,0,0.0
166530,0,0,0.0
157951,0,0,0.0
446597,0,0,0.0
195952,0,1,1.0
170094,0,0,0.0
156943,0,0,0.0
148816,0,0,0.0
197186,0,0,0.0
210205,0,0,0.0
121034,1,0,0.0
219179,0,0,0.0
358025,0,0,0.0
334601,0,0,0.0
175734,0,0,0.0
100023,0,0,0.0
391530,0,0,0.0
213078,0,0,0.0
435658,0,0,0.0
302537,0,1,1.0
116577,0,1,1.0
304575,0,0,0.0
168909,0,0,0.0
359267,0,0,0.0
343842,0,0,0.0
438988,0,0,0.0
341532,0,0,0.0
411548,1,0,0.0
205787,0,0,0.0
158699,1,0,0.0
254338,0,0,0.0
403460,0,0,0.0
239737,0,0,0.0
434471,0,0,0.0
227660,0,0,0.0
300797,0,0,0.0
208604,0,0,0.0
105955,0,0,0.0
408510,0,0,0.0
381727,0,0,0.0
146584,0,0,0.0
211816,0,0,0.0
157676,0,0,0.0
138114,0,0,0.0
342859,0,0,0.0
315851,0,0,0.0
384931,0,0,0.0
406942,0,0,0.0
351459,0,0,0.0
166822,0,0,0.0
179035,0,0,0.0
387393,0,0,0.0
419378,0,0,0.0
174620,0,0,0.0
336699,0,0,0.0
288270,0,0,0.0
106389,0,1,1.0
161243,0,0,0.0
304418,0,1,1.0
265679,0,0,0.0
453487,0,0,0.0
293561,0,0,0.0
365263,0,0,0.0
336333,0,1,1.0
199282,1,0,0.0
295830,0,1,1.0
442817,0,0,0.0
292078,0,0,0.0
212554,0,0,0.0
362036,0,0,0.0
316504,0,0,0.0
195978,0,0,0.0
199879,0,0,0.0
363401,0,0,0.0
374629,1,0,0.0
279891,0,1,1.0
447359,0,0,0.0
297561,0,0,0.0
341245,1,1,1.0
170130,0,0,0.0
207808,0,0,0.0
436708,0,0,0.0
205201,1,0,0.0
283084,0,0,0.0
303457,1,1,1.0
261499,0,0,0.0
436436,0,0,0.0
285851,0,0,0.0
131483,0,0,0.0
410011,0,0,0.0
409591,0,0,0.0
375845,0,0,0.0
241585,0,0,0.0
359079,0,0,0.0
319154,0,0,0.0
142864,0,0,0.0
441332,0,0,0.0
397059,0,0,0.0
412804,0,0,0.0
161502,0,0,0.0
367806,0,0,0.0
436045,0,0,0.0
267590,0,0,0.0
381878,1,0,0.0
362861,0,0,0.0
353924,0,0,0.0
209149,0,1,1.0
302599,0,0,0.0
327737,0,0,0.0
106012,0,0,0.0
189792,0,0,0.0
315729,1,0,0.0
342317,0,0,0.0
416218,0,0,0.0
106430,1,1,1.0
204262,0,0,0.0
107896,0,0,0.0
166599,0,0,0.0
439572,0,0,0.0
245943,0,0,0.0
375754,0,1,1.0
212504,0,0,0.0
170754,0,0,0.0
350426,0,0,0.0
243910,0,0,0.0
106079,0,0,0.0
183943,0,0,0.0
278646,0,0,0.0
450667,0,0,0.0
280305,0,0,0.0
294567,0,0,0.0
304341,0,1,1.0
280288,0,0,0.0
169060,0,0,0.0
111113,0,1,1.0
104993,0,0,0.0
170098,0,0,0.0
389545,0,0,0.0
248514,0,0,0.0
365537,0,0,0.0
345813,0,1,1.0
439758,0,0,0.0
210099,0,0,0.0
303684,0,0,0.0
119254,0,0,0.0
245808,0,0,0.0
106691,0,0,0.0
173551,0,0,0.0
346032,0,0,0.0
300599,0,0,0.0
158664,0,0,0.0
174904,0,0,0.0
397752,0,0,0.0
117913,0,0,0.0
275671,0,0,0.0
203934,0,0,0.0
304072,0,0,0.0
114587,0,0,0.0
339489,0,1,1.0
443571,0,1,1.0
138864,1,0,0.0
299186,0,0,0.0
176031,0,0,0.0
326780,0,0,0.0
147642,0,0,0.0
395889,0,1,1.0
153115,0,0,0.0
354092,0,0,0.0
301642,0,0,0.0
149545,1,0,0.0
357733,0,0,0.0
199851,0,0,0.0
157015,0,0,0.0
336164,0,0,0.0
353659,0,0,0.0
188418,0,0,0.0
402685,0,0,0.0
208944,0,0,0.0
367198,0,0,0.0
156717,0,0,0.0
296112,0,0,0.0
158091,0,0,0.0
235193,0,0,0.0
107878,0,0,0.0
445103,0,0,0.0
425916,0,0,0.0
186847,0,1,1.0
446923,0,0,0.0
345268,0,0,0.0
378286,1,0,0.0
249032,0,0,0.0
219967,0,0,0.0
209242,0,0,0.0
110095,0,1,1.0
129029,0,0,0.0
360761,0,0,0.0
290412,0,0,0.0
370792,0,0,0.0
219370,0,0,0.0
226951,0,0,0.0
358376,0,0,0.0
176531,0,0,0.0
396291,0,0,0.0
366397,0,1,1.0
269838,0,0,0.0
217655,0,0,0.0
299193,0,0,0.0
229176,0,0,0.0
311882,0,0,0.0
391344,0,0,0.0
434591,0,1,1.0
100801,0,0,0.0
226146,1,0,0.0
179675,0,0,0.0
433776,0,0,0.0
448596,0,0,0.0
167548,0,0,0.0
210207,0,0,0.0
382196,0,0,0.0
158079,0,0,0.0
356338,0,0,0.0
144358,0,0,0.0
455054,0,0,0.0
249964,0,0,0.0
442618,0,0,0.0
188888,0,0,0.0
119149,0,1,1.0
372351,0,0,0.0
352492,0,0,0.0
426031,0,0,0.0
114705,0,0,0.0
353569,0,0,0.0
381702,1,1,1.0
302331,0,1,1.0
311591,1,1,1.0
324789,0,0,0.0
126445,0,0,0.0
131174,0,0,0.0
117815,0,0,0.0
125515,0,0,0.0
153717,0,0,0.0
160364,0,0,0.0
131512,0,0,0.0
443005,1,0,0.0
237721,0,0,0.0
329290,0,0,0.0
431140,1,0,0.0
168364,0,0,0.0
290458,0,0,0.0
299777,0,1,1.0
275022,0,0,0.0
282566,0,0,0.0
204611,0,0,0.0
262556,0,0,0.0
392289,1,0,0.0
409582,1,0,0.0
153445,0,0,0.0
290006,0,0,0.0
216814,0,1,1.0
380196,1,0,0.0
313125,0,0,0.0
390636,0,1,1.0
425164,0,0,0.0
449463,0,0,0.0
166427,0,0,0.0
155301,0,0,0.0
248750,0,0,0.0
147718,0,0,0.0
436628,0,0,0.0
382370,0,1,1.0
235988,0,0,0.0
171796,0,0,0.0
336756,0,0,0.0
214114,0,0,0.0
299768,0,0,0.0
401851,0,0,0.0
368686,0,0,0.0
176874,1,0,0.0
436396,0,0,0.0
438910,0,0,0.0
238572,0,0,0.0
271142,1,0,0.0
282064,1,0,0.0
220651,0,0,0.0
177134,0,0,0.0
218122,0,0,0.0
291629,0,0,0.0
280761,0,0,0.0
181063,1,1,1.0
176414,0,0,0.0
131968,0,1,1.0
103751,0,0,0.0
154404,0,0,0.0
102208,1,1,1.0
106091,0,0,0.0
419667,0,0,0.0
405773,1,0,0.0
395835,0,1,1.0
131331,0,0,0.0
181267,0,0,0.0
197001,0,0,0.0
253711,0,0,0.0
297944,0,0,0.0
386913,0,0,0.0
379247,0,0,0.0
333248,0,0,0.0
307234,0,1,1.0
170748,0,0,0.0
373499,0,0,0.0
316430,0,0,0.0
412784,0,0,0.0
419204,0,0,0.0
203427,1,0,0.0
445667,0,0,0.0
212449,0,0,0.0
341261,0,0,0.0
100054,0,0,0.0
355144,0,0,0.0
174502,0,0,0.0
435539,0,0,0.0
411209,0,0,0.0
401255,0,0,0.0
258202,0,0,0.0
282173,0,0,0.0
243071,0,0,0.0
420486,0,0,0.0
160878,0,1,1.0
338657,0,1,1.0
159645,0,0,0.0
198897,0,0,0.0
160635,0,0,0.0
130282,0,0,0.0
138638,0,0,0.0
120715,1,0,0.0
114618,0,0,0.0
361366,0,0,0.0
182578,0,0,0.0
122478,0,1,1.0
359545,0,0,0.0
126608,0,0,0.0
374927,0,0,0.0
137264,0,0,0.0
397682,0,0,0.0
150555,0,0,0.0
332505,0,0,0.0
187384,0,0,0.0
291767,0,0,0.0
175113,0,0,0.0
135335,0,0,0.0
279345,0,0,0.0
167055,0,0,0.0
349889,0,0,0.0
186713,0,0,0.0
255160,0,0,0.0
408376,1,0,0.0
396150,0,0,0.0
413996,0,1,1.0
336311,0,0,0.0
304108,1,0,0.0
240809,0,0,0.0
107653,0,0,0.0
421165,0,0,0.0
157666,1,0,0.0
194160,0,0,0.0
167660,0,0,0.0
293294,0,1,1.0
406616,0,0,0.0
402018,0,0,0.0
404777,0,0,0.0
151836,0,0,0.0
398857,0,1,1.0
111982,0,0,0.0
201126,0,0,0.0
276911,0,0,0.0
409557,0,0,0.0
231503,0,0,0.0
417744,0,0,0.0
444662,0,0,0.0
105416,0,0,0.0
112456,0,0,0.0
246392,0,0,0.0
153336,0,0,0.0
304351,1,0,0.0
197226,0,0,0.0
254259,0,0,0.0
353572,0,1,1.0
365495,0,0,0.0
403498,0,0,0.0
267619,0,0,0.0
180969,0,0,0.0
296165,0,0,0.0
202125,0,0,0.0
324623,0,0,0.0
189088,0,0,0.0
346295,0,0,0.0
438414,0,0,0.0
339326,0,0,0.0
217151,0,0,0.0
304872,0,0,0.0
157518,0,0,0.0
116843,1,0,0.0
362518,0,0,0.0
352659,0,0,0.0
231481,0,0,0.0
100819,0,0,0.0
365161,0,0,0.0
271226,0,0,0.0
108296,0,0,0.0
207899,0,0,0.0
146058,0,0,0.0
436624,0,0,0.0
120585,0,1,1.0
252321,0,0,0.0
299364,0,0,0.0
303097,0,0,0.0
113097,0,0,0.0
406732,0,0,0.0
285312,0,0,0.0
136468,0,0,0.0
254061,1,0,0.0
407707,0,1,1.0
157360,0,0,0.0
407991,0,0,0.0
432383,0,0,0.0
208758,1,0,0.0
179490,0,1,1.0
331075,0,0,0.0
415662,1,0,0.0
434106,0,0,0.0
261671,0,0,0.0
156794,0,0,0.0
435908,0,0,0.0
359167,0,0,0.0
153986,0,0,0.0
241380,0,0,0.0
406600,0,0,0.0
320761,0,0,0.0
271156,0,0,0.0
379650,0,0,0.0
431814,1,0,0.0
303196,0,0,0.0
215558,0,0,0.0
358680,0,0,0.0
419892,0,0,0.0
158933,0,0,0.0
289336,0,1,1.0
325655,0,0,0.0
184383,0,0,0.0
177772,0,1,1.0
450748,0,0,0.0
241917,0,0,0.0
111697,0,0,0.0
214585,1,1,1.0
353549,0,0,0.0
269147,0,0,0.0
137381,0,0,0.0
319635,0,0,0.0
267884,1,0,0.0
290390,1,1,1.0
452257,0,0,0.0
330402,0,0,0.0
216603,1,0,0.0
353067,0,0,0.0
349793,0,0,0.0
107287,0,0,0.0
305274,0,0,0.0
336657,0,0,0.0
186275,0,0,0.0
147185,0,0,0.0
360777,0,0,0.0
156011,1,1,1.0
336670,0,0,0.0
250350,0,0,0.0
434132,0,0,0.0
376069,0,0,0.0
414747,0,0,0.0
318344,0,0,0.0
139641,0,1,1.0
313816,0,0,0.0
124011,0,0,0.0
248940,0,0,0.0
331928,0,0,0.0
407551,0,0,0.0
336797,0,0,0.0
244722,0,0,0.0
317447,0,0,0.0
201510,1,0,0.0
322028,0,0,0.0
404028,1,1,1.0
398888,0,0,0.0
441255,0,0,0.0
391953,0,0,0.0
197411,0,0,0.0
422307,1,0,0.0
233899,0,0,0.0
192644,0,0,0.0
190315,0,0,0.0
243935,0,0,0.0
184228,0,0,0.0
449294,0,0,0.0
219325,0,0,0.0
350144,0,0,0.0
237303,1,0,0.0
253416,0,0,0.0
450745,0,0,0.0
202770,0,0,0.0
182202,0,0,0.0
440462,0,0,0.0
318816,0,0,0.0
283075,0,0,0.0
392655,0,0,0.0
276243,0,0,0.0
416792,1,0,0.0
329567,0,0,0.0
214314,0,0,0.0
250244,0,0,0.0
369382,0,0,0.0
246782,0,0,0.0
174024,0,0,0.0
295977,0,0,0.0
257306,0,0,0.0
380110,0,0,0.0
434112,0,0,0.0
299825,0,0,0.0
113036,0,0,0.0
402835,0,0,0.0
327890,0,0,0.0
317981,0,0,0.0
204814,0,0,0.0
210641,0,0,0.0
352084,0,0,0.0
324690,1,0,0.0
411388,0,0,0.0
229883,0,0,0.0
108080,0,0,0.0
145561,0,0,0.0
225548,0,0,0.0
219473,0,0,0.0
428403,0,0,0.0
228589,0,0,0.0
212151,0,0,0.0
454250,0,0,0.0
268152,0,0,0.0
390837,0,1,1.0
202902,0,0,0.0
241229,0,0,0.0
216580,0,0,0.0
225087,0,0,0.0
337454,0,1,1.0
178239,0,0,0.0
248912,0,0,0.0
323643,0,0,0.0
135681,0,0,0.0
313853,0,0,0.0
185699,0,1,1.0
316487,0,0,0.0
450913,0,0,0.0
115956,0,0,0.0
174237,0,0,0.0
274415,0,0,0.0
118057,0,0,0.0
330141,0,0,0.0
268224,0,0,0.0
230906,0,0,0.0
171471,0,0,0.0
184457,0,0,0.0
189279,1,0,0.0
400198,0,1,1.0
152554,0,0,0.0
335974,0,0,0.0
276391,0,0,0.0
324910,0,0,0.0
394334,0,0,0.0
229375,0,0,0.0
410144,0,0,0.0
120414,1,0,0.0
207797,0,0,0.0
376065,1,0,0.0
131448,1,0,0.0
173997,1,0,0.0
353972,0,0,0.0
282800,0,0,0.0
110051,0,0,0.0
110869,0,0,0.0
137040,0,0,0.0
103765,0,1,1.0
293284,0,0,0.0
132376,0,0,0.0
433934,0,0,0.0
186753,0,0,0.0
267913,0,0,0.0
270261,0,0,0.0
328523,0,0,0.0
339597,0,0,0.0
174601,0,0,0.0
176569,0,0,0.0
229245,0,1,1.0
333422,1,0,0.0
259683,0,0,0.0
305181,0,0,0.0
291112,0,1,1.0
232265,0,0,0.0
384432,0,1,1.0
269176,0,0,0.0
357687,0,0,0.0
349099,0,0,0.0
239753,0,0,0.0
329586,0,0,0.0
127571,0,0,0.0
281695,0,0,0.0
135603,1,1,1.0
179611,0,0,0.0
101850,0,0,0.0
180175,0,0,0.0
100093,0,1,1.0
358541,0,0,0.0
408539,0,0,0.0
151699,0,0,0.0
250750,1,0,0.0
394023,0,0,0.0
139210,0,0,0.0
436441,0,0,0.0
276372,0,0,0.0
150250,0,1,1.0
241541,0,1,1.0
251917,0,0,0.0
112943,0,0,0.0
206832,0,0,0.0
170243,0,0,0.0
329635,1,0,0.0
296645,0,0,0.0
227011,0,0,0.0
196166,0,0,0.0
278283,0,0,0.0
206235,0,0,0.0
102547,0,1,1.0
160850,0,0,0.0
339603,0,0,0.0
144014,0,0,0.0
312518,0,0,0.0
335948,0,0,0.0
387895,1,0,0.0
204669,0,0,0.0
436144,0,0,0.0
230127,0,0,0.0
162572,0,0,0.0
133615,0,0,0.0
146536,0,0,0.0
376236,0,0,0.0
254684,1,0,0.0
392766,0,0,0.0
297537,0,0,0.0
176163,0,0,0.0
276535,0,0,0.0
323724,0,0,0.0
317397,0,0,0.0
144731,0,0,0.0
324532,0,0,0.0
429979,0,0,0.0
118990,1,0,0.0
454004,0,0,0.0
326151,0,0,0.0
341051,0,0,0.0
307179,0,0,0.0
263282,0,0,0.0
374595,1,0,0.0
165366,1,0,0.0
428176,0,0,0.0
366543,0,0,0.0
246178,0,0,0.0
428333,0,0,0.0
154670,0,0,0.0
328022,0,0,0.0
120187,0,0,0.0
123757,0,0,0.0
337353,0,0,0.0
242304,0,0,0.0
209028,0,0,0.0
205869,0,0,0.0
349069,0,0,0.0
146909,0,0,0.0
104362,0,0,0.0
260128,1,1,1.0
430790,0,0,0.0
223092,1,0,0.0
157545,0,0,0.0
203834,0,0,0.0
137967,0,0,0.0
134911,0,0,0.0
452555,0,0,0.0
118351,0,0,0.0
215465,0,0,0.0
176975,0,0,0.0
189076,0,0,0.0
279970,0,0,0.0
151837,0,0,0.0
105236,0,0,0.0
429284,0,0,0.0
445152,0,0,0.0
414751,0,0,0.0
201085,0,0,0.0
412717,0,0,0.0
392020,0,0,0.0
267264,0,0,0.0
180186,0,0,0.0
442414,0,1,1.0
284170,0,0,0.0
143120,0,0,0.0
369982,0,0,0.0
252913,1,0,0.0
156074,0,0,0.0
375266,0,1,1.0
383481,0,0,0.0
446459,0,0,0.0
211708,0,0,0.0
101767,0,0,0.0
398999,0,0,0.0
310035,0,0,0.0
304060,0,0,0.0
330453,0,0,0.0
378995,0,0,0.0
377054,0,0,0.0
445760,0,0,0.0
152006,0,0,0.0
322487,0,0,0.0
398865,0,0,0.0
190845,0,0,0.0
366772,0,0,0.0
453870,0,1,1.0
321597,0,1,1.0
198447,0,0,0.0
111768,0,0,0.0
400210,0,0,0.0
427223,0,0,0.0
355893,0,0,0.0
371654,0,0,0.0
307700,1,0,0.0
441464,0,1,1.0
394657,0,0,0.0
131184,0,0,0.0
375857,0,0,0.0
294948,0,0,0.0
428127,0,0,0.0
246191,0,1,1.0
283198,0,0,0.0
184984,0,1,1.0
454453,0,0,0.0
391529,0,0,0.0
223542,1,0,0.0
393087,0,0,0.0
208515,0,0,0.0
273475,0,0,0.0
225883,0,0,0.0
350607,0,0,0.0
118277,0,0,0.0
431574,1,0,0.0
133756,0,0,0.0
399073,0,0,0.0
132942,0,0,0.0
180051,0,0,0.0
209664,0,0,0.0
101342,0,1,1.0
409911,0,0,0.0
148355,0,0,0.0
134855,0,0,0.0
223018,0,0,0.0
135328,0,0,0.0
374738,0,0,0.0
136868,0,0,0.0
300915,0,0,0.0
423099,0,0,0.0
270351,0,0,0.0
246891,0,0,0.0
231100,0,0,0.0
425356,1,0,0.0
228590,0,0,0.0
266488,0,0,0.0
178668,0,0,0.0
267963,0,0,0.0
433695,0,0,0.0
162875,0,0,0.0
286454,0,0,0.0
403669,0,0,0.0
441843,0,0,0.0
152029,1,0,0.0
233872,0,0,0.0
414385,0,0,0.0
452243,0,0,0.0
365126,0,1,1.0
128268,0,0,0.0
451987,0,0,0.0
440321,0,0,0.0
260850,0,0,0.0
289473,0,0,0.0
155223,0,0,0.0
358497,0,0,0.0
112975,0,0,0.0
158409,0,0,0.0
377905,0,0,0.0
355809,0,0,0.0
154286,0,0,0.0
251074,0,0,0.0
103452,0,0,0.0
148376,0,0,0.0
248950,0,0,0.0
455793,0,0,0.0
341946,0,0,0.0
242757,0,0,0.0
257279,0,1,1.0
306080,0,0,0.0
250418,0,0,0.0
452704,0,0,0.0
387401,0,1,1.0
395780,1,0,0.0
116996,1,0,0.0
106578,1,1,1.0
413968,0,1,1.0
383963,0,0,0.0
327850,0,1,1.0
424231,0,0,0.0
122495,0,0,0.0
416159,0,0,0.0
224656,0,0,0.0
156715,0,0,0.0
446637,0,0,0.0
151141,0,0,0.0
237451,0,0,0.0
431734,0,0,0.0
211228,0,0,0.0
184541,0,0,0.0
317813,0,0,0.0
164997,0,0,0.0
162139,0,0,0.0
433017,0,1,1.0
374274,0,0,0.0
413610,0,0,0.0
305338,0,0,0.0
372113,0,0,0.0
438356,0,0,0.0
349058,0,0,0.0
287214,0,0,0.0
321861,0,0,0.0
167098,0,0,0.0
200227,0,0,0.0
266533,0,0,0.0
311471,0,0,0.0
277190,0,0,0.0
450306,0,0,0.0
251293,0,0,0.0
371569,0,0,0.0
373699,0,0,0.0
455523,0,0,0.0
174473,0,0,0.0
152882,0,0,0.0
394151,0,1,1.0
315557,0,0,0.0
204719,0,1,1.0
331720,1,0,0.0
300512,0,0,0.0
121411,0,0,0.0
450493,0,0,0.0
297963,0,0,0.0
105024,0,0,0.0
399227,0,0,0.0
226900,0,0,0.0
367894,0,0,0.0
108255,1,0,0.0
326306,0,0,0.0
329767,0,0,0.0
268195,0,0,0.0
337063,0,1,1.0
177050,0,1,1.0
364070,0,0,0.0
410884,0,0,0.0
290239,0,0,0.0
355259,0,0,0.0
283030,0,0,0.0
253733,0,0,0.0
446028,0,0,0.0
319071,0,0,0.0
145829,0,0,0.0
152479,0,0,0.0
280438,0,0,0.0
150035,1,0,0.0
223723,0,0,0.0
335472,0,0,0.0
300820,1,0,0.0
432903,0,0,0.0
365351,0,0,0.0
138186,0,0,0.0
273817,0,0,0.0
173496,0,0,0.0
130036,0,0,0.0
151054,0,0,0.0
391205,0,0,0.0
279631,0,0,0.0
341275,0,0,0.0
189140,1,0,0.0
148143,0,0,0.0
343279,0,0,0.0
324423,0,0,0.0
194072,0,0,0.0
333626,0,1,1.0
158017,0,0,0.0
311374,0,0,0.0
282474,0,0,0.0
306981,0,0,0.0
110999,0,0,0.0
112036,0,0,0.0
195113,0,0,0.0
374861,0,0,0.0
400949,0,0,0.0
176822,0,0,0.0
443089,0,0,0.0
371331,0,0,0.0
281719,0,1,1.0
258284,0,0,0.0
163291,0,0,0.0
371044,0,0,0.0
265673,0,0,0.0
277952,0,0,0.0
292001,0,0,0.0
313692,0,0,0.0
425974,0,0,0.0
252393,0,0,0.0
142890,0,0,0.0
324112,0,0,0.0
390257,0,0,0.0
267245,0,0,0.0
230150,0,0,0.0
198915,0,0,0.0
420211,0,0,0.0
253239,0,0,0.0
380268,0,0,0.0
115488,0,0,0.0
269464,0,1,1.0
312728,0,0,0.0
378202,0,0,0.0
251161,0,0,0.0
230351,0,1,1.0
425827,0,0,0.0
421535,0,0,0.0
274590,1,1,1.0
204328,0,0,0.0
314679,0,0,0.0
288794,0,0,0.0
121178,0,0,0.0
169425,0,1,1.0
416162,0,0,0.0
147897,0,0,0.0
417499,0,1,1.0
299253,0,0,0.0
409301,0,0,0.0
181891,0,0,0.0
433953,0,0,0.0
198163,0,0,0.0
451297,0,0,0.0
207082,0,0,0.0
228224,0,0,0.0
283617,0,0,0.0
225863,0,0,0.0
285969,0,0,0.0
195949,1,0,0.0
197538,0,0,0.0
186826,0,0,0.0
121569,0,0,0.0
206054,0,0,0.0
303895,0,0,0.0
300374,1,0,0.0
338336,0,0,0.0
315358,0,0,0.0
241503,0,0,0.0
413614,0,0,0.0
361350,0,0,0.0
402184,0,0,0.0
434237,0,0,0.0
247933,0,0,0.0
325708,0,0,0.0
440218,0,0,0.0
244061,0,0,0.0
369176,0,1,1.0
273019,0,1,1.0
367457,0,0,0.0
305586,0,0,0.0
247135,0,0,0.0
264889,0,0,0.0
217032,0,0,0.0
408230,0,0,0.0
389569,0,0,0.0
409873,0,0,0.0
388500,0,0,0.0
399826,0,0,0.0
346306,0,0,0.0
132123,0,0,0.0
260864,0,0,0.0
196870,0,0,0.0
233955,0,1,1.0
267472,0,0,0.0
244634,1,0,0.0
313648,0,0,0.0
177632,0,0,0.0
359816,0,0,0.0
109807,0,0,0.0
296424,0,0,0.0
181029,0,0,0.0
138397,0,0,0.0
422801,0,1,1.0
346092,0,0,0.0
105200,1,0,0.0
149023,0,1,1.0
447757,0,1,1.0
190137,0,0,0.0
147618,0,0,0.0
201628,0,0,0.0
324722,1,0,0.0
388527,1,0,0.0
440134,1,0,0.0
370859,0,0,0.0
429960,0,0,0.0
130911,0,0,0.0
245685,1,0,0.0
335079,0,0,0.0
453170,0,0,0.0
429844,0,0,0.0
413865,0,0,0.0
110563,0,0,0.0
264992,0,0,0.0
432970,0,0,0.0
436688,0,0,0.0
271972,0,0,0.0
443880,0,1,1.0
381987,0,0,0.0
355755,0,0,0.0
223995,0,0,0.0
104370,0,0,0.0
428079,0,0,0.0
252515,0,0,0.0
114461,0,0,0.0
148862,0,0,0.0
354739,0,0,0.0
168150,0,0,0.0
405776,0,0,0.0
148142,0,0,0.0
414054,0,0,0.0
281900,0,0,0.0
218999,0,0,0.0
389042,0,0,0.0
252335,0,0,0.0
345019,0,0,0.0
360201,0,0,0.0
419936,0,0,0.0
241809,0,0,0.0
222363,0,0,0.0
154491,0,0,0.0
366420,0,0,0.0
369631,0,1,1.0
189237,1,0,0.0
297224,0,0,0.0
167047,1,0,0.0
188051,0,0,0.0
235995,0,0,0.0
120152,0,0,0.0
336771,0,0,0.0
206931,0,0,0.0
284184,0,0,0.0
237024,0,0,0.0
285037,0,0,0.0
342086,0,0,0.0
356702,0,0,0.0
294856,0,0,0.0
409954,0,0,0.0
420082,0,0,0.0
432949,0,0,0.0
254307,0,0,0.0
355758,0,0,0.0
126116,0,0,0.0
350265,0,0,0.0
134554,0,1,1.0
141793,0,0,0.0
301987,0,0,0.0
226697,0,0,0.0
113536,0,0,0.0
244955,0,0,0.0
235035,0,0,0.0
276141,1,0,0.0
119509,0,0,0.0
380258,0,0,0.0
429489,0,0,0.0
157543,0,0,0.0
113975,0,0,0.0
374158,0,0,0.0
186957,0,0,0.0
362599,1,0,0.0
361092,0,1,1.0
390740,0,0,0.0
407243,0,0,0.0
410409,0,0,0.0
251963,0,1,1.0
136706,0,0,0.0
425273,0,0,0.0
123884,0,0,0.0
297104,0,0,0.0
368383,0,0,0.0
259008,0,0,0.0
157217,0,0,0.0
396065,0,0,0.0
388721,1,0,0.0
405914,0,0,0.0
385150,0,0,0.0
316231,0,0,0.0
257731,0,0,0.0
307254,0,0,0.0
387187,0,0,0.0
249618,0,0,0.0
286761,0,0,0.0
300602,0,0,0.0
122688,0,0,0.0
100220,0,0,0.0
203077,1,0,0.0
436482,0,0,0.0
306220,0,0,0.0
108586,0,0,0.0
354311,0,0,0.0
274730,0,0,0.0
126147,1,0,0.0
233634,0,0,0.0
188235,0,0,0.0
338369,0,1,1.0
115959,0,0,0.0
338221,0,0,0.0
261631,0,0,0.0
156097,0,0,0.0
124086,1,0,0.0
150575,0,0,0.0
258491,0,0,0.0
433481,0,0,0.0
339974,0,0,0.0
262096,0,0,0.0
231930,0,0,0.0
394860,0,0,0.0
193214,0,0,0.0
336086,1,0,0.0
195889,0,0,0.0
384286,0,0,0.0
324808,0,0,0.0
319864,0,0,0.0
384239,1,0,0.0
364051,0,0,0.0
285228,0,0,0.0
355690,0,0,0.0
127184,0,0,0.0
104382,0,0,0.0
198194,0,0,0.0
340390,0,0,0.0
362612,0,1,1.0
248566,1,0,0.0
311251,0,0,0.0
164668,0,0,0.0
228999,0,0,0.0
151449,0,1,1.0
239841,0,0,0.0
235545,0,0,0.0
245603,0,1,1.0
176873,0,0,0.0
191244,0,0,0.0
291166,0,0,0.0
440828,1,1,1.0
442512,0,0,0.0
264962,0,0,0.0
157703,0,1,1.0
164340,0,0,0.0
423578,0,1,1.0
249290,0,0,0.0
357044,0,0,0.0
269500,1,0,0.0
434280,0,0,0.0
313568,0,0,0.0
225561,0,0,0.0
110981,1,1,1.0
352494,0,0,0.0
186360,0,0,0.0
202482,0,0,0.0
443690,0,0,0.0
368399,0,0,0.0
300140,0,0,0.0
411656,0,1,1.0
212446,0,0,0.0
268313,1,0,0.0
349722,0,0,0.0
237637,0,0,0.0
110595,0,0,0.0
237950,0,0,0.0
144050,0,0,0.0
290699,0,0,0.0
211497,0,0,0.0
195223,0,0,0.0
390360,0,0,0.0
152586,0,0,0.0
185519,0,0,0.0
255185,0,0,0.0
414988,0,1,1.0
271207,0,0,0.0
300311,0,0,0.0
252030,0,0,0.0
304038,0,0,0.0
107177,0,0,0.0
400474,0,0,0.0
284182,0,1,1.0
271905,0,0,0.0
425516,0,0,0.0
121721,0,0,0.0
432338,0,0,0.0
137957,1,0,0.0
139869,0,0,0.0
386249,0,0,0.0
203633,0,1,1.0
297546,0,0,0.0
175084,0,0,0.0
128769,0,0,0.0
359526,0,0,0.0
369379,1,0,0.0
143079,0,0,0.0
165553,0,0,0.0
189268,0,0,0.0
378893,0,0,0.0
206789,1,0,0.0
306117,0,0,0.0
454079,0,0,0.0
196538,0,0,0.0
370883,1,0,0.0
393836,0,0,0.0
213467,0,0,0.0
308469,0,0,0.0
281664,0,0,0.0
240292,0,0,0.0
167990,0,0,0.0
123795,0,0,0.0
265064,0,1,1.0
289952,0,0,0.0
130638,0,0,0.0
254297,0,0,0.0
308736,0,0,0.0
207444,0,0,0.0
252837,0,0,0.0
378783,0,0,0.0
127812,0,0,0.0
414373,0,0,0.0
101454,0,0,0.0
326671,0,0,0.0
265324,0,0,0.0
212889,0,0,0.0
205923,0,0,0.0
195365,0,1,1.0
311709,0,0,0.0
409052,0,0,0.0
203587,0,0,0.0
123076,0,0,0.0
292926,0,0,0.0
118125,1,0,0.0
304615,0,0,0.0
157678,0,0,0.0
249477,0,0,0.0
136122,0,0,0.0
175106,0,0,0.0
451803,0,0,0.0
104007,0,0,0.0
264363,0,0,0.0
368060,0,0,0.0
259326,0,0,0.0
297036,0,0,0.0
445510,0,1,1.0
136566,0,1,1.0
312545,0,0,0.0
167018,0,0,0.0
366318,0,0,0.0
295170,0,0,0.0
261721,0,0,0.0
445489,0,0,0.0
204876,0,0,0.0
136681,0,0,0.0
373077,0,0,0.0
246063,0,0,0.0
153074,0,0,0.0
382331,0,1,1.0
203066,0,0,0.0
115542,1,0,0.0
168699,0,0,0.0
110104,0,0,0.0
452968,0,0,0.0
100842,0,0,0.0
338451,0,0,0.0
311830,0,0,0.0
122971,0,1,1.0
395165,0,0,0.0
120845,1,0,0.0
426547,0,0,0.0
185154,0,0,0.0
186555,0,0,0.0
326332,0,0,0.0
246219,0,0,0.0
249888,1,1,1.0
242245,0,0,0.0
272490,0,0,0.0
423199,0,0,0.0
148418,0,0,0.0
301639,0,0,0.0
156460,0,1,1.0
405041,0,0,0.0
305055,0,0,0.0
376718,0,0,0.0
290907,0,0,0.0
285187,0,0,0.0
110256,0,1,1.0
110055,0,0,0.0
400765,0,1,1.0
403174,0,0,0.0
232548,0,0,0.0
221244,0,0,0.0
111702,0,0,0.0
249756,0,0,0.0
371251,0,0,0.0
243047,0,0,0.0
200198,0,0,0.0
169763,0,0,0.0
321923,0,0,0.0
130933,1,0,0.0
184638,0,0,0.0
368300,0,0,0.0
360488,0,0,0.0
278802,0,0,0.0
267024,0,0,0.0
235094,0,0,0.0
424282,0,0,0.0
217205,0,0,0.0
436298,0,0,0.0
120129,0,0,0.0
340396,0,0,0.0
183791,0,0,0.0
300009,0,0,0.0
406407,0,0,0.0
386148,0,0,0.0
105337,0,0,0.0
312166,0,0,0.0
112175,0,0,0.0
404839,0,0,0.0
378425,0,0,0.0
387875,0,0,0.0
188056,0,0,0.0
411345,0,0,0.0
409971,1,0,0.0
377689,0,0,0.0
137911,0,0,0.0
370645,0,0,0.0
366853,0,0,0.0
229111,0,0,0.0
278654,1,0,0.0
165589,0,0,0.0
152435,0,0,0.0
206882,0,0,0.0
399718,0,0,0.0
281951,0,0,0.0
334370,1,1,1.0
431267,0,0,0.0
166402,0,0,0.0
235008,1,0,0.0
202995,0,0,0.0
400081,0,0,0.0
378093,0,0,0.0
138559,0,0,0.0
101006,0,0,0.0
370139,0,0,0.0
428348,0,0,0.0
233158,0,0,0.0
417199,0,0,0.0
326467,0,0,0.0
300619,0,0,0.0
429391,0,0,0.0
330306,0,0,0.0
237350,1,0,0.0
201195,0,0,0.0
263994,0,0,0.0
373400,0,0,0.0
278724,0,0,0.0
279807,0,0,0.0
217610,0,0,0.0
403485,0,0,0.0
309888,0,0,0.0
100451,0,1,1.0
286242,0,0,0.0
387264,0,0,0.0
175846,0,0,0.0
352886,0,0,0.0
304874,0,0,0.0
186347,0,0,0.0
174007,0,0,0.0
178335,0,0,0.0
408602,0,0,0.0
282242,0,0,0.0
282031,0,0,0.0
295519,0,0,0.0
306010,0,0,0.0
248549,1,0,0.0
271752,0,0,0.0
250397,0,0,0.0
355989,0,0,0.0
447477,0,0,0.0
225439,0,0,0.0
217504,0,0,0.0
212166,0,0,0.0
198436,0,0,0.0
268060,0,0,0.0
189345,0,0,0.0
243594,0,0,0.0
444169,0,0,0.0
151563,1,0,0.0
214659,0,0,0.0
451287,0,0,0.0
394952,0,1,1.0
370082,0,0,0.0
101853,0,0,0.0
234508,0,0,0.0
189592,0,0,0.0
168016,0,0,0.0
172571,0,0,0.0
380477,0,0,0.0
163330,0,1,1.0
252883,0,0,0.0
265199,0,0,0.0
218349,0,0,0.0
354963,0,0,0.0
183998,0,0,0.0
446671,0,0,0.0
198363,0,0,0.0
348977,0,0,0.0
275017,0,1,1.0
245696,0,0,0.0
328772,0,0,0.0
388080,0,0,0.0
295452,0,0,0.0
360571,0,0,0.0
252665,0,0,0.0
273659,1,0,0.0
309131,0,0,0.0
148303,0,0,0.0
133202,0,1,1.0
360253,0,0,0.0
203933,1,0,0.0
104096,0,0,0.0
192670,0,0,0.0
287275,0,0,0.0
314730,0,0,0.0
371253,1,0,0.0
239276,0,0,0.0
371075,1,0,0.0
196875,0,0,0.0
273779,0,0,0.0
221039,1,0,0.0
167419,0,0,0.0
402556,0,0,0.0
297566,0,0,0.0
291212,0,0,0.0
257080,0,1,1.0
311201,0,0,0.0
175076,0,0,0.0
197977,0,0,0.0
141375,0,0,0.0
340590,0,0,0.0
135709,0,0,0.0
239474,0,0,0.0
196418,0,0,0.0
327692,0,0,0.0
266103,0,0,0.0
112074,0,0,0.0
377444,0,0,0.0
398991,0,0,0.0
110536,0,0,0.0
193861,0,0,0.0
102406,0,0,0.0
278893,0,0,0.0
446458,0,0,0.0
371435,0,0,0.0
326567,0,0,0.0
415340,1,1,1.0
293038,0,0,0.0
246801,0,1,1.0
190419,0,1,1.0
163125,0,0,0.0
223997,0,1,1.0
298043,0,0,0.0
262439,0,0,0.0
354313,0,0,0.0
314513,0,0,0.0
449919,1,0,0.0
428116,0,0,0.0
241006,0,1,1.0
412222,1,0,0.0
372803,0,0,0.0
316850,0,0,0.0
264437,0,0,0.0
411084,0,0,0.0
226474,0,0,0.0
361060,0,0,0.0
172264,0,0,0.0
172259,0,1,1.0
139133,1,0,0.0
172965,0,0,0.0
256275,0,0,0.0
334643,0,0,0.0
354546,0,0,0.0
429601,0,0,0.0
259132,0,0,0.0
222214,0,0,0.0
383945,0,0,0.0
210865,0,0,0.0
152159,1,0,0.0
374436,0,0,0.0
361026,0,1,1.0
214590,0,0,0.0
349268,0,0,0.0
186174,0,0,0.0
397263,1,0,0.0
328799,0,0,0.0
407861,0,0,0.0
306915,0,1,1.0
339922,0,0,0.0
105846,0,0,0.0
282921,0,0,0.0
245771,0,0,0.0
358620,1,0,0.0
449729,0,0,0.0
211838,0,0,0.0
421644,1,0,0.0
311565,0,1,1.0
304448,0,0,0.0
375646,0,0,0.0
241897,1,0,0.0
388355,0,0,0.0
379571,0,0,0.0
126899,0,0,0.0
366591,0,0,0.0
359077,0,0,0.0
177491,0,0,0.0
157329,0,0,0.0
321995,0,0,0.0
440604,1,0,0.0
333832,0,0,0.0
182160,0,0,0.0
176818,0,0,0.0
259316,0,0,0.0
312069,0,0,0.0
250870,0,1,1.0
230009,0,0,0.0
220030,0,0,0.0
143565,0,0,0.0
206907,0,0,0.0
404202,0,0,0.0
229266,0,0,0.0
407892,0,0,0.0
226015,0,0,0.0
320554,0,0,0.0
148552,0,0,0.0
422858,0,1,1.0
118090,0,0,0.0
137226,0,0,0.0
187023,0,0,0.0
348072,0,0,0.0
405237,0,0,0.0
380584,0,0,0.0
130314,0,0,0.0
105128,0,0,0.0
102324,0,1,1.0
104773,0,0,0.0
325836,0,0,0.0
204145,0,0,0.0
374022,0,1,1.0
369635,1,0,0.0
144216,0,0,0.0
179167,0,0,0.0
154168,1,0,0.0
309881,0,0,0.0
238611,0,0,0.0
381377,0,0,0.0
194786,0,0,0.0
272278,0,0,0.0
274282,1,0,0.0
203301,1,0,0.0
166523,0,0,0.0
180591,0,0,0.0
156645,0,0,0.0
188015,0,0,0.0
163007,0,0,0.0
154710,0,0,0.0
240157,0,0,0.0
366963,0,0,0.0
232985,0,0,0.0
220765,1,0,0.0
227169,0,1,1.0
360964,0,1,1.0
170453,0,0,0.0
309856,0,0,0.0
375497,0,0,0.0
350040,0,1,1.0
270406,1,0,0.0
189683,0,0,0.0
400592,0,1,1.0
141208,0,0,0.0
287524,0,0,0.0
161231,0,0,0.0
262723,0,1,1.0
254922,1,0,0.0
373160,0,0,0.0
452634,0,1,1.0
110262,0,0,0.0
237949,0,0,0.0
135505,0,0,0.0
144182,0,1,1.0
329202,0,0,0.0
353600,0,0,0.0
246650,0,1,1.0
245745,1,1,1.0
211814,0,0,0.0
447386,0,0,0.0
120197,0,0,0.0
100680,0,0,0.0
269013,0,0,0.0
345674,0,0,0.0
408618,0,0,0.0
183698,0,0,0.0
205455,0,0,0.0
184785,0,0,0.0
188103,1,0,0.0
248066,0,0,0.0
352173,1,0,0.0
313647,0,0,0.0
166061,0,0,0.0
313762,0,0,0.0
191944,0,0,0.0
425638,0,0,0.0
226831,0,1,1.0
287372,0,1,1.0
454848,0,0,0.0
259866,0,0,0.0
185143,0,0,0.0
339491,0,0,0.0
450072,0,0,0.0
313437,0,0,0.0
297182,0,0,0.0
411867,0,0,0.0
292994,0,0,0.0
104158,0,0,0.0
216887,0,0,0.0
225909,0,0,0.0
235745,0,1,1.0
426662,0,0,0.0
378177,0,0,0.0
416124,0,0,0.0
328417,0,1,1.0
224420,0,0,0.0
155385,0,0,0.0
361957,1,1,1.0
345934,0,0,0.0
137697,0,0,0.0
387465,0,0,0.0
233248,0,0,0.0
409556,0,0,0.0
110078,0,0,0.0
212507,0,0,0.0
331320,0,0,0.0
375877,0,0,0.0
434799,0,0,0.0
252619,0,0,0.0
214035,0,0,0.0
318287,0,0,0.0
385167,0,0,0.0
357288,0,0,0.0
118430,0,0,0.0
378358,0,0,0.0
125527,0,0,0.0
200252,0,0,0.0
179176,0,0,0.0
417012,0,0,0.0
321258,0,0,0.0
189395,0,0,0.0
278086,0,0,0.0
357807,0,0,0.0
251232,0,0,0.0
201475,0,0,0.0
433231,0,0,0.0
260739,0,0,0.0
430626,0,0,0.0
115356,0,0,0.0
360696,0,0,0.0
428942,0,0,0.0
387629,0,0,0.0
399710,0,0,0.0
279737,0,0,0.0
361394,0,0,0.0
384918,1,1,1.0
355340,0,0,0.0
184863,0,0,0.0
448456,0,1,1.0
314362,0,0,0.0
214809,0,0,0.0
155974,0,0,0.0
102650,0,1,1.0
263814,0,0,0.0
250615,0,0,0.0
264014,0,0,0.0
351939,0,0,0.0
157399,0,0,0.0
242267,0,0,0.0
280859,0,0,0.0
396747,0,0,0.0
104593,0,0,0.0
168993,0,0,0.0
449083,0,1,1.0
451706,0,0,0.0
245018,0,0,0.0
210333,0,0,0.0
270942,0,0,0.0
255788,0,0,0.0
384584,0,0,0.0
307102,0,0,0.0
190654,0,0,0.0
243991,0,0,0.0
428761,0,0,0.0
237920,0,0,0.0
268322,0,0,0.0
297278,0,0,0.0
419424,0,1,1.0
197355,0,0,0.0
185272,0,0,0.0
125361,0,1,1.0
199641,0,0,0.0
357990,0,0,0.0
427799,0,0,0.0
120245,0,0,0.0
375344,0,0,0.0
261441,0,0,0.0
349162,0,0,0.0
288510,0,0,0.0
233058,0,0,0.0
213191,0,1,1.0
155900,0,0,0.0
362524,0,0,0.0
136436,0,0,0.0
416774,0,0,0.0
128885,0,0,0.0
281926,0,0,0.0
411234,0,0,0.0
449111,0,1,1.0
408204,0,0,0.0
119259,0,0,0.0
216989,0,0,0.0
279837,0,0,0.0
260399,0,0,0.0
310965,0,0,0.0
119051,0,0,0.0
278164,0,0,0.0
308627,0,0,0.0
327283,0,0,0.0
169966,0,0,0.0
175820,0,0,0.0
451896,0,0,0.0
199653,0,0,0.0
438333,0,0,0.0
422467,0,1,1.0
447515,0,0,0.0
454844,1,1,1.0
215468,0,0,0.0
368460,0,1,1.0
218960,0,0,0.0
342796,0,0,0.0
109973,0,0,0.0
201450,0,0,0.0
134311,0,0,0.0
158863,0,0,0.0
105938,0,0,0.0
337540,0,0,0.0
394745,1,1,1.0
196719,0,0,0.0
368007,1,0,0.0
383067,0,0,0.0
389827,0,0,0.0
405923,0,0,0.0
281480,0,0,0.0
444472,0,0,0.0
378871,0,0,0.0
211671,0,1,1.0
117812,0,0,0.0
407970,1,0,0.0
297394,0,0,0.0
292863,0,0,0.0
238898,0,0,0.0
245825,0,0,0.0
422669,0,0,0.0
453660,0,0,0.0
448516,0,0,0.0
442098,0,0,0.0
237926,0,0,0.0
344733,0,0,0.0
363724,0,0,0.0
397894,0,1,1.0
233446,0,0,0.0
165759,0,0,0.0
249518,0,0,0.0
235014,0,1,1.0
361225,0,0,0.0
114421,0,0,0.0
206193,0,0,0.0
203906,1,1,1.0
426745,0,0,0.0
294884,0,0,0.0
313013,1,0,0.0
120321,0,0,0.0
152128,1,0,0.0
337718,0,0,0.0
389340,0,0,0.0
280147,0,0,0.0
406026,0,0,0.0
103008,0,0,0.0
244160,1,0,0.0
212671,0,0,0.0
242635,0,0,0.0
175811,1,0,0.0
333385,0,0,0.0
215587,0,0,0.0
218462,0,0,0.0
395208,0,0,0.0
279309,0,0,0.0
113433,0,0,0.0
403160,1,0,0.0
367128,0,1,1.0
178873,0,0,0.0
214373,0,0,0.0
305848,0,0,0.0
282889,0,0,0.0
133377,0,0,0.0
227118,0,0,0.0
219791,0,0,0.0
197672,0,0,0.0
247275,0,0,0.0
330355,0,0,0.0
217661,0,0,0.0
414445,0,0,0.0
369680,0,0,0.0
277097,0,0,0.0
261984,0,0,0.0
112466,0,0,0.0
314077,0,0,0.0
149243,0,0,0.0
450577,0,0,0.0
306599,0,0,0.0
238735,0,0,0.0
397675,0,0,0.0
167649,0,0,0.0
330879,0,0,0.0
453738,0,1,1.0
158488,0,0,0.0
178705,0,0,0.0
111854,0,0,0.0
348976,1,0,0.0
281141,0,0,0.0
221157,0,0,0.0
279761,0,1,1.0
384732,0,0,0.0
283462,0,1,1.0
195422,0,0,0.0
203885,0,0,0.0
291735,0,0,0.0
360146,1,0,0.0
279762,0,0,0.0
252082,0,0,0.0
350660,0,0,0.0
449969,0,0,0.0
105830,0,0,0.0
379328,0,0,0.0
437381,0,0,0.0
186922,0,0,0.0
135066,0,0,0.0
135663,0,0,0.0
227851,0,0,0.0
369847,0,0,0.0
242698,0,0,0.0
121194,0,0,0.0
344627,0,0,0.0
397010,0,0,0.0
442156,0,0,0.0
225802,0,0,0.0
283937,0,0,0.0
273894,0,0,0.0
433215,0,0,0.0
398640,0,0,0.0
205165,0,0,0.0
378579,1,0,0.0
133931,0,0,0.0
150259,0,0,0.0
181786,0,0,0.0
296807,0,0,0.0
443513,0,0,0.0
309220,0,1,1.0
339271,0,0,0.0
413428,0,0,0.0
344785,0,0,0.0
144487,1,0,0.0
147948,0,0,0.0
156853,0,0,0.0
354401,0,0,0.0
261543,0,0,0.0
143624,0,0,0.0
361712,0,0,0.0
326328,0,0,0.0
350768,1,1,1.0
164970,0,0,0.0
146710,0,0,0.0
172348,1,1,1.0
171005,0,0,0.0
134935,0,0,0.0
421464,0,0,0.0
112253,0,0,0.0
277674,0,0,0.0
180462,0,0,0.0
342361,0,0,0.0
188219,0,0,0.0
254683,0,0,0.0
250779,0,0,0.0
203663,0,0,0.0
117773,0,0,0.0
120996,0,0,0.0
229123,0,0,0.0
360531,0,0,0.0
318521,0,0,0.0
275342,0,0,0.0
233686,0,0,0.0
390042,0,0,0.0
340111,0,0,0.0
104766,0,0,0.0
123826,0,0,0.0
212235,0,0,0.0
355626,0,0,0.0
243859,0,0,0.0
307371,0,1,1.0
452857,0,0,0.0
128179,0,0,0.0
231633,0,0,0.0
209652,0,0,0.0
333175,0,0,0.0
418998,0,0,0.0
419405,0,0,0.0
228161,0,0,0.0
193576,0,0,0.0
282118,0,0,0.0
411486,0,0,0.0
299095,0,0,0.0
245922,0,0,0.0
166163,0,0,0.0
403738,0,0,0.0
411992,0,0,0.0
219740,0,0,0.0
391253,0,0,0.0
281645,0,0,0.0
114761,0,0,0.0
201388,0,0,0.0
317789,0,0,0.0
330900,0,0,0.0
452457,0,1,1.0
231962,0,0,0.0
436027,0,0,0.0
198890,0,0,0.0
317320,0,0,0.0
440467,0,0,0.0
402339,0,0,0.0
167206,0,0,0.0
285372,0,0,0.0
317302,0,0,0.0
446831,0,0,0.0
224725,0,0,0.0
166401,0,0,0.0
138351,0,0,0.0
318283,0,0,0.0
452710,1,0,0.0
113842,0,0,0.0
207868,0,0,0.0
376613,0,0,0.0
282486,0,0,0.0
267820,0,0,0.0
214069,0,0,0.0
436222,0,0,0.0
303923,0,0,0.0
230316,0,0,0.0
174528,0,0,0.0
358760,0,0,0.0
110870,1,0,0.0
148673,0,0,0.0
239712,0,0,0.0
163784,0,0,0.0
247436,0,0,0.0
280918,0,0,0.0
167258,0,0,0.0
377996,0,0,0.0
431930,0,0,0.0
339303,0,0,0.0
309104,0,0,0.0
311631,0,1,1.0
152146,1,0,0.0
265593,0,0,0.0
287088,0,0,0.0
222562,0,0,0.0
204247,0,0,0.0
432082,0,0,0.0
372904,0,0,0.0
404241,0,0,0.0
377081,0,0,0.0
387832,0,0,0.0
320380,0,0,0.0
305411,0,0,0.0
114100,0,0,0.0
219416,0,0,0.0
232165,0,0,0.0
103024,0,0,0.0
385031,0,0,0.0
381668,0,0,0.0
175996,0,0,0.0
199192,0,0,0.0
262560,0,0,0.0
129185,0,0,0.0
338569,0,0,0.0
238817,0,0,0.0
182591,0,0,0.0
272012,0,0,0.0
423603,0,1,1.0
340441,0,0,0.0
331512,0,0,0.0
127901,0,1,1.0
425085,0,0,0.0
317202,0,0,0.0
377500,0,1,1.0
263599,0,0,0.0
207927,0,0,0.0
200619,0,0,0.0
395986,0,0,0.0
176750,0,0,0.0
156437,0,0,0.0
122021,0,0,0.0
244745,0,1,1.0
103111,0,0,0.0
426320,0,1,1.0
263033,0,0,0.0
418716,0,0,0.0
272504,0,0,0.0
450234,0,0,0.0
452736,0,1,1.0
173892,0,0,0.0
293220,0,0,0.0
258587,0,0,0.0
155733,0,0,0.0
306087,0,0,0.0
141954,0,0,0.0
376868,0,0,0.0
343071,0,0,0.0
441308,0,0,0.0
370863,0,0,0.0
343239,0,0,0.0
343400,0,0,0.0
278849,0,0,0.0
441159,0,1,1.0
361377,0,0,0.0
298638,0,0,0.0
158829,1,0,0.0
430804,0,0,0.0
370470,0,0,0.0
184119,0,0,0.0
302776,0,1,1.0
362514,0,1,1.0
363363,0,0,0.0
395952,0,0,0.0
330786,0,0,0.0
376593,0,0,0.0
265725,0,0,0.0
169049,0,0,0.0
174896,0,1,1.0
152250,0,0,0.0
164385,0,0,0.0
373405,0,0,0.0
117718,0,0,0.0
430736,0,0,0.0
206937,0,0,0.0
283278,0,0,0.0
428088,1,0,0.0
204264,0,0,0.0
176843,0,0,0.0
445734,1,0,0.0
349910,0,0,0.0
243983,0,0,0.0
368977,0,0,0.0
134743,0,0,0.0
309842,0,0,0.0
389493,0,0,0.0
299666,0,1,1.0
225296,0,1,1.0
269683,0,0,0.0
329141,1,0,0.0
417797,0,0,0.0
440582,0,0,0.0
256144,0,0,0.0
114284,0,0,0.0
170202,0,0,0.0
454773,0,0,0.0
167418,0,0,0.0
245520,0,0,0.0
111699,1,0,0.0
385608,0,0,0.0
118801,0,0,0.0
369476,0,0,0.0
215125,1,0,0.0
397317,0,0,0.0
393272,0,0,0.0
264343,0,1,1.0
113809,0,1,1.0
107180,0,1,1.0
315890,0,0,0.0
219348,0,0,0.0
129792,0,0,0.0
349126,0,0,0.0
263877,0,0,0.0
255229,0,0,0.0
401903,0,0,0.0
353111,0,0,0.0
412950,0,0,0.0
210160,0,1,1.0
249179,0,0,0.0
423970,0,0,0.0
218020,0,0,0.0
133343,0,0,0.0
281041,0,0,0.0
382754,0,0,0.0
288428,0,0,0.0
131367,0,0,0.0
222404,0,0,0.0
395214,0,0,0.0
165693,1,0,0.0
447920,0,0,0.0
446361,0,0,0.0
418498,0,0,0.0
254823,0,0,0.0
401848,0,0,0.0
417836,0,0,0.0
345198,0,0,0.0
321095,0,0,0.0
416839,0,0,0.0
370124,0,0,0.0
132905,0,0,0.0
183753,0,0,0.0
352089,0,0,0.0
304012,0,0,0.0
219799,0,0,0.0
328883,0,0,0.0
358912,0,0,0.0
227302,0,0,0.0
175606,0,0,0.0
391047,0,0,0.0
427742,0,0,0.0
166363,0,0,0.0
422927,0,0,0.0
450210,0,1,1.0
357805,0,0,0.0
111994,0,1,1.0
179961,0,0,0.0
446538,0,0,0.0
319100,0,1,1.0
260190,0,0,0.0
138610,0,0,0.0
418646,0,0,0.0
419752,0,0,0.0
212883,0,0,0.0
169812,0,1,1.0
109541,0,0,0.0
206591,0,0,0.0
136042,0,1,1.0
406360,0,0,0.0
227253,0,0,0.0
442587,0,0,0.0
369550,0,0,0.0
231461,0,0,0.0
436816,0,0,0.0
110557,0,0,0.0
365312,0,0,0.0
191603,0,0,0.0
436909,0,0,0.0
121354,0,0,0.0
177845,0,0,0.0
295411,0,0,0.0
308554,0,0,0.0
174465,0,0,0.0
318194,0,0,0.0
177546,0,0,0.0
188216,0,0,0.0
367473,0,0,0.0
120843,0,0,0.0
119913,0,0,0.0
383352,0,0,0.0
142271,0,0,0.0
207895,0,0,0.0
426994,0,0,0.0
389536,0,0,0.0
175834,0,0,0.0
313104,0,0,0.0
303502,0,0,0.0
112358,0,1,1.0
350837,0,0,0.0
237415,0,0,0.0
229811,0,0,0.0
313118,0,0,0.0
135842,0,0,0.0
321077,0,0,0.0
180803,0,0,0.0
112636,0,0,0.0
238930,0,0,0.0
132167,0,0,0.0
436662,0,1,1.0
134079,0,1,1.0
133376,0,0,0.0
145246,0,0,0.0
321631,0,0,0.0
122890,0,0,0.0
315999,0,0,0.0
264768,0,0,0.0
134169,0,0,0.0
181138,0,1,1.0
115037,0,0,0.0
419482,0,0,0.0
315172,1,0,0.0
322832,0,0,0.0
173841,0,0,0.0
164865,0,0,0.0
162147,0,0,0.0
302246,0,0,0.0
118039,0,0,0.0
142068,0,0,0.0
420922,0,0,0.0
309804,0,0,0.0
321593,0,0,0.0
332858,0,0,0.0
385511,0,0,0.0
408770,0,0,0.0
282621,0,0,0.0
268791,1,0,0.0
122829,0,0,0.0
308080,0,1,1.0
235081,0,0,0.0
303784,0,0,0.0
188721,0,0,0.0
329838,0,0,0.0
157856,0,0,0.0
223838,0,1,1.0
277733,0,0,0.0
213575,0,0,0.0
375397,0,0,0.0
246247,0,0,0.0
179003,0,0,0.0
120687,0,0,0.0
310981,0,0,0.0
289948,0,0,0.0
249223,0,0,0.0
434877,0,1,1.0
255576,0,0,0.0
381886,0,0,0.0
189634,0,0,0.0
436177,0,0,0.0
340539,0,0,0.0
445789,0,0,0.0
401562,0,1,1.0
285807,0,0,0.0
435460,0,0,0.0
452050,0,0,0.0
152364,0,0,0.0
449805,1,0,0.0
267511,0,0,0.0
133328,0,0,0.0
426761,1,0,0.0
228063,0,1,1.0
430294,0,0,0.0
375391,0,0,0.0
355058,0,0,0.0
236186,0,0,0.0
360665,0,0,0.0
288948,0,0,0.0
123265,0,0,0.0
165124,0,0,0.0
264516,0,0,0.0
275006,0,0,0.0
189732,0,0,0.0
408839,0,0,0.0
212112,0,0,0.0
312822,0,1,1.0
198659,1,0,0.0
341970,0,0,0.0
372736,0,0,0.0
160630,0,0,0.0
424422,0,0,0.0
360574,0,0,0.0
172789,0,0,0.0
301657,0,0,0.0
412287,0,0,0.0
133915,0,0,0.0
327149,1,0,0.0
349167,0,0,0.0
107522,0,0,0.0
317720,0,0,0.0
100880,0,0,0.0
395135,0,1,1.0
312446,0,0,0.0
133995,0,0,0.0
158466,0,1,1.0
179437,0,0,0.0
110010,0,0,0.0
221459,0,0,0.0
224430,0,0,0.0
305144,0,0,0.0
295279,0,0,0.0
117989,0,0,0.0
373902,0,0,0.0
335791,0,0,0.0
150727,0,1,1.0
161169,0,0,0.0
221637,0,0,0.0
130304,0,0,0.0
252256,0,0,0.0
334234,0,1,1.0
428753,0,0,0.0
446143,0,0,0.0
151143,0,0,0.0
193707,0,0,0.0
144245,0,0,0.0
104764,0,0,0.0
358767,0,0,0.0
274343,0,0,0.0
137334,0,0,0.0
142332,0,1,1.0
424240,0,0,0.0
132077,0,0,0.0
159632,0,0,0.0
178576,0,0,0.0
254168,0,0,0.0
193029,0,0,0.0
175348,0,0,0.0
211304,0,0,0.0
392097,0,0,0.0
135032,0,0,0.0
180482,0,0,0.0
269358,0,0,0.0
382992,1,0,0.0
203180,0,1,1.0
443947,0,0,0.0
241880,0,0,0.0
135442,1,0,0.0
381802,0,0,0.0
144454,0,0,0.0
183005,0,0,0.0
202056,0,0,0.0
199354,1,0,0.0
289421,0,0,0.0
154338,0,0,0.0
192021,0,0,0.0
193127,1,0,0.0
220734,0,0,0.0
375051,0,0,0.0
292247,0,0,0.0
305855,0,0,0.0
168048,0,0,0.0
155248,1,0,0.0
254732,1,0,0.0
147572,0,0,0.0
265538,0,0,0.0
241898,0,0,0.0
277600,0,0,0.0
144800,0,0,0.0
228084,0,0,0.0
136981,0,1,1.0
303819,1,0,0.0
358403,0,0,0.0
439991,0,0,0.0
221455,0,0,0.0
104545,0,0,0.0
237767,0,1,1.0
112524,0,0,0.0
187410,0,0,0.0
207313,0,0,0.0
303992,0,0,0.0
234290,0,0,0.0
323890,0,0,0.0
251819,0,0,0.0
325095,0,0,0.0
411194,0,0,0.0
252188,0,0,0.0
426470,0,0,0.0
271326,0,0,0.0
359330,0,0,0.0
221792,0,0,0.0
388582,0,0,0.0
256620,0,0,0.0
124085,0,0,0.0
235097,0,0,0.0
234270,0,0,0.0
429428,1,1,1.0
194765,1,0,0.0
412267,0,0,0.0
118442,0,0,0.0
378209,1,0,0.0
176332,0,0,0.0
225905,1,0,0.0
345219,0,1,1.0
166566,0,1,1.0
151932,0,0,0.0
301306,0,0,0.0
296937,0,0,0.0
315427,0,0,0.0
156053,1,0,0.0
429816,0,0,0.0
229084,0,0,0.0
112163,0,0,0.0
265418,0,0,0.0
400147,0,0,0.0
284216,0,1,1.0
248365,0,0,0.0
154224,0,0,0.0
404068,0,0,0.0
157395,0,1,1.0
162923,0,0,0.0
322278,0,0,0.0
115871,0,0,0.0
340440,0,0,0.0
442621,0,0,0.0
225522,0,0,0.0
320685,1,0,0.0
440374,0,0,0.0
254555,0,0,0.0
351249,0,1,1.0
217209,1,0,0.0
353091,0,0,0.0
147065,0,0,0.0
424744,0,0,0.0
167922,0,0,0.0
396938,0,0,0.0
126002,0,0,0.0
434795,0,0,0.0
369768,0,0,0.0
223577,0,0,0.0
430358,0,0,0.0
196725,0,0,0.0
301656,0,0,0.0
323495,0,0,0.0
240714,0,0,0.0
368161,0,0,0.0
182332,0,0,0.0
336681,0,0,0.0
379744,0,0,0.0
103932,0,0,0.0
355589,0,1,1.0
373444,0,0,0.0
288406,0,0,0.0
289295,0,0,0.0
355469,0,0,0.0
380230,0,0,0.0
456247,0,0,0.0
342355,0,0,0.0
365870,0,0,0.0
340062,0,0,0.0
388016,0,0,0.0
129639,0,0,0.0
296540,0,0,0.0
128454,0,0,0.0
362377,0,0,0.0
452607,0,0,0.0
455899,0,0,0.0
141706,0,0,0.0
230760,0,0,0.0
324273,0,0,0.0
416917,0,0,0.0
448735,0,0,0.0
296558,0,0,0.0
293793,0,0,0.0
150609,0,1,1.0
254901,0,0,0.0
118610,0,0,0.0
220970,1,0,0.0
130409,0,0,0.0
301606,0,0,0.0
283717,0,0,0.0
155854,0,0,0.0
117978,0,0,0.0
322755,1,0,0.0
302335,0,0,0.0
316911,0,0,0.0
312283,0,0,0.0
194425,0,0,0.0
154469,0,0,0.0
114033,0,0,0.0
351627,0,0,0.0
355278,0,0,0.0
335156,0,0,0.0
333949,0,0,0.0
223825,1,0,0.0
117821,0,0,0.0
162564,0,0,0.0
128347,0,0,0.0
413965,0,0,0.0
160330,1,0,0.0
362395,0,0,0.0
200565,0,0,0.0
126284,0,0,0.0
264390,0,0,0.0
339351,0,0,0.0
298151,0,0,0.0
151745,0,0,0.0
137892,0,0,0.0
125314,1,0,0.0
290480,0,0,0.0
103437,0,0,0.0
320961,0,0,0.0
200730,0,0,0.0
333116,0,0,0.0
355140,0,1,1.0
439315,0,0,0.0
419020,0,0,0.0
133604,0,0,0.0
119159,0,0,0.0
445379,0,0,0.0
162633,1,0,0.0
332511,0,0,0.0
159675,0,0,0.0
108895,0,0,0.0
187320,0,1,1.0
272780,1,0,0.0
413121,0,0,0.0
214412,0,0,0.0
432235,0,0,0.0
448115,0,0,0.0
315063,1,1,1.0
411397,0,1,1.0
159533,0,0,0.0
176020,0,0,0.0
127288,1,0,0.0
380883,0,0,0.0
305677,0,0,0.0
156249,0,0,0.0
100254,0,0,0.0
363666,0,0,0.0
130789,0,1,1.0
383879,0,0,0.0
355227,1,0,0.0
271889,0,0,0.0
170373,0,0,0.0
247997,0,1,1.0
125612,1,1,1.0
297511,0,0,0.0
375078,0,0,0.0
141865,0,0,0.0
432813,1,0,0.0
210860,0,0,0.0
294568,0,0,0.0
403661,0,0,0.0
338207,0,0,0.0
281450,1,0,0.0
233938,0,0,0.0
354241,0,0,0.0
178763,0,0,0.0
354262,0,0,0.0
403068,0,0,0.0
327659,0,0,0.0
407904,0,0,0.0
331980,0,0,0.0
198773,0,0,0.0
397439,0,0,0.0
301553,0,0,0.0
299622,0,0,0.0
275831,0,0,0.0
452207,0,0,0.0
334802,0,0,0.0
275161,0,0,0.0
419486,0,0,0.0
275877,0,0,0.0
356783,0,0,0.0
279438,0,0,0.0
412337,0,0,0.0
438613,0,1,1.0
216594,0,0,0.0
273265,0,0,0.0
223263,0,1,1.0
135909,0,0,0.0
138447,0,0,0.0
390698,0,0,0.0
157709,0,0,0.0
409792,0,0,0.0
371932,0,0,0.0
320154,0,0,0.0
233605,1,0,0.0
182195,0,0,0.0
130903,1,0,0.0
258306,0,0,0.0
378510,0,0,0.0
239921,0,0,0.0
452957,0,0,0.0
118746,0,0,0.0
243574,0,0,0.0
201176,0,1,1.0
295237,0,0,0.0
400641,0,0,0.0
388156,0,0,0.0
337505,0,0,0.0
301892,0,0,0.0
285182,0,0,0.0
439702,0,0,0.0
191081,0,0,0.0
285928,1,0,0.0
338585,0,0,0.0
445522,1,0,0.0
450766,0,0,0.0
404033,0,0,0.0
311704,0,0,0.0
294118,0,0,0.0
126548,0,0,0.0
413960,0,0,0.0
348699,0,0,0.0
343727,0,0,0.0
410003,0,0,0.0
255339,0,1,1.0
222111,0,1,1.0
249562,0,0,0.0
140424,0,0,0.0
436517,0,0,0.0
445774,0,0,0.0
452647,0,0,0.0
121816,0,0,0.0
197756,0,0,0.0
199480,0,0,0.0
432660,0,0,0.0
383839,0,0,0.0
109618,0,0,0.0
208075,0,0,0.0
267154,0,1,1.0
414261,0,0,0.0
103350,0,0,0.0
345346,0,0,0.0
369963,0,0,0.0
274588,0,0,0.0
267521,0,1,1.0
155056,1,1,1.0
345682,0,0,0.0
374093,1,0,0.0
314599,0,0,0.0
198833,0,0,0.0
371843,0,0,0.0
125792,0,0,0.0
171813,0,0,0.0
239691,0,0,0.0
275930,0,0,0.0
333229,0,0,0.0
255248,0,1,1.0
134096,0,0,0.0
186833,0,0,0.0
329875,0,0,0.0
228602,0,0,0.0
102038,0,0,0.0
455898,0,0,0.0
408679,0,0,0.0
400917,0,0,0.0
187728,0,1,1.0
328925,0,0,0.0
364915,0,0,0.0
369630,0,0,0.0
400883,0,0,0.0
370519,1,0,0.0
227632,0,0,0.0
388964,0,0,0.0
156906,0,0,0.0
198327,0,0,0.0
189480,0,0,0.0
358626,0,0,0.0
342749,0,0,0.0
330173,0,1,1.0
347649,0,0,0.0
200407,0,0,0.0
366106,0,0,0.0
266183,0,0,0.0
270698,0,0,0.0
415003,0,0,0.0
454889,0,1,1.0
395641,0,0,0.0
450935,0,0,0.0
165778,0,0,0.0
333136,0,0,0.0
151794,1,0,0.0
439025,0,0,0.0
224160,0,0,0.0
226451,0,0,0.0
413449,0,0,0.0
162882,0,0,0.0
117366,0,0,0.0
381333,0,0,0.0
426382,0,1,1.0
349066,0,0,0.0
186325,0,0,0.0
349782,0,0,0.0
209178,1,0,0.0
374995,0,0,0.0
246519,0,0,0.0
442732,0,0,0.0
171937,0,0,0.0
129400,0,0,0.0
175228,0,0,0.0
144219,0,0,0.0
112501,0,0,0.0
182151,0,0,0.0
379789,0,0,0.0
343850,0,0,0.0
289352,0,0,0.0
183280,1,1,1.0
227830,0,0,0.0
454381,0,0,0.0
243450,1,0,0.0
106074,1,0,0.0
105604,0,0,0.0
104364,1,0,0.0
363201,0,0,0.0
268496,1,0,0.0
253751,1,1,1.0
348638,0,0,0.0
446232,0,0,0.0
322826,0,0,0.0
253360,0,0,0.0
272753,0,0,0.0
437380,0,1,1.0
117536,0,0,0.0
363079,0,0,0.0
207664,0,0,0.0
336325,0,0,0.0
161565,0,0,0.0
124017,0,0,0.0
174694,0,0,0.0
195906,0,1,1.0
454335,1,0,0.0
282719,0,0,0.0
141300,0,0,0.0
369975,0,0,0.0
325850,0,0,0.0
141309,0,0,0.0
426076,0,0,0.0
290732,0,0,0.0
114347,0,0,0.0
221222,0,0,0.0
356733,0,0,0.0
213277,0,0,0.0
409324,0,0,0.0
149523,0,0,0.0
132058,0,0,0.0
150164,0,0,0.0
297294,0,0,0.0
149417,0,1,1.0
237137,0,0,0.0
169228,0,0,0.0
257215,0,0,0.0
250588,0,0,0.0
246161,0,0,0.0
335479,0,0,0.0
380500,0,1,1.0
388028,1,0,0.0
252785,0,0,0.0
111888,1,0,0.0
126097,0,0,0.0
446415,0,0,0.0
239569,0,0,0.0
202867,0,0,0.0
358079,0,0,0.0
386995,0,0,0.0
371040,0,0,0.0
271592,0,0,0.0
297569,0,0,0.0
304850,0,0,0.0
248024,0,0,0.0
161168,0,0,0.0
430695,0,0,0.0
324567,0,0,0.0
143306,0,0,0.0
366193,0,0,0.0
394715,0,0,0.0
349822,0,0,0.0
245304,0,0,0.0
104107,1,0,0.0
234451,0,0,0.0
409061,0,0,0.0
101840,0,0,0.0
375404,0,0,0.0
220990,0,1,1.0
114887,0,1,1.0
169675,0,0,0.0
213026,0,0,0.0
449334,0,0,0.0
434480,1,0,0.0
263276,0,0,0.0
414189,0,0,0.0
338645,0,0,0.0
103288,0,0,0.0
124739,0,0,0.0
453667,0,0,0.0
316094,0,0,0.0
284818,0,0,0.0
209321,0,0,0.0
358002,0,0,0.0
267810,0,0,0.0
282898,0,0,0.0
330566,0,0,0.0
293231,0,0,0.0
212623,1,0,0.0
351558,0,0,0.0
102359,0,0,0.0
273305,0,0,0.0
151162,0,0,0.0
426089,0,0,0.0
299692,0,0,0.0
454752,0,0,0.0
267669,0,0,0.0
426068,0,0,0.0
306865,0,0,0.0
205826,0,0,0.0
262295,0,0,0.0
395704,0,0,0.0
210237,0,0,0.0
443452,0,0,0.0
339041,0,0,0.0
416421,0,0,0.0
130861,0,0,0.0
286388,0,0,0.0
117347,0,0,0.0
237069,1,0,0.0
156786,0,0,0.0
103938,0,0,0.0
366906,0,0,0.0
407974,0,1,1.0
225974,0,0,0.0
450771,0,0,0.0
455950,0,0,0.0
446787,0,0,0.0
198590,0,0,0.0
407721,0,0,0.0
156896,0,0,0.0
376299,1,0,0.0
372517,1,0,0.0
429592,0,0,0.0
194220,0,0,0.0
213723,0,1,1.0
372994,0,0,0.0
227697,0,0,0.0
432055,0,0,0.0
149325,0,1,1.0
378365,0,0,0.0
358192,0,0,0.0
139897,0,0,0.0
176800,1,1,1.0
103892,0,1,1.0
175324,0,0,0.0
418075,0,0,0.0
380516,0,0,0.0
347073,0,0,0.0
278707,1,0,0.0
373695,0,1,1.0
204649,0,0,0.0
267646,0,0,0.0
450476,1,0,0.0
112211,0,0,0.0
170068,0,0,0.0
226000,0,0,0.0
368278,1,0,0.0
236901,0,0,0.0
404950,0,0,0.0
232502,1,0,0.0
168066,0,0,0.0
312297,0,0,0.0
105240,0,1,1.0
329902,0,1,1.0
136432,0,1,1.0
353576,0,0,0.0
416599,0,0,0.0
288920,0,0,0.0
359411,0,0,0.0
199372,0,0,0.0
327769,0,0,0.0
254790,0,0,0.0
256784,0,0,0.0
141087,0,0,0.0
112110,0,0,0.0
103363,0,0,0.0
130476,0,0,0.0
304768,0,1,1.0
253935,0,0,0.0
381159,0,0,0.0
417791,0,0,0.0
263998,0,0,0.0
301821,1,1,1.0
394514,0,1,1.0
217322,0,0,0.0
296726,0,0,0.0
400767,0,0,0.0
406857,0,0,0.0
404249,0,0,0.0
132687,0,0,0.0
425024,0,0,0.0
118297,0,0,0.0
250375,0,0,0.0
282298,0,0,0.0
207526,1,0,0.0
241299,0,0,0.0
116900,0,0,0.0
358847,0,0,0.0
212483,0,0,0.0
350279,0,0,0.0
151272,0,1,1.0
301006,0,0,0.0
154970,1,0,0.0
170464,0,0,0.0
277785,0,0,0.0
325092,0,0,0.0
227359,0,0,0.0
334560,0,0,0.0
371232,0,0,0.0
443435,0,0,0.0
134133,0,0,0.0
104119,0,0,0.0
229840,0,0,0.0
284897,0,0,0.0
110024,0,0,0.0
401173,0,0,0.0
419243,0,0,0.0
140514,0,0,0.0
291230,0,0,0.0
257464,0,0,0.0
347254,0,0,0.0
250825,0,0,0.0
151507,0,0,0.0
455046,0,0,0.0
432766,1,1,1.0
130268,0,1,1.0
357379,0,0,0.0
222369,1,1,1.0
117538,1,0,0.0
381226,1,0,0.0
250159,0,0,0.0
224271,0,0,0.0
296063,0,0,0.0
333270,0,0,0.0
178728,0,0,0.0
129981,0,0,0.0
366986,0,0,0.0
200499,0,0,0.0
358285,0,0,0.0
426290,0,0,0.0
160233,0,0,0.0
370873,0,0,0.0
422915,1,0,0.0
123199,0,0,0.0
330759,0,0,0.0
245726,0,1,1.0
174882,0,0,0.0
305209,0,0,0.0
173693,0,0,0.0
161001,0,0,0.0
253611,0,0,0.0
134988,0,0,0.0
225209,0,0,0.0
163134,0,0,0.0
374268,0,0,0.0
394628,0,0,0.0
307119,1,0,0.0
273103,0,0,0.0
156116,0,0,0.0
381027,0,0,0.0
185500,0,0,0.0
146670,0,0,0.0
397295,0,1,1.0
134458,0,0,0.0
145717,0,0,0.0
406328,0,0,0.0
437498,0,0,0.0
122565,0,0,0.0
442979,0,0,0.0
333226,0,0,0.0
375073,1,0,0.0
221897,0,0,0.0
115870,0,0,0.0
241740,0,0,0.0
441008,0,0,0.0
147223,0,0,0.0
402448,0,0,0.0
392952,0,0,0.0
154719,0,0,0.0
282332,0,0,0.0
423218,0,0,0.0
238137,0,0,0.0
154282,0,0,0.0
306390,0,0,0.0
280593,0,0,0.0
427389,0,0,0.0
322156,0,0,0.0
379909,0,0,0.0
256995,1,0,0.0
101174,0,0,0.0
410404,0,0,0.0
174472,0,0,0.0
258084,0,0,0.0
246591,0,0,0.0
194410,0,0,0.0
156716,1,0,0.0
203585,0,1,1.0
121786,0,0,0.0
389421,0,0,0.0
240060,0,1,1.0
438384,0,0,0.0
191641,0,0,0.0
388880,0,1,1.0
361109,0,0,0.0
455144,0,0,0.0
452179,0,0,0.0
414947,0,0,0.0
156698,0,0,0.0
334253,0,0,0.0
394983,0,0,0.0
438789,0,0,0.0
353546,0,0,0.0
259731,0,1,1.0
334270,0,0,0.0
107682,0,0,0.0
109055,1,1,1.0
383880,0,0,0.0
400759,0,0,0.0
103770,0,0,0.0
179302,0,0,0.0
265962,0,0,0.0
215845,0,0,0.0
420923,0,0,0.0
307768,0,0,0.0
327877,0,0,0.0
286946,0,0,0.0
199802,0,0,0.0
354343,0,0,0.0
226968,0,0,0.0
240331,0,0,0.0
276478,0,0,0.0
289440,0,0,0.0
316290,0,0,0.0
369802,0,0,0.0
187653,0,1,1.0
368943,0,0,0.0
270071,0,0,0.0
191890,0,0,0.0
296216,0,0,0.0
223025,0,0,0.0
360751,0,0,0.0
363572,0,0,0.0
368560,0,0,0.0
137405,0,0,0.0
288385,0,1,1.0
419694,0,0,0.0
283432,0,0,0.0
404269,0,0,0.0
140072,0,1,1.0
353099,0,0,0.0
124822,0,0,0.0
242742,0,0,0.0
292908,0,0,0.0
301836,0,0,0.0
406281,0,0,0.0
427498,0,0,0.0
162009,0,0,0.0
264656,0,0,0.0
385482,0,1,1.0
143717,0,0,0.0
360459,0,0,0.0
229736,0,0,0.0
121452,0,0,0.0
313558,0,0,0.0
205950,1,0,0.0
357584,0,0,0.0
329139,0,0,0.0
193357,0,0,0.0
380225,0,0,0.0
290119,0,0,0.0
262305,0,0,0.0
417391,0,0,0.0
320023,0,0,0.0
113543,0,0,0.0
134915,0,0,0.0
394456,0,0,0.0
276965,0,1,1.0
225988,0,0,0.0
340488,0,0,0.0
365216,1,1,1.0
119423,0,0,0.0
164636,0,0,0.0
429574,0,0,0.0
371653,0,0,0.0
353738,0,1,1.0
314762,0,0,0.0
274344,0,0,0.0
440304,0,0,0.0
331086,0,0,0.0
292836,0,0,0.0
435473,0,0,0.0
226434,0,0,0.0
290459,0,0,0.0
286640,0,0,0.0
163459,0,1,1.0
221961,0,0,0.0
425769,0,0,0.0
199266,0,1,1.0
252352,0,1,1.0
413821,0,0,0.0
340608,0,0,0.0
402949,0,0,0.0
224076,0,0,0.0
228271,0,0,0.0
377419,0,0,0.0
438977,0,0,0.0
353487,0,0,0.0
159090,0,0,0.0
189227,0,0,0.0
112788,0,0,0.0
190635,0,0,0.0
169738,0,1,1.0
432767,0,0,0.0
333869,0,0,0.0
350309,0,0,0.0
171464,1,0,0.0
141969,0,0,0.0
429707,0,0,0.0
323064,0,0,0.0
145868,1,0,0.0
191851,0,1,1.0
264070,0,0,0.0
297970,0,0,0.0
446050,0,0,0.0
117295,0,0,0.0
352552,0,0,0.0
123816,0,0,0.0
171397,0,0,0.0
368056,0,0,0.0
410719,0,0,0.0
141343,0,0,0.0
146577,0,0,0.0
227000,0,0,0.0
250035,0,0,0.0
403224,0,0,0.0
125723,0,0,0.0
331432,0,1,1.0
185843,0,0,0.0
265599,0,0,0.0
425652,0,0,0.0
269696,0,0,0.0
341530,0,0,0.0
230430,0,1,1.0
204917,0,0,0.0
379589,0,0,0.0
214431,0,1,1.0
305267,0,0,0.0
301467,0,0,0.0
388186,0,0,0.0
260078,0,1,1.0
238200,0,0,0.0
453405,0,0,0.0
319953,0,0,0.0
360532,0,0,0.0
392005,0,0,0.0
119246,0,0,0.0
270607,0,0,0.0
303296,0,1,1.0
105475,0,0,0.0
431457,0,1,1.0
378179,0,0,0.0
416112,0,0,0.0
175746,0,0,0.0
321447,0,0,0.0
132856,0,0,0.0
239768,0,0,0.0
370256,0,0,0.0
278733,0,0,0.0
230425,0,0,0.0
178936,0,1,1.0
139389,0,0,0.0
174857,0,0,0.0
174311,0,0,0.0
134962,0,1,1.0
216076,0,0,0.0
243587,1,0,0.0
309870,0,0,0.0
366385,0,0,0.0
374337,0,0,0.0
145598,0,0,0.0
101622,0,0,0.0
197100,0,0,0.0
130988,1,0,0.0
305570,0,0,0.0
158260,0,1,1.0
221817,0,0,0.0
152549,0,0,0.0
300018,0,0,0.0
355753,0,0,0.0
310448,1,0,0.0
139596,0,1,1.0
266310,0,0,0.0
448416,0,0,0.0
365206,0,0,0.0
178759,0,0,0.0
158912,0,0,0.0
106919,0,0,0.0
312851,0,0,0.0
242402,0,0,0.0
238558,1,0,0.0
155959,0,0,0.0
290370,0,0,0.0
340835,0,1,1.0
407024,0,0,0.0
310511,0,0,0.0
451145,0,0,0.0
375490,0,0,0.0
264556,0,0,0.0
113290,0,0,0.0
428779,0,0,0.0
139376,0,0,0.0
294311,1,0,0.0
206513,0,0,0.0
348821,0,0,0.0
103295,0,0,0.0
134797,0,1,1.0
399648,0,0,0.0
216302,0,1,1.0
141690,0,0,0.0
220796,0,0,0.0
111569,0,0,0.0
196395,0,0,0.0
263006,0,0,0.0
262242,0,0,0.0
266264,0,0,0.0
365334,0,0,0.0
198035,0,0,0.0
258802,0,0,0.0
404765,0,0,0.0
284404,0,0,0.0
225589,0,1,1.0
416410,0,0,0.0
338631,1,0,0.0
454637,0,0,0.0
307280,0,0,0.0
150277,0,0,0.0
299521,1,0,0.0
338054,0,1,1.0
201659,0,0,0.0
368110,0,0,0.0
375440,0,0,0.0
448955,0,0,0.0
198976,0,0,0.0
269248,0,0,0.0
402291,0,1,1.0
261744,0,0,0.0
250327,0,0,0.0
365550,1,0,0.0
396217,0,0,0.0
422728,0,0,0.0
150352,0,0,0.0
271000,0,0,0.0
421101,0,0,0.0
178845,0,0,0.0
295033,0,0,0.0
431924,0,0,0.0
221213,0,0,0.0
342056,0,0,0.0
442843,0,0,0.0
295480,0,0,0.0
294662,0,0,0.0
155637,0,0,0.0
456205,0,0,0.0
148668,0,0,0.0
123077,0,0,0.0
349513,0,0,0.0
102401,0,1,1.0
269337,0,0,0.0
410021,0,0,0.0
398651,0,0,0.0
389399,0,1,1.0
164793,0,0,0.0
194007,0,0,0.0
330397,1,0,0.0
263196,0,0,0.0
167821,1,0,0.0
257238,0,0,0.0
324079,0,0,0.0
183812,0,0,0.0
410174,0,0,0.0
320580,0,0,0.0
109251,0,0,0.0
140062,0,0,0.0
131381,1,1,1.0
178031,1,0,0.0
182540,0,0,0.0
180663,0,0,0.0
173283,0,0,0.0
437329,0,0,0.0
258351,0,0,0.0
374937,0,0,0.0
247613,0,1,1.0
407200,0,0,0.0
192983,0,0,0.0
275259,0,0,0.0
343607,0,0,0.0
300069,0,0,0.0
399603,0,1,1.0
411096,0,0,0.0
340042,0,0,0.0
166407,0,1,1.0
148561,0,0,0.0
231021,0,0,0.0
246548,1,0,0.0
218268,0,0,0.0
208943,0,0,0.0
107961,0,0,0.0
412001,0,0,0.0
361890,0,1,1.0
410134,0,0,0.0
380448,0,0,0.0
232788,0,1,1.0
417104,0,0,0.0
123272,0,0,0.0
349377,0,0,0.0
198110,0,0,0.0
349731,0,0,0.0
147610,0,0,0.0
144373,0,0,0.0
416262,0,1,1.0
110316,0,0,0.0
260595,0,0,0.0
174643,1,0,0.0
128385,0,0,0.0
252131,0,0,0.0
241959,1,1,1.0
340326,0,0,0.0
443538,0,0,0.0
119894,0,1,1.0
375269,0,0,0.0
126065,0,0,0.0
329142,0,1,1.0
212295,0,0,0.0
348738,0,0,0.0
289718,0,0,0.0
341092,0,0,0.0
307873,0,0,0.0
119793,1,0,0.0
265973,0,0,0.0
377394,0,0,0.0
354526,0,0,0.0
437443,0,0,0.0
265357,0,0,0.0
202699,0,0,0.0
216592,0,0,0.0
306154,0,0,0.0
325888,1,0,0.0
450675,0,0,0.0
244982,0,0,0.0
425238,0,1,1.0
437927,0,0,0.0
191275,0,0,0.0
104721,0,0,0.0
312853,0,1,1.0
395608,0,0,0.0
229509,0,0,0.0
421223,0,0,0.0
384526,0,0,0.0
145134,0,0,0.0
215605,0,0,0.0
166194,0,0,0.0
101676,0,1,1.0
277339,1,0,0.0
192284,0,0,0.0
394086,0,0,0.0
140379,0,1,1.0
293135,0,0,0.0
429650,0,1,1.0
352736,0,0,0.0
337479,0,0,0.0
124183,0,0,0.0
405302,0,0,0.0
164048,0,0,0.0
306963,0,0,0.0
107092,0,0,0.0
445790,0,0,0.0
286842,0,0,0.0
364928,0,1,1.0
341274,0,1,1.0
109077,0,0,0.0
193401,0,0,0.0
149425,0,0,0.0
262145,0,0,0.0
216419,1,0,0.0
271292,0,0,0.0
307244,0,0,0.0
161064,0,0,0.0
328888,0,0,0.0
140494,0,0,0.0
187583,0,0,0.0
418279,0,0,0.0
384727,0,0,0.0
390521,1,1,1.0
302271,0,0,0.0
436973,0,0,0.0
224257,0,0,0.0
198981,0,0,0.0
419449,0,0,0.0
302297,0,0,0.0
347343,0,0,0.0
407143,0,0,0.0
375044,0,0,0.0
131807,0,0,0.0
179095,0,0,0.0
363715,0,0,0.0
294226,0,0,0.0
247482,1,1,1.0
112044,0,0,0.0
267708,0,0,0.0
173195,0,0,0.0
177552,0,0,0.0
269465,1,0,0.0
374211,0,0,0.0
143266,0,0,0.0
110921,0,0,0.0
349878,0,0,0.0
408720,0,0,0.0
157223,0,0,0.0
196415,0,0,0.0
197173,0,0,0.0
325209,0,0,0.0
330181,0,0,0.0
270464,0,0,0.0
420971,0,0,0.0
271558,0,0,0.0
256613,0,0,0.0
149565,0,0,0.0
354741,0,0,0.0
181141,0,0,0.0
181184,0,0,0.0
435230,0,0,0.0
325037,0,0,0.0
133471,0,0,0.0
453811,0,1,1.0
288964,1,0,0.0
207295,0,0,0.0
231435,1,0,0.0
405829,0,0,0.0
218190,0,0,0.0
120523,0,0,0.0
278599,0,0,0.0
298343,0,0,0.0
284174,0,0,0.0
406765,0,0,0.0
113452,0,0,0.0
259406,0,0,0.0
247629,0,0,0.0
290645,0,0,0.0
179304,0,0,0.0
433740,1,0,0.0
179228,0,0,0.0
385530,1,0,0.0
202736,0,0,0.0
225781,0,0,0.0
118857,0,0,0.0
136197,0,0,0.0
437895,0,1,1.0
304598,1,0,0.0
226031,0,0,0.0
223831,0,0,0.0
318455,0,0,0.0
364245,0,0,0.0
357706,0,0,0.0
258971,0,0,0.0
412488,0,0,0.0
407254,0,0,0.0
357655,0,0,0.0
365382,0,0,0.0
163583,0,0,0.0
282321,0,0,0.0
402290,0,1,1.0
104192,0,0,0.0
342236,0,0,0.0
395256,0,0,0.0
365529,0,0,0.0
154257,0,0,0.0
384721,0,0,0.0
291220,0,0,0.0
351508,0,0,0.0
436758,0,0,0.0
172825,0,0,0.0
132810,0,0,0.0
233777,0,0,0.0
344572,0,0,0.0
375203,0,0,0.0
127241,0,0,0.0
420695,0,0,0.0
209640,0,0,0.0
112292,0,0,0.0
233266,1,0,0.0
290621,0,0,0.0
133945,0,1,1.0
251921,0,1,1.0
422740,0,0,0.0
149544,0,0,0.0
344920,0,0,0.0
185260,0,0,0.0
259733,0,0,0.0
164013,0,0,0.0
393961,0,0,0.0
336803,0,0,0.0
196114,0,0,0.0
181039,1,0,0.0
211161,0,0,0.0
263659,0,0,0.0
440200,0,0,0.0
343526,1,0,0.0
185005,0,0,0.0
238807,0,0,0.0
327173,0,0,0.0
371270,0,0,0.0
374261,0,0,0.0
107737,0,0,0.0
319410,0,0,0.0
212000,0,0,0.0
203479,0,1,1.0
247054,0,0,0.0
371713,0,0,0.0
334568,0,0,0.0
384894,0,0,0.0
103123,0,1,1.0
214514,0,0,0.0
167817,0,0,0.0
308417,0,0,0.0
453691,0,0,0.0
151333,0,0,0.0
399577,0,0,0.0
183069,0,0,0.0
267271,0,0,0.0
130167,0,0,0.0
308970,0,0,0.0
165146,0,0,0.0
186281,0,0,0.0
309515,0,0,0.0
385715,0,0,0.0
401682,0,1,1.0
413619,0,0,0.0
358078,0,0,0.0
264813,0,0,0.0
423361,0,0,0.0
290862,0,0,0.0
218210,0,0,0.0
217730,0,0,0.0
119058,0,0,0.0
437563,0,0,0.0
306408,0,0,0.0
136491,0,0,0.0
125467,1,0,0.0
100518,0,0,0.0
262368,0,0,0.0
237619,0,0,0.0
122882,0,0,0.0
140567,0,0,0.0
381649,0,0,0.0
421541,0,0,0.0
189103,0,0,0.0
254245,0,0,0.0
190587,0,0,0.0
162243,0,0,0.0
333867,1,0,0.0
447789,0,0,0.0
445918,1,0,0.0
357736,0,1,1.0
332365,0,0,0.0
456199,0,0,0.0
354656,0,0,0.0
143866,0,0,0.0
184596,0,0,0.0
181413,0,0,0.0
429429,0,0,0.0
141284,0,0,0.0
128641,0,0,0.0
346451,0,0,0.0
272224,0,0,0.0
149899,0,0,0.0
379990,0,0,0.0
236553,0,0,0.0
393586,0,0,0.0
356513,0,1,1.0
267700,0,0,0.0
379295,0,0,0.0
175333,0,0,0.0
422195,0,0,0.0
222110,0,0,0.0
327381,0,0,0.0
329619,1,0,0.0
321813,0,0,0.0
215195,0,0,0.0
115422,0,0,0.0
381833,0,0,0.0
453339,0,0,0.0
144916,0,0,0.0
130560,1,0,0.0
166429,0,0,0.0
172131,0,0,0.0
129883,0,1,1.0
285003,0,0,0.0
424444,0,0,0.0
157731,0,0,0.0
221759,0,1,1.0
361968,1,0,0.0
366985,0,0,0.0
401849,0,0,0.0
443670,0,0,0.0
409854,0,0,0.0
354868,0,0,0.0
171547,0,0,0.0
296095,0,0,0.0
327744,0,0,0.0
286861,0,0,0.0
249824,0,0,0.0
143458,0,0,0.0
153180,0,0,0.0
306552,0,0,0.0
197547,0,1,1.0
160874,0,1,1.0
398515,0,0,0.0
369762,1,0,0.0
268173,0,0,0.0
178414,0,0,0.0
329240,0,1,1.0
224034,0,0,0.0
449331,1,0,0.0
400434,0,0,0.0
360511,0,0,0.0
385750,0,0,0.0
157494,0,0,0.0
101810,0,0,0.0
400146,0,0,0.0
276782,0,0,0.0
240952,1,0,0.0
384977,0,0,0.0
168822,0,0,0.0
359712,0,0,0.0
338324,0,0,0.0
242820,0,0,0.0
103271,0,0,0.0
280876,0,0,0.0
207255,0,0,0.0
363532,0,0,0.0
404315,1,0,0.0
412464,0,0,0.0
212891,0,0,0.0
122045,0,0,0.0
298038,0,0,0.0
159937,1,0,0.0
295207,0,1,1.0
357743,0,1,1.0
260079,1,1,1.0
108663,0,0,0.0
356954,0,0,0.0
368995,1,0,0.0
426056,0,0,0.0
163012,0,0,0.0
434936,0,0,0.0
273222,0,0,0.0
363519,0,0,0.0
452309,1,0,0.0
219692,0,0,0.0
138887,0,0,0.0
177026,0,1,1.0
232820,0,0,0.0
233461,0,0,0.0
194353,0,0,0.0
359627,0,0,0.0
169361,0,0,0.0
100051,0,0,0.0
437929,0,0,0.0
141201,0,0,0.0
125285,0,0,0.0
192159,0,0,0.0
145163,1,1,1.0
278749,0,0,0.0
292814,0,0,0.0
198350,0,0,0.0
259751,0,0,0.0
105602,0,0,0.0
301970,0,0,0.0
235213,0,0,0.0
297181,0,0,0.0
160087,0,0,0.0
375569,0,0,0.0
349998,1,0,0.0
362884,0,0,0.0
314050,0,0,0.0
288048,0,0,0.0
367013,0,0,0.0
316797,0,0,0.0
345865,0,0,0.0
437251,0,0,0.0
325381,0,0,0.0
192262,0,0,0.0
414169,0,0,0.0
103924,0,0,0.0
343296,0,0,0.0
294320,0,0,0.0
414092,0,0,0.0
158757,0,1,1.0
224654,0,0,0.0
265116,0,0,0.0
453712,1,0,0.0
285412,0,0,0.0
299331,0,0,0.0
224472,0,0,0.0
112981,0,0,0.0
169489,1,0,0.0
274772,0,1,1.0
157450,0,0,0.0
403076,0,1,1.0
230238,0,0,0.0
428983,0,0,0.0
241013,1,0,0.0
161159,0,0,0.0
208569,0,1,1.0
314896,0,0,0.0
345266,0,0,0.0
346371,0,0,0.0
342677,0,0,0.0
130430,0,0,0.0
381349,0,0,0.0
381680,0,0,0.0
239532,1,0,0.0
281586,0,0,0.0
367408,0,0,0.0
123409,0,0,0.0
377507,0,0,0.0
280245,1,1,1.0
195238,0,0,0.0
180726,0,0,0.0
260528,0,1,1.0
223353,0,0,0.0
310263,0,0,0.0
195578,0,0,0.0
288614,1,0,0.0
162767,0,0,0.0
159612,0,0,0.0
419595,0,0,0.0
176100,0,1,1.0
119664,1,0,0.0
184999,0,0,0.0
398285,0,0,0.0
232261,1,0,0.0
102264,0,0,0.0
237293,0,0,0.0
328310,0,0,0.0
303824,0,0,0.0
368223,0,0,0.0
307498,0,0,0.0
178866,0,0,0.0
215872,0,0,0.0
308694,0,0,0.0
259773,0,0,0.0
192302,1,0,0.0
165805,0,0,0.0
381329,0,0,0.0
452505,0,1,1.0
448168,0,0,0.0
180949,0,0,0.0
260547,0,0,0.0
286222,0,0,0.0
258477,0,0,0.0
226740,0,0,0.0
101255,0,0,0.0
302334,0,0,0.0
326039,0,0,0.0
183343,0,0,0.0
395332,0,0,0.0
302319,0,0,0.0
348247,0,0,0.0
143416,0,0,0.0
253042,0,0,0.0
313940,0,0,0.0
264575,0,0,0.0
254172,0,0,0.0
385073,1,0,0.0
301349,0,0,0.0
188303,0,0,0.0
437517,0,0,0.0
353345,0,0,0.0
358611,0,0,0.0
274841,0,1,1.0
226360,0,0,0.0
298921,1,0,0.0
423241,0,0,0.0
141289,0,0,0.0
338831,0,0,0.0
168958,0,0,0.0
408488,0,0,0.0
216914,0,1,1.0
153937,0,0,0.0
106372,0,0,0.0
151520,0,0,0.0
178772,0,0,0.0
193090,0,0,0.0
123520,0,0,0.0
111933,0,0,0.0
149741,1,0,0.0
369862,0,1,1.0
140498,0,0,0.0
191685,0,0,0.0
227464,0,0,0.0
423533,0,0,0.0
139534,0,0,0.0
341354,0,1,1.0
214446,0,1,1.0
399381,0,0,0.0
413456,0,0,0.0
311594,0,0,0.0
445628,0,0,0.0
383679,0,0,0.0
229054,0,0,0.0
140336,0,0,0.0
308422,0,0,0.0
373191,0,0,0.0
101484,1,0,0.0
167063,0,0,0.0
393450,0,0,0.0
249428,0,0,0.0
226862,0,0,0.0
219792,0,0,0.0
323704,0,0,0.0
316073,0,1,1.0
244834,0,0,0.0
398464,0,0,0.0
176983,0,0,0.0
156785,0,1,1.0
182944,0,0,0.0
246563,1,1,1.0
292982,0,0,0.0
360910,0,0,0.0
379890,0,1,1.0
240056,0,0,0.0
270282,0,0,0.0
326367,0,0,0.0
443464,0,0,0.0
452105,0,0,0.0
452945,0,0,0.0
400859,1,0,0.0
309553,0,0,0.0
308581,0,0,0.0
410617,0,0,0.0
267542,0,0,0.0
287899,0,0,0.0
416603,0,1,1.0
265553,0,0,0.0
380996,0,0,0.0
160703,0,0,0.0
253476,0,0,0.0
370092,0,0,0.0
103443,0,0,0.0
277315,0,0,0.0
254451,0,0,0.0
278675,0,0,0.0
181120,0,0,0.0
276147,0,0,0.0
228605,0,0,0.0
158246,0,0,0.0
363593,0,0,0.0
348656,0,0,0.0
344142,0,0,0.0
265207,0,0,0.0
375366,1,0,0.0
207185,0,0,0.0
260981,0,0,0.0
220682,0,1,1.0
195271,0,0,0.0
260502,0,0,0.0
194029,0,0,0.0
256310,0,0,0.0
319127,0,0,0.0
303318,0,1,1.0
272377,0,0,0.0
170512,0,1,1.0
430097,0,0,0.0
145841,1,0,0.0
148487,0,0,0.0
350557,0,0,0.0
274592,0,0,0.0
280238,0,0,0.0
372421,0,0,0.0
242113,1,0,0.0
333026,0,0,0.0
335077,0,0,0.0
287418,1,0,0.0
446834,1,1,1.0
234331,0,0,0.0
206512,0,0,0.0
384015,0,0,0.0
321065,0,0,0.0
161151,0,0,0.0
438397,0,0,0.0
286229,0,0,0.0
186522,0,0,0.0
236414,0,1,1.0
250714,0,0,0.0
453877,0,0,0.0
449466,0,0,0.0
177736,0,0,0.0
448427,0,0,0.0
294176,0,0,0.0
275435,0,0,0.0
109872,0,0,0.0
153693,0,0,0.0
253481,0,0,0.0
228564,0,0,0.0
441485,0,0,0.0
134685,0,0,0.0
207386,0,0,0.0
122434,0,1,1.0
383133,0,0,0.0
232751,0,0,0.0
134611,0,0,0.0
345603,0,0,0.0
286138,0,0,0.0
404960,0,0,0.0
365803,0,0,0.0
167577,0,0,0.0
420642,0,0,0.0
192200,0,0,0.0
122255,0,0,0.0
198166,0,0,0.0
140611,1,0,0.0
369400,0,0,0.0
446709,0,0,0.0
232310,0,0,0.0
350425,0,1,1.0
404732,0,1,1.0
257531,0,0,0.0
122277,0,0,0.0
105892,0,0,0.0
252783,0,0,0.0
283581,0,0,0.0
273427,0,0,0.0
226098,0,0,0.0
356117,0,0,0.0
392479,0,0,0.0
268577,0,0,0.0
445108,0,0,0.0
187040,0,0,0.0
386675,0,0,0.0
196402,0,0,0.0
449809,0,0,0.0
436357,0,0,0.0
277012,0,0,0.0
105572,0,0,0.0
145814,0,0,0.0
166663,0,0,0.0
141423,0,0,0.0
289311,0,0,0.0
381847,0,0,0.0
126433,0,0,0.0
103655,0,0,0.0
416801,0,0,0.0
183900,0,0,0.0
166627,0,0,0.0
322260,0,1,1.0
265738,0,0,0.0
315064,1,1,1.0
258523,1,0,0.0
424716,1,0,0.0
228307,0,0,0.0
430243,0,0,0.0
317838,0,0,0.0
297836,0,0,0.0
204511,0,0,0.0
245731,0,0,0.0
394175,0,0,0.0
143512,0,0,0.0
233181,0,0,0.0
442447,0,0,0.0
339947,0,0,0.0
353334,0,0,0.0
362279,0,0,0.0
389942,0,0,0.0
169909,0,0,0.0
392140,0,1,1.0
238394,0,0,0.0
144188,0,0,0.0
310828,0,0,0.0
205186,0,0,0.0
378014,0,0,0.0
441769,0,0,0.0
230099,0,0,0.0
408836,0,0,0.0
140385,0,0,0.0
416847,0,1,1.0
243789,0,0,0.0
333509,0,0,0.0
447795,0,0,0.0
160416,0,0,0.0
437091,0,0,0.0
293409,0,0,0.0
180892,0,1,1.0
101131,0,0,0.0
186339,0,0,0.0
218248,0,0,0.0
325356,0,0,0.0
432134,0,0,0.0
343965,0,0,0.0
159839,0,0,0.0
348774,0,0,0.0
119983,0,0,0.0
410611,0,0,0.0
234310,0,0,0.0
304229,0,0,0.0
335663,0,0,0.0
286507,1,0,0.0
288682,0,1,1.0
242826,0,0,0.0
289078,0,0,0.0
273904,0,0,0.0
394545,0,0,0.0
296004,0,0,0.0
368019,0,0,0.0
186613,0,0,0.0
342406,0,0,0.0
264999,0,0,0.0
207824,0,0,0.0
132602,0,0,0.0
366395,1,0,0.0
251863,0,0,0.0
192791,0,0,0.0
244156,0,0,0.0
409267,0,0,0.0
236230,0,0,0.0
318708,0,0,0.0
294958,1,0,0.0
300800,0,0,0.0
216356,0,0,0.0
278210,0,0,0.0
206797,0,0,0.0
234421,0,0,0.0
132579,0,0,0.0
377031,0,0,0.0
386890,0,0,0.0
192080,0,0,0.0
425934,0,0,0.0
150157,0,0,0.0
291159,0,0,0.0
313918,0,1,1.0
181896,0,0,0.0
221877,0,0,0.0
341606,0,0,0.0
119436,0,0,0.0
389749,0,0,0.0
453888,0,1,1.0
144688,0,0,0.0
170149,0,0,0.0
193991,0,0,0.0
294310,0,0,0.0
455874,0,0,0.0
199046,1,0,0.0
213180,0,0,0.0
210169,0,0,0.0
356895,0,0,0.0
294402,0,0,0.0
416327,0,0,0.0
226021,0,0,0.0
384845,0,0,0.0
125008,0,0,0.0
204035,0,0,0.0
315863,1,0,0.0
427940,0,0,0.0
392983,1,0,0.0
340871,0,0,0.0
400194,0,0,0.0
370811,1,0,0.0
451294,0,0,0.0
332218,1,1,1.0
404503,0,0,0.0
237770,0,0,0.0
245112,0,0,0.0
213280,1,0,0.0
326365,0,0,0.0
374549,0,0,0.0
276959,0,0,0.0
314850,0,0,0.0
395025,0,0,0.0
373057,0,0,0.0
364392,0,0,0.0
306841,0,0,0.0
356388,0,0,0.0
307526,0,0,0.0
109714,0,0,0.0
330265,0,0,0.0
217311,0,0,0.0
123541,0,0,0.0
160981,0,0,0.0
155930,0,0,0.0
313350,0,1,1.0
207934,0,0,0.0
122201,0,0,0.0
376064,0,0,0.0
233746,1,0,0.0
383408,0,1,1.0
214950,1,0,0.0
440478,0,0,0.0
226655,0,0,0.0
282197,0,0,0.0
305913,0,1,1.0
230123,0,0,0.0
353717,1,0,0.0
440513,0,0,0.0
192774,0,0,0.0
356465,1,0,0.0
124404,0,0,0.0
214848,0,0,0.0
436043,0,0,0.0
119466,0,0,0.0
127088,0,0,0.0
295238,0,0,0.0
296681,0,0,0.0
284287,0,0,0.0
196168,0,0,0.0
249174,0,0,0.0
445060,1,0,0.0
200744,0,0,0.0
443516,0,0,0.0
355900,0,0,0.0
436046,0,0,0.0
193446,0,0,0.0
420769,0,0,0.0
127542,0,0,0.0
353642,0,1,1.0
359016,1,0,0.0
282255,0,0,0.0
391432,0,0,0.0
367117,0,0,0.0
213394,0,0,0.0
251738,0,0,0.0
431891,1,0,0.0
429959,0,0,0.0
213788,0,0,0.0
318402,0,0,0.0
247515,0,0,0.0
275680,0,0,0.0
225674,0,0,0.0
415402,0,0,0.0
449464,0,0,0.0
290683,0,0,0.0
327531,0,0,0.0
210023,0,0,0.0
396382,0,0,0.0
293738,0,0,0.0
181796,0,0,0.0
192126,0,0,0.0
326557,1,1,1.0
440167,0,1,1.0
319584,0,1,1.0
388886,0,0,0.0
266282,1,0,0.0
190342,0,0,0.0
242248,0,0,0.0
343695,0,0,0.0
346588,0,0,0.0
208539,1,0,0.0
136132,0,0,0.0
285717,0,0,0.0
261858,0,0,0.0
291333,0,0,0.0
259197,0,0,0.0
193182,0,0,0.0
285546,1,1,1.0
350976,0,0,0.0
421450,0,0,0.0
145909,0,0,0.0
118247,0,0,0.0
453964,0,0,0.0
366489,0,0,0.0
301075,0,0,0.0
371151,0,0,0.0
145507,0,1,1.0
398945,0,0,0.0
234948,0,0,0.0
337688,0,0,0.0
134034,0,0,0.0
363309,0,0,0.0
395251,0,0,0.0
358667,0,0,0.0
427228,0,0,0.0
231966,0,0,0.0
325437,0,1,1.0
224175,1,0,0.0
165226,0,0,0.0
302600,0,0,0.0
178535,0,0,0.0
431031,0,0,0.0
297155,0,0,0.0
367835,0,0,0.0
336875,0,0,0.0
353674,0,0,0.0
119661,0,0,0.0
193191,0,0,0.0
247535,0,0,0.0
323915,0,0,0.0
337248,0,0,0.0
306787,0,0,0.0
363795,0,0,0.0
310567,0,0,0.0
227340,0,1,1.0
378806,0,0,0.0
348758,0,0,0.0
236075,1,1,1.0
291441,0,0,0.0
185841,0,0,0.0
301980,0,0,0.0
269851,0,0,0.0
451495,1,0,0.0
182217,0,0,0.0
123963,0,0,0.0
128799,0,0,0.0
159773,0,0,0.0
174146,0,0,0.0
161540,0,0,0.0
260271,0,1,1.0
156223,0,0,0.0
227957,0,0,0.0
298301,0,0,0.0
181101,0,0,0.0
114015,0,0,0.0
132042,0,0,0.0
177850,0,1,1.0
324304,1,1,1.0
428315,0,0,0.0
378713,0,0,0.0
312155,1,0,0.0
452424,0,0,0.0
261102,0,0,0.0
380712,0,0,0.0
268009,0,0,0.0
454887,0,0,0.0
434417,0,0,0.0
350452,0,0,0.0
434874,0,0,0.0
192829,0,0,0.0
379631,0,0,0.0
335317,0,0,0.0
446941,0,0,0.0
217619,0,0,0.0
425018,0,0,0.0
358526,0,0,0.0
284749,0,0,0.0
173557,0,0,0.0
322633,0,1,1.0
400070,0,0,0.0
291755,0,0,0.0
255755,0,0,0.0
113642,0,0,0.0
418144,0,0,0.0
171462,0,0,0.0
172700,0,0,0.0
379000,0,0,0.0
335246,1,0,0.0
267945,0,0,0.0
114070,0,0,0.0
194233,0,0,0.0
394652,0,0,0.0
261019,0,0,0.0
296188,0,0,0.0
169525,0,0,0.0
322769,0,0,0.0
131418,0,0,0.0
397688,0,1,1.0
377236,0,0,0.0
353993,0,0,0.0
147431,0,0,0.0
213620,0,0,0.0
178398,0,0,0.0
190411,0,0,0.0
114275,0,0,0.0
388280,0,0,0.0
145950,0,0,0.0
291758,0,0,0.0
341317,0,0,0.0
307643,0,0,0.0
105882,0,0,0.0
156804,0,0,0.0
449108,0,0,0.0
438425,0,0,0.0
290146,0,0,0.0
395711,0,0,0.0
101801,0,0,0.0
206615,0,0,0.0
221216,0,0,0.0
342500,0,0,0.0
380178,1,1,1.0
436485,0,0,0.0
387003,0,0,0.0
156031,0,1,1.0
158385,0,0,0.0
374744,0,0,0.0
399721,0,0,0.0
134939,0,0,0.0
452376,1,0,0.0
339188,0,0,0.0
125567,0,1,1.0
373720,0,0,0.0
292890,0,1,1.0
447505,0,0,0.0
351636,0,0,0.0
212924,1,0,0.0
253046,0,0,0.0
296735,0,0,0.0
205431,0,0,0.0
258342,0,0,0.0
413956,0,0,0.0
283120,0,0,0.0
135697,1,0,0.0
376661,0,0,0.0
173929,0,0,0.0
249293,0,0,0.0
326927,0,0,0.0
452897,0,0,0.0
319414,0,0,0.0
365772,0,0,0.0
213799,1,1,1.0
263529,0,0,0.0
430652,0,0,0.0
401764,0,0,0.0
421664,0,0,0.0
139539,1,0,0.0
232616,0,1,1.0
375460,0,0,0.0
234496,0,0,0.0
150351,0,0,0.0
392489,0,1,1.0
445460,0,0,0.0
445508,0,0,0.0
375847,0,0,0.0
362039,0,1,1.0
418990,0,0,0.0
302452,0,0,0.0
421308,0,0,0.0
377298,0,0,0.0
337808,0,0,0.0
359251,0,0,0.0
358593,0,0,0.0
373585,0,0,0.0
130621,0,0,0.0
222414,0,0,0.0
244893,0,0,0.0
202261,0,1,1.0
106583,0,0,0.0
275007,0,0,0.0
243648,0,0,0.0
427894,0,0,0.0
204666,1,0,0.0
319527,0,0,0.0
215079,0,0,0.0
368882,0,0,0.0
108098,0,0,0.0
423868,0,0,0.0
199251,0,0,0.0
137712,0,0,0.0
282765,0,0,0.0
449018,0,0,0.0
440344,0,0,0.0
369876,0,0,0.0
163497,0,0,0.0
170485,1,0,0.0
394043,0,0,0.0
295253,0,0,0.0
170546,0,0,0.0
177455,0,0,0.0
187307,0,0,0.0
336084,0,0,0.0
226315,0,0,0.0
366431,0,0,0.0
384141,0,0,0.0
275449,0,0,0.0
232948,0,0,0.0
395102,0,0,0.0
338345,0,0,0.0
164044,0,0,0.0
439164,0,0,0.0
284412,0,0,0.0
306921,0,0,0.0
179199,0,0,0.0
359624,0,0,0.0
305924,0,1,1.0
358880,0,0,0.0
102533,0,0,0.0
182085,0,0,0.0
442744,0,0,0.0
183618,0,0,0.0
181898,0,0,0.0
334922,0,0,0.0
353883,0,0,0.0
387490,0,0,0.0
317061,0,0,0.0
155844,0,0,0.0
351782,0,1,1.0
339667,1,0,0.0
358101,0,0,0.0
418838,0,0,0.0
210194,0,0,0.0
158598,0,0,0.0
317419,0,0,0.0
269025,0,0,0.0
155381,1,0,0.0
371832,1,0,0.0
327875,0,1,1.0
232724,0,0,0.0
392446,0,0,0.0
320703,0,0,0.0
261313,0,1,1.0
418475,0,0,0.0
443100,1,0,0.0
309490,1,0,0.0
161533,0,0,0.0
327554,0,1,1.0
442267,0,0,0.0
314537,1,0,0.0
310124,1,0,0.0
211759,1,1,1.0
144717,0,0,0.0
410412,0,0,0.0
223671,1,0,0.0
210843,0,0,0.0
224303,0,0,0.0
451052,0,0,0.0
349334,0,0,0.0
202436,0,0,0.0
346146,0,0,0.0
258939,0,0,0.0
100015,0,0,0.0
386619,0,0,0.0
215914,0,0,0.0
188937,0,0,0.0
362084,0,0,0.0
278921,0,0,0.0
425093,0,1,1.0
290811,0,0,0.0
282344,0,0,0.0
135997,0,0,0.0
232660,0,0,0.0
186195,0,0,0.0
336266,0,0,0.0
419883,0,0,0.0
375291,0,0,0.0
408337,0,0,0.0
306098,0,0,0.0
313570,0,1,1.0
138378,0,0,0.0
238862,0,0,0.0
368990,0,0,0.0
346795,0,0,0.0
206860,0,0,0.0
126634,1,0,0.0
343132,0,0,0.0
306327,0,0,0.0
379424,0,0,0.0
303526,0,0,0.0
186661,0,0,0.0
381506,0,0,0.0
145873,1,1,1.0
252117,0,0,0.0
450470,0,0,0.0
219241,0,1,1.0
377393,0,0,0.0
102761,0,0,0.0
373905,0,0,0.0
219349,0,0,0.0
353410,0,0,0.0
445777,0,1,1.0
169250,0,0,0.0
204334,0,0,0.0
443687,0,0,0.0
266832,0,0,0.0
336256,0,0,0.0
234590,0,0,0.0
298979,1,0,0.0
453218,0,0,0.0
326629,0,0,0.0
177182,1,0,0.0
311498,0,0,0.0
181442,0,0,0.0
200628,0,0,0.0
363855,1,0,0.0
131592,0,0,0.0
241902,0,0,0.0
204898,0,0,0.0
143028,0,0,0.0
273641,0,0,0.0
115923,0,0,0.0
134198,0,0,0.0
453328,0,0,0.0
194076,0,0,0.0
219023,0,1,1.0
204287,0,0,0.0
408650,0,0,0.0
194138,0,0,0.0
238803,0,0,0.0
172026,0,1,1.0
356404,0,0,0.0
452520,0,0,0.0
299468,0,0,0.0
228300,0,0,0.0
291641,0,0,0.0
434595,0,0,0.0
122868,0,0,0.0
296407,1,1,1.0
150742,0,0,0.0
193142,0,1,1.0
145719,1,0,0.0
209711,0,0,0.0
292950,0,0,0.0
235100,0,1,1.0
415583,0,0,0.0
345044,0,0,0.0
365825,0,0,0.0
133388,0,0,0.0
363273,0,0,0.0
440728,0,0,0.0
281748,1,0,0.0
331196,0,0,0.0
424138,0,0,0.0
343195,0,0,0.0
381645,0,0,0.0
249968,0,0,0.0
256363,1,0,0.0
231219,1,0,0.0
350256,0,0,0.0
373402,0,0,0.0
426033,0,0,0.0
117937,0,0,0.0
183820,0,0,0.0
320441,0,0,0.0
194304,0,0,0.0
267302,0,0,0.0
182897,0,0,0.0
314027,0,0,0.0
121519,0,0,0.0
180129,0,0,0.0
242700,0,0,0.0
179763,0,0,0.0
347510,0,0,0.0
182796,0,0,0.0
122020,0,0,0.0
102512,0,0,0.0
212241,0,0,0.0
298283,0,0,0.0
296015,0,0,0.0
182851,0,0,0.0
260403,0,0,0.0
247142,0,0,0.0
148006,0,0,0.0
318718,1,0,0.0
236403,0,0,0.0
217637,0,0,0.0
368998,0,0,0.0
398545,0,0,0.0
233419,0,0,0.0
250290,0,1,1.0
402120,0,0,0.0
211761,0,0,0.0
284478,0,0,0.0
298304,0,0,0.0
224546,0,0,0.0
346087,0,0,0.0
106160,0,0,0.0
361321,0,0,0.0
175413,0,0,0.0
191946,0,0,0.0
237272,1,0,0.0
428995,0,0,0.0
446174,0,0,0.0
258712,0,0,0.0
213770,0,0,0.0
260017,1,0,0.0
115874,0,0,0.0
430212,0,1,1.0
251109,0,0,0.0
114897,1,0,0.0
137510,0,0,0.0
175256,1,0,0.0
399771,0,0,0.0
227673,0,0,0.0
429452,0,0,0.0
233193,0,0,0.0
407065,0,0,0.0
426858,0,0,0.0
380713,0,0,0.0
361781,0,0,0.0
292962,0,0,0.0
150938,0,1,1.0
389594,0,0,0.0
172491,0,0,0.0
139677,0,0,0.0
109314,0,0,0.0
152653,0,0,0.0
338134,0,1,1.0
367417,0,0,0.0
199628,0,0,0.0
280380,0,1,1.0
427914,0,0,0.0
375119,0,0,0.0
341462,1,0,0.0
165436,0,0,0.0
358462,0,0,0.0
274032,0,0,0.0
196645,0,0,0.0
172234,0,0,0.0
355086,0,0,0.0
165341,0,0,0.0
281658,0,0,0.0
349973,0,0,0.0
266881,0,1,1.0
319647,0,0,0.0
199175,1,1,1.0
441146,0,0,0.0
244282,1,0,0.0
454900,0,0,0.0
163245,0,0,0.0
372201,0,0,0.0
382187,0,0,0.0
398029,0,0,0.0
337116,0,0,0.0
181964,0,0,0.0
387873,0,0,0.0
225951,0,0,0.0
338206,0,0,0.0
374247,0,0,0.0
163536,0,0,0.0
346452,0,0,0.0
455698,0,0,0.0
261623,0,0,0.0
397060,0,0,0.0
249242,0,0,0.0
426939,0,1,1.0
315627,0,0,0.0
259451,0,0,0.0
101745,0,0,0.0
327009,0,0,0.0
257761,1,1,1.0
393392,0,0,0.0
409390,0,0,0.0
113000,0,0,0.0
451777,0,0,0.0
221757,0,0,0.0
321817,0,0,0.0
446737,0,0,0.0
290773,0,0,0.0
318932,0,0,0.0
157824,0,0,0.0
252934,0,0,0.0
336422,0,1,1.0
109234,0,0,0.0
269521,0,1,1.0
371942,0,0,0.0
111484,0,0,0.0
281247,0,0,0.0
216454,0,0,0.0
378221,0,0,0.0
455060,0,0,0.0
437080,0,0,0.0
433945,0,0,0.0
432534,0,0,0.0
105488,0,0,0.0
169621,0,0,0.0
366045,0,1,1.0
341082,1,0,0.0
198886,0,0,0.0
130991,0,0,0.0
242124,0,0,0.0
366602,0,0,0.0
126397,1,0,0.0
100482,0,0,0.0
375005,0,0,0.0
366631,0,0,0.0
277280,0,0,0.0
107577,0,0,0.0
299860,0,0,0.0
238525,0,0,0.0
441552,0,0,0.0
230702,0,0,0.0
358125,0,0,0.0
113090,0,0,0.0
108696,0,0,0.0
194709,0,0,0.0
193691,0,0,0.0
243147,0,0,0.0
432121,0,0,0.0
159699,0,0,0.0
229527,0,0,0.0
219762,0,1,1.0
403131,0,1,1.0
200934,0,0,0.0
214049,0,1,1.0
222242,0,0,0.0
263657,0,0,0.0
324600,0,0,0.0
395669,0,1,1.0
167740,0,1,1.0
380821,1,0,0.0
210816,0,0,0.0
259334,0,0,0.0
376376,0,0,0.0
140505,0,0,0.0
149926,0,0,0.0
268739,0,0,0.0
405479,0,0,0.0
272680,0,0,0.0
274270,0,1,1.0
120081,0,0,0.0
284135,0,0,0.0
135639,0,0,0.0
155328,0,0,0.0
455155,0,0,0.0
347773,0,0,0.0
445567,0,0,0.0
175443,0,0,0.0
290749,0,0,0.0
397927,0,0,0.0
412590,0,0,0.0
281012,0,0,0.0
419107,0,0,0.0
417548,0,0,0.0
346263,0,0,0.0
454693,1,1,1.0
420735,0,0,0.0
419546,0,0,0.0
395994,1,0,0.0
336658,0,0,0.0
315772,0,0,0.0
365689,0,0,0.0
358001,0,0,0.0
214998,0,0,0.0
310592,0,0,0.0
114164,0,0,0.0
376030,0,0,0.0
287811,1,0,0.0
135408,0,0,0.0
208825,0,0,0.0
450567,0,0,0.0
331771,0,0,0.0
292479,0,0,0.0
191052,0,0,0.0
322422,0,0,0.0
407770,0,0,0.0
241983,0,0,0.0
191084,0,1,1.0
384431,0,0,0.0
390649,0,0,0.0
450396,0,0,0.0
295691,0,0,0.0
182809,1,1,1.0
303595,0,0,0.0
108494,0,0,0.0
277882,1,0,0.0
118266,1,1,1.0
407132,0,0,0.0
305670,0,0,0.0
202116,0,0,0.0
249275,0,0,0.0
236808,0,0,0.0
239594,0,0,0.0
140589,0,0,0.0
321094,0,0,0.0
318504,0,0,0.0
370090,0,0,0.0
147166,0,0,0.0
195586,0,0,0.0
319256,0,0,0.0
188123,1,0,0.0
282464,0,0,0.0
114200,0,0,0.0
337153,0,0,0.0
403519,0,0,0.0
294233,1,0,0.0
345204,1,1,1.0
201686,0,0,0.0
284881,0,0,0.0
452361,0,0,0.0
112880,0,0,0.0
129763,0,1,1.0
162319,1,0,0.0
268275,1,0,0.0
328584,0,0,0.0
380562,0,0,0.0
231545,0,0,0.0
408379,0,0,0.0
375055,0,0,0.0
453254,1,0,0.0
400306,0,0,0.0
247532,0,1,1.0
261331,0,0,0.0
115362,0,0,0.0
293728,0,0,0.0
347557,0,0,0.0
438722,0,0,0.0
309666,0,0,0.0
402998,0,0,0.0
444752,0,0,0.0
275845,0,0,0.0
130412,0,0,0.0
297766,1,0,0.0
177658,0,1,1.0
161844,0,0,0.0
332581,1,0,0.0
243715,0,0,0.0
290188,0,0,0.0
434346,0,0,0.0
425624,0,0,0.0
180927,0,0,0.0
116462,0,0,0.0
279659,0,1,1.0
210669,1,0,0.0
264705,0,0,0.0
277478,1,0,0.0
371181,0,0,0.0
390912,0,1,1.0
367777,1,0,0.0
118352,0,0,0.0
421755,0,0,0.0
395002,0,0,0.0
210141,0,0,0.0
280139,1,0,0.0
350101,0,0,0.0
258615,0,0,0.0
188580,1,1,1.0
309203,0,0,0.0
258059,0,0,0.0
399222,0,0,0.0
337943,1,0,0.0
264012,0,1,1.0
310154,0,0,0.0
395181,0,0,0.0
108173,1,1,1.0
318145,0,0,0.0
329840,0,0,0.0
194970,1,0,0.0
256680,0,0,0.0
145661,1,0,0.0
209427,0,0,0.0
288976,0,0,0.0
235736,0,0,0.0
225868,0,0,0.0
419970,0,0,0.0
158960,0,0,0.0
415848,0,0,0.0
176504,1,1,1.0
134149,0,0,0.0
375761,0,0,0.0
357482,0,0,0.0
303523,0,0,0.0
232223,0,0,0.0
331175,1,1,1.0
296054,0,0,0.0
255007,0,0,0.0
295582,0,0,0.0
163141,0,0,0.0
432936,0,0,0.0
103135,0,0,0.0
392204,0,0,0.0
100663,0,0,0.0
153488,0,0,0.0
239441,1,0,0.0
212869,0,0,0.0
253654,0,0,0.0
436753,0,0,0.0
332982,0,0,0.0
420141,0,0,0.0
322654,0,0,0.0
317353,0,0,0.0
203613,0,0,0.0
422873,0,0,0.0
428540,0,0,0.0
437283,0,0,0.0
375352,0,0,0.0
268807,0,1,1.0
441783,0,0,0.0
327644,1,0,0.0
328130,0,0,0.0
167831,0,0,0.0
450482,0,0,0.0
376246,0,0,0.0
266540,0,0,0.0
183630,0,0,0.0
172591,0,0,0.0
146679,0,0,0.0
308014,0,0,0.0
118587,0,0,0.0
122147,0,0,0.0
447036,0,0,0.0
316592,0,0,0.0
232584,0,0,0.0
401626,0,0,0.0
117451,0,0,0.0
293695,0,0,0.0
187643,0,0,0.0
252684,1,0,0.0
411581,0,0,0.0
105589,0,0,0.0
401529,0,0,0.0
319433,0,0,0.0
418679,0,0,0.0
352514,0,0,0.0
440814,0,0,0.0
295531,0,0,0.0
422168,1,0,0.0
360510,0,0,0.0
274087,0,0,0.0
371671,0,0,0.0
334909,0,0,0.0
171027,0,0,0.0
109682,0,0,0.0
303733,0,0,0.0
309970,0,0,0.0
450521,0,0,0.0
171962,1,0,0.0
314534,0,0,0.0
142956,0,0,0.0
438791,0,0,0.0
380202,0,0,0.0
123650,0,0,0.0
229386,0,0,0.0
226518,0,0,0.0
362752,0,0,0.0
371982,0,0,0.0
154981,0,0,0.0
289291,0,0,0.0
160142,0,1,1.0
211870,0,0,0.0
159171,0,0,0.0
264439,0,0,0.0
303771,0,0,0.0
139402,0,0,0.0
410599,0,0,0.0
418723,0,0,0.0
328490,0,1,1.0
389748,0,0,0.0
230133,0,0,0.0
155490,0,0,0.0
253402,0,0,0.0
206481,1,1,1.0
416555,0,0,0.0
308606,0,0,0.0
230988,1,1,1.0
126018,0,0,0.0
121142,0,0,0.0
241215,0,0,0.0
337956,0,0,0.0
168499,0,0,0.0
239236,0,0,0.0
265609,0,0,0.0
132616,0,0,0.0
202529,0,0,0.0
428954,0,0,0.0
255784,0,1,1.0
290063,1,0,0.0
267712,0,0,0.0
288025,0,0,0.0
265978,1,0,0.0
411223,0,0,0.0
421069,0,0,0.0
151941,0,0,0.0
346017,0,0,0.0
299429,0,1,1.0
300738,0,0,0.0
174744,0,0,0.0
159026,0,0,0.0
217160,1,0,0.0
119704,0,1,1.0
208438,0,1,1.0
365648,0,0,0.0
171074,0,0,0.0
168149,0,0,0.0
297203,0,0,0.0
192801,0,0,0.0
384409,0,0,0.0
298520,0,0,0.0
339466,1,0,0.0
416031,0,0,0.0
310548,0,0,0.0
340201,0,0,0.0
257862,0,0,0.0
421706,0,0,0.0
287151,0,0,0.0
202680,0,0,0.0
333819,0,0,0.0
158047,0,0,0.0
126060,0,0,0.0
302453,0,0,0.0
241687,0,0,0.0
150765,0,1,1.0
262268,0,0,0.0
105298,0,0,0.0
173971,0,0,0.0
197244,0,0,0.0
350428,0,0,0.0
371852,0,0,0.0
203357,0,0,0.0
365414,0,0,0.0
173799,0,0,0.0
252405,0,0,0.0
264772,0,0,0.0
273133,0,0,0.0
129950,0,0,0.0
316119,0,0,0.0
283936,0,0,0.0
163401,0,0,0.0
356202,0,0,0.0
236685,1,0,0.0
436527,0,0,0.0
300253,0,1,1.0
271902,1,0,0.0
335450,0,0,0.0
442710,0,0,0.0
156964,0,0,0.0
276275,0,0,0.0
228944,0,0,0.0
319182,0,0,0.0
444599,0,0,0.0
208131,0,0,0.0
211060,0,0,0.0
164350,0,0,0.0
396954,0,0,0.0
433246,0,0,0.0
115947,0,0,0.0
181510,0,0,0.0
409565,0,0,0.0
441222,0,0,0.0
382806,0,0,0.0
275580,0,0,0.0
215402,0,0,0.0
425293,0,0,0.0
137527,0,0,0.0
186566,0,0,0.0
304127,0,0,0.0
139575,0,0,0.0
245327,0,0,0.0
165526,0,0,0.0
255236,0,0,0.0
188899,0,0,0.0
353245,0,0,0.0
376736,0,0,0.0
199585,0,0,0.0
354845,1,1,1.0
108062,0,1,1.0
171755,0,0,0.0
456093,0,0,0.0
250084,0,0,0.0
375046,0,0,0.0
271202,0,0,0.0
418807,0,0,0.0
359966,0,0,0.0
137532,0,0,0.0
407304,0,0,0.0
260233,0,0,0.0
389641,0,0,0.0
200931,0,1,1.0
207341,1,0,0.0
152745,0,0,0.0
393484,0,0,0.0
205226,0,0,0.0
273633,0,0,0.0
233098,0,0,0.0
365298,0,0,0.0
297164,0,0,0.0
369562,0,0,0.0
101336,0,0,0.0
222176,1,0,0.0
380905,0,0,0.0
409857,0,0,0.0
287098,0,0,0.0
389197,0,0,0.0
240015,1,0,0.0
149353,1,0,0.0
317778,0,1,1.0
369005,0,0,0.0
103052,0,0,0.0
375930,0,0,0.0
413014,0,1,1.0
132792,0,0,0.0
214623,0,0,0.0
130734,0,0,0.0
340384,0,0,0.0
104352,0,0,0.0
318165,0,0,0.0
229238,0,0,0.0
224446,0,0,0.0
333858,0,0,0.0
292971,0,0,0.0
431674,0,0,0.0
279494,0,0,0.0
110040,0,0,0.0
444403,0,0,0.0
319451,0,0,0.0
195026,1,0,0.0
404355,0,0,0.0
288212,0,0,0.0
299939,0,1,1.0
405424,0,1,1.0
154772,0,0,0.0
130013,0,0,0.0
118574,0,0,0.0
433354,0,0,0.0
448192,0,0,0.0
427843,0,1,1.0
147142,0,0,0.0
198283,0,0,0.0
421821,0,1,1.0
298305,0,0,0.0
389516,0,1,1.0
251201,0,0,0.0
448659,0,0,0.0
129503,0,0,0.0
178870,0,0,0.0
381595,0,0,0.0
180575,0,0,0.0
113935,0,0,0.0
407814,0,1,1.0
298253,0,0,0.0
254478,0,0,0.0
379910,0,0,0.0
184069,0,0,0.0
234793,0,0,0.0
397002,0,0,0.0
432866,0,0,0.0
345632,0,0,0.0
449026,0,1,1.0
335951,0,0,0.0
302308,0,0,0.0
297404,1,0,0.0
424606,0,0,0.0
109378,0,1,1.0
359496,0,0,0.0
138763,0,0,0.0
200145,0,0,0.0
196332,0,0,0.0
163388,0,0,0.0
426751,0,1,1.0
235985,0,0,0.0
415076,0,0,0.0
453599,0,0,0.0
228133,0,1,1.0
243548,0,0,0.0
261407,0,1,1.0
193657,0,0,0.0
106027,0,0,0.0
282411,0,0,0.0
391773,0,1,1.0
288486,0,0,0.0
348424,1,0,0.0
372392,0,0,0.0
376920,0,0,0.0
350018,0,0,0.0
131827,0,1,1.0
456126,0,0,0.0
118474,0,0,0.0
202597,0,0,0.0
118824,1,1,1.0
377187,1,0,0.0
108512,0,0,0.0
392509,0,0,0.0
438439,1,0,0.0
182084,0,0,0.0
326358,0,0,0.0
432286,0,1,1.0
242669,0,0,0.0
415955,0,0,0.0
201803,0,0,0.0
252247,0,0,0.0
339851,0,0,0.0
312300,0,0,0.0
138706,0,0,0.0
434566,0,0,0.0
325640,0,0,0.0
403479,0,0,0.0
324988,0,0,0.0
404423,0,0,0.0
373466,0,0,0.0
278070,0,0,0.0
120810,0,0,0.0
274787,1,0,0.0
150721,0,0,0.0
212218,0,0,0.0
304862,0,0,0.0
378293,0,0,0.0
103272,0,0,0.0
312560,0,0,0.0
185425,0,0,0.0
154101,0,0,0.0
261401,0,0,0.0
102055,0,0,0.0
209324,0,1,1.0
151082,0,0,0.0
198130,0,0,0.0
423536,0,0,0.0
330476,0,0,0.0
263688,0,0,0.0
185748,0,0,0.0
302419,0,0,0.0
149790,0,0,0.0
305796,0,0,0.0
116325,0,0,0.0
416662,0,0,0.0
280730,0,0,0.0
223314,0,0,0.0
378487,0,1,1.0
346383,0,0,0.0
423570,0,0,0.0
405061,0,0,0.0
422029,0,0,0.0
424537,0,0,0.0
345635,1,0,0.0
326975,0,1,1.0
381497,0,0,0.0
231767,1,0,0.0
241707,0,0,0.0
426903,0,1,1.0
145667,0,0,0.0
453519,0,0,0.0
347316,0,0,0.0
303922,0,0,0.0
356646,0,0,0.0
154240,0,0,0.0
439616,0,0,0.0
432185,0,0,0.0
247539,0,0,0.0
154085,0,0,0.0
258246,0,0,0.0
299612,0,0,0.0
283444,0,1,1.0
305498,0,1,1.0
260753,1,0,0.0
335117,0,0,0.0
321484,0,0,0.0
202430,0,0,0.0
185162,0,1,1.0
331034,0,0,0.0
264326,0,1,1.0
333216,0,0,0.0
326024,0,0,0.0
285345,0,1,1.0
283066,0,0,0.0
448795,0,0,0.0
195658,0,0,0.0
344271,0,0,0.0
191063,0,0,0.0
435641,0,0,0.0
104099,0,0,0.0
358716,0,0,0.0
107468,0,0,0.0
234763,0,0,0.0
153275,0,0,0.0
310754,1,0,0.0
340157,0,0,0.0
269446,0,0,0.0
181500,0,1,1.0
170497,0,1,1.0
338346,0,0,0.0
371194,0,1,1.0
121759,0,0,0.0
208813,0,1,1.0
303738,0,0,0.0
331214,0,0,0.0
157085,0,0,0.0
371377,0,0,0.0
378986,0,1,1.0
431425,0,0,0.0
100208,0,0,0.0
341781,0,0,0.0
362864,0,0,0.0
362168,0,0,0.0
167341,0,0,0.0
445100,0,0,0.0
298536,0,0,0.0
410291,0,0,0.0
132299,0,0,0.0
110311,0,0,0.0
179331,0,1,1.0
353611,0,0,0.0
172141,0,0,0.0
411506,0,0,0.0
209914,0,0,0.0
273568,0,0,0.0
346204,0,0,0.0
258624,0,0,0.0
445816,0,0,0.0
109476,0,0,0.0
296709,0,0,0.0
303247,0,0,0.0
373296,0,0,0.0
205187,0,0,0.0
359026,0,0,0.0
270693,0,0,0.0
195639,0,0,0.0
252479,0,0,0.0
136275,0,0,0.0
427244,0,0,0.0
324108,0,0,0.0
292917,0,0,0.0
412634,0,0,0.0
243448,0,0,0.0
116770,1,0,0.0
123705,0,0,0.0
438351,0,0,0.0
153893,0,0,0.0
313014,0,1,1.0
139132,0,0,0.0
430901,0,0,0.0
226027,0,0,0.0
415026,0,0,0.0
383575,0,0,0.0
212165,0,0,0.0
393173,0,0,0.0
396446,0,0,0.0
373645,0,0,0.0
192199,0,0,0.0
126204,0,0,0.0
247224,0,0,0.0
234450,0,0,0.0
304533,0,0,0.0
388040,1,0,0.0
348881,0,0,0.0
395427,0,0,0.0
233394,0,0,0.0
369588,0,0,0.0
328620,0,0,0.0
200539,0,0,0.0
148856,0,0,0.0
358265,0,0,0.0
213478,0,0,0.0
304792,0,0,0.0
146501,0,0,0.0
339582,0,0,0.0
284278,0,0,0.0
448510,0,0,0.0
400846,0,0,0.0
299957,0,0,0.0
200742,0,0,0.0
162088,0,0,0.0
102078,0,0,0.0
226731,0,0,0.0
145263,0,1,1.0
321212,0,0,0.0
205080,0,0,0.0
119379,0,0,0.0
226526,0,0,0.0
114695,0,0,0.0
342830,0,0,0.0
134121,0,0,0.0
380570,0,0,0.0
174962,0,0,0.0
113069,0,0,0.0
136344,0,0,0.0
339936,0,0,0.0
153289,0,0,0.0
118638,0,0,0.0
406527,0,0,0.0
158681,0,0,0.0
450755,0,0,0.0
284368,0,0,0.0
292269,0,0,0.0
406795,0,0,0.0
193923,0,0,0.0
413703,0,0,0.0
455236,0,0,0.0
400588,0,0,0.0
103742,0,0,0.0
305931,0,0,0.0
166715,0,0,0.0
354998,0,0,0.0
155148,0,0,0.0
406246,0,0,0.0
256964,0,0,0.0
361635,0,0,0.0
307252,0,0,0.0
436612,0,0,0.0
372334,0,0,0.0
211422,0,0,0.0
366484,0,0,0.0
406760,0,0,0.0
366681,0,0,0.0
388949,0,0,0.0
368986,0,0,0.0
136379,0,0,0.0
109666,0,0,0.0
124476,0,0,0.0
335733,0,0,0.0
398372,0,0,0.0
136635,0,1,1.0
233466,0,0,0.0
379727,0,0,0.0
301922,0,0,0.0
153867,0,0,0.0
363792,0,0,0.0
396280,0,0,0.0
293205,0,0,0.0
179761,0,0,0.0
403409,0,0,0.0
144351,0,0,0.0
338098,0,0,0.0
264497,0,0,0.0
431036,0,0,0.0
337736,0,0,0.0
169312,0,0,0.0
182197,0,0,0.0
144475,0,0,0.0
409700,0,0,0.0
206073,0,0,0.0
275072,0,0,0.0
168387,1,0,0.0
299013,0,0,0.0
344197,0,0,0.0
326409,0,0,0.0
364814,0,0,0.0
370322,0,0,0.0
349074,0,0,0.0
112377,0,0,0.0
142936,0,0,0.0
414916,0,0,0.0
262347,0,0,0.0
262813,0,0,0.0
405574,0,0,0.0
357913,0,0,0.0
419515,0,0,0.0
142703,0,0,0.0
251660,0,0,0.0
295068,0,0,0.0
207159,0,0,0.0
209716,0,0,0.0
196408,0,0,0.0
382032,1,0,0.0
110189,0,0,0.0
294993,0,0,0.0
219215,0,0,0.0
309779,0,0,0.0
117984,0,0,0.0
227650,0,0,0.0
324986,0,0,0.0
277953,0,0,0.0
164379,0,0,0.0
304863,0,0,0.0
286682,0,0,0.0
378787,0,0,0.0
101479,0,0,0.0
376557,0,0,0.0
273809,0,0,0.0
106773,1,0,0.0
172923,0,0,0.0
369536,0,0,0.0
173172,1,0,0.0
419861,0,0,0.0
424324,0,0,0.0
384742,0,0,0.0
354509,0,0,0.0
108469,0,0,0.0
412684,0,1,1.0
303885,0,0,0.0
241487,0,0,0.0
347353,0,0,0.0
205311,0,0,0.0
149815,0,0,0.0
135471,1,1,1.0
150330,0,0,0.0
194141,0,0,0.0
101419,0,0,0.0
136052,0,0,0.0
391266,0,1,1.0
247352,0,0,0.0
178022,0,0,0.0
265198,0,0,0.0
329436,0,0,0.0
234002,0,0,0.0
425986,0,0,0.0
337926,1,0,0.0
188723,1,0,0.0
362065,0,0,0.0
146845,1,0,0.0
124432,0,0,0.0
385470,0,0,0.0
300331,0,0,0.0
404653,0,0,0.0
147503,0,0,0.0
188956,0,0,0.0
184601,0,1,1.0
356562,0,1,1.0
273977,0,0,0.0
383887,0,0,0.0
118964,0,0,0.0
229383,0,0,0.0
211676,0,0,0.0
422093,0,0,0.0
361441,0,0,0.0
253627,0,0,0.0
400444,0,0,0.0
227159,0,0,0.0
178125,0,0,0.0
390761,0,0,0.0
224906,0,0,0.0
176676,0,0,0.0
360209,0,0,0.0
101196,0,0,0.0
383605,0,0,0.0
412833,0,0,0.0
352231,0,0,0.0
397628,0,0,0.0
305595,0,0,0.0
339257,0,0,0.0
337594,0,0,0.0
211768,1,0,0.0
260946,0,1,1.0
337225,1,0,0.0
285809,0,0,0.0
341181,0,0,0.0
166311,0,0,0.0
335379,1,1,1.0
435000,0,0,0.0
352179,0,0,0.0
351112,0,0,0.0
356688,0,1,1.0
100429,0,1,1.0
157099,0,0,0.0
199985,0,0,0.0
328853,0,0,0.0
450179,0,0,0.0
456034,1,0,0.0
154417,0,0,0.0
306816,0,0,0.0
439289,0,0,0.0
304913,0,0,0.0
371217,0,0,0.0
345758,0,0,0.0
315671,0,0,0.0
392397,0,0,0.0
281250,0,0,0.0
343413,0,0,0.0
196247,0,0,0.0
292868,0,0,0.0
173669,0,0,0.0
218649,0,0,0.0
292287,0,0,0.0
405545,0,0,0.0
101232,0,0,0.0
444255,0,0,0.0
232907,0,1,1.0
374159,0,0,0.0
179397,0,0,0.0
317942,0,0,0.0
363395,1,0,0.0
252454,0,0,0.0
113305,0,0,0.0
113988,0,0,0.0
302322,0,0,0.0
362701,0,0,0.0
450348,0,0,0.0
126180,0,0,0.0
368040,0,0,0.0
406207,1,0,0.0
449784,0,0,0.0
163037,0,0,0.0
340311,0,0,0.0
378639,0,0,0.0
324457,0,0,0.0
446797,0,0,0.0
342069,1,0,0.0
189247,0,0,0.0
111005,0,0,0.0
171967,0,0,0.0
393727,1,0,0.0
217343,0,0,0.0
170720,0,0,0.0
445474,0,0,0.0
263836,0,0,0.0
356549,0,0,0.0
146708,0,0,0.0
152058,0,0,0.0
334366,0,0,0.0
411288,0,0,0.0
225924,0,0,0.0
115560,0,0,0.0
366068,0,0,0.0
227928,0,0,0.0
156502,0,0,0.0
188649,0,0,0.0
377322,0,0,0.0
322819,0,0,0.0
161308,1,0,0.0
374286,0,0,0.0
211915,0,0,0.0
140633,0,0,0.0
236316,0,0,0.0
392112,0,1,1.0
120329,0,0,0.0
398995,0,0,0.0
199553,0,0,0.0
153182,0,0,0.0
402819,0,0,0.0
129458,0,0,0.0
367326,0,1,1.0
271484,0,0,0.0
239898,0,0,0.0
186466,0,0,0.0
250161,0,0,0.0
346978,0,0,0.0
328198,0,0,0.0
106892,0,0,0.0
385395,0,0,0.0
268100,0,0,0.0
171108,1,1,1.0
266157,0,0,0.0
325761,0,0,0.0
227746,0,0,0.0
171600,0,0,0.0
383404,0,0,0.0
176480,0,0,0.0
437924,0,0,0.0
147785,0,1,1.0
257762,0,0,0.0
114378,1,0,0.0
134642,0,0,0.0
406730,0,0,0.0
359742,0,0,0.0
332474,0,0,0.0
317853,0,0,0.0
133319,0,0,0.0
137543,0,0,0.0
455627,0,0,0.0
175522,0,0,0.0
344278,0,0,0.0
192445,0,0,0.0
332457,0,0,0.0
170863,0,0,0.0
352402,0,0,0.0
272810,0,0,0.0
401023,0,0,0.0
415715,0,0,0.0
411903,0,0,0.0
270009,0,1,1.0
312212,0,0,0.0
431217,0,0,0.0
122094,0,0,0.0
366163,0,0,0.0
435119,0,0,0.0
345855,0,0,0.0
194959,0,0,0.0
167581,0,0,0.0
144955,1,0,0.0
324509,0,0,0.0
406125,0,0,0.0
166457,0,0,0.0
196843,0,0,0.0
331112,0,0,0.0
307213,1,1,1.0
366052,0,0,0.0
131022,0,0,0.0
237612,0,0,0.0
421778,0,0,0.0
128002,0,0,0.0
138488,0,0,0.0
222724,0,0,0.0
173731,0,0,0.0
202930,0,1,1.0
197108,0,0,0.0
402499,0,0,0.0
185683,0,0,0.0
133499,0,0,0.0
350667,0,0,0.0
353268,0,0,0.0
112582,0,0,0.0
215078,0,0,0.0
262448,0,1,1.0
126109,0,0,0.0
114087,1,0,0.0
432125,0,0,0.0
206970,0,0,0.0
217106,1,0,0.0
262388,1,1,1.0
141962,0,0,0.0
122084,0,0,0.0
250443,0,0,0.0
391883,1,0,0.0
162471,0,0,0.0
374510,0,0,0.0
305502,1,1,1.0
305258,0,0,0.0
341088,1,0,0.0
147985,0,0,0.0
210993,0,0,0.0
450800,1,0,0.0
344701,0,0,0.0
233683,0,0,0.0
142870,0,0,0.0
364913,0,0,0.0
397791,0,0,0.0
382694,0,0,0.0
403152,0,0,0.0
417986,0,1,1.0
289572,0,0,0.0
190790,0,0,0.0
436411,0,0,0.0
139431,0,0,0.0
137949,0,0,0.0
128707,0,0,0.0
305549,1,0,0.0
226475,0,0,0.0
268738,0,1,1.0
136335,0,0,0.0
103411,0,0,0.0
411229,0,0,0.0
209629,0,0,0.0
151337,0,0,0.0
329326,0,0,0.0
217659,0,1,1.0
397914,0,0,0.0
214130,0,0,0.0
210719,0,1,1.0
145503,0,0,0.0
342225,0,0,0.0
293194,0,0,0.0
385624,0,0,0.0
200643,0,0,0.0
211540,0,0,0.0
190136,1,1,1.0
199827,1,0,0.0
404613,1,0,0.0
259768,1,0,0.0
409687,0,0,0.0
343038,0,0,0.0
243214,0,0,0.0
190163,0,0,0.0
316586,0,0,0.0
442110,0,0,0.0
319988,0,1,1.0
226893,0,0,0.0
326029,0,1,1.0
286788,0,1,1.0
405140,0,0,0.0
371195,0,0,0.0
408633,0,0,0.0
261536,0,0,0.0
352183,0,0,0.0
107707,1,0,0.0
409195,0,0,0.0
125956,0,0,0.0
433381,0,0,0.0
255016,1,0,0.0
370664,0,0,0.0
379014,0,0,0.0
168077,0,0,0.0
154156,0,0,0.0
169326,0,0,0.0
240852,1,0,0.0
155696,0,0,0.0
313121,0,0,0.0
420439,0,0,0.0
258490,0,0,0.0
316415,1,0,0.0
395315,0,0,0.0
368593,0,0,0.0
343369,0,0,0.0
276523,0,1,1.0
257448,0,0,0.0
198150,0,0,0.0
154585,0,0,0.0
238441,0,0,0.0
244327,0,0,0.0
253974,0,0,0.0
347484,0,0,0.0
244373,0,0,0.0
269684,0,0,0.0
353722,0,1,1.0
426835,0,0,0.0
118093,0,0,0.0
256658,0,1,1.0
308041,0,0,0.0
444998,0,0,0.0
317153,1,0,0.0
131515,0,0,0.0
106367,0,0,0.0
453658,0,0,0.0
401299,1,0,0.0
195966,0,1,1.0
129224,0,0,0.0
316008,0,0,0.0
201678,0,0,0.0
331795,0,0,0.0
428682,0,0,0.0
236488,0,0,0.0
277323,0,0,0.0
247396,1,0,0.0
364649,0,0,0.0
148353,0,0,0.0
285795,0,0,0.0
171229,1,0,0.0
203159,0,0,0.0
393969,0,0,0.0
265584,0,0,0.0
281308,0,0,0.0
220574,0,0,0.0
348612,0,0,0.0
334811,0,0,0.0
125691,0,0,0.0
249662,0,0,0.0
443839,0,0,0.0
188674,0,0,0.0
426755,0,0,0.0
126286,0,1,1.0
443866,1,0,0.0
379284,0,0,0.0
386401,0,0,0.0
370945,0,0,0.0
392016,0,0,0.0
128906,0,0,0.0
378118,0,1,1.0
195771,0,0,0.0
286979,0,0,0.0
141631,0,0,0.0
412976,0,0,0.0
179581,0,0,0.0
325847,0,0,0.0
426602,0,0,0.0
372978,0,0,0.0
140299,0,0,0.0
314192,0,0,0.0
136668,0,0,0.0
118170,0,0,0.0
405336,0,0,0.0
377087,0,0,0.0
210628,0,0,0.0
412910,0,0,0.0
410695,1,0,0.0
124148,0,0,0.0
107258,0,0,0.0
448153,0,1,1.0
388782,1,0,0.0
220533,0,0,0.0
346000,0,0,0.0
139689,0,0,0.0
317501,0,1,1.0
104304,0,0,0.0
125280,0,0,0.0
198924,0,0,0.0
332024,1,1,1.0
321257,0,0,0.0
228066,0,0,0.0
375927,0,0,0.0
350717,0,0,0.0
231485,0,0,0.0
215933,0,0,0.0
141992,1,0,0.0
367973,0,0,0.0
309774,0,0,0.0
328035,0,1,1.0
262521,0,0,0.0
127909,0,0,0.0
380113,0,1,1.0
437830,0,0,0.0
133486,0,0,0.0
278220,0,0,0.0
301175,0,0,0.0
391320,0,0,0.0
446125,1,0,0.0
345271,0,0,0.0
282564,0,0,0.0
340851,0,0,0.0
410311,0,0,0.0
398900,0,0,0.0
136248,0,0,0.0
238287,0,0,0.0
439526,0,0,0.0
244187,0,0,0.0
283579,0,0,0.0
305761,0,0,0.0
299677,0,0,0.0
285958,0,0,0.0
422987,0,0,0.0
294823,0,0,0.0
303426,0,1,1.0
165986,0,0,0.0
364658,0,0,0.0
162768,0,0,0.0
267814,0,0,0.0
303342,1,0,0.0
450871,0,0,0.0
281071,0,0,0.0
398983,0,0,0.0
410352,0,0,0.0
378266,0,0,0.0
137474,0,0,0.0
164096,0,0,0.0
197338,0,0,0.0
372549,0,0,0.0
173750,0,0,0.0
221345,0,0,0.0
278299,0,0,0.0
245667,0,0,0.0
264929,0,0,0.0
132815,0,0,0.0
323866,0,0,0.0
204203,0,0,0.0
372448,0,1,1.0
164428,0,0,0.0
104959,0,0,0.0
427493,0,0,0.0
404817,0,0,0.0
218993,0,0,0.0
296286,1,0,0.0
272231,0,0,0.0
309262,0,0,0.0
365008,0,0,0.0
394138,0,0,0.0
301508,0,1,1.0
190755,0,0,0.0
148672,0,1,1.0
297108,0,0,0.0
116042,1,0,0.0
163986,1,0,0.0
198261,1,0,0.0
237576,0,1,1.0
343765,0,0,0.0
259668,0,0,0.0
239934,0,0,0.0
127851,0,0,0.0
382087,0,0,0.0
122944,0,0,0.0
416657,0,0,0.0
439399,1,0,0.0
101034,0,0,0.0
197752,0,1,1.0
116208,0,0,0.0
320365,0,0,0.0
445329,0,0,0.0
447843,0,0,0.0
161382,0,0,0.0
191959,0,0,0.0
319632,0,0,0.0
289345,0,0,0.0
441522,0,0,0.0
271950,1,0,0.0
337562,0,0,0.0
312494,1,1,1.0
147756,0,0,0.0
223188,0,0,0.0
447577,0,1,1.0
242895,0,0,0.0
244074,0,0,0.0
437805,1,1,1.0
127205,0,0,0.0
308645,0,0,0.0
257184,0,0,0.0
355138,0,0,0.0
287315,0,0,0.0
127004,1,0,0.0
412330,1,0,0.0
296542,0,0,0.0
320032,0,0,0.0
309150,0,0,0.0
263266,0,0,0.0
360583,0,1,1.0
437961,1,0,0.0
139265,0,1,1.0
442597,1,1,1.0
395821,0,0,0.0
115425,0,0,0.0
319626,0,0,0.0
445306,0,0,0.0
330026,0,0,0.0
124801,0,0,0.0
297043,0,0,0.0
177440,0,0,0.0
352646,0,0,0.0
404148,0,1,1.0
293802,0,0,0.0
257210,0,1,1.0
156384,0,1,1.0
317858,0,1,1.0
246539,0,0,0.0
151861,0,0,0.0
408193,1,0,0.0
243541,1,0,0.0
337033,0,0,0.0
342537,0,0,0.0
115000,0,0,0.0
165447,0,0,0.0
335499,0,0,0.0
255194,1,1,1.0
444636,0,0,0.0
231636,0,0,0.0
126138,0,0,0.0
230733,0,0,0.0
120486,0,0,0.0
427551,0,0,0.0
450499,0,0,0.0
318456,0,0,0.0
227183,0,0,0.0
248034,1,0,0.0
409152,0,0,0.0
434776,0,0,0.0
448551,0,0,0.0
348876,0,1,1.0
107312,0,0,0.0
254565,0,1,1.0
143561,0,0,0.0
454446,0,0,0.0
213977,1,0,0.0
238827,0,0,0.0
337152,0,0,0.0
197833,0,0,0.0
305096,0,0,0.0
132721,0,0,0.0
218700,0,0,0.0
204165,0,0,0.0
345302,0,0,0.0
201794,0,0,0.0
120750,0,0,0.0
408115,0,0,0.0
284584,0,0,0.0
252954,0,0,0.0
121139,0,1,1.0
256022,1,0,0.0
185674,0,0,0.0
419237,0,0,0.0
411982,0,0,0.0
447850,0,0,0.0
176264,0,0,0.0
394614,0,0,0.0
281173,1,0,0.0
252751,0,0,0.0
373708,1,0,0.0
182067,0,0,0.0
120396,0,0,0.0
230618,0,1,1.0
445620,0,0,0.0
114256,0,0,0.0
197500,1,0,0.0
163717,0,0,0.0
277362,0,0,0.0
264942,0,0,0.0
264025,0,0,0.0
227124,0,0,0.0
262524,0,0,0.0
303469,1,0,0.0
151988,0,0,0.0
158053,0,0,0.0
115983,0,1,1.0
282484,0,0,0.0
109669,0,0,0.0
152257,0,0,0.0
316311,0,0,0.0
417762,0,0,0.0
103101,0,0,0.0
451524,0,0,0.0
287291,0,0,0.0
415954,0,0,0.0
209414,0,0,0.0
347714,0,0,0.0
320040,0,0,0.0
425352,0,0,0.0
254465,1,0,0.0
453510,0,0,0.0
409617,0,0,0.0
398290,1,0,0.0
101016,0,0,0.0
379339,0,0,0.0
351500,0,1,1.0
238595,0,0,0.0
185993,0,0,0.0
454385,0,1,1.0
372281,0,0,0.0
171576,0,0,0.0
153308,0,1,1.0
238566,0,0,0.0
221342,0,0,0.0
296269,0,0,0.0
174221,0,1,1.0
142669,0,0,0.0
377604,1,0,0.0
195812,0,0,0.0
359630,0,0,0.0
154439,0,0,0.0
290423,0,0,0.0
204816,0,0,0.0
130342,0,0,0.0
119260,0,0,0.0
187906,0,0,0.0
121222,0,0,0.0
209706,0,0,0.0
210449,0,0,0.0
357025,0,0,0.0
293532,0,0,0.0
364488,0,1,1.0
333760,0,0,0.0
260305,0,0,0.0
257010,0,0,0.0
258269,0,0,0.0
417813,1,0,0.0
177036,0,0,0.0
138801,0,1,1.0
218445,0,0,0.0
276933,0,0,0.0
419600,0,0,0.0
412687,0,0,0.0
301616,1,0,0.0
253814,0,0,0.0
389067,0,1,1.0
400173,1,0,0.0
351849,0,0,0.0
426153,0,0,0.0
258659,0,0,0.0
418130,0,0,0.0
160853,0,0,0.0
289788,0,0,0.0
175561,0,0,0.0
267970,0,0,0.0
202001,0,0,0.0
265120,1,0,0.0
151632,1,0,0.0
287132,0,0,0.0
202274,0,0,0.0
322692,0,0,0.0
221923,0,0,0.0
171920,0,0,0.0
364712,0,1,1.0
138808,0,0,0.0
390382,0,0,0.0
111851,0,0,0.0
219366,0,0,0.0
182762,0,0,0.0
381542,0,0,0.0
446610,0,0,0.0
180694,0,0,0.0
166007,0,0,0.0
230749,0,0,0.0
159507,0,0,0.0
351057,1,0,0.0
440178,1,1,1.0
215497,0,0,0.0
280851,0,0,0.0
417589,0,0,0.0
359205,0,0,0.0
203231,1,0,0.0
358319,0,0,0.0
398410,0,0,0.0
382643,0,0,0.0
246936,0,0,0.0
373959,0,0,0.0
303490,0,0,0.0
110973,0,0,0.0
136243,0,0,0.0
413235,0,0,0.0
433507,0,1,1.0
136176,0,0,0.0
440039,0,0,0.0
311387,0,0,0.0
110939,1,0,0.0
328039,0,0,0.0
453115,0,0,0.0
142375,0,0,0.0
278936,0,0,0.0
156130,0,0,0.0
410647,1,0,0.0
428925,0,0,0.0
137289,0,0,0.0
200261,0,0,0.0
265162,0,0,0.0
387057,0,0,0.0
317047,0,0,0.0
359219,0,0,0.0
439417,0,0,0.0
122545,0,0,0.0
186876,0,1,1.0
241195,0,0,0.0
340329,0,0,0.0
209391,0,0,0.0
183513,0,0,0.0
277676,1,0,0.0
302875,0,0,0.0
300511,0,0,0.0
440807,0,1,1.0
248697,0,1,1.0
345077,0,0,0.0
407094,0,0,0.0
148674,0,0,0.0
247571,0,0,0.0
331830,0,0,0.0
394375,0,1,1.0
157162,0,0,0.0
207460,0,0,0.0
269229,0,0,0.0
450873,0,0,0.0
349669,0,0,0.0
415158,0,0,0.0
393205,0,0,0.0
330389,0,0,0.0
250535,0,0,0.0
219227,0,0,0.0
393827,1,0,0.0
429861,0,0,0.0
200773,1,1,1.0
171698,0,0,0.0
311929,0,0,0.0
319373,0,0,0.0
190905,0,0,0.0
415045,0,0,0.0
248468,0,0,0.0
384031,0,0,0.0
220324,0,0,0.0
121248,0,0,0.0
264268,0,0,0.0
425924,0,0,0.0
264340,0,0,0.0
123231,0,0,0.0
223677,0,0,0.0
186551,0,1,1.0
272385,0,0,0.0
256649,0,0,0.0
230993,1,1,1.0
108188,0,0,0.0
252026,0,0,0.0
320807,0,0,0.0
188623,1,0,0.0
261494,0,0,0.0
236932,0,0,0.0
243849,0,1,1.0
115418,0,0,0.0
339537,0,0,0.0
195431,1,0,0.0
202854,0,1,1.0
195756,0,0,0.0
157981,0,0,0.0
443743,0,0,0.0
301731,1,0,0.0
363284,0,1,1.0
141322,0,0,0.0
220568,0,0,0.0
124064,0,0,0.0
399699,0,0,0.0
345495,0,0,0.0
339806,0,1,1.0
231368,0,0,0.0
366002,0,0,0.0
420043,1,0,0.0
249314,0,0,0.0
349494,0,0,0.0
201035,0,0,0.0
112866,0,1,1.0
265213,0,0,0.0
375543,0,0,0.0
400470,0,0,0.0
190947,0,0,0.0
240767,0,0,0.0
434985,0,0,0.0
300482,0,1,1.0
299647,0,0,0.0
134092,0,0,0.0
230073,1,0,0.0
254024,0,0,0.0
169932,0,0,0.0
297614,0,0,0.0
165819,0,0,0.0
118686,0,0,0.0
199890,0,0,0.0
160442,0,0,0.0
385336,0,0,0.0
321955,0,0,0.0
312157,0,0,0.0
431429,0,0,0.0
111355,0,0,0.0
235222,0,0,0.0
219222,0,0,0.0
222436,0,0,0.0
222372,0,0,0.0
300813,0,0,0.0
403989,0,0,0.0
301911,0,0,0.0
202057,0,0,0.0
385340,0,0,0.0
191504,0,0,0.0
174582,0,0,0.0
208269,0,0,0.0
342674,0,0,0.0
429635,0,0,0.0
378079,0,0,0.0
125644,1,1,1.0
296440,0,0,0.0
192319,0,0,0.0
261533,0,0,0.0
192518,0,0,0.0
205103,0,0,0.0
308924,1,0,0.0
388858,0,0,0.0
234092,1,0,0.0
367199,0,1,1.0
398427,0,0,0.0
401514,0,1,1.0
298493,1,0,0.0
454400,0,0,0.0
442058,0,0,0.0
452290,0,0,0.0
319578,0,0,0.0
308917,0,1,1.0
178578,0,1,1.0
389505,0,0,0.0
149909,0,0,0.0
430172,0,0,0.0
319320,0,0,0.0
136548,0,0,0.0
290700,0,0,0.0
151665,0,0,0.0
231313,0,0,0.0
398689,0,0,0.0
187044,1,0,0.0
437615,0,0,0.0
176900,0,0,0.0
404250,0,0,0.0
226479,0,0,0.0
406890,0,0,0.0
198317,0,0,0.0
250480,0,0,0.0
402541,0,0,0.0
191678,0,0,0.0
351080,0,0,0.0
117621,0,0,0.0
411307,0,0,0.0
189565,0,0,0.0
229241,0,0,0.0
336896,0,0,0.0
303929,0,0,0.0
238389,0,0,0.0
297288,0,0,0.0
179711,0,0,0.0
251244,0,0,0.0
119486,0,0,0.0
444090,0,0,0.0
199203,0,0,0.0
386799,0,0,0.0
247282,0,0,0.0
258022,0,0,0.0
299305,0,0,0.0
273923,0,0,0.0
309696,0,0,0.0
121576,0,0,0.0
180714,0,0,0.0
390999,1,0,0.0
201625,0,0,0.0
264036,0,0,0.0
116991,0,0,0.0
358963,0,0,0.0
268016,0,0,0.0
277374,0,0,0.0
405719,0,0,0.0
293068,0,0,0.0
356515,0,0,0.0
258851,0,0,0.0
307043,0,1,1.0
301474,0,0,0.0
357858,0,0,0.0
332762,0,0,0.0
440027,0,0,0.0
131608,0,1,1.0
359747,0,0,0.0
144519,0,0,0.0
130678,1,0,0.0
254855,0,0,0.0
371361,1,0,0.0
384891,1,0,0.0
188527,1,0,0.0
402666,0,1,1.0
221746,0,0,0.0
378909,0,0,0.0
270037,0,0,0.0
123149,0,0,0.0
276379,1,0,0.0
218161,0,0,0.0
156741,0,0,0.0
124621,0,0,0.0
125344,0,0,0.0
193607,0,0,0.0
218586,0,0,0.0
374193,0,0,0.0
450943,0,0,0.0
449080,0,0,0.0
279323,0,0,0.0
105715,0,0,0.0
152247,0,0,0.0
238343,0,0,0.0
455213,0,1,1.0
347081,0,0,0.0
100391,0,0,0.0
330313,0,0,0.0
143468,0,0,0.0
111255,0,0,0.0
242649,0,0,0.0
223290,0,0,0.0
125234,0,0,0.0
290377,0,0,0.0
287441,0,0,0.0
378220,0,0,0.0
254946,0,0,0.0
389692,0,0,0.0
236242,0,0,0.0
444474,0,0,0.0
353888,0,0,0.0
405898,0,0,0.0
306353,0,0,0.0
265084,0,0,0.0
303234,1,0,0.0
348589,0,0,0.0
147412,0,0,0.0
321678,0,0,0.0
107276,0,1,1.0
422661,0,0,0.0
194237,0,0,0.0
185215,0,0,0.0
452064,0,0,0.0
139926,1,0,0.0
147841,1,0,0.0
157977,0,0,0.0
444751,0,0,0.0
185601,1,0,0.0
151088,0,0,0.0
423598,0,0,0.0
425919,0,0,0.0
213235,0,0,0.0
346363,0,0,0.0
132198,0,0,0.0
308590,0,0,0.0
176942,0,0,0.0
184219,0,0,0.0
334935,0,0,0.0
183259,1,0,0.0
142564,1,0,0.0
342276,0,0,0.0
266155,0,1,1.0
354282,1,0,0.0
410331,0,0,0.0
119043,0,1,1.0
389168,0,0,0.0
348435,0,0,0.0
115749,0,0,0.0
106581,0,0,0.0
112752,0,0,0.0
368545,0,0,0.0
302187,0,0,0.0
119283,0,0,0.0
282110,0,0,0.0
367638,0,0,0.0
224721,0,0,0.0
335933,0,0,0.0
252756,0,0,0.0
267595,0,0,0.0
159926,1,0,0.0
416335,0,0,0.0
437904,0,1,1.0
208311,0,0,0.0
331826,0,0,0.0
348801,0,0,0.0
119312,0,0,0.0
189930,0,0,0.0
393169,0,0,0.0
414503,0,0,0.0
143665,0,0,0.0
365025,0,0,0.0
242763,0,0,0.0
290566,0,0,0.0
439183,0,0,0.0
296981,1,0,0.0
168763,0,1,1.0
132625,0,0,0.0
279520,1,1,1.0
436448,0,0,0.0
288086,0,0,0.0
265888,0,0,0.0
126099,0,0,0.0
286673,0,0,0.0
453109,0,0,0.0
395006,1,1,1.0
248967,0,0,0.0
111981,0,0,0.0
137599,0,0,0.0
365121,0,0,0.0
234177,0,0,0.0
179536,0,0,0.0
246526,0,0,0.0
196996,0,0,0.0
245364,0,0,0.0
134879,0,0,0.0
249747,0,0,0.0
208736,0,0,0.0
320470,0,0,0.0
146402,0,0,0.0
428541,0,0,0.0
130330,0,0,0.0
241790,0,1,1.0
437723,0,0,0.0
129421,0,0,0.0
388548,0,0,0.0
225557,0,0,0.0
393549,0,0,0.0
269059,0,0,0.0
109662,0,0,0.0
233714,0,0,0.0
294516,0,0,0.0
405460,0,1,1.0
159237,0,0,0.0
369653,0,0,0.0
312054,1,0,0.0
441740,0,0,0.0
313106,0,0,0.0
235906,0,0,0.0
347112,0,0,0.0
373157,0,0,0.0
220760,0,0,0.0
325863,0,0,0.0
351922,0,0,0.0
148381,0,0,0.0
227162,1,0,0.0
170716,0,0,0.0
380206,0,0,0.0
360407,0,0,0.0
443717,0,0,0.0
277318,0,0,0.0
233445,0,0,0.0
386956,0,0,0.0
362153,0,0,0.0
195773,0,1,1.0
393548,0,0,0.0
253135,0,0,0.0
117669,0,0,0.0
276830,0,0,0.0
111543,0,0,0.0
222714,0,0,0.0
345611,0,0,0.0
130472,0,0,0.0
343387,0,0,0.0
389555,0,0,0.0
170663,1,1,1.0
399324,0,0,0.0
449663,0,0,0.0
252464,0,0,0.0
108781,0,0,0.0
152412,0,0,0.0
454523,0,0,0.0
127904,0,0,0.0
221177,0,0,0.0
122522,0,0,0.0
210540,0,0,0.0
177833,1,0,0.0
334571,0,1,1.0
262489,0,0,0.0
342251,0,0,0.0
441770,0,1,1.0
280994,0,0,0.0
304957,0,0,0.0
271910,0,0,0.0
256324,0,0,0.0
354794,1,0,0.0
117390,0,0,0.0
341818,0,1,1.0
369049,0,0,0.0
232496,0,0,0.0
265891,0,0,0.0
320522,0,0,0.0
388559,0,0,0.0
361883,0,0,0.0
423518,0,0,0.0
351823,1,0,0.0
145760,0,0,0.0
453840,0,0,0.0
261703,0,0,0.0
205609,0,0,0.0
444277,0,0,0.0
109132,0,1,1.0
316410,0,0,0.0
232691,0,0,0.0
312230,0,0,0.0
196213,1,0,0.0
147244,0,0,0.0
204399,1,0,0.0
116231,0,0,0.0
358326,0,0,0.0
119453,0,0,0.0
341687,0,0,0.0
360006,0,0,0.0
241037,0,0,0.0
360043,0,0,0.0
338889,1,0,0.0
382628,0,0,0.0
335138,0,0,0.0
346216,0,0,0.0
305656,0,0,0.0
200381,0,0,0.0
410542,0,0,0.0
423215,0,0,0.0
294709,0,0,0.0
309442,0,0,0.0
355160,0,0,0.0
291952,0,0,0.0
300727,0,0,0.0
216852,1,1,1.0
409926,1,1,1.0
110855,0,1,1.0
217844,0,0,0.0
100270,0,0,0.0
396891,0,0,0.0
258726,0,1,1.0
435740,0,1,1.0
340532,0,0,0.0
209503,0,0,0.0
288709,0,0,0.0
126867,0,0,0.0
230762,0,0,0.0
438681,0,0,0.0
315104,0,0,0.0
191086,0,0,0.0
323877,0,0,0.0
393052,0,0,0.0
379644,0,0,0.0
319194,0,0,0.0
311397,0,0,0.0
351713,0,0,0.0
393674,0,0,0.0
430318,0,0,0.0
150405,0,0,0.0
298639,0,0,0.0
446403,0,0,0.0
362573,0,0,0.0
258500,0,0,0.0
359051,0,0,0.0
116106,0,0,0.0
265817,0,0,0.0
114341,0,0,0.0
338387,0,0,0.0
212027,0,0,0.0
156864,0,0,0.0
183634,0,0,0.0
335668,0,0,0.0
186946,0,0,0.0
207837,0,0,0.0
310656,0,0,0.0
192692,0,0,0.0
254132,1,1,1.0
143197,0,0,0.0
191708,1,0,0.0
283020,0,1,1.0
283621,0,1,1.0
369991,0,0,0.0
270766,0,0,0.0
365864,1,0,0.0
293820,0,0,0.0
186140,0,0,0.0
391650,0,0,0.0
106474,0,0,0.0
130839,0,0,0.0
295679,0,0,0.0
437188,0,0,0.0
222859,0,0,0.0
443796,0,0,0.0
380342,0,0,0.0
267736,0,0,0.0
441588,0,0,0.0
169144,0,0,0.0
366504,0,0,0.0
337622,0,0,0.0
183340,0,0,0.0
147777,0,0,0.0
349243,0,0,0.0
206120,0,0,0.0
273461,0,0,0.0
103791,0,0,0.0
394812,0,0,0.0
340989,0,1,1.0
413581,0,0,0.0
146441,0,0,0.0
447357,0,0,0.0
143031,0,0,0.0
307654,0,0,0.0
434472,0,0,0.0
332854,0,0,0.0
164288,0,0,0.0
108354,0,1,1.0
382232,0,0,0.0
128678,0,0,0.0
198410,0,0,0.0
115039,0,0,0.0
142109,0,0,0.0
271832,0,0,0.0
323632,0,1,1.0
386359,0,0,0.0
179440,0,0,0.0
266353,0,0,0.0
313006,0,1,1.0
162090,0,0,0.0
346252,0,0,0.0
116639,0,0,0.0
449247,0,0,0.0
419097,1,0,0.0
286611,0,0,0.0
308828,0,0,0.0
361347,0,0,0.0
285252,0,0,0.0
116885,0,0,0.0
101983,1,0,0.0
175709,1,0,0.0
148135,0,0,0.0
204103,0,0,0.0
379323,0,1,1.0
158276,0,0,0.0
182598,0,0,0.0
344636,0,0,0.0
219013,0,0,0.0
381502,1,0,0.0
401153,0,0,0.0
410902,0,0,0.0
338420,0,0,0.0
309110,0,0,0.0
255031,0,0,0.0
245159,0,0,0.0
252408,0,0,0.0
202904,0,0,0.0
322529,0,0,0.0
267161,0,0,0.0
408856,1,0,0.0
176671,0,0,0.0
344965,1,0,0.0
196180,0,1,1.0
106696,0,1,1.0
327282,1,0,0.0
101848,0,0,0.0
426530,0,0,0.0
194223,1,1,1.0
146096,0,0,0.0
306629,0,0,0.0
115742,0,0,0.0
310848,0,0,0.0
438539,0,0,0.0
264973,0,0,0.0
368187,0,1,1.0
358055,0,0,0.0
306120,0,0,0.0
376581,1,1,1.0
150682,0,0,0.0
187234,0,0,0.0
143864,0,0,0.0
144006,0,0,0.0
132339,0,1,1.0
383026,0,0,0.0
312885,0,0,0.0
424326,0,0,0.0
283823,1,0,0.0
329129,0,0,0.0
334368,0,0,0.0
212850,0,0,0.0
177973,0,0,0.0
131514,0,1,1.0
352435,0,0,0.0
408097,0,0,0.0
260184,0,0,0.0
249547,0,0,0.0
237035,0,0,0.0
176627,0,0,0.0
353976,0,0,0.0
389229,0,0,0.0
453809,0,0,0.0
105368,0,0,0.0
261202,0,1,1.0
266964,0,0,0.0
109523,0,0,0.0
420385,0,0,0.0
266204,0,0,0.0
350655,0,0,0.0
271614,0,0,0.0
399621,0,0,0.0
129307,0,0,0.0
285113,1,0,0.0
208774,0,0,0.0
131963,1,0,0.0
448020,0,0,0.0
175293,1,0,0.0
229718,0,0,0.0
307122,0,0,0.0
183892,0,0,0.0
330498,0,0,0.0
203379,0,0,0.0
162841,0,0,0.0
298819,0,0,0.0
359940,0,0,0.0
196940,0,0,0.0
373701,0,0,0.0
267318,0,0,0.0
188055,0,0,0.0
173044,0,0,0.0
332186,0,0,0.0
310065,0,0,0.0
286631,0,0,0.0
421169,0,0,0.0
239024,0,0,0.0
293707,0,0,0.0
119550,0,0,0.0
360974,0,0,0.0
152855,0,0,0.0
127903,0,0,0.0
262097,0,0,0.0
227414,0,0,0.0
364585,0,0,0.0
324275,0,0,0.0
239238,0,1,1.0
222998,0,0,0.0
443688,0,0,0.0
174580,0,0,0.0
443359,0,0,0.0
138762,0,0,0.0
124258,0,1,1.0
450655,0,0,0.0
301706,0,0,0.0
120124,0,1,1.0
172956,0,0,0.0
162574,0,0,0.0
153616,0,1,1.0
342172,0,0,0.0
187858,0,0,0.0
405152,0,0,0.0
327733,0,0,0.0
326164,0,0,0.0
240251,0,1,1.0
179192,0,0,0.0
114789,0,0,0.0
149380,0,0,0.0
219536,0,0,0.0
293174,0,0,0.0
207905,0,0,0.0
250663,0,0,0.0
125615,0,0,0.0
248502,0,0,0.0
230442,1,0,0.0
237067,0,1,1.0
346748,0,1,1.0
102027,0,0,0.0
219322,0,0,0.0
186616,0,0,0.0
140619,0,0,0.0
357126,0,1,1.0
220900,0,0,0.0
409845,0,0,0.0
204924,1,0,0.0
349642,0,0,0.0
368200,0,0,0.0
110788,0,0,0.0
365640,1,0,0.0
198144,0,0,0.0
258403,0,0,0.0
127982,0,0,0.0
209206,0,0,0.0
442914,0,0,0.0
135802,0,0,0.0
234354,0,0,0.0
233674,0,0,0.0
192832,0,0,0.0
374624,0,0,0.0
416853,1,0,0.0
337683,0,0,0.0
415615,0,0,0.0
232074,0,0,0.0
451598,1,0,0.0
436293,1,0,0.0
357890,0,0,0.0
395419,0,0,0.0
246305,0,0,0.0
390582,1,0,0.0
224647,0,0,0.0
158610,0,0,0.0
362728,0,0,0.0
446109,0,0,0.0
173316,0,0,0.0
164748,0,0,0.0
132466,0,0,0.0
330283,0,0,0.0
246783,0,0,0.0
246154,0,0,0.0
136928,0,0,0.0
102308,0,0,0.0
197456,0,0,0.0
161340,1,0,0.0
335680,0,1,1.0
400801,1,1,1.0
219218,0,0,0.0
363040,0,0,0.0
254481,0,0,0.0
330035,1,0,0.0
154366,0,0,0.0
427651,0,0,0.0
218488,0,0,0.0
305131,0,0,0.0
224216,0,0,0.0
425657,0,0,0.0
353964,0,1,1.0
148753,0,0,0.0
338239,1,0,0.0
405025,0,0,0.0
146238,0,0,0.0
322078,0,0,0.0
424745,0,1,1.0
355896,0,0,0.0
305764,0,0,0.0
359659,0,0,0.0
394370,0,0,0.0
438304,0,0,0.0
396293,0,0,0.0
210643,0,0,0.0
195922,0,1,1.0
205833,0,0,0.0
126747,0,0,0.0
155513,0,0,0.0
144866,0,0,0.0
154656,0,0,0.0
417839,0,0,0.0
447922,0,0,0.0
288660,0,0,0.0
153871,0,0,0.0
431218,0,0,0.0
396878,0,0,0.0
399998,0,0,0.0
348151,1,0,0.0
442644,0,0,0.0
275707,0,0,0.0
399255,0,0,0.0
206349,0,0,0.0
204049,1,0,0.0
139379,0,0,0.0
145771,1,0,0.0
387671,0,0,0.0
326945,0,0,0.0
345061,0,0,0.0
382381,1,0,0.0
413911,0,1,1.0
325711,0,0,0.0
222017,0,0,0.0
385354,0,0,0.0
396120,0,0,0.0
296883,0,0,0.0
181166,0,0,0.0
281440,0,0,0.0
290152,0,0,0.0
303058,0,0,0.0
433969,0,0,0.0
366878,0,0,0.0
252067,1,1,1.0
249226,0,0,0.0
376111,0,0,0.0
154692,0,0,0.0
437819,0,1,1.0
268989,0,0,0.0
395717,0,0,0.0
303935,0,0,0.0
267252,0,0,0.0
433203,0,0,0.0
297070,0,0,0.0
227276,0,0,0.0
240335,0,0,0.0
158463,0,1,1.0
394371,1,0,0.0
397319,0,0,0.0
180046,0,0,0.0
343546,0,0,0.0
423795,0,0,0.0
354933,0,0,0.0
251880,1,0,0.0
179163,0,0,0.0
341254,0,0,0.0
379869,0,0,0.0
391893,0,1,1.0
106162,0,0,0.0
421591,0,0,0.0
310132,0,0,0.0
424610,0,0,0.0
272755,0,0,0.0
350070,0,1,1.0
149990,1,0,0.0
419137,0,0,0.0
196603,0,0,0.0
191848,0,0,0.0
280826,1,1,1.0
233370,0,0,0.0
196557,0,0,0.0
405896,0,0,0.0
196673,0,0,0.0
364648,0,1,1.0
296538,0,0,0.0
263140,0,1,1.0
148396,0,0,0.0
392656,0,0,0.0
283654,0,0,0.0
145138,0,0,0.0
226514,0,0,0.0
434353,0,1,1.0
189089,0,0,0.0
177690,0,0,0.0
164275,1,0,0.0
325215,1,0,0.0
143070,0,1,1.0
357246,0,0,0.0
127374,0,0,0.0
240222,0,0,0.0
426731,0,0,0.0
226650,0,0,0.0
252527,0,0,0.0
304681,0,0,0.0
244488,0,0,0.0
451349,0,0,0.0
418423,0,0,0.0
102986,0,1,1.0
162401,0,0,0.0
323852,0,0,0.0
338412,0,0,0.0
300760,0,0,0.0
389153,0,0,0.0
317688,0,0,0.0
335830,0,0,0.0
218667,0,0,0.0
368587,0,0,0.0
262984,0,0,0.0
101938,0,0,0.0
350844,0,0,0.0
165529,0,0,0.0
258028,0,0,0.0
317865,0,0,0.0
305234,1,1,1.0
216970,0,0,0.0
391260,0,0,0.0
236093,0,1,1.0
401060,0,0,0.0
184103,0,0,0.0
378996,0,0,0.0
280434,0,0,0.0
225554,1,0,0.0
259087,0,0,0.0
442248,0,0,0.0
175178,0,0,0.0
122790,0,0,0.0
356191,0,0,0.0
278390,0,0,0.0
252022,0,0,0.0
398031,1,0,0.0
412866,0,0,0.0
180473,0,0,0.0
120677,0,0,0.0
124670,0,0,0.0
259030,0,0,0.0
136191,0,1,1.0
410594,0,0,0.0
178977,0,0,0.0
105689,0,1,1.0
114479,1,0,0.0
114749,0,0,0.0
189108,0,0,0.0
413924,0,0,0.0
183537,0,0,0.0
386315,0,0,0.0
281060,0,0,0.0
258473,0,0,0.0
428824,0,0,0.0
255057,0,0,0.0
293791,0,0,0.0
409072,0,0,0.0
425103,0,0,0.0
333272,0,1,1.0
310543,0,0,0.0
421256,0,0,0.0
221984,0,0,0.0
363887,0,0,0.0
110751,0,0,0.0
254008,1,0,0.0
247799,0,0,0.0
279808,0,0,0.0
444676,0,0,0.0
341005,0,0,0.0
338469,0,0,0.0
276477,0,0,0.0
440032,0,0,0.0
331234,0,0,0.0
121694,0,0,0.0
355303,0,0,0.0
420638,0,0,0.0
354558,1,0,0.0
227758,0,0,0.0
244676,0,0,0.0
399563,0,0,0.0
185432,0,0,0.0
255605,0,0,0.0
282942,0,0,0.0
110025,0,1,1.0
375215,0,0,0.0
424962,0,0,0.0
237409,0,0,0.0
313519,0,0,0.0
400291,0,0,0.0
346317,0,0,0.0
421382,0,0,0.0
323788,0,0,0.0
146348,0,0,0.0
374074,0,0,0.0
296427,0,0,0.0
358861,0,0,0.0
227539,0,0,0.0
325210,0,0,0.0
126920,0,0,0.0
207991,0,0,0.0
277741,0,0,0.0
186464,0,1,1.0
186224,0,0,0.0
432175,0,0,0.0
150412,0,0,0.0
245894,1,0,0.0
257697,0,1,1.0
443047,0,0,0.0
164738,0,0,0.0
229728,0,0,0.0
116392,1,0,0.0
247526,0,0,0.0
169685,0,0,0.0
362154,0,0,0.0
109502,0,0,0.0
359907,0,0,0.0
157684,1,0,0.0
195582,0,0,0.0
358292,0,0,0.0
415401,0,0,0.0
254688,0,0,0.0
230653,0,0,0.0
247581,0,0,0.0
263571,0,0,0.0
435231,0,0,0.0
316574,0,0,0.0
300646,0,0,0.0
193140,0,0,0.0
358455,0,1,1.0
292555,0,0,0.0
309863,0,0,0.0
176751,0,0,0.0
130854,0,0,0.0
234455,0,0,0.0
173339,1,0,0.0
294472,0,0,0.0
296867,0,0,0.0
434370,0,0,0.0
385313,0,0,0.0
108619,0,0,0.0
314704,0,0,0.0
238269,0,0,0.0
241936,0,0,0.0
176366,0,0,0.0
231749,0,0,0.0
298387,1,0,0.0
174259,0,0,0.0
109732,0,0,0.0
403911,1,0,0.0
436639,0,0,0.0
226142,0,0,0.0
370207,0,0,0.0
288188,0,0,0.0
301959,1,0,0.0
368820,0,0,0.0
315721,0,1,1.0
151886,0,0,0.0
253101,0,0,0.0
453581,1,0,0.0
348258,0,0,0.0
156807,0,0,0.0
418535,0,0,0.0
196095,0,0,0.0
104563,0,1,1.0
284310,0,0,0.0
430690,0,0,0.0
272101,0,0,0.0
188892,1,0,0.0
165421,0,0,0.0
419935,1,0,0.0
447895,0,0,0.0
315133,0,0,0.0
132597,0,1,1.0
269988,0,0,0.0
169287,0,0,0.0
330133,0,0,0.0
404171,0,0,0.0
385180,0,0,0.0
408086,0,0,0.0
223127,0,0,0.0
102028,1,1,1.0
127357,0,0,0.0
222643,0,0,0.0
448946,0,0,0.0
338552,0,0,0.0
263349,0,0,0.0
405575,0,0,0.0
233196,0,0,0.0
134872,0,0,0.0
386992,0,0,0.0
247487,0,0,0.0
300942,0,0,0.0
219784,0,0,0.0
453879,1,0,0.0
358484,0,0,0.0
201806,0,0,0.0
254365,0,0,0.0
154828,0,1,1.0
220056,0,0,0.0
199771,0,0,0.0
218176,0,1,1.0
249722,0,0,0.0
149912,0,0,0.0
115117,0,0,0.0
311314,0,0,0.0
320479,0,0,0.0
105746,0,0,0.0
125998,0,0,0.0
126640,0,0,0.0
353778,0,0,0.0
330749,0,1,1.0
371392,0,0,0.0
315566,0,0,0.0
401796,0,1,1.0
404442,0,0,0.0
187474,0,0,0.0
296280,0,1,1.0
323562,0,0,0.0
260185,0,0,0.0
346505,0,0,0.0
245354,0,0,0.0
261651,0,0,0.0
135695,1,0,0.0
276704,0,0,0.0
159270,0,0,0.0
366308,0,0,0.0
357390,0,0,0.0
191791,0,0,0.0
346256,0,0,0.0
176730,0,0,0.0
136333,0,0,0.0
265444,0,0,0.0
296588,0,0,0.0
143912,0,0,0.0
306936,0,0,0.0
297929,0,0,0.0
204380,0,0,0.0
359279,1,0,0.0
220753,0,0,0.0
378142,0,0,0.0
193463,0,0,0.0
435846,0,0,0.0
204617,0,0,0.0
298850,0,0,0.0
110253,0,0,0.0
368835,0,0,0.0
411538,0,0,0.0
309669,0,0,0.0
271420,1,1,1.0
197112,0,0,0.0
149757,0,0,0.0
203748,0,1,1.0
134372,0,0,0.0
275547,0,0,0.0
296777,0,0,0.0
434168,0,1,1.0
424528,0,0,0.0
324723,0,0,0.0
455074,0,0,0.0
440098,0,0,0.0
368980,0,0,0.0
266837,0,0,0.0
205373,0,1,1.0
204754,0,0,0.0
405178,0,0,0.0
187703,0,0,0.0
130488,0,0,0.0
229890,0,0,0.0
155022,0,0,0.0
235710,0,0,0.0
425139,0,0,0.0
245631,0,0,0.0
344601,0,0,0.0
434596,0,0,0.0
257272,0,0,0.0
259369,0,0,0.0
213762,0,0,0.0
146831,0,0,0.0
237266,0,0,0.0
214609,0,0,0.0
202084,0,0,0.0
453910,0,0,0.0
175230,0,0,0.0
373502,0,0,0.0
322925,0,0,0.0
233481,0,0,0.0
400657,0,0,0.0
305072,0,0,0.0
165119,0,0,0.0
350789,0,0,0.0
314067,0,0,0.0
430092,0,0,0.0
177587,0,0,0.0
270069,1,0,0.0
318257,0,0,0.0
184623,0,0,0.0
132475,0,0,0.0
363425,0,0,0.0
380041,0,0,0.0
301313,0,0,0.0
109664,0,0,0.0
113240,0,0,0.0
142996,0,0,0.0
327286,0,1,1.0
205666,1,0,0.0
367405,0,1,1.0
355506,1,0,0.0
337243,0,0,0.0
294113,0,0,0.0
209774,0,0,0.0
108231,0,0,0.0
433672,0,0,0.0
391504,0,0,0.0
296374,0,0,0.0
284488,0,0,0.0
335841,0,0,0.0
431476,0,0,0.0
300630,0,0,0.0
380070,0,0,0.0
425177,0,0,0.0
283560,0,0,0.0
420321,0,0,0.0
259345,1,0,0.0
454235,0,0,0.0
198974,0,0,0.0
198051,0,1,1.0
315166,0,0,0.0
340868,1,0,0.0
343793,0,0,0.0
233763,0,0,0.0
209599,0,0,0.0
347684,0,0,0.0
252106,0,0,0.0
213195,0,0,0.0
162870,0,0,0.0
197347,0,0,0.0
106703,0,0,0.0
401178,0,0,0.0
277031,0,0,0.0
440380,0,0,0.0
351356,0,0,0.0
202847,0,0,0.0
388150,0,0,0.0
293173,0,0,0.0
150936,0,0,0.0
388663,0,0,0.0
126507,0,0,0.0
301985,0,0,0.0
379312,0,0,0.0
148403,0,0,0.0
199848,0,0,0.0
234774,0,0,0.0
308796,0,0,0.0
437069,0,0,0.0
353130,0,0,0.0
154589,0,0,0.0
357331,0,0,0.0
212499,0,0,0.0
335308,0,0,0.0
148488,1,0,0.0
202682,0,0,0.0
100787,0,0,0.0
428011,0,0,0.0
396447,0,0,0.0
140293,0,0,0.0
132584,0,0,0.0
271926,0,0,0.0
130809,0,0,0.0
358811,0,0,0.0
324873,0,0,0.0
112423,0,0,0.0
266791,0,0,0.0
225090,0,0,0.0
128194,0,0,0.0
212514,0,0,0.0
334997,0,0,0.0
314440,1,0,0.0
131634,0,0,0.0
224715,0,1,1.0
400654,0,0,0.0
379043,0,0,0.0
279056,0,0,0.0
177846,0,0,0.0
453132,0,0,0.0
274755,0,0,0.0
348315,0,1,1.0
381148,0,0,0.0
204137,0,0,0.0
194968,0,0,0.0
411526,0,0,0.0
190773,1,0,0.0
155539,0,0,0.0
300589,0,0,0.0
185020,1,0,0.0
276021,0,0,0.0
419031,0,0,0.0
223441,0,0,0.0
157444,0,0,0.0
159653,0,1,1.0
338973,0,0,0.0
340557,0,0,0.0
161203,0,0,0.0
143156,0,0,0.0
322824,1,0,0.0
326545,0,1,1.0
439307,0,0,0.0
292193,0,0,0.0
428587,0,0,0.0
143934,0,0,0.0
343074,1,0,0.0
108581,0,0,0.0
444848,0,0,0.0
138391,0,0,0.0
153492,0,0,0.0
140621,0,0,0.0
258906,0,0,0.0
338468,0,0,0.0
202594,0,0,0.0
244744,0,0,0.0
225342,0,0,0.0
127613,0,0,0.0
454404,0,0,0.0
198725,0,0,0.0
165004,0,0,0.0
302814,0,1,1.0
310899,0,0,0.0
296341,0,0,0.0
452340,0,0,0.0
260686,0,0,0.0
426236,0,1,1.0
338356,0,0,0.0
292412,0,0,0.0
225346,0,0,0.0
429030,0,0,0.0
235207,0,0,0.0
206914,0,0,0.0
397033,0,0,0.0
455317,0,0,0.0
381085,0,0,0.0
337917,0,0,0.0
243610,0,0,0.0
273237,0,0,0.0
365340,0,0,0.0
409496,0,0,0.0
236393,0,0,0.0
159617,0,0,0.0
121611,0,0,0.0
309089,0,0,0.0
391700,1,0,0.0
452568,0,0,0.0
128087,0,0,0.0
226962,0,0,0.0
418450,1,0,0.0
213624,1,0,0.0
367382,0,0,0.0
331231,0,0,0.0
370229,1,0,0.0
306491,0,0,0.0
387414,0,0,0.0
254095,0,0,0.0
346524,0,0,0.0
185526,0,0,0.0
420527,0,0,0.0
384622,0,0,0.0
402482,0,0,0.0
212825,0,0,0.0
250809,0,0,0.0
208959,0,0,0.0
239377,0,0,0.0
329232,0,0,0.0
220555,0,0,0.0
427487,0,0,0.0
336154,0,0,0.0
329554,0,0,0.0
288815,0,0,0.0
325497,1,1,1.0
377650,0,0,0.0
308399,0,0,0.0
266814,0,0,0.0
429049,1,0,0.0
416950,0,0,0.0
317062,0,0,0.0
435087,0,1,1.0
418459,0,0,0.0
405110,0,1,1.0
312917,0,1,1.0
354742,0,0,0.0
151188,0,0,0.0
447149,0,0,0.0
320440,0,0,0.0
396522,0,0,0.0
409147,0,0,0.0
186123,0,0,0.0
368209,0,0,0.0
373640,0,1,1.0
106477,0,0,0.0
286802,0,0,0.0
127036,1,0,0.0
205986,0,0,0.0
232049,0,0,0.0
150793,0,0,0.0
301858,0,0,0.0
237828,0,0,0.0
110807,0,0,0.0
312605,0,0,0.0
304567,0,0,0.0
160072,0,0,0.0
321500,1,0,0.0
117858,0,1,1.0
211806,0,0,0.0
409234,0,0,0.0
256704,0,0,0.0
149997,0,0,0.0
346250,0,0,0.0
243400,0,0,0.0
319719,0,0,0.0
255960,1,0,0.0
277122,0,1,1.0
123222,0,1,1.0
339560,0,0,0.0
278924,1,0,0.0
120228,0,0,0.0
174778,0,0,0.0
335090,1,0,0.0
235720,0,0,0.0
374713,0,1,1.0
192313,0,0,0.0
343034,1,0,0.0
243076,0,0,0.0
339459,0,1,1.0
201192,0,0,0.0
341591,0,0,0.0
142809,0,1,1.0
233454,0,0,0.0
117999,0,0,0.0
129081,1,0,0.0
143758,0,0,0.0
242254,0,0,0.0
337694,0,0,0.0
399592,0,1,1.0
108760,0,0,0.0
157479,0,0,0.0
438509,0,0,0.0
291783,0,0,0.0
282426,0,0,0.0
319222,0,0,0.0
227228,0,0,0.0
172869,0,0,0.0
206127,0,0,0.0
194676,1,0,0.0
221815,0,1,1.0
326638,0,0,0.0
213437,0,0,0.0
274933,0,0,0.0
355829,0,0,0.0
176270,0,1,1.0
230516,1,1,1.0
301156,0,0,0.0
349143,0,0,0.0
325709,0,1,1.0
306949,0,1,1.0
168555,0,0,0.0
156931,0,0,0.0
261141,0,0,0.0
231792,0,0,0.0
343612,0,0,0.0
243520,0,0,0.0
448509,0,0,0.0
389476,0,0,0.0
218296,0,0,0.0
282060,0,0,0.0
117102,0,0,0.0
124424,0,0,0.0
210698,0,0,0.0
365145,0,0,0.0
226267,0,0,0.0
371850,0,0,0.0
421208,0,0,0.0
276265,1,0,0.0
438278,0,0,0.0
272761,0,1,1.0
122243,0,0,0.0
386439,0,0,0.0
346372,0,0,0.0
244510,0,0,0.0
328557,0,0,0.0
251962,0,0,0.0
435752,0,0,0.0
211462,0,0,0.0
143119,0,1,1.0
446268,0,1,1.0
421235,0,0,0.0
238765,0,0,0.0
367571,0,0,0.0
295148,0,0,0.0
198766,0,0,0.0
117420,0,0,0.0
409670,0,1,1.0
395728,0,0,0.0
204152,0,0,0.0
267349,0,0,0.0
171491,0,0,0.0
288275,0,0,0.0
393558,0,0,0.0
237302,1,0,0.0
429223,0,0,0.0
147242,0,0,0.0
291821,0,0,0.0
427975,0,0,0.0
375429,0,1,1.0
289477,0,0,0.0
313934,0,0,0.0
108189,0,0,0.0
394284,1,0,0.0
153159,0,0,0.0
343826,0,0,0.0
361019,0,0,0.0
354946,0,0,0.0
273951,0,0,0.0
222191,0,0,0.0
455574,0,0,0.0
279650,0,0,0.0
427789,0,0,0.0
320270,0,0,0.0
351943,0,0,0.0
163271,0,0,0.0
282222,0,0,0.0
168114,0,0,0.0
356079,0,0,0.0
245523,0,0,0.0
400951,0,0,0.0
370546,0,0,0.0
384970,0,0,0.0
157405,0,0,0.0
273029,0,0,0.0
254766,0,0,0.0
335069,0,1,1.0
176184,1,0,0.0
118963,0,0,0.0
260880,0,0,0.0
453651,0,1,1.0
339605,0,1,1.0
155564,0,0,0.0
346968,0,1,1.0
452182,0,0,0.0
141691,0,0,0.0
349176,0,0,0.0
111364,0,0,0.0
413785,0,0,0.0
347395,0,0,0.0
146293,0,0,0.0
299138,0,0,0.0
405228,0,0,0.0
222042,0,0,0.0
324473,0,0,0.0
165179,0,0,0.0
436146,1,0,0.0
313127,0,0,0.0
223198,0,0,0.0
412118,0,0,0.0
184197,0,0,0.0
375000,0,0,0.0
350830,0,0,0.0
282850,0,0,0.0
194460,0,0,0.0
262510,0,0,0.0
431848,0,0,0.0
187063,0,0,0.0
438388,0,0,0.0
389522,0,0,0.0
382023,0,0,0.0
223678,1,0,0.0
196652,0,0,0.0
240207,0,0,0.0
454536,0,0,0.0
111133,1,1,1.0
284624,0,1,1.0
103878,0,0,0.0
110198,0,0,0.0
192853,0,0,0.0
285091,0,0,0.0
265467,0,0,0.0
180131,0,0,0.0
399434,0,0,0.0
391383,0,0,0.0
340987,0,0,0.0
448235,0,0,0.0
444929,0,0,0.0
276975,0,0,0.0
370198,0,1,1.0
348208,0,0,0.0
394344,0,0,0.0
263495,0,0,0.0
166870,0,0,0.0
182979,1,0,0.0
375221,0,0,0.0
263322,0,0,0.0
157893,0,0,0.0
163359,1,0,0.0
305236,0,0,0.0
337311,0,0,0.0
169437,1,0,0.0
150828,0,1,1.0
239041,0,0,0.0
419584,0,0,0.0
146492,0,0,0.0
151655,0,0,0.0
172539,0,0,0.0
269691,0,0,0.0
228380,0,0,0.0
300613,0,0,0.0
212291,0,0,0.0
376847,0,0,0.0
319122,0,0,0.0
307315,0,0,0.0
340228,0,0,0.0
138363,1,0,0.0
416476,0,0,0.0
384224,0,0,0.0
134869,0,0,0.0
261955,0,0,0.0
434219,0,0,0.0
115430,0,0,0.0
126783,1,0,0.0
403679,0,0,0.0
101946,0,0,0.0
131427,0,0,0.0
156605,0,0,0.0
280439,0,0,0.0
119155,1,0,0.0
359402,0,0,0.0
215097,0,0,0.0
185318,0,0,0.0
334147,1,0,0.0
177527,1,0,0.0
266930,0,0,0.0
238643,0,0,0.0
105049,0,0,0.0
167076,0,0,0.0
230467,0,0,0.0
449834,0,0,0.0
392732,0,0,0.0
244537,0,0,0.0
200698,0,0,0.0
282360,1,0,0.0
455996,0,0,0.0
132692,1,0,0.0
433851,0,0,0.0
331624,0,0,0.0
116016,1,0,0.0
153883,0,0,0.0
121221,0,0,0.0
352719,0,0,0.0
313800,0,0,0.0
160632,0,0,0.0
336363,0,0,0.0
247174,0,0,0.0
303610,0,0,0.0
306436,0,0,0.0
347651,0,0,0.0
265635,0,0,0.0
218345,0,0,0.0
223101,0,0,0.0
105155,1,0,0.0
299546,0,0,0.0
440155,0,0,0.0
215952,0,0,0.0
190620,0,0,0.0
374428,0,0,0.0
270521,0,0,0.0
204955,0,0,0.0
232320,0,0,0.0
436540,0,0,0.0
401041,0,0,0.0
176916,0,0,0.0
372245,0,0,0.0
206152,1,0,0.0
359804,0,0,0.0
436133,0,0,0.0
347685,0,0,0.0
192972,0,0,0.0
341494,0,0,0.0
432322,0,0,0.0
402919,0,0,0.0
240096,0,0,0.0
225502,0,0,0.0
144202,0,0,0.0
368711,0,0,0.0
129610,0,1,1.0
132187,0,0,0.0
168253,0,0,0.0
455578,0,0,0.0
198644,0,0,0.0
191831,0,0,0.0
443813,0,0,0.0
111291,0,0,0.0
226941,0,0,0.0
100612,0,0,0.0
187297,0,0,0.0
349055,0,0,0.0
388131,0,0,0.0
244099,0,0,0.0
426173,0,0,0.0
238326,0,0,0.0
217546,0,0,0.0
377950,0,0,0.0
370912,0,0,0.0
157801,0,0,0.0
330713,0,0,0.0
288465,0,0,0.0
132906,0,0,0.0
443756,0,0,0.0
412998,0,0,0.0
126485,0,0,0.0
366128,0,0,0.0
104920,0,0,0.0
188522,0,0,0.0
135190,0,0,0.0
335947,0,0,0.0
337395,0,0,0.0
140553,0,0,0.0
102774,0,0,0.0
316990,0,0,0.0
360859,0,0,0.0
206416,0,0,0.0
350411,1,1,1.0
449448,0,1,1.0
324463,0,0,0.0
202808,0,0,0.0
223133,0,0,0.0
130034,0,0,0.0
149610,0,0,0.0
448193,0,0,0.0
131341,0,0,0.0
342590,0,0,0.0
112472,0,0,0.0
379549,0,1,1.0
150110,0,1,1.0
290366,0,0,0.0
342441,0,0,0.0
343661,0,1,1.0
102114,1,0,0.0
433846,0,0,0.0
178964,0,0,0.0
125551,0,0,0.0
134274,0,0,0.0
395229,0,1,1.0
111016,1,0,0.0
143872,0,0,0.0
129437,0,0,0.0
134800,0,1,1.0
384997,0,1,1.0
242038,0,0,0.0
220737,0,0,0.0
328942,0,0,0.0
292990,0,0,0.0
430685,1,0,0.0
291957,0,0,0.0
378064,0,1,1.0
402165,0,1,1.0
195954,0,0,0.0
296045,0,0,0.0
415335,1,0,0.0
388530,1,1,1.0
111244,0,0,0.0
197735,0,0,0.0
208869,0,0,0.0
270835,0,0,0.0
133189,0,0,0.0
291066,0,0,0.0
434883,0,0,0.0
121353,0,0,0.0
442666,0,0,0.0
448878,0,0,0.0
256904,0,1,1.0
141519,0,0,0.0
333200,0,0,0.0
165709,0,0,0.0
435014,0,0,0.0
267447,0,0,0.0
246970,0,0,0.0
403155,0,0,0.0
233695,0,0,0.0
368243,0,0,0.0
378970,0,0,0.0
345521,0,0,0.0
201480,0,0,0.0
109383,0,0,0.0
140493,0,0,0.0
281660,0,0,0.0
421737,0,0,0.0
263758,0,0,0.0
347565,0,0,0.0
173019,0,0,0.0
441360,0,0,0.0
408991,0,0,0.0
208375,0,0,0.0
454244,0,0,0.0
353342,0,0,0.0
154028,1,1,1.0
376201,0,0,0.0
299357,0,0,0.0
271984,0,0,0.0
364467,0,0,0.0
127326,0,0,0.0
376924,0,0,0.0
439731,0,0,0.0
133017,0,0,0.0
169372,0,0,0.0
292154,0,0,0.0
394296,0,0,0.0
214920,0,0,0.0
314797,0,0,0.0
264949,0,0,0.0
435212,0,0,0.0
179927,1,1,1.0
261482,0,0,0.0
420485,0,0,0.0
147866,0,0,0.0
229577,0,0,0.0
103073,0,0,0.0
426915,0,0,0.0
228091,1,0,0.0
152974,0,0,0.0
221928,0,0,0.0
191533,0,0,0.0
426210,0,0,0.0
416624,0,0,0.0
248005,0,1,1.0
443216,0,1,1.0
357337,0,0,0.0
344031,0,1,1.0
132939,0,0,0.0
414719,0,0,0.0
435827,1,0,0.0
354258,0,0,0.0
100418,0,0,0.0
309450,0,0,0.0
438262,0,0,0.0
362550,0,0,0.0
396533,0,0,0.0
310134,0,0,0.0
308873,0,0,0.0
139535,0,0,0.0
233086,0,0,0.0
309295,0,0,0.0
241094,1,0,0.0
234253,0,1,1.0
138508,0,0,0.0
361398,0,1,1.0
414739,0,0,0.0
181691,0,0,0.0
121967,0,0,0.0
109897,0,0,0.0
170023,0,0,0.0
326181,0,0,0.0
238515,0,0,0.0
260389,0,0,0.0
154848,0,0,0.0
158640,0,0,0.0
195574,0,0,0.0
216605,0,0,0.0
188138,0,0,0.0
234720,0,0,0.0
384711,0,0,0.0
377224,0,0,0.0
392561,0,0,0.0
409717,0,0,0.0
195210,0,0,0.0
167168,0,0,0.0
248350,0,0,0.0
270892,0,0,0.0
287227,0,0,0.0
391122,0,0,0.0
176272,0,0,0.0
333521,0,0,0.0
213653,1,0,0.0
389542,0,0,0.0
360264,0,0,0.0
199686,0,0,0.0
111845,0,0,0.0
203503,0,0,0.0
245799,1,0,0.0
217953,0,0,0.0
386490,0,0,0.0
440675,0,0,0.0
197002,0,0,0.0
430487,0,0,0.0
455935,0,0,0.0
341359,0,0,0.0
264523,0,0,0.0
310985,0,0,0.0
432636,0,0,0.0
129464,0,0,0.0
312890,0,0,0.0
336390,0,0,0.0
420645,0,0,0.0
364553,0,1,1.0
122223,0,0,0.0
418395,0,0,0.0
271884,1,1,1.0
276429,0,0,0.0
295758,0,0,0.0
452481,0,0,0.0
426347,0,0,0.0
340637,0,0,0.0
437038,1,0,0.0
392652,0,0,0.0
390125,0,0,0.0
288141,0,0,0.0
148515,0,0,0.0
164355,0,0,0.0
180986,0,0,0.0
424945,0,0,0.0
112951,1,0,0.0
374987,0,0,0.0
412306,0,0,0.0
360818,0,0,0.0
438833,0,0,0.0
137293,0,0,0.0
320838,0,0,0.0
259280,0,0,0.0
312207,0,0,0.0
450764,0,0,0.0
138459,0,0,0.0
320746,0,0,0.0
391024,1,0,0.0
435676,0,0,0.0
332326,0,0,0.0
439092,0,0,0.0
418294,0,0,0.0
137022,0,0,0.0
289150,0,0,0.0
361045,0,0,0.0
246236,0,0,0.0
411162,0,0,0.0
418516,0,0,0.0
202981,1,0,0.0
212332,0,0,0.0
347236,0,1,1.0
258682,0,0,0.0
198577,0,0,0.0
182001,0,0,0.0
282677,0,0,0.0
351061,0,1,1.0
201069,0,0,0.0
290569,0,0,0.0
450970,0,0,0.0
339909,0,0,0.0
289505,0,0,0.0
165275,0,0,0.0
199610,0,0,0.0
394324,0,0,0.0
119173,0,0,0.0
436504,0,1,1.0
178688,0,1,1.0
363168,0,0,0.0
255287,0,0,0.0
194315,0,0,0.0
405129,1,0,0.0
199162,0,0,0.0
221501,0,0,0.0
431368,0,0,0.0
260993,1,0,0.0
238423,0,0,0.0
364705,0,0,0.0
166585,0,0,0.0
312405,0,1,1.0
102771,0,0,0.0
163646,0,1,1.0
353125,0,0,0.0
302314,0,0,0.0
375793,0,0,0.0
265432,1,0,0.0
307718,0,0,0.0
219797,0,1,1.0
293130,0,0,0.0
317504,0,0,0.0
379269,0,1,1.0
226717,0,0,0.0
204407,0,0,0.0
261405,0,0,0.0
250409,0,0,0.0
207746,0,0,0.0
210490,0,0,0.0
145525,0,0,0.0
245263,0,0,0.0
242809,0,0,0.0
158461,0,0,0.0
387808,0,0,0.0
163129,0,0,0.0
116278,0,0,0.0
151378,0,0,0.0
300089,0,0,0.0
350485,0,0,0.0
136843,0,0,0.0
401202,0,0,0.0
339906,0,0,0.0
261535,0,0,0.0
116100,0,0,0.0
252960,0,0,0.0
373330,0,0,0.0
158330,0,0,0.0
167196,0,0,0.0
133506,0,0,0.0
131869,0,1,1.0
254190,0,0,0.0
434368,0,0,0.0
344725,0,1,1.0
166475,0,0,0.0
144809,0,0,0.0
152033,0,0,0.0
126949,0,0,0.0
335760,0,0,0.0
108880,0,0,0.0
297946,0,0,0.0
189402,0,0,0.0
309616,0,0,0.0
268484,1,0,0.0
373231,0,0,0.0
165772,0,0,0.0
178275,0,0,0.0
426725,0,0,0.0
403784,0,0,0.0
276673,0,0,0.0
243532,0,1,1.0
412849,0,0,0.0
433629,0,0,0.0
238140,0,0,0.0
387480,0,0,0.0
343093,1,0,0.0
127976,0,0,0.0
311394,0,0,0.0
161806,1,0,0.0
138521,0,0,0.0
196754,0,0,0.0
286592,0,0,0.0
321745,0,0,0.0
289090,0,0,0.0
113160,0,0,0.0
154405,0,0,0.0
450653,0,0,0.0
443722,1,0,0.0
339924,0,0,0.0
304318,0,0,0.0
322464,0,0,0.0
204340,0,0,0.0
231936,0,0,0.0
383668,0,0,0.0
300611,0,0,0.0
292518,1,0,0.0
364154,0,0,0.0
291844,0,1,1.0
298666,0,0,0.0
391600,0,0,0.0
374258,0,0,0.0
371297,0,0,0.0
237031,0,0,0.0
418994,0,0,0.0
135075,1,0,0.0
410071,0,0,0.0
399472,0,1,1.0
445616,0,0,0.0
402148,0,0,0.0
170579,0,0,0.0
192679,0,0,0.0
398465,0,0,0.0
318236,0,0,0.0
129389,0,0,0.0
422613,0,0,0.0
258950,0,0,0.0
412734,0,0,0.0
118131,0,1,1.0
348234,0,0,0.0
361653,0,0,0.0
237745,0,0,0.0
411459,0,1,1.0
311418,0,0,0.0
170633,0,1,1.0
385095,0,1,1.0
114143,0,0,0.0
240475,0,0,0.0
231907,0,0,0.0
228252,0,0,0.0
281103,0,0,0.0
449485,0,0,0.0
277115,0,0,0.0
150286,0,0,0.0
274088,0,0,0.0
288450,0,0,0.0
198537,0,0,0.0
240795,0,1,1.0
106240,0,0,0.0
103181,0,0,0.0
424547,1,0,0.0
266698,0,0,0.0
208047,0,0,0.0
140429,0,0,0.0
303128,0,0,0.0
441850,0,0,0.0
155868,0,0,0.0
186882,1,0,0.0
181321,0,0,0.0
356215,0,0,0.0
331200,0,0,0.0
425060,0,0,0.0
153255,0,0,0.0
315310,0,0,0.0
107914,0,1,1.0
115991,0,0,0.0
447211,0,0,0.0
135139,0,0,0.0
353106,0,0,0.0
434752,0,0,0.0
147697,0,0,0.0
182666,0,0,0.0
153715,0,0,0.0
243981,0,0,0.0
293936,0,0,0.0
376251,0,0,0.0
367137,0,0,0.0
163183,0,0,0.0
151522,0,0,0.0
344532,0,0,0.0
286654,0,0,0.0
393274,0,0,0.0
185600,0,0,0.0
318992,0,0,0.0
258846,0,1,1.0
311401,0,0,0.0
335148,0,0,0.0
375840,0,0,0.0
165520,0,0,0.0
435268,0,1,1.0
243160,0,0,0.0
449626,0,0,0.0
210418,0,0,0.0
287611,0,0,0.0
259081,0,0,0.0
412571,0,0,0.0
106241,1,1,1.0
166827,0,1,1.0
334018,1,0,0.0
263399,0,1,1.0
277875,0,0,0.0
445492,0,0,0.0
415054,0,0,0.0
208159,0,0,0.0
196518,1,0,0.0
131534,0,0,0.0
216039,0,0,0.0
308314,0,0,0.0
175245,0,0,0.0
330446,0,0,0.0
390799,0,0,0.0
342934,0,0,0.0
265309,0,0,0.0
120543,0,0,0.0
281210,1,1,1.0
391575,0,0,0.0
143271,0,0,0.0
337251,0,0,0.0
226394,0,0,0.0
278636,0,0,0.0
226034,1,0,0.0
370466,0,0,0.0
444245,0,0,0.0
189707,0,1,1.0
429674,0,0,0.0
336242,0,0,0.0
249889,0,0,0.0
305967,0,0,0.0
177124,0,0,0.0
394003,0,0,0.0
433746,0,0,0.0
418350,0,0,0.0
182771,0,0,0.0
174329,0,0,0.0
133855,0,1,1.0
273695,0,0,0.0
166700,1,0,0.0
218012,0,0,0.0
180063,1,0,0.0
448572,0,0,0.0
123088,0,0,0.0
100163,0,0,0.0
318849,0,0,0.0
178774,0,0,0.0
356375,0,0,0.0
299646,1,0,0.0
176745,0,0,0.0
243962,1,1,1.0
219761,0,1,1.0
373748,0,0,0.0
121683,0,0,0.0
339995,0,0,0.0
409139,0,0,0.0
114657,0,0,0.0
322790,0,0,0.0
336031,0,0,0.0
118434,1,1,1.0
243361,0,0,0.0
385827,0,0,0.0
438416,0,1,1.0
106500,0,1,1.0
337742,0,0,0.0
261687,1,0,0.0
316494,0,0,0.0
382961,0,0,0.0
177698,0,0,0.0
418512,0,0,0.0
148972,0,0,0.0
425746,0,0,0.0
354187,0,0,0.0
337455,0,1,1.0
162484,0,0,0.0
334229,0,1,1.0
413659,0,0,0.0
243534,0,0,0.0
308115,0,0,0.0
330269,0,0,0.0
391604,0,0,0.0
385732,0,1,1.0
286584,0,0,0.0
379343,0,0,0.0
166838,0,0,0.0
254860,0,1,1.0
428046,0,0,0.0
196612,0,0,0.0
374327,1,0,0.0
393502,0,0,0.0
370108,0,1,1.0
393609,0,0,0.0
444949,0,0,0.0
128158,0,1,1.0
430071,0,0,0.0
217451,0,0,0.0
209731,0,0,0.0
233833,1,0,0.0
254558,0,0,0.0
188285,0,0,0.0
269772,0,0,0.0
336135,0,0,0.0
366579,1,0,0.0
355482,1,0,0.0
132020,0,0,0.0
396559,0,0,0.0
314559,0,0,0.0
149725,0,0,0.0
436848,0,0,0.0
378386,0,0,0.0
149284,0,0,0.0
380714,0,0,0.0
326572,0,0,0.0
372991,1,0,0.0
132443,0,0,0.0
207568,0,0,0.0
379271,1,1,1.0
232515,0,0,0.0
226700,0,0,0.0
130784,0,0,0.0
114181,0,0,0.0
314923,0,0,0.0
406273,0,0,0.0
201490,0,0,0.0
136989,0,0,0.0
338311,0,0,0.0
123661,0,0,0.0
158744,0,0,0.0
136018,0,0,0.0
267515,0,0,0.0
120784,0,0,0.0
417103,0,1,1.0
124436,0,0,0.0
229270,0,0,0.0
209876,0,0,0.0
368232,0,0,0.0
176449,0,0,0.0
110482,0,0,0.0
317450,1,0,0.0
244325,0,0,0.0
229867,1,0,0.0
339009,0,0,0.0
185765,0,0,0.0
126669,1,0,0.0
376421,0,0,0.0
242161,0,0,0.0
435646,0,0,0.0
235762,1,0,0.0
374748,1,0,0.0
273488,0,0,0.0
435526,0,0,0.0
275798,0,0,0.0
372491,0,0,0.0
267739,0,0,0.0
229788,0,0,0.0
232951,0,0,0.0
189070,0,0,0.0
165906,0,0,0.0
216920,0,0,0.0
338041,0,0,0.0
396257,0,0,0.0
416053,0,0,0.0
339426,0,0,0.0
296086,0,0,0.0
219056,0,0,0.0
435354,0,1,1.0
106925,1,0,0.0
447187,0,0,0.0
347913,0,0,0.0
366205,0,0,0.0
320857,0,0,0.0
275848,0,0,0.0
293203,0,0,0.0
228399,0,0,0.0
164958,0,0,0.0
120954,0,1,1.0
224733,0,1,1.0
230432,0,0,0.0
268441,0,0,0.0
150119,0,0,0.0
362282,0,0,0.0
370818,1,0,0.0
169852,0,0,0.0
211954,0,0,0.0
305666,0,1,1.0
445879,0,1,1.0
337421,0,1,1.0
180566,0,0,0.0
181520,0,0,0.0
132074,0,0,0.0
244301,0,0,0.0
307739,0,0,0.0
438032,0,0,0.0
425095,1,0,0.0
243018,0,0,0.0
276722,0,0,0.0
360768,0,0,0.0
455427,0,1,1.0
351753,0,0,0.0
222036,0,0,0.0
431491,0,0,0.0
336990,0,0,0.0
386947,0,0,0.0
403905,0,0,0.0
399913,0,0,0.0
436515,0,0,0.0
207184,0,1,1.0
331311,0,0,0.0
326322,0,0,0.0
191502,0,0,0.0
231798,0,0,0.0
161007,0,1,1.0
291496,0,0,0.0
365982,0,0,0.0
357997,0,0,0.0
442815,0,0,0.0
151583,0,0,0.0
336520,0,0,0.0
321774,0,0,0.0
147564,0,0,0.0
174132,0,0,0.0
286545,0,0,0.0
449501,0,0,0.0
250510,0,0,0.0
165503,0,0,0.0
310147,0,0,0.0
200189,0,0,0.0
157668,0,0,0.0
121935,0,1,1.0
364933,0,0,0.0
410038,0,0,0.0
208046,0,0,0.0
200078,0,0,0.0
115410,0,0,0.0
391812,0,0,0.0
212638,0,0,0.0
394188,0,0,0.0
396743,0,0,0.0
220096,0,0,0.0
295627,0,0,0.0
156165,0,0,0.0
111897,0,0,0.0
272523,0,0,0.0
367248,0,0,0.0
396196,0,0,0.0
287226,0,0,0.0
372291,0,0,0.0
223422,0,0,0.0
267400,0,0,0.0
288687,0,0,0.0
247876,0,0,0.0
306028,0,0,0.0
432542,0,0,0.0
431201,0,0,0.0
367081,0,0,0.0
125310,0,0,0.0
248937,0,0,0.0
112834,0,0,0.0
193261,0,0,0.0
274099,0,0,0.0
362589,0,0,0.0
344753,0,0,0.0
109025,0,0,0.0
112169,0,0,0.0
176787,0,0,0.0
299206,0,0,0.0
390500,0,0,0.0
214692,1,1,1.0
432328,0,0,0.0
347418,0,0,0.0
161421,0,0,0.0
185147,0,0,0.0
426718,0,0,0.0
319360,0,0,0.0
433309,0,0,0.0
291427,0,0,0.0
409597,0,0,0.0
264099,0,0,0.0
176458,0,0,0.0
180626,0,0,0.0
120285,0,0,0.0
158087,0,0,0.0
455790,0,0,0.0
349050,1,0,0.0
361157,0,0,0.0
364188,0,0,0.0
191281,0,0,0.0
185988,0,0,0.0
305673,0,0,0.0
301590,0,0,0.0
116444,0,0,0.0
448187,0,0,0.0
269784,0,0,0.0
182664,0,0,0.0
299805,0,0,0.0
111766,1,1,1.0
103874,0,0,0.0
265361,0,0,0.0
313443,0,0,0.0
267502,0,0,0.0
310647,0,1,1.0
235758,0,0,0.0
394603,0,1,1.0
115566,0,0,0.0
184943,0,0,0.0
234911,0,0,0.0
194146,0,0,0.0
186552,1,0,0.0
314610,0,0,0.0
450613,1,0,0.0
380443,0,0,0.0
256840,0,0,0.0
195242,0,0,0.0
100225,0,0,0.0
367193,0,0,0.0
178407,0,0,0.0
184569,0,0,0.0
159584,0,0,0.0
330489,0,0,0.0
442583,1,0,0.0
417534,0,1,1.0
104771,0,0,0.0
165103,0,0,0.0
150643,0,0,0.0
453414,0,1,1.0
149144,0,0,0.0
226708,0,0,0.0
456089,0,0,0.0
307944,0,0,0.0
329303,1,0,0.0
258446,0,0,0.0
145547,0,0,0.0
453282,0,0,0.0
318397,0,0,0.0
110172,0,0,0.0
345785,0,0,0.0
284452,0,0,0.0
395322,0,1,1.0
365482,0,0,0.0
183914,0,0,0.0
109190,1,0,0.0
192532,0,0,0.0
312641,0,1,1.0
272720,0,0,0.0
191286,0,0,0.0
153254,0,0,0.0
110898,0,0,0.0
348666,0,0,0.0
364891,0,1,1.0
267729,0,0,0.0
350438,0,0,0.0
211546,0,0,0.0
416138,0,0,0.0
241782,0,0,0.0
220356,0,0,0.0
341743,0,0,0.0
264066,0,0,0.0
202673,0,0,0.0
443631,0,0,0.0
291385,0,0,0.0
194491,0,1,1.0
116330,1,0,0.0
167804,0,0,0.0
403649,0,0,0.0
366110,0,0,0.0
128580,0,0,0.0
263362,0,0,0.0
397654,0,0,0.0
196969,0,0,0.0
365451,0,0,0.0
348489,0,0,0.0
141511,0,0,0.0
431365,0,0,0.0
209715,0,0,0.0
416528,1,0,0.0
139116,0,0,0.0
156504,0,0,0.0
202233,0,0,0.0
394012,0,0,0.0
304405,1,0,0.0
120071,0,0,0.0
402429,0,0,0.0
143966,0,1,1.0
157584,0,1,1.0
149607,0,0,0.0
185351,0,0,0.0
104867,0,0,0.0
416539,0,0,0.0
224848,0,0,0.0
196050,0,0,0.0
286276,1,0,0.0
273114,0,0,0.0
219771,0,0,0.0
165094,0,0,0.0
433113,1,0,0.0
442940,0,0,0.0
334668,0,0,0.0
270659,1,1,1.0
135719,0,1,1.0
246271,0,0,0.0
401775,0,0,0.0
431022,0,0,0.0
210531,0,0,0.0
379658,0,0,0.0
240569,0,0,0.0
439948,0,0,0.0
282319,0,1,1.0
251184,0,0,0.0
341382,1,0,0.0
259544,0,0,0.0
291528,0,1,1.0
242157,0,0,0.0
292482,0,0,0.0
185540,0,0,0.0
441368,0,0,0.0
442220,0,0,0.0
132936,0,0,0.0
184098,0,0,0.0
251383,0,0,0.0
221760,0,0,0.0
395768,0,0,0.0
168839,0,0,0.0
292327,0,0,0.0
323046,0,0,0.0
287420,1,0,0.0
279638,0,0,0.0
144648,0,0,0.0
394398,0,0,0.0
339564,0,0,0.0
251659,0,0,0.0
156208,0,0,0.0
257026,1,0,0.0
435377,1,0,0.0
336632,0,0,0.0
159362,0,0,0.0
121077,0,0,0.0
328034,0,0,0.0
339831,0,0,0.0
177682,0,0,0.0
402002,0,0,0.0
424442,0,0,0.0
395238,0,0,0.0
382784,0,0,0.0
305461,1,1,1.0
210976,0,0,0.0
408013,0,0,0.0
202271,0,0,0.0
156159,0,0,0.0
136145,0,0,0.0
439396,0,0,0.0
395170,0,0,0.0
117637,0,0,0.0
115461,0,0,0.0
179356,1,0,0.0
330553,0,0,0.0
277505,0,0,0.0
358935,0,0,0.0
294297,0,0,0.0
259697,0,0,0.0
358655,0,0,0.0
114959,0,0,0.0
337112,0,0,0.0
436338,1,1,1.0
425277,0,0,0.0
211645,0,0,0.0
164918,1,0,0.0
332269,0,0,0.0
334854,0,1,1.0
252583,1,0,0.0
177236,0,0,0.0
373609,0,0,0.0
247574,0,0,0.0
176329,0,0,0.0
319452,0,0,0.0
308049,0,0,0.0
157685,0,0,0.0
210213,0,0,0.0
256482,0,0,0.0
335326,0,0,0.0
225997,0,0,0.0
224467,0,0,0.0
132172,0,0,0.0
192918,1,1,1.0
194588,0,0,0.0
178293,0,0,0.0
115567,0,0,0.0
446257,0,0,0.0
288117,0,0,0.0
381353,0,0,0.0
192373,0,0,0.0
174723,0,0,0.0
403299,1,0,0.0
411398,0,0,0.0
413580,0,0,0.0
319641,0,0,0.0
270739,0,0,0.0
394447,0,0,0.0
317492,1,1,1.0
294173,0,0,0.0
109375,1,0,0.0
214210,0,0,0.0
200766,0,0,0.0
430508,0,0,0.0
371031,0,0,0.0
323187,0,0,0.0
335169,0,0,0.0
250808,0,0,0.0
449131,0,0,0.0
251392,0,0,0.0
104732,0,0,0.0
248346,1,0,0.0
455692,0,1,1.0
113915,0,0,0.0
308685,0,0,0.0
140605,0,0,0.0
270726,1,1,1.0
234188,0,0,0.0
373606,1,1,1.0
290285,0,1,1.0
434890,0,0,0.0
393521,0,0,0.0
203275,0,0,0.0
262170,0,0,0.0
277872,0,0,0.0
348931,0,0,0.0
382230,0,1,1.0
121891,0,0,0.0
193107,0,1,1.0
360622,0,0,0.0
405227,1,0,0.0
342810,0,0,0.0
437433,0,0,0.0
411462,0,0,0.0
270444,0,0,0.0
100018,0,0,0.0
309980,0,0,0.0
291559,0,0,0.0
315560,0,0,0.0
182109,0,1,1.0
242557,0,1,1.0
369949,0,0,0.0
130328,0,0,0.0
158709,0,0,0.0
154742,0,0,0.0
109123,0,0,0.0
139829,0,0,0.0
163937,0,0,0.0
413888,0,0,0.0
369866,0,0,0.0
156102,0,0,0.0
342181,0,0,0.0
196714,0,0,0.0
387510,0,0,0.0
329648,0,1,1.0
338957,0,0,0.0
281884,0,0,0.0
226279,0,0,0.0
117127,0,0,0.0
264860,0,0,0.0
125017,0,0,0.0
322428,0,0,0.0
337872,0,0,0.0
439543,0,0,0.0
360842,0,1,1.0
124360,1,1,1.0
137099,0,0,0.0
339808,0,0,0.0
378624,0,0,0.0
145461,0,0,0.0
155553,0,1,1.0
408118,0,0,0.0
396968,0,0,0.0
428642,0,0,0.0
309379,0,0,0.0
385815,0,0,0.0
193108,0,0,0.0
293215,0,0,0.0
310389,0,0,0.0
103688,0,0,0.0
132076,0,0,0.0
109724,0,0,0.0
401313,0,0,0.0
201640,1,0,0.0
225019,0,0,0.0
271556,1,1,1.0
159570,0,0,0.0
179409,0,0,0.0
206979,0,0,0.0
425253,0,0,0.0
317292,0,0,0.0
356485,0,0,0.0
286480,0,0,0.0
106385,0,0,0.0
233332,0,0,0.0
419859,0,0,0.0
290871,0,0,0.0
285341,0,0,0.0
438657,0,0,0.0
308519,0,1,1.0
117488,0,0,0.0
276476,0,0,0.0
206256,0,0,0.0
133874,0,0,0.0
306525,0,0,0.0
448631,0,0,0.0
181721,1,0,0.0
385260,0,0,0.0
337401,0,1,1.0
154555,0,0,0.0
382382,0,0,0.0
231193,0,1,1.0
180222,0,0,0.0
143355,0,0,0.0
420250,0,1,1.0
158255,0,0,0.0
259129,0,0,0.0
380393,0,0,0.0
204501,0,0,0.0
157521,1,0,0.0
380280,0,0,0.0
160550,0,0,0.0
196829,0,1,1.0
155189,0,0,0.0
113146,0,1,1.0
106608,0,0,0.0
225179,0,0,0.0
447969,0,0,0.0
449020,0,0,0.0
225610,0,0,0.0
417705,0,0,0.0
259875,1,0,0.0
152164,1,0,0.0
127367,0,0,0.0
327792,0,0,0.0
303890,0,0,0.0
433772,0,0,0.0
106194,0,0,0.0
394169,0,0,0.0
258721,0,0,0.0
205535,0,0,0.0
204062,0,0,0.0
384449,0,0,0.0
199441,0,0,0.0
164287,0,0,0.0
212895,0,0,0.0
228405,0,0,0.0
444098,0,0,0.0
421766,0,0,0.0
118966,0,0,0.0
144069,0,0,0.0
322097,0,1,1.0
386700,0,0,0.0
281528,0,0,0.0
266673,0,0,0.0
427797,0,0,0.0
314030,0,0,0.0
332653,0,0,0.0
127106,0,0,0.0
106597,0,0,0.0
232159,0,0,0.0
110527,0,0,0.0
129858,0,0,0.0
408973,0,0,0.0
292066,0,0,0.0
231992,0,0,0.0
258106,1,0,0.0
317301,0,0,0.0
125948,0,0,0.0
142258,0,0,0.0
317859,0,0,0.0
207487,0,0,0.0
132489,0,0,0.0
335121,0,0,0.0
241183,0,0,0.0
261879,0,0,0.0
244094,0,0,0.0
213566,0,0,0.0
384128,0,0,0.0
110179,0,0,0.0
281807,0,0,0.0
352093,0,0,0.0
394648,0,1,1.0
427459,0,0,0.0
218067,0,0,0.0
377279,0,1,1.0
251705,0,0,0.0
213426,1,1,1.0
151720,0,0,0.0
121065,0,0,0.0
312391,0,0,0.0
385979,0,0,0.0
203525,0,0,0.0
230769,0,0,0.0
423515,0,0,0.0
221071,0,0,0.0
267248,0,0,0.0
206810,0,1,1.0
277921,0,0,0.0
132245,0,0,0.0
445243,0,0,0.0
389842,0,0,0.0
153918,0,0,0.0
387082,0,0,0.0
350568,0,0,0.0
373207,0,0,0.0
238875,0,1,1.0
419072,0,0,0.0
141531,0,0,0.0
123868,0,0,0.0
215648,0,0,0.0
305219,0,1,1.0
424654,0,0,0.0
329345,0,0,0.0
394331,1,0,0.0
373265,0,0,0.0
301323,0,0,0.0
390958,0,0,0.0
144105,0,0,0.0
341464,0,0,0.0
332132,0,0,0.0
433435,0,0,0.0
213311,0,0,0.0
106253,0,0,0.0
377171,0,0,0.0
244155,0,0,0.0
277433,0,1,1.0
198633,0,0,0.0
262878,0,0,0.0
387507,0,0,0.0
254983,0,0,0.0
430089,0,0,0.0
216470,0,0,0.0
223946,0,0,0.0
125919,0,0,0.0
203747,0,0,0.0
361966,0,1,1.0
438545,0,0,0.0
211142,0,0,0.0
287417,0,0,0.0
267573,0,0,0.0
286778,0,0,0.0
275573,0,0,0.0
357495,0,0,0.0
198397,0,0,0.0
270264,0,0,0.0
170390,1,0,0.0
176722,0,0,0.0
389218,0,0,0.0
141027,0,0,0.0
437061,0,0,0.0
352301,0,0,0.0
114401,0,0,0.0
217834,0,0,0.0
244593,0,0,0.0
186207,1,1,1.0
172036,0,0,0.0
426011,0,0,0.0
194711,1,0,0.0
269055,0,0,0.0
350776,1,1,1.0
237275,1,0,0.0
234609,0,0,0.0
418104,0,0,0.0
160031,1,1,1.0
269634,0,0,0.0
165957,0,0,0.0
378415,0,0,0.0
235807,0,0,0.0
286750,0,0,0.0
265421,0,0,0.0
409588,0,0,0.0
418714,0,0,0.0
236653,0,0,0.0
211348,0,0,0.0
210702,0,0,0.0
241370,0,0,0.0
126983,0,0,0.0
227684,1,0,0.0
164807,1,0,0.0
132857,0,0,0.0
207429,0,0,0.0
171542,0,0,0.0
326911,1,0,0.0
212127,0,0,0.0
431749,0,0,0.0
299967,0,1,1.0
325142,1,0,0.0
365387,1,0,0.0
222141,0,0,0.0
209562,0,0,0.0
186318,0,0,0.0
235979,0,0,0.0
361673,0,0,0.0
148954,0,0,0.0
295772,0,0,0.0
176721,0,0,0.0
154152,0,0,0.0
228523,0,0,0.0
383044,0,0,0.0
282144,0,0,0.0
370750,0,0,0.0
424296,0,0,0.0
136916,0,0,0.0
129124,0,0,0.0
441424,0,0,0.0
222449,0,0,0.0
240958,0,0,0.0
329993,0,0,0.0
134210,0,0,0.0
368768,0,0,0.0
120294,0,0,0.0
430304,0,1,1.0
339432,0,0,0.0
144291,0,0,0.0
232291,0,0,0.0
242987,0,0,0.0
248752,0,0,0.0
388783,0,0,0.0
120445,0,0,0.0
456161,0,0,0.0
152046,0,0,0.0
271335,0,0,0.0
390518,0,0,0.0
169825,0,0,0.0
366855,0,1,1.0
167877,0,1,1.0
340355,0,0,0.0
254880,0,1,1.0
214806,0,0,0.0
375899,0,0,0.0
245461,0,0,0.0
314626,0,0,0.0
156595,0,0,0.0
185935,0,0,0.0
208972,0,0,0.0
168867,0,0,0.0
187856,0,0,0.0
212404,0,0,0.0
340101,0,0,0.0
219941,0,1,1.0
198994,0,1,1.0
400968,0,0,0.0
302843,0,0,0.0
225800,0,0,0.0
354996,0,0,0.0
401380,0,0,0.0
211240,0,0,0.0
212130,0,0,0.0
332396,0,0,0.0
356826,0,0,0.0
356727,0,0,0.0
251929,0,0,0.0
436985,0,0,0.0
420707,0,0,0.0
410209,1,0,0.0
179220,0,0,0.0
291367,0,0,0.0
366728,0,1,1.0
180116,1,0,0.0
442881,0,0,0.0
120855,0,0,0.0
118108,1,0,0.0
176623,0,0,0.0
451783,0,0,0.0
231839,0,0,0.0
180557,0,0,0.0
266145,0,0,0.0
424317,0,0,0.0
238632,0,0,0.0
266249,0,0,0.0
353614,0,0,0.0
307592,0,0,0.0
375039,0,0,0.0
221274,0,0,0.0
257963,0,0,0.0
202851,0,0,0.0
221106,0,0,0.0
265122,0,0,0.0
275064,0,0,0.0
218037,0,0,0.0
110163,0,1,1.0
141270,0,0,0.0
313400,0,0,0.0
437469,1,0,0.0
285055,1,0,0.0
409868,0,0,0.0
131780,0,0,0.0
305256,0,0,0.0
221069,0,0,0.0
409993,0,0,0.0
300199,0,0,0.0
355200,0,0,0.0
331447,0,0,0.0
323933,0,0,0.0
413084,1,1,1.0
155314,0,0,0.0
145311,1,0,0.0
222749,1,0,0.0
151000,0,0,0.0
119444,0,0,0.0
430229,0,0,0.0
450533,0,0,0.0
344509,0,0,0.0
112250,0,0,0.0
101359,0,0,0.0
419987,1,1,1.0
102491,1,0,0.0
217811,0,0,0.0
406154,0,0,0.0
237814,0,0,0.0
231970,1,0,0.0
323980,0,0,0.0
312026,0,0,0.0
173867,0,0,0.0
124517,0,0,0.0
400375,0,0,0.0
162361,0,0,0.0
378644,0,0,0.0
350488,0,0,0.0
203761,0,0,0.0
418920,0,0,0.0
412760,0,0,0.0
379441,1,0,0.0
306046,0,0,0.0
299530,0,0,0.0
102742,0,0,0.0
176493,0,0,0.0
141359,0,0,0.0
394134,0,0,0.0
218265,0,0,0.0
144855,0,0,0.0
127168,0,0,0.0
330481,0,1,1.0
366868,1,1,1.0
168178,0,0,0.0
157686,0,0,0.0
318683,0,0,0.0
136864,0,0,0.0
260332,1,0,0.0
325604,0,0,0.0
231815,0,0,0.0
362993,0,0,0.0
404031,0,0,0.0
410445,0,0,0.0
426582,0,0,0.0
199513,0,0,0.0
146602,0,0,0.0
243230,0,0,0.0
353900,0,0,0.0
217592,0,0,0.0
194153,0,0,0.0
234206,0,0,0.0
198920,0,0,0.0
207648,0,0,0.0
421416,0,0,0.0
169174,0,0,0.0
178957,0,0,0.0
324887,0,0,0.0
197313,0,0,0.0
182701,0,0,0.0
406372,0,0,0.0
292980,0,0,0.0
419465,0,0,0.0
176199,0,0,0.0
446079,0,0,0.0
422752,0,0,0.0
310115,0,0,0.0
129188,0,0,0.0
239310,0,0,0.0
395843,0,0,0.0
298421,0,1,1.0
396170,1,0,0.0
347628,0,0,0.0
326997,0,0,0.0
177928,0,0,0.0
138622,0,0,0.0
345076,0,0,0.0
178384,0,0,0.0
262822,0,0,0.0
383717,0,0,0.0
289796,0,0,0.0
148956,0,0,0.0
271050,0,0,0.0
347062,0,0,0.0
397205,0,0,0.0
172417,0,0,0.0
367714,0,0,0.0
228905,1,0,0.0
220406,0,0,0.0
129009,0,0,0.0
160859,0,0,0.0
291857,0,0,0.0
294228,0,0,0.0
143505,0,0,0.0
315138,0,0,0.0
301814,0,0,0.0
219417,1,0,0.0
171988,0,0,0.0
168786,0,0,0.0
151935,0,0,0.0
225119,1,0,0.0
388136,0,0,0.0
402172,0,0,0.0
270161,0,0,0.0
385671,0,0,0.0
392276,0,0,0.0
277830,0,0,0.0
415278,0,0,0.0
453034,1,0,0.0
322941,0,0,0.0
357704,0,0,0.0
435350,0,0,0.0
108024,0,0,0.0
227619,0,0,0.0
174254,0,0,0.0
443066,0,0,0.0
265677,0,1,1.0
279695,0,1,1.0
408004,1,0,0.0
428407,0,0,0.0
117196,0,0,0.0
331589,0,0,0.0
310910,0,0,0.0
374512,0,0,0.0
121843,0,0,0.0
399859,0,0,0.0
371651,0,1,1.0
242981,0,0,0.0
267478,0,0,0.0
311302,0,0,0.0
416399,0,0,0.0
201470,0,0,0.0
256041,0,0,0.0
271052,0,0,0.0
360742,0,1,1.0
136869,0,0,0.0
203329,0,0,0.0
379803,1,0,0.0
218463,1,0,0.0
132142,0,1,1.0
353412,0,0,0.0
102234,0,0,0.0
131573,0,1,1.0
246474,0,0,0.0
402687,0,0,0.0
145485,0,0,0.0
377502,0,0,0.0
316506,0,0,0.0
156781,0,0,0.0
441208,0,0,0.0
202918,0,0,0.0
228940,0,0,0.0
353192,0,0,0.0
189216,0,0,0.0
279531,0,0,0.0
405843,0,0,0.0
290010,0,0,0.0
129606,0,0,0.0
172377,0,0,0.0
218322,0,0,0.0
331524,0,0,0.0
188335,0,0,0.0
118171,0,0,0.0
132829,0,0,0.0
189913,0,0,0.0
191893,0,0,0.0
147269,0,0,0.0
239761,0,0,0.0
166070,0,0,0.0
191964,0,0,0.0
394513,0,0,0.0
139892,0,0,0.0
320506,0,0,0.0
306049,1,0,0.0
146148,0,0,0.0
415971,0,0,0.0
111376,0,0,0.0
160449,1,0,0.0
410946,0,0,0.0
440198,0,0,0.0
302387,0,0,0.0
145772,0,1,1.0
164506,0,0,0.0
294523,1,0,0.0
250979,0,0,0.0
337908,0,0,0.0
439104,0,0,0.0
237284,0,0,0.0
243598,0,0,0.0
204487,1,1,1.0
182285,0,0,0.0
319857,0,0,0.0
299511,0,0,0.0
336058,0,0,0.0
109570,0,0,0.0
382726,0,0,0.0
444631,0,0,0.0
175100,0,0,0.0
207033,1,0,0.0
253867,0,1,1.0
347585,0,0,0.0
328107,0,0,0.0
376407,0,0,0.0
218824,0,0,0.0
227914,0,0,0.0
187704,1,0,0.0
179328,1,0,0.0
109698,0,1,1.0
294791,0,0,0.0
395480,0,0,0.0
380683,0,0,0.0
404486,1,1,1.0
112784,0,0,0.0
299862,0,0,0.0
306641,0,0,0.0
291211,0,0,0.0
244142,0,0,0.0
149505,0,0,0.0
324128,0,0,0.0
315160,0,0,0.0
326546,0,0,0.0
393668,0,0,0.0
382247,0,0,0.0
340227,0,0,0.0
365007,0,0,0.0
296191,0,0,0.0
357954,0,0,0.0
290165,0,0,0.0
224805,0,0,0.0
448032,0,0,0.0
167600,0,0,0.0
107105,0,0,0.0
161519,0,0,0.0
332316,0,0,0.0
367459,0,0,0.0
450624,0,0,0.0
453713,0,0,0.0
374219,0,0,0.0
191355,0,0,0.0
302940,0,0,0.0
196869,0,0,0.0
374168,0,0,0.0
306124,0,0,0.0
160019,0,1,1.0
416326,0,1,1.0
417066,0,1,1.0
139554,0,0,0.0
376878,0,0,0.0
433072,0,1,1.0
156022,0,0,0.0
214949,0,0,0.0
215023,0,0,0.0
374238,0,0,0.0
102253,0,0,0.0
266557,0,0,0.0
320818,0,0,0.0
222829,0,0,0.0
439193,0,0,0.0
129592,0,0,0.0
124642,0,1,1.0
331659,0,0,0.0
282577,0,1,1.0
407409,0,1,1.0
167067,0,0,0.0
267862,0,0,0.0
203200,0,0,0.0
294556,0,0,0.0
163284,0,0,0.0
341107,0,0,0.0
430855,1,1,1.0
110162,0,0,0.0
165656,0,0,0.0
409876,0,0,0.0
249472,0,0,0.0
195174,0,0,0.0
405200,0,1,1.0
278332,0,0,0.0
454972,0,0,0.0
390668,0,0,0.0
113164,0,1,1.0
277728,0,0,0.0
298502,0,0,0.0
414500,0,0,0.0
403166,0,1,1.0
400461,0,1,1.0
282811,0,0,0.0
313700,0,0,0.0
101539,0,0,0.0
332779,0,0,0.0
257853,0,0,0.0
399001,0,0,0.0
221678,1,0,0.0
385968,0,0,0.0
192928,0,0,0.0
108683,0,0,0.0
221621,0,0,0.0
128509,0,0,0.0
356259,0,0,0.0
393736,0,0,0.0
291603,0,0,0.0
280120,0,0,0.0
365622,0,0,0.0
449957,0,0,0.0
289127,0,0,0.0
224858,0,0,0.0
218000,0,0,0.0
425825,0,1,1.0
238667,0,0,0.0
450981,0,0,0.0
195246,0,0,0.0
142557,0,0,0.0
404924,0,0,0.0
313222,0,0,0.0
320986,0,0,0.0
222856,0,0,0.0
386603,0,0,0.0
206574,0,0,0.0
391307,0,0,0.0
175854,0,0,0.0
209815,0,1,1.0
155451,0,0,0.0
201611,0,0,0.0
320583,0,0,0.0
442377,0,0,0.0
373431,0,0,0.0
124486,0,0,0.0
276186,0,0,0.0
197747,0,0,0.0
180032,1,1,1.0
419736,0,0,0.0
134346,0,0,0.0
293120,0,0,0.0
240054,0,0,0.0
369576,0,0,0.0
157387,0,1,1.0
392505,1,0,0.0
441179,0,1,1.0
308154,0,0,0.0
181227,0,0,0.0
416775,0,0,0.0
355634,0,0,0.0
134615,0,0,0.0
325576,0,0,0.0
448222,0,0,0.0
353285,0,0,0.0
162993,0,0,0.0
350739,0,0,0.0
270802,0,0,0.0
350672,0,0,0.0
113078,0,0,0.0
175003,0,0,0.0
430215,0,0,0.0
162874,0,0,0.0
362104,0,0,0.0
331041,0,0,0.0
217930,0,0,0.0
300109,0,0,0.0
316939,0,0,0.0
399325,0,0,0.0
154527,1,0,0.0
212178,1,0,0.0
252702,0,0,0.0
158777,1,0,0.0
118646,0,0,0.0
338864,0,0,0.0
416180,0,0,0.0
325221,0,0,0.0
364873,0,0,0.0
398739,0,0,0.0
300931,0,0,0.0
367029,0,0,0.0
424070,0,1,1.0
226178,0,0,0.0
390018,0,0,0.0
205188,0,0,0.0
330620,0,0,0.0
409401,0,0,0.0
297901,0,0,0.0
419164,0,0,0.0
341639,0,0,0.0
422271,1,0,0.0
327508,0,0,0.0
240168,0,0,0.0
250400,0,0,0.0
278625,1,0,0.0
363908,0,0,0.0
436412,1,0,0.0
101577,0,0,0.0
343936,0,0,0.0
297667,1,0,0.0
161286,0,0,0.0
224640,0,0,0.0
321542,0,0,0.0
209822,0,0,0.0
310707,0,0,0.0
376286,0,0,0.0
154829,0,1,1.0
148975,0,0,0.0
259083,0,1,1.0
263177,0,0,0.0
364375,1,1,1.0
214147,1,0,0.0
234699,0,0,0.0
439801,0,0,0.0
277483,0,0,0.0
187166,0,0,0.0
286453,0,0,0.0
129645,1,0,0.0
127893,0,0,0.0
446011,0,0,0.0
341487,0,0,0.0
311080,0,0,0.0
308293,0,0,0.0
233733,0,0,0.0
158174,0,0,0.0
454890,0,0,0.0
246772,1,0,0.0
353795,0,0,0.0
121593,0,0,0.0
386369,0,0,0.0
427431,0,1,1.0
330969,0,0,0.0
180582,0,0,0.0
447914,1,1,1.0
276280,0,0,0.0
179547,0,0,0.0
299425,0,1,1.0
153555,1,0,0.0
137277,0,0,0.0
355003,0,0,0.0
159025,0,0,0.0
146919,0,0,0.0
171886,0,0,0.0
205809,0,0,0.0
414024,0,0,0.0
216512,0,0,0.0
201321,0,0,0.0
301762,0,0,0.0
288938,0,0,0.0
106757,0,0,0.0
386628,0,0,0.0
298144,0,0,0.0
313802,0,0,0.0
404710,0,0,0.0
298128,0,0,0.0
452490,1,0,0.0
319781,0,0,0.0
344759,1,0,0.0
152906,1,1,1.0
316663,0,0,0.0
376758,0,1,1.0
287514,0,0,0.0
400155,0,0,0.0
190442,0,0,0.0
145510,0,0,0.0
412636,0,0,0.0
420481,0,1,1.0
273408,1,1,1.0
210974,0,0,0.0
433097,0,0,0.0
115105,0,0,0.0
324316,0,0,0.0
305600,0,0,0.0
328645,0,0,0.0
253762,0,0,0.0
184665,0,0,0.0
401308,0,0,0.0
336221,0,0,0.0
295737,0,0,0.0
373133,0,0,0.0
317198,0,0,0.0
293923,0,0,0.0
203036,0,0,0.0
256736,1,1,1.0
156970,0,0,0.0
132609,0,0,0.0
276947,0,0,0.0
348191,0,0,0.0
314084,0,0,0.0
323094,0,0,0.0
259954,0,0,0.0
192195,1,1,1.0
277520,0,0,0.0
244515,0,0,0.0
274211,0,0,0.0
319006,0,0,0.0
169002,0,0,0.0
128573,0,0,0.0
403728,0,0,0.0
211524,0,0,0.0
361863,0,0,0.0
218014,0,0,0.0
216384,0,0,0.0
272585,0,1,1.0
206224,0,0,0.0
109653,0,0,0.0
442553,0,0,0.0
444063,0,0,0.0
353228,0,0,0.0
105396,0,0,0.0
401824,0,0,0.0
143713,0,0,0.0
298399,0,0,0.0
429868,0,1,1.0
326149,1,0,0.0
353698,0,0,0.0
171408,0,0,0.0
187633,0,0,0.0
331374,0,0,0.0
262646,0,0,0.0
251238,0,0,0.0
272424,1,0,0.0
409303,0,0,0.0
265764,0,0,0.0
396677,0,0,0.0
231680,0,0,0.0
181700,0,0,0.0
288219,1,0,0.0
443522,0,0,0.0
258099,0,0,0.0
287972,0,1,1.0
326138,0,0,0.0
237000,0,0,0.0
274593,0,0,0.0
359834,0,0,0.0
410941,0,0,0.0
324872,0,0,0.0
117513,0,0,0.0
199506,0,0,0.0
111885,0,0,0.0
363516,0,0,0.0
338047,0,0,0.0
441072,0,1,1.0
117421,0,0,0.0
221046,0,0,0.0
190923,0,0,0.0
423280,0,0,0.0
250976,0,0,0.0
431906,0,0,0.0
256729,0,0,0.0
349312,0,0,0.0
253727,0,0,0.0
424872,0,0,0.0
209463,0,0,0.0
217886,0,1,1.0
336504,0,0,0.0
184957,0,0,0.0
416007,0,0,0.0
242983,0,0,0.0
166859,0,0,0.0
162238,0,0,0.0
178662,1,0,0.0
392348,0,1,1.0
230755,0,0,0.0
145112,0,0,0.0
318162,0,0,0.0
178210,0,0,0.0
433887,0,0,0.0
356064,0,0,0.0
327855,0,0,0.0
183355,0,0,0.0
169358,0,0,0.0
366148,0,0,0.0
153221,0,0,0.0
328598,0,0,0.0
311758,0,0,0.0
130863,0,0,0.0
121406,0,0,0.0
351060,0,0,0.0
121835,0,1,1.0
321530,0,0,0.0
165658,0,0,0.0
183424,0,0,0.0
125830,0,0,0.0
338507,0,0,0.0
248121,1,0,0.0
337514,0,0,0.0
201259,0,0,0.0
416999,0,0,0.0
386967,0,0,0.0
395269,0,0,0.0
151482,0,0,0.0
232722,0,0,0.0
254802,0,0,0.0
425669,0,0,0.0
411443,0,0,0.0
368537,0,0,0.0
338568,0,0,0.0
331122,0,0,0.0
225216,0,0,0.0
253932,0,0,0.0
426876,0,0,0.0
215493,0,0,0.0
451862,0,0,0.0
448176,1,0,0.0
304261,0,0,0.0
355066,0,0,0.0
423944,0,1,1.0
328940,0,1,1.0
414458,0,0,0.0
188581,0,0,0.0
100417,0,0,0.0
274093,0,0,0.0
194325,1,0,0.0
162195,0,0,0.0
206644,1,0,0.0
251053,0,0,0.0
127832,0,1,1.0
107176,0,1,1.0
296473,0,0,0.0
409644,0,1,1.0
276784,1,0,0.0
299837,0,1,1.0
232635,0,0,0.0
369007,1,0,0.0
265038,1,0,0.0
240232,0,0,0.0
339583,0,0,0.0
173094,0,0,0.0
135655,1,0,0.0
332126,0,0,0.0
156374,0,0,0.0
342609,1,0,0.0
207877,0,1,1.0
378183,0,0,0.0
183004,1,0,0.0
323781,0,0,0.0
393044,1,0,0.0
378987,0,0,0.0
136894,0,0,0.0
363766,0,0,0.0
180606,0,0,0.0
451487,0,1,1.0
318546,0,0,0.0
303265,1,0,0.0
404085,0,0,0.0
286355,0,0,0.0
122886,1,0,0.0
298904,1,1,1.0
284791,0,0,0.0
394039,0,0,0.0
367692,0,1,1.0
123998,0,0,0.0
217244,0,0,0.0
352346,0,0,0.0
326947,0,0,0.0
207689,0,0,0.0
379232,0,0,0.0
134660,0,0,0.0
174688,0,0,0.0
102148,1,1,1.0
441898,0,0,0.0
381022,0,0,0.0
450010,1,1,1.0
212134,0,0,0.0
228690,1,0,0.0
116969,0,0,0.0
243504,0,0,0.0
359538,0,0,0.0
424993,0,0,0.0
225202,1,0,0.0
168205,0,0,0.0
441339,0,0,0.0
382059,1,0,0.0
116074,0,0,0.0
175571,0,0,0.0
311402,0,0,0.0
454974,0,0,0.0
380962,0,0,0.0
383165,0,0,0.0
377527,0,0,0.0
268263,0,0,0.0
294274,0,1,1.0
398382,0,0,0.0
257196,0,0,0.0
407544,0,0,0.0
446532,0,0,0.0
362797,0,1,1.0
176219,0,0,0.0
344932,0,0,0.0
185830,1,0,0.0
434530,0,0,0.0
149755,0,0,0.0
277166,0,0,0.0
197054,0,0,0.0
390098,0,0,0.0
122474,0,0,0.0
243363,0,1,1.0
429387,0,0,0.0
406853,0,0,0.0
399071,0,0,0.0
128723,0,0,0.0
269935,0,0,0.0
371256,0,0,0.0
205215,1,0,0.0
216045,0,0,0.0
392616,0,0,0.0
127497,0,0,0.0
342683,0,0,0.0
421953,0,0,0.0
217305,0,0,0.0
121421,0,0,0.0
448229,0,0,0.0
444263,0,0,0.0
236666,0,0,0.0
195274,0,0,0.0
190735,0,0,0.0
239660,0,0,0.0
384313,0,1,1.0
345638,0,0,0.0
111907,0,0,0.0
424931,0,0,0.0
203960,0,0,0.0
120633,0,0,0.0
159596,0,0,0.0
121239,0,0,0.0
321479,0,0,0.0
422311,0,0,0.0
327118,0,0,0.0
347503,0,0,0.0
175588,0,0,0.0
434945,0,0,0.0
375703,1,0,0.0
374586,0,0,0.0
120263,0,1,1.0
305538,0,0,0.0
227224,0,0,0.0
452453,0,0,0.0
165855,0,0,0.0
175412,1,0,0.0
173657,0,0,0.0
237065,0,0,0.0
196743,0,0,0.0
447699,0,0,0.0
429596,0,0,0.0
100501,0,0,0.0
241595,0,0,0.0
134351,1,0,0.0
437164,1,0,0.0
184215,0,0,0.0
289593,0,0,0.0
144886,0,0,0.0
273502,0,0,0.0
284460,0,0,0.0
251628,0,0,0.0
437437,0,0,0.0
199349,0,0,0.0
216815,0,0,0.0
428401,0,0,0.0
162041,0,0,0.0
366724,0,0,0.0
397165,0,0,0.0
304343,0,0,0.0
253083,0,1,1.0
376137,0,0,0.0
229785,0,0,0.0
276553,0,0,0.0
294974,0,0,0.0
292209,0,0,0.0
207674,0,0,0.0
175553,0,0,0.0
152981,0,0,0.0
434289,0,0,0.0
385466,0,0,0.0
402990,0,0,0.0
305575,0,0,0.0
114107,0,0,0.0
155823,0,0,0.0
261308,0,0,0.0
114617,1,0,0.0
117185,0,0,0.0
334142,0,0,0.0
352725,0,0,0.0
342868,0,0,0.0
128188,0,1,1.0
105707,0,0,0.0
395630,0,0,0.0
409992,0,0,0.0
371091,0,0,0.0
362851,0,0,0.0
352797,0,0,0.0
276986,0,0,0.0
221842,0,1,1.0
435706,0,0,0.0
233973,0,0,0.0
448996,0,0,0.0
271698,0,0,0.0
388760,0,0,0.0
133663,0,0,0.0
439976,0,0,0.0
187491,0,0,0.0
282513,0,0,0.0
447711,1,0,0.0
295852,0,0,0.0
265396,0,0,0.0
100514,0,0,0.0
405088,0,0,0.0
144959,0,0,0.0
234060,0,0,0.0
389930,0,0,0.0
290830,0,0,0.0
262872,0,0,0.0
176410,0,0,0.0
385673,0,0,0.0
354678,0,0,0.0
113412,0,0,0.0
128278,0,0,0.0
376769,0,0,0.0
117719,0,0,0.0
141575,0,0,0.0
284131,0,0,0.0
134455,1,0,0.0
422674,1,0,0.0
207289,0,0,0.0
127922,0,0,0.0
435072,0,0,0.0
402033,0,0,0.0
341169,0,0,0.0
365314,0,0,0.0
398501,0,0,0.0
386630,0,0,0.0
397919,0,0,0.0
205257,0,1,1.0
364847,0,0,0.0
268680,1,0,0.0
164334,0,0,0.0
127511,0,0,0.0
135796,0,0,0.0
188319,0,1,1.0
344649,1,0,0.0
348810,0,0,0.0
308798,0,0,0.0
359041,0,0,0.0
140549,0,0,0.0
108515,0,0,0.0
340446,0,0,0.0
141177,0,0,0.0
126906,0,0,0.0
313010,0,0,0.0
238775,0,0,0.0
297066,0,0,0.0
449106,0,0,0.0
132286,0,0,0.0
400807,0,0,0.0
405849,0,0,0.0
399226,0,0,0.0
208660,0,0,0.0
159010,0,0,0.0
157994,0,1,1.0
424287,0,0,0.0
360047,0,0,0.0
408637,0,0,0.0
173177,0,1,1.0
209475,0,0,0.0
429630,0,0,0.0
361296,0,0,0.0
129630,0,0,0.0
253430,0,0,0.0
146608,0,0,0.0
229445,0,0,0.0
135067,0,0,0.0
287955,0,0,0.0
280856,0,0,0.0
317112,0,0,0.0
166307,0,0,0.0
122773,0,0,0.0
351237,0,0,0.0
290990,0,0,0.0
407644,0,0,0.0
279328,0,0,0.0
351327,0,0,0.0
383225,0,0,0.0
414696,0,0,0.0
247432,0,0,0.0
108197,0,0,0.0
351012,0,0,0.0
287670,0,0,0.0
193550,0,0,0.0
322471,0,0,0.0
426981,0,1,1.0
160783,0,0,0.0
312561,0,0,0.0
317180,0,0,0.0
109965,0,0,0.0
108338,0,0,0.0
247477,0,0,0.0
172446,0,0,0.0
287168,0,0,0.0
124523,0,0,0.0
121495,0,0,0.0
416355,0,0,0.0
301751,0,0,0.0
145537,1,0,0.0
407578,0,0,0.0
274398,0,0,0.0
390855,0,0,0.0
407735,1,1,1.0
381241,0,0,0.0
229353,0,1,1.0
428680,1,0,0.0
253362,0,0,0.0
225080,0,0,0.0
417123,1,0,0.0
204249,0,0,0.0
189599,0,0,0.0
252545,0,0,0.0
456042,0,0,0.0
197624,0,0,0.0
405339,0,0,0.0
182250,0,0,0.0
215141,0,0,0.0
424479,0,0,0.0
163668,0,0,0.0
201476,1,0,0.0
400990,0,0,0.0
255225,0,0,0.0
149703,1,0,0.0
144433,0,0,0.0
299686,0,0,0.0
227925,0,0,0.0
120309,0,0,0.0
142306,0,0,0.0
199351,0,0,0.0
251223,0,0,0.0
253301,1,0,0.0
383399,0,0,0.0
421587,1,1,1.0
372232,0,0,0.0
439360,0,0,0.0
162690,0,0,0.0
214752,1,0,0.0
315862,0,0,0.0
132764,0,0,0.0
154882,0,0,0.0
163773,0,0,0.0
397964,0,0,0.0
295288,0,0,0.0
107720,0,0,0.0
122578,0,0,0.0
164460,0,1,1.0
139588,0,0,0.0
370007,0,0,0.0
288608,0,0,0.0
256521,0,0,0.0
132868,0,0,0.0
452115,0,1,1.0
329946,0,1,1.0
400407,0,1,1.0
119696,0,0,0.0
351562,0,0,0.0
110437,0,0,0.0
266817,0,0,0.0
240980,0,0,0.0
241399,1,0,0.0
333699,0,0,0.0
276396,0,1,1.0
453611,0,0,0.0
214432,0,0,0.0
120416,0,0,0.0
373878,0,0,0.0
314265,0,0,0.0
341936,0,0,0.0
233761,0,0,0.0
344152,0,0,0.0
110003,0,0,0.0
310417,0,0,0.0
278683,0,0,0.0
341291,0,0,0.0
360261,0,0,0.0
169953,0,0,0.0
278355,0,0,0.0
320999,0,0,0.0
121707,0,0,0.0
289393,0,0,0.0
386106,0,0,0.0
154321,0,0,0.0
159136,0,0,0.0
407618,0,0,0.0
380808,0,0,0.0
428849,0,1,1.0
441752,0,0,0.0
449843,0,0,0.0
191037,0,0,0.0
210070,0,0,0.0
155256,0,0,0.0
416447,0,0,0.0
413273,0,1,1.0
423012,0,1,1.0
116274,0,0,0.0
140625,0,0,0.0
125323,0,0,0.0
110800,0,0,0.0
329338,0,0,0.0
244289,0,0,0.0
454602,0,1,1.0
177305,0,0,0.0
208369,1,1,1.0
122899,0,0,0.0
366017,0,0,0.0
399243,1,0,0.0
402331,0,0,0.0
206453,0,0,0.0
403775,0,0,0.0
370544,0,0,0.0
364909,0,0,0.0
173954,1,1,1.0
126320,1,0,0.0
317207,1,0,0.0
277679,0,0,0.0
404318,0,0,0.0
440106,0,0,0.0
376405,0,0,0.0
407998,0,0,0.0
262012,0,0,0.0
148970,0,0,0.0
221598,0,0,0.0
325941,0,0,0.0
386028,0,1,1.0
133077,0,0,0.0
432540,0,0,0.0
189399,1,0,0.0
146588,0,0,0.0
253688,1,0,0.0
451427,0,0,0.0
214285,0,0,0.0
229186,0,0,0.0
204387,1,0,0.0
257153,0,0,0.0
248444,0,0,0.0
282322,0,0,0.0
200682,0,0,0.0
234226,0,0,0.0
369564,0,0,0.0
259371,0,0,0.0
182024,0,0,0.0
240075,0,0,0.0
450387,0,1,1.0
106756,0,0,0.0
191142,0,0,0.0
416622,1,0,0.0
215272,0,0,0.0
353942,1,0,0.0
124172,0,0,0.0
363959,0,0,0.0
153902,0,0,0.0
123070,0,0,0.0
388454,0,0,0.0
410132,0,0,0.0
169532,0,0,0.0
281279,0,0,0.0
225004,0,0,0.0
428704,0,0,0.0
333463,0,0,0.0
327443,0,0,0.0
277159,0,0,0.0
359877,0,0,0.0
427001,0,0,0.0
167013,0,0,0.0
243190,0,0,0.0
355885,0,0,0.0
174892,0,1,1.0
308771,1,0,0.0
144571,0,0,0.0
392787,0,0,0.0
304705,0,0,0.0
326197,0,0,0.0
444233,0,0,0.0
241726,0,0,0.0
422606,0,0,0.0
285068,0,0,0.0
410593,0,0,0.0
174974,0,0,0.0
319415,0,0,0.0
286776,0,0,0.0
331614,0,1,1.0
304148,0,0,0.0
225563,1,0,0.0
284266,0,0,0.0
183172,0,0,0.0
286314,0,0,0.0
392667,0,0,0.0
363050,0,0,0.0
108659,0,0,0.0
195986,1,0,0.0
402310,0,0,0.0
352201,0,1,1.0
227495,0,0,0.0
272678,0,0,0.0
374516,0,0,0.0
160946,0,0,0.0
138157,0,0,0.0
175663,0,0,0.0
247090,0,0,0.0
397808,0,0,0.0
351543,0,0,0.0
324505,1,1,1.0
363410,0,0,0.0
394139,0,0,0.0
160176,0,0,0.0
133105,0,0,0.0
168964,0,0,0.0
284887,0,0,0.0
445984,0,1,1.0
206271,0,0,0.0
103276,0,0,0.0
392499,1,0,0.0
190449,1,1,1.0
400103,0,1,1.0
452162,0,0,0.0
210342,1,0,0.0
169179,0,0,0.0
111623,0,0,0.0
160067,0,0,0.0
432480,1,0,0.0
226876,0,0,0.0
334057,0,0,0.0
319725,0,0,0.0
215502,0,0,0.0
372280,0,0,0.0
102618,0,0,0.0
170739,0,0,0.0
274654,0,0,0.0
248016,0,0,0.0
258071,0,0,0.0
415348,1,0,0.0
120943,0,0,0.0
249997,0,0,0.0
303230,0,0,0.0
411020,0,0,0.0
321357,0,0,0.0
272346,0,1,1.0
239187,1,0,0.0
153596,0,0,0.0
117243,0,0,0.0
250715,1,0,0.0
445512,0,0,0.0
284522,0,0,0.0
386715,0,0,0.0
384076,0,0,0.0
321162,0,0,0.0
392297,0,0,0.0
423475,0,0,0.0
271552,0,0,0.0
163701,0,0,0.0
394738,0,1,1.0
181595,0,0,0.0
165911,0,1,1.0
204879,0,0,0.0
204425,0,0,0.0
145160,0,0,0.0
202766,0,0,0.0
107261,0,0,0.0
131007,1,0,0.0
378752,0,0,0.0
295728,0,0,0.0
414108,0,0,0.0
392757,0,0,0.0
435107,0,1,1.0
144752,0,0,0.0
324067,0,0,0.0
117051,0,0,0.0
225238,0,0,0.0
288221,0,0,0.0
326703,0,0,0.0
328125,0,0,0.0
111223,0,1,1.0
309225,0,1,1.0
451847,0,0,0.0
372940,0,0,0.0
243869,0,0,0.0
237716,0,1,1.0
313633,0,0,0.0
255872,0,0,0.0
367521,0,0,0.0
349386,0,0,0.0
107070,0,0,0.0
226470,0,0,0.0
325370,0,0,0.0
408568,1,0,0.0
391658,0,0,0.0
427024,0,0,0.0
195799,0,0,0.0
383112,0,0,0.0
254498,0,0,0.0
230100,0,0,0.0
150733,0,0,0.0
117435,0,0,0.0
269850,0,0,0.0
391619,0,0,0.0
389902,0,0,0.0
255413,0,0,0.0
439200,0,0,0.0
104746,0,0,0.0
382277,1,0,0.0
310085,0,0,0.0
436391,0,0,0.0
293353,0,0,0.0
448314,0,0,0.0
295470,0,0,0.0
326129,0,0,0.0
275607,0,0,0.0
327373,0,0,0.0
265315,1,1,1.0
249162,0,0,0.0
151042,0,0,0.0
398881,0,1,1.0
361719,1,0,0.0
311699,0,1,1.0
420050,1,0,0.0
158724,0,1,1.0
350643,0,0,0.0
211267,0,0,0.0
273840,0,0,0.0
125875,0,0,0.0
191919,0,0,0.0
385172,0,0,0.0
181428,0,0,0.0
242420,0,0,0.0
358525,0,0,0.0
100071,0,1,1.0
451999,0,0,0.0
451904,0,0,0.0
162399,0,0,0.0
203737,1,0,0.0
419678,0,0,0.0
321991,0,0,0.0
399168,0,0,0.0
270031,0,0,0.0
285492,0,0,0.0
454127,0,0,0.0
316654,0,0,0.0
267637,0,0,0.0
256077,0,0,0.0
215410,0,0,0.0
366216,0,0,0.0
364479,0,0,0.0
163469,0,0,0.0
336389,0,0,0.0
426123,0,0,0.0
165703,1,0,0.0
146945,0,0,0.0
329280,1,0,0.0
391425,0,0,0.0
165898,0,0,0.0
227488,0,1,1.0
194551,0,1,1.0
241543,0,0,0.0
265303,0,0,0.0
132525,0,0,0.0
208175,0,1,1.0
356757,0,0,0.0
411365,0,0,0.0
384436,0,0,0.0
265506,0,0,0.0
262593,0,0,0.0
407960,0,0,0.0
349401,1,0,0.0
117946,0,1,1.0
190098,0,0,0.0
272023,0,0,0.0
292168,0,0,0.0
258181,0,0,0.0
197182,0,0,0.0
124832,0,0,0.0
158376,0,0,0.0
296282,0,0,0.0
264697,0,0,0.0
139602,0,0,0.0
359830,0,0,0.0
186115,0,0,0.0
238709,0,0,0.0
454552,0,0,0.0
260587,0,0,0.0
239202,0,0,0.0
292617,1,0,0.0
225595,0,0,0.0
127364,0,0,0.0
321468,0,0,0.0
450945,0,0,0.0
401723,0,0,0.0
430256,0,0,0.0
329873,0,0,0.0
129941,0,0,0.0
439037,0,0,0.0
105598,0,0,0.0
238273,0,0,0.0
285575,0,0,0.0
197985,0,0,0.0
272290,0,0,0.0
390117,0,1,1.0
189850,0,0,0.0
252108,0,0,0.0
337487,1,0,0.0
387222,0,0,0.0
363606,0,0,0.0
402480,0,0,0.0
432801,0,0,0.0
246274,0,0,0.0
292538,0,0,0.0
358576,0,0,0.0
318363,1,0,0.0
217737,0,0,0.0
232262,0,0,0.0
235706,0,0,0.0
286904,0,1,1.0
108215,0,0,0.0
139448,0,0,0.0
115612,0,0,0.0
329823,0,0,0.0
288765,0,0,0.0
309500,0,0,0.0
321191,0,0,0.0
343887,0,0,0.0
162242,0,0,0.0
121213,1,0,0.0
159643,0,0,0.0
323726,0,0,0.0
310136,0,0,0.0
121638,0,0,0.0
116921,0,0,0.0
362246,0,0,0.0
377432,0,0,0.0
212039,1,0,0.0
129932,0,0,0.0
428596,0,0,0.0
395999,0,0,0.0
117730,0,0,0.0
412347,0,0,0.0
190770,0,0,0.0
140256,0,0,0.0
347699,0,0,0.0
146289,0,0,0.0
306586,0,0,0.0
203847,0,0,0.0
435845,0,0,0.0
298357,0,0,0.0
267634,0,0,0.0
234795,0,0,0.0
213686,0,0,0.0
330241,0,0,0.0
170150,0,1,1.0
379812,0,0,0.0
418472,0,0,0.0
167533,0,0,0.0
136977,0,0,0.0
380187,0,0,0.0
268821,0,0,0.0
143286,0,0,0.0
419700,0,0,0.0
183906,0,0,0.0
344322,0,0,0.0
291941,0,0,0.0
199295,0,0,0.0
347290,1,0,0.0
147721,0,0,0.0
283404,0,0,0.0
398309,0,0,0.0
393730,1,0,0.0
330208,0,0,0.0
335213,0,1,1.0
324164,0,0,0.0
335826,0,1,1.0
284168,0,0,0.0
246990,0,0,0.0
327590,0,0,0.0
371473,0,0,0.0
247007,0,0,0.0
451204,0,0,0.0
145029,0,0,0.0
351453,0,0,0.0
316971,0,0,0.0
193951,1,0,0.0
292469,0,0,0.0
102424,0,0,0.0
318772,0,1,1.0
271915,0,0,0.0
299255,0,0,0.0
189066,0,0,0.0
233044,0,0,0.0
261811,0,0,0.0
118135,0,0,0.0
113086,0,0,0.0
310920,0,0,0.0
200412,0,0,0.0
190639,1,0,0.0
327367,0,0,0.0
253938,0,0,0.0
143474,0,0,0.0
251619,0,0,0.0
187678,0,0,0.0
248128,0,0,0.0
278271,0,0,0.0
347481,0,0,0.0
426892,0,0,0.0
221798,0,1,1.0
451000,0,0,0.0
333117,0,0,0.0
372649,0,0,0.0
444819,0,0,0.0
426146,0,0,0.0
223910,0,1,1.0
173182,0,0,0.0
168283,0,1,1.0
380964,0,0,0.0
252310,0,0,0.0
404632,0,0,0.0
442083,0,0,0.0
102964,0,0,0.0
255634,0,0,0.0
240362,0,0,0.0
337835,0,0,0.0
289001,0,0,0.0
252396,1,1,1.0
416497,0,0,0.0
179561,0,0,0.0
290599,0,0,0.0
374550,0,0,0.0
156596,0,0,0.0
102116,0,0,0.0
234624,1,0,0.0
444806,0,0,0.0
336861,0,0,0.0
211652,0,0,0.0
335123,0,0,0.0
383602,0,0,0.0
445290,0,0,0.0
289690,0,0,0.0
277791,1,0,0.0
319277,0,0,0.0
345336,0,0,0.0
296414,0,0,0.0
439079,0,0,0.0
391643,0,0,0.0
279755,0,0,0.0
433420,0,0,0.0
136210,0,1,1.0
258027,0,0,0.0
291336,0,0,0.0
154157,0,0,0.0
297335,0,0,0.0
330633,0,0,0.0
258087,0,0,0.0
292775,0,0,0.0
326423,0,0,0.0
120410,0,0,0.0
121027,0,0,0.0
155880,0,0,0.0
410561,0,0,0.0
263676,0,1,1.0
132390,0,0,0.0
401641,0,0,0.0
129012,0,0,0.0
170905,0,0,0.0
212519,0,0,0.0
276420,0,0,0.0
410504,0,0,0.0
393492,0,0,0.0
135525,1,0,0.0
251428,0,0,0.0
430021,0,0,0.0
124147,0,0,0.0
108973,0,0,0.0
124019,1,0,0.0
324892,0,0,0.0
440201,0,0,0.0
428052,0,0,0.0
359808,0,0,0.0
350226,0,0,0.0
415561,0,0,0.0
181247,0,0,0.0
238186,0,0,0.0
388473,0,0,0.0
158056,1,0,0.0
386970,0,0,0.0
146892,0,0,0.0
173018,1,0,0.0
377809,0,1,1.0
392954,0,0,0.0
312455,0,1,1.0
335322,0,0,0.0
177433,0,0,0.0
362040,0,0,0.0
204784,1,0,0.0
297298,0,0,0.0
321348,0,0,0.0
299094,0,0,0.0
277969,0,0,0.0
299322,0,0,0.0
316667,0,0,0.0
135641,0,0,0.0
207097,0,0,0.0
170176,0,0,0.0
421505,0,0,0.0
443861,0,0,0.0
162587,0,0,0.0
318891,0,0,0.0
255689,0,0,0.0
103954,0,0,0.0
389135,0,0,0.0
178101,0,0,0.0
275858,0,1,1.0
297099,0,0,0.0
294903,0,0,0.0
192764,0,0,0.0
456045,0,1,1.0
321572,0,0,0.0
390030,0,0,0.0
329963,0,0,0.0
162020,0,0,0.0
416695,0,0,0.0
122791,0,0,0.0
420514,0,0,0.0
330946,0,0,0.0
421780,0,0,0.0
242443,0,0,0.0
274414,0,0,0.0
315049,0,0,0.0
237232,0,0,0.0
247146,0,0,0.0
122479,0,1,1.0
375987,0,0,0.0
140616,0,0,0.0
103684,0,0,0.0
237981,0,0,0.0
199113,0,0,0.0
225692,0,0,0.0
449472,0,0,0.0
322291,0,0,0.0
430526,0,0,0.0
360250,0,0,0.0
231646,0,0,0.0
240477,0,0,0.0
364557,0,0,0.0
355428,1,0,0.0
313870,0,0,0.0
313548,0,0,0.0
166032,0,0,0.0
327144,0,0,0.0
275398,0,0,0.0
138524,0,0,0.0
219423,0,1,1.0
260943,1,1,1.0
326515,0,0,0.0
193608,0,0,0.0
309769,0,1,1.0
439972,0,0,0.0
331870,0,0,0.0
105949,0,0,0.0
110655,0,0,0.0
313307,0,1,1.0
293670,0,0,0.0
444741,0,0,0.0
388646,0,0,0.0
437254,0,0,0.0
325831,0,0,0.0
395057,0,0,0.0
383005,0,0,0.0
241940,0,0,0.0
227883,0,0,0.0
130107,0,0,0.0
407074,0,0,0.0
245514,0,1,1.0
114712,0,0,0.0
214580,0,0,0.0
151985,0,0,0.0
356044,0,0,0.0
159857,0,1,1.0
449460,0,0,0.0
320074,0,0,0.0
274662,0,0,0.0
266430,0,0,0.0
129438,0,0,0.0
382384,0,0,0.0
347252,0,0,0.0
226201,0,0,0.0
245358,0,0,0.0
217094,0,0,0.0
125863,0,0,0.0
406759,0,0,0.0
232703,0,0,0.0
306269,1,0,0.0
168345,0,0,0.0
160866,0,0,0.0
330011,0,0,0.0
115278,0,0,0.0
391606,1,0,0.0
318101,0,0,0.0
356242,0,0,0.0
437824,0,0,0.0
369781,0,0,0.0
145790,0,0,0.0
148282,0,0,0.0
215285,0,0,0.0
383393,0,0,0.0
423499,0,0,0.0
281084,1,1,1.0
248790,0,0,0.0
331223,0,0,0.0
343466,0,0,0.0
322273,0,0,0.0
170019,0,0,0.0
234772,0,1,1.0
395247,0,0,0.0
189979,0,0,0.0
397479,0,0,0.0
193093,0,0,0.0
136393,0,0,0.0
247511,0,0,0.0
442561,0,0,0.0
378666,0,0,0.0
108545,0,0,0.0
299610,1,1,1.0
217866,0,0,0.0
160623,0,0,0.0
274661,0,0,0.0
385214,0,1,1.0
455462,0,0,0.0
238187,0,0,0.0
358858,0,0,0.0
422678,0,0,0.0
453490,0,0,0.0
118041,1,0,0.0
103759,1,0,0.0
198893,0,0,0.0
326022,0,0,0.0
296250,0,0,0.0
433095,1,0,0.0
265390,0,0,0.0
131207,0,0,0.0
373858,0,0,0.0
331478,0,0,0.0
372307,0,1,1.0
306446,0,0,0.0
105053,0,0,0.0
455706,0,0,0.0
332246,0,0,0.0
404647,0,0,0.0
234114,0,0,0.0
218896,0,0,0.0
118737,0,1,1.0
417977,0,0,0.0
277311,0,0,0.0
257248,0,0,0.0
433023,0,1,1.0
264263,0,1,1.0
248525,0,0,0.0
200025,0,0,0.0
356054,1,0,0.0
122152,0,0,0.0
306881,1,0,0.0
125809,0,0,0.0
370458,0,1,1.0
256030,0,0,0.0
343311,0,0,0.0
302078,0,0,0.0
373863,0,1,1.0
192170,0,0,0.0
126106,0,0,0.0
204751,0,0,0.0
204412,0,0,0.0
411178,0,0,0.0
191154,0,0,0.0
359598,0,0,0.0
412723,0,0,0.0
316732,0,0,0.0
442893,0,0,0.0
204291,0,0,0.0
414223,0,0,0.0
432803,0,0,0.0
265868,1,0,0.0
105000,0,0,0.0
394618,0,0,0.0
443871,0,0,0.0
142122,1,0,0.0
378812,0,0,0.0
292243,0,0,0.0
383034,0,0,0.0
168522,0,0,0.0
196894,0,0,0.0
261868,0,0,0.0
144954,0,0,0.0
319215,0,0,0.0
172642,0,0,0.0
140554,0,0,0.0
218660,0,0,0.0
204428,0,0,0.0
163836,0,0,0.0
340022,0,0,0.0
365063,0,0,0.0
164803,0,0,0.0
166900,0,0,0.0
374138,0,0,0.0
325296,0,0,0.0
178263,0,1,1.0
402518,1,0,0.0
315724,0,0,0.0
263327,1,0,0.0
320842,0,0,0.0
294390,0,0,0.0
282762,0,0,0.0
375403,0,0,0.0
218267,0,0,0.0
303635,0,0,0.0
425176,0,0,0.0
133160,0,0,0.0
354165,0,0,0.0
153567,0,1,1.0
259863,0,1,1.0
419563,0,0,0.0
236559,0,0,0.0
262957,0,0,0.0
389609,0,0,0.0
163165,0,0,0.0
285921,0,0,0.0
186500,0,0,0.0
322517,0,0,0.0
387475,0,0,0.0
373193,0,0,0.0
403066,0,0,0.0
130596,0,1,1.0
348722,0,0,0.0
453256,0,0,0.0
279663,0,0,0.0
367110,1,1,1.0
185648,0,0,0.0
337214,1,0,0.0
359484,0,0,0.0
418017,0,1,1.0
277378,0,0,0.0
115153,0,0,0.0
215757,0,0,0.0
244878,0,0,0.0
133386,0,1,1.0
454483,0,0,0.0
329419,0,0,0.0
220280,0,0,0.0
212937,0,0,0.0
410771,0,0,0.0
436553,0,0,0.0
357066,0,0,0.0
407383,0,0,0.0
206725,0,0,0.0
246874,0,1,1.0
421470,0,0,0.0
241283,0,0,0.0
125065,0,0,0.0
408786,0,0,0.0
285894,0,0,0.0
443416,0,0,0.0
160578,0,0,0.0
308029,0,0,0.0
294400,0,0,0.0
292312,0,0,0.0
358032,0,1,1.0
395279,0,0,0.0
333320,0,1,1.0
113608,0,0,0.0
139879,0,0,0.0
367475,0,0,0.0
313430,0,0,0.0
397421,0,0,0.0
295031,0,0,0.0
256839,0,0,0.0
105677,0,0,0.0
333383,0,0,0.0
430952,0,0,0.0
346159,0,0,0.0
109997,0,0,0.0
311470,1,0,0.0
259640,0,0,0.0
350756,0,0,0.0
154136,0,0,0.0
323201,0,0,0.0
115738,0,0,0.0
365376,0,0,0.0
242146,0,0,0.0
102423,0,0,0.0
199437,0,0,0.0
252044,0,0,0.0
296312,0,0,0.0
208745,0,0,0.0
264434,0,0,0.0
106315,0,0,0.0
380924,0,0,0.0
383081,0,0,0.0
360033,0,0,0.0
278362,0,0,0.0
282067,0,0,0.0
449687,0,0,0.0
276580,0,0,0.0
394867,0,0,0.0
329523,0,1,1.0
429751,0,0,0.0
150005,0,0,0.0
207596,0,0,0.0
443483,0,0,0.0
111381,0,0,0.0
446576,0,0,0.0
115724,0,0,0.0
312650,0,0,0.0
363738,1,0,0.0
157730,0,0,0.0
246887,0,0,0.0
419536,0,0,0.0
412140,0,0,0.0
176993,0,0,0.0
156417,0,0,0.0
421666,0,0,0.0
346918,0,0,0.0
445762,0,0,0.0
107220,1,0,0.0
202776,0,0,0.0
131122,0,1,1.0
122034,0,0,0.0
414490,0,0,0.0
251840,0,0,0.0
122992,0,0,0.0
254128,0,0,0.0
285447,0,1,1.0
266110,0,0,0.0
342620,0,0,0.0
370274,0,0,0.0
227202,0,0,0.0
116509,1,1,1.0
101934,0,0,0.0
121168,0,0,0.0
112640,0,0,0.0
398393,0,0,0.0
368008,0,0,0.0
125402,0,0,0.0
122634,0,0,0.0
397070,0,0,0.0
144925,0,0,0.0
188961,0,0,0.0
371076,0,0,0.0
142767,0,0,0.0
100664,0,0,0.0
217216,1,0,0.0
199745,0,0,0.0
380080,0,0,0.0
429995,0,1,1.0
443073,0,1,1.0
421032,0,0,0.0
440567,0,0,0.0
358972,0,0,0.0
376964,0,0,0.0
332948,0,0,0.0
414682,0,0,0.0
395631,0,0,0.0
382094,0,0,0.0
394693,0,0,0.0
147729,0,0,0.0
370285,1,0,0.0
344071,0,0,0.0
136931,0,0,0.0
275035,0,0,0.0
266489,0,0,0.0
239752,0,0,0.0
283413,0,0,0.0
407240,0,0,0.0
289616,0,0,0.0
138972,1,0,0.0
100674,0,0,0.0
158520,0,1,1.0
116751,1,0,0.0
105353,0,0,0.0
418594,0,0,0.0
380363,0,0,0.0
399361,0,0,0.0
446988,0,0,0.0
357709,0,0,0.0
382328,0,0,0.0
116170,0,0,0.0
104932,0,0,0.0
437576,0,1,1.0
322130,0,0,0.0
451016,0,0,0.0
114349,0,1,1.0
101691,0,0,0.0
438094,0,0,0.0
245387,0,0,0.0
396894,0,0,0.0
199791,0,0,0.0
440529,0,1,1.0
296654,0,0,0.0
191428,0,1,1.0
443179,0,0,0.0
181135,0,0,0.0
188368,0,0,0.0
152676,0,0,0.0
113752,0,0,0.0
135455,0,0,0.0
164184,0,0,0.0
419585,0,0,0.0
164616,0,0,0.0
115977,0,0,0.0
154301,0,0,0.0
441760,0,0,0.0
340843,0,0,0.0
387240,0,0,0.0
181324,0,0,0.0
162483,0,0,0.0
356797,0,0,0.0
256421,0,0,0.0
279901,0,0,0.0
375663,0,0,0.0
247181,0,1,1.0
378625,0,0,0.0
298346,0,0,0.0
364838,0,0,0.0
261177,0,0,0.0
258983,1,0,0.0
149334,0,0,0.0
261720,0,0,0.0
269316,0,0,0.0
444425,0,0,0.0
190490,0,0,0.0
420580,0,0,0.0
443072,0,0,0.0
295974,0,0,0.0
352894,0,0,0.0
421440,0,0,0.0
275477,0,0,0.0
239030,0,0,0.0
127446,0,0,0.0
200892,0,0,0.0
161904,0,0,0.0
426353,0,0,0.0
196342,0,1,1.0
225289,0,0,0.0
341301,0,0,0.0
334991,0,0,0.0
243825,0,0,0.0
311328,0,0,0.0
339035,0,0,0.0
336297,0,0,0.0
410377,0,0,0.0
282510,0,0,0.0
225549,0,0,0.0
237696,0,0,0.0
163114,0,0,0.0
347935,0,0,0.0
358148,0,0,0.0
265376,0,0,0.0
439165,0,0,0.0
286825,0,0,0.0
359380,0,0,0.0
329294,0,0,0.0
137004,0,1,1.0
215056,0,0,0.0
434964,0,0,0.0
375097,0,0,0.0
150040,0,0,0.0
357788,0,0,0.0
222878,0,0,0.0
390902,0,0,0.0
376965,0,1,1.0
410890,1,0,0.0
451085,0,0,0.0
353531,0,0,0.0
394970,0,0,0.0
165980,0,0,0.0
396902,0,0,0.0
160281,0,0,0.0
113136,1,0,0.0
102858,0,0,0.0
146922,0,0,0.0
306135,0,1,1.0
454681,0,0,0.0
408417,0,0,0.0
410875,0,0,0.0
159264,0,0,0.0
146473,0,0,0.0
433257,0,0,0.0
134172,0,0,0.0
279171,0,0,0.0
260961,0,0,0.0
222814,0,0,0.0
118249,0,0,0.0
297237,0,0,0.0
166256,0,0,0.0
198758,0,0,0.0
357852,0,0,0.0
253595,0,0,0.0
266372,0,0,0.0
308805,1,0,0.0
260258,0,0,0.0
118998,0,0,0.0
325842,1,0,0.0
421803,0,0,0.0
301581,0,0,0.0
453508,0,0,0.0
400053,0,0,0.0
175839,0,0,0.0
114175,0,0,0.0
429828,0,0,0.0
108666,0,0,0.0
107935,0,0,0.0
222990,0,1,1.0
178707,0,0,0.0
453433,0,0,0.0
444119,0,0,0.0
150966,0,0,0.0
398036,0,1,1.0
315369,0,0,0.0
334790,0,0,0.0
194084,0,0,0.0
388805,0,0,0.0
145385,0,0,0.0
452171,0,0,0.0
134940,0,0,0.0
352935,0,0,0.0
247161,0,0,0.0
453060,0,0,0.0
393828,0,0,0.0
114555,0,0,0.0
177531,0,0,0.0
381651,0,0,0.0
271594,0,0,0.0
441976,0,0,0.0
448768,0,0,0.0
224985,0,0,0.0
209467,0,0,0.0
385329,0,0,0.0
283779,0,0,0.0
101030,0,0,0.0
333910,0,1,1.0
381930,0,0,0.0
381123,0,0,0.0
282638,0,0,0.0
405809,0,0,0.0
358827,1,0,0.0
427439,0,0,0.0
223669,0,1,1.0
342619,0,0,0.0
159623,0,0,0.0
235838,0,1,1.0
136746,0,0,0.0
311322,0,0,0.0
295123,0,0,0.0
197706,0,0,0.0
432158,0,0,0.0
158139,0,0,0.0
106139,0,1,1.0
326691,0,0,0.0
151629,0,0,0.0
333196,0,0,0.0
156350,0,0,0.0
300359,0,0,0.0
260375,0,0,0.0
375602,0,0,0.0
231564,0,0,0.0
161566,0,0,0.0
158821,1,0,0.0
162079,0,0,0.0
175248,0,0,0.0
201818,0,0,0.0
302517,0,0,0.0
199391,0,0,0.0
315267,0,0,0.0
381617,0,0,0.0
320642,0,0,0.0
190316,0,0,0.0
344637,0,0,0.0
143718,0,0,0.0
196379,0,0,0.0
124184,0,0,0.0
103014,0,0,0.0
417193,0,0,0.0
178539,0,0,0.0
392623,0,0,0.0
447009,0,0,0.0
301077,0,0,0.0
404294,0,0,0.0
105650,0,0,0.0
380092,0,0,0.0
127352,0,0,0.0
119060,0,0,0.0
144900,0,0,0.0
349836,0,0,0.0
420375,0,0,0.0
443914,0,0,0.0
251031,0,0,0.0
390050,0,0,0.0
166539,1,0,0.0
310932,0,0,0.0
103504,0,0,0.0
153242,0,0,0.0
353066,0,0,0.0
366843,0,0,0.0
199140,0,0,0.0
362515,0,0,0.0
425034,0,0,0.0
303286,0,0,0.0
253904,0,0,0.0
172946,0,0,0.0
177713,0,0,0.0
287671,0,0,0.0
380082,0,0,0.0
424445,0,0,0.0
369815,0,1,1.0
356908,0,0,0.0
225797,0,0,0.0
240675,0,0,0.0
332913,0,0,0.0
211050,0,0,0.0
321216,0,0,0.0
237455,0,0,0.0
100885,0,0,0.0
325705,0,0,0.0
442131,0,0,0.0
303316,0,0,0.0
282180,0,0,0.0
231488,0,0,0.0
310870,0,0,0.0
274045,0,0,0.0
449154,0,0,0.0
179168,0,1,1.0
204812,0,0,0.0
222530,0,0,0.0
383432,0,0,0.0
304163,0,0,0.0
257115,0,0,0.0
429480,1,0,0.0
233493,0,0,0.0
286693,0,0,0.0
245212,0,0,0.0
326148,0,1,1.0
358543,0,0,0.0
226679,0,1,1.0
444992,0,0,0.0
150506,0,0,0.0
363769,0,0,0.0
386417,0,0,0.0
179713,0,1,1.0
371104,0,0,0.0
311978,0,0,0.0
301871,0,0,0.0
116888,0,0,0.0
327671,0,0,0.0
343875,0,0,0.0
101357,0,1,1.0
451411,0,0,0.0
280749,0,1,1.0
120358,1,0,0.0
257781,0,0,0.0
448404,0,0,0.0
208081,0,0,0.0
454754,0,0,0.0
196614,0,0,0.0
280311,0,0,0.0
370529,0,0,0.0
243655,0,0,0.0
384348,0,1,1.0
311972,0,0,0.0
191396,0,0,0.0
182494,0,0,0.0
349178,0,0,0.0
172237,0,0,0.0
442849,0,0,0.0
116127,0,0,0.0
310348,1,1,1.0
451466,0,0,0.0
218355,0,0,0.0
380204,0,0,0.0
398653,0,0,0.0
331784,0,0,0.0
120763,0,0,0.0
421564,0,0,0.0
218718,0,0,0.0
448533,0,1,1.0
312516,1,0,0.0
426916,0,0,0.0
238131,0,0,0.0
195043,0,0,0.0
336167,0,0,0.0
171293,0,0,0.0
384789,0,0,0.0
294659,1,1,1.0
141407,0,0,0.0
453941,0,0,0.0
382470,0,0,0.0
413472,0,0,0.0
176507,0,0,0.0
180210,0,1,1.0
441793,0,1,1.0
263638,0,0,0.0
172223,0,0,0.0
131862,0,0,0.0
125156,0,0,0.0
167534,0,0,0.0
304978,0,0,0.0
240800,0,0,0.0
124861,0,0,0.0
187118,0,0,0.0
134271,0,0,0.0
231186,0,0,0.0
302124,0,0,0.0
115154,0,0,0.0
112530,0,0,0.0
263371,0,0,0.0
372743,1,0,0.0
214975,0,0,0.0
124958,0,0,0.0
179670,0,0,0.0
132623,0,0,0.0
135179,0,0,0.0
213718,0,0,0.0
259260,0,0,0.0
130748,0,0,0.0
356095,0,0,0.0
344375,0,0,0.0
188306,0,0,0.0
108974,0,0,0.0
194758,0,1,1.0
331884,0,0,0.0
182572,0,0,0.0
287900,1,0,0.0
398121,0,0,0.0
287829,0,1,1.0
168632,0,0,0.0
431489,0,0,0.0
450645,1,0,0.0
285258,0,0,0.0
381485,0,0,0.0
339939,0,0,0.0
368531,0,0,0.0
207644,0,0,0.0
300405,0,1,1.0
351539,0,0,0.0
259463,0,0,0.0
139207,0,0,0.0
440502,0,1,1.0
400031,0,0,0.0
364676,0,0,0.0
339701,0,0,0.0
257078,0,0,0.0
378657,0,0,0.0
290618,0,0,0.0
154574,0,0,0.0
154635,1,1,1.0
327022,0,0,0.0
205801,0,0,0.0
452838,0,0,0.0
218022,0,0,0.0
333520,0,0,0.0
285903,1,0,0.0
393786,0,0,0.0
191326,0,0,0.0
396998,0,0,0.0
328977,0,0,0.0
364462,0,0,0.0
271965,1,1,1.0
309998,0,0,0.0
352369,0,0,0.0
442926,0,0,0.0
143515,0,0,0.0
257896,0,0,0.0
106137,0,0,0.0
367885,0,0,0.0
125923,0,0,0.0
219214,0,0,0.0
229817,0,1,1.0
354023,0,0,0.0
328905,0,0,0.0
253269,0,0,0.0
453714,0,0,0.0
400218,0,0,0.0
328950,0,0,0.0
337776,0,0,0.0
142405,0,0,0.0
402878,0,0,0.0
298849,0,0,0.0
201609,1,0,0.0
166886,0,0,0.0
103571,0,0,0.0
407349,0,0,0.0
448571,0,0,0.0
162049,0,0,0.0
360039,0,0,0.0
277102,0,0,0.0
254894,0,0,0.0
148267,0,0,0.0
444785,0,0,0.0
125469,0,0,0.0
119099,0,0,0.0
336032,0,0,0.0
277996,1,0,0.0
137249,0,0,0.0
445235,0,0,0.0
184299,0,0,0.0
126543,0,0,0.0
335568,0,0,0.0
437259,0,0,0.0
245532,0,0,0.0
268376,1,1,1.0
220667,0,0,0.0
158780,0,0,0.0
134196,0,0,0.0
268553,0,0,0.0
396962,1,0,0.0
128068,0,0,0.0
240711,0,0,0.0
352510,0,0,0.0
412763,0,0,0.0
328226,1,1,1.0
162134,0,0,0.0
271076,0,0,0.0
236596,1,0,0.0
200769,0,0,0.0
297296,1,0,0.0
138096,0,0,0.0
122249,0,0,0.0
346733,0,0,0.0
369715,0,0,0.0
375866,0,0,0.0
306452,0,1,1.0
101963,0,0,0.0
313452,1,0,0.0
285013,0,0,0.0
192211,0,0,0.0
394885,0,0,0.0
419119,0,0,0.0
433654,0,0,0.0
395317,0,0,0.0
370923,1,0,0.0
118267,0,0,0.0
197987,0,0,0.0
181020,0,0,0.0
108765,0,1,1.0
425608,0,0,0.0
176061,0,0,0.0
416740,0,0,0.0
406031,0,0,0.0
330632,0,0,0.0
435532,0,0,0.0
436503,0,0,0.0
101322,0,0,0.0
317602,0,0,0.0
272794,0,0,0.0
300647,0,0,0.0
133037,0,0,0.0
242892,0,0,0.0
171630,0,0,0.0
336877,0,0,0.0
361865,0,0,0.0
427921,0,0,0.0
450226,0,1,1.0
203787,0,0,0.0
212607,0,0,0.0
229949,0,0,0.0
164212,0,0,0.0
337103,0,0,0.0
263109,0,1,1.0
116202,0,0,0.0
276031,0,0,0.0
184583,0,0,0.0
174236,0,0,0.0
358042,0,0,0.0
419478,0,1,1.0
347552,0,0,0.0
239142,0,0,0.0
252972,0,0,0.0
331820,0,0,0.0
252438,0,0,0.0
175471,0,0,0.0
265477,0,0,0.0
190182,0,0,0.0
279849,0,0,0.0
381538,0,1,1.0
138596,0,0,0.0
431601,1,0,0.0
205460,0,0,0.0
410004,0,0,0.0
125132,0,0,0.0
130518,0,0,0.0
104837,0,0,0.0
185642,0,0,0.0
376737,0,0,0.0
115064,0,0,0.0
340150,0,0,0.0
339776,0,0,0.0
276415,0,0,0.0
309871,0,0,0.0
166757,0,0,0.0
413227,0,0,0.0
177499,0,1,1.0
223822,0,0,0.0
288070,0,0,0.0
155595,0,0,0.0
419856,1,0,0.0
182293,0,0,0.0
379574,0,1,1.0
360712,0,0,0.0
326617,0,0,0.0
420500,0,0,0.0
110844,0,0,0.0
349691,0,0,0.0
204782,0,0,0.0
314525,0,0,0.0
185792,0,1,1.0
360573,0,0,0.0
334872,0,0,0.0
219255,1,0,0.0
336575,0,1,1.0
165173,0,0,0.0
352643,0,0,0.0
154148,0,0,0.0
366088,0,0,0.0
114319,0,0,0.0
292416,0,0,0.0
115541,0,0,0.0
197870,0,0,0.0
311095,0,0,0.0
216361,0,0,0.0
430191,0,0,0.0
382607,0,0,0.0
351212,0,0,0.0
140803,0,0,0.0
102223,0,0,0.0
157458,0,0,0.0
306761,1,0,0.0
394440,0,0,0.0
293014,0,0,0.0
352908,0,0,0.0
173328,0,0,0.0
285624,0,0,0.0
227179,0,1,1.0
288231,0,0,0.0
420118,0,0,0.0
234894,0,0,0.0
374464,0,0,0.0
141529,0,0,0.0
199045,0,0,0.0
401473,0,0,0.0
170457,0,0,0.0
234751,0,0,0.0
249717,0,0,0.0
402507,0,0,0.0
188053,0,0,0.0
121420,0,0,0.0
365501,0,0,0.0
325541,0,0,0.0
233811,0,0,0.0
362435,0,0,0.0
444507,0,1,1.0
143639,0,0,0.0
388166,0,0,0.0
172985,0,0,0.0
402985,0,0,0.0
255920,0,0,0.0
294942,0,0,0.0
186900,0,0,0.0
363274,0,0,0.0
132656,0,0,0.0
400203,0,0,0.0
194993,0,0,0.0
284840,1,0,0.0
318797,0,1,1.0
446636,0,0,0.0
343268,0,0,0.0
326599,0,1,1.0
100251,0,0,0.0
427243,0,0,0.0
169433,0,0,0.0
195730,0,0,0.0
209208,1,0,0.0
286678,0,0,0.0
421735,0,1,1.0
169782,0,0,0.0
190873,0,0,0.0
185297,0,0,0.0
394743,0,0,0.0
391133,0,0,0.0
290855,0,0,0.0
389295,0,0,0.0
379695,0,0,0.0
289588,0,0,0.0
396000,0,0,0.0
150730,0,0,0.0
393333,0,0,0.0
269409,0,0,0.0
374881,0,0,0.0
339281,0,0,0.0
298221,0,0,0.0
427698,0,0,0.0
271039,0,0,0.0
157452,0,1,1.0
239834,0,0,0.0
369405,0,0,0.0
452316,0,0,0.0
396561,0,0,0.0
346265,0,0,0.0
182214,0,0,0.0
337025,0,0,0.0
282431,0,0,0.0
151282,0,0,0.0
165792,0,0,0.0
309984,0,0,0.0
394682,0,0,0.0
103885,0,0,0.0
314755,0,0,0.0
205059,0,0,0.0
338698,1,0,0.0
146162,0,0,0.0
422692,1,0,0.0
121734,0,0,0.0
149439,0,1,1.0
243239,0,0,0.0
132729,0,0,0.0
197339,0,0,0.0
427240,0,0,0.0
435228,0,0,0.0
210832,0,0,0.0
224048,0,0,0.0
254548,0,0,0.0
168559,0,0,0.0
238985,0,0,0.0
301307,0,0,0.0
169863,0,0,0.0
360125,0,0,0.0
388631,0,0,0.0
158925,1,0,0.0
349476,0,0,0.0
420592,0,0,0.0
269447,0,0,0.0
124249,0,0,0.0
127510,0,1,1.0
317064,0,0,0.0
353074,0,0,0.0
195507,0,0,0.0
299819,0,0,0.0
449454,0,1,1.0
371692,0,0,0.0
258869,0,0,0.0
382881,0,0,0.0
252711,0,0,0.0
118217,0,0,0.0
207859,0,1,1.0
210516,0,0,0.0
268196,1,0,0.0
190148,0,0,0.0
192695,0,0,0.0
208980,0,0,0.0
220810,0,0,0.0
225050,0,1,1.0
118246,0,0,0.0
208658,0,0,0.0
107378,0,0,0.0
272956,0,0,0.0
279301,0,0,0.0
345167,0,0,0.0
165566,0,0,0.0
303002,1,0,0.0
310726,0,0,0.0
331118,0,0,0.0
196153,0,0,0.0
292314,0,0,0.0
102669,0,0,0.0
129142,0,0,0.0
263088,0,0,0.0
121448,0,0,0.0
155667,0,0,0.0
219729,0,0,0.0
133540,0,0,0.0
100207,0,0,0.0
412532,0,0,0.0
220660,0,0,0.0
366973,0,0,0.0
428643,1,0,0.0
129529,0,0,0.0
453498,0,0,0.0
249587,0,0,0.0
331364,0,0,0.0
450692,1,0,0.0
275801,0,0,0.0
127854,0,0,0.0
359185,0,0,0.0
251114,0,0,0.0
396594,0,0,0.0
114390,0,0,0.0
340579,0,0,0.0
384512,0,0,0.0
165480,0,0,0.0
194364,1,0,0.0
126087,1,0,0.0
162332,0,1,1.0
353996,0,0,0.0
299701,0,0,0.0
241986,0,0,0.0
232841,0,0,0.0
203310,0,0,0.0
369306,0,0,0.0
369358,0,0,0.0
227964,1,0,0.0
248711,0,0,0.0
115056,0,0,0.0
411498,0,0,0.0
207229,0,0,0.0
409784,0,0,0.0
399796,1,1,1.0
193809,0,0,0.0
188779,0,0,0.0
167813,0,0,0.0
348541,0,0,0.0
132087,0,1,1.0
215895,0,0,0.0
342431,0,0,0.0
337324,0,0,0.0
198768,0,0,0.0
141697,0,0,0.0
310845,0,0,0.0
257978,0,1,1.0
435879,0,1,1.0
309197,0,0,0.0
283914,0,0,0.0
450542,0,0,0.0
349164,0,0,0.0
195491,0,0,0.0
202301,0,0,0.0
106382,0,0,0.0
125461,0,0,0.0
115162,0,0,0.0
254849,0,1,1.0
223022,0,0,0.0
113018,1,0,0.0
155463,0,0,0.0
249954,0,0,0.0
415147,0,0,0.0
105805,0,1,1.0
191715,0,0,0.0
119653,0,0,0.0
238753,0,0,0.0
383284,0,0,0.0
302550,0,1,1.0
182588,0,0,0.0
263149,0,0,0.0
173371,0,0,0.0
420779,1,0,0.0
194929,0,0,0.0
168117,0,0,0.0
240634,0,0,0.0
174180,0,0,0.0
209086,0,0,0.0
334846,0,0,0.0
347918,0,0,0.0
255482,0,0,0.0
437613,0,0,0.0
447775,0,0,0.0
254449,0,0,0.0
141680,0,1,1.0
266131,0,0,0.0
164923,1,0,0.0
114302,0,0,0.0
431081,0,0,0.0
298355,0,1,1.0
449139,0,0,0.0
353300,0,0,0.0
199367,0,0,0.0
156503,0,1,1.0
224462,0,0,0.0
234777,0,0,0.0
110215,0,0,0.0
233932,1,0,0.0
403021,0,0,0.0
268502,0,1,1.0
362816,0,0,0.0
387449,0,0,0.0
398131,0,0,0.0
324712,0,0,0.0
248450,0,0,0.0
304775,1,0,0.0
308093,0,0,0.0
152630,0,0,0.0
290879,0,0,0.0
303017,0,0,0.0
391698,0,0,0.0
277620,0,0,0.0
236522,0,0,0.0
221471,1,0,0.0
292823,0,0,0.0
189861,0,0,0.0
192394,0,0,0.0
129162,0,0,0.0
173967,0,0,0.0
324041,0,0,0.0
437614,0,0,0.0
313539,0,0,0.0
339447,0,0,0.0
135835,0,0,0.0
291170,0,0,0.0
361075,0,0,0.0
268264,0,0,0.0
143520,0,0,0.0
399841,0,0,0.0
194554,0,0,0.0
256477,0,0,0.0
104393,0,0,0.0
381539,0,0,0.0
277652,0,0,0.0
380166,0,0,0.0
383983,0,0,0.0
438831,0,0,0.0
142496,1,0,0.0
215425,0,0,0.0
169163,0,0,0.0
374470,0,0,0.0
105063,0,0,0.0
135063,0,0,0.0
356007,0,0,0.0
111141,0,0,0.0
220683,0,0,0.0
166414,0,0,0.0
242487,0,0,0.0
400171,0,0,0.0
190668,0,0,0.0
206129,0,0,0.0
239583,0,0,0.0
357165,0,0,0.0
261009,0,0,0.0
272604,0,0,0.0
242326,0,0,0.0
356172,0,0,0.0
217582,0,0,0.0
346809,0,0,0.0
148603,0,0,0.0
100719,0,0,0.0
412475,0,0,0.0
212886,0,0,0.0
308370,0,0,0.0
378161,0,0,0.0
193105,0,0,0.0
179540,0,0,0.0
338653,0,0,0.0
376824,0,0,0.0
387114,0,0,0.0
173317,0,0,0.0
303910,0,0,0.0
170499,0,0,0.0
212911,0,0,0.0
374652,0,0,0.0
229268,0,0,0.0
309245,0,1,1.0
238976,0,0,0.0
450647,0,1,1.0
151301,0,0,0.0
160505,0,0,0.0
389329,0,0,0.0
428926,0,1,1.0
155384,0,0,0.0
220216,0,0,0.0
389113,0,0,0.0
434321,0,0,0.0
128599,0,0,0.0
132839,0,0,0.0
355375,0,0,0.0
370165,0,0,0.0
168564,0,0,0.0
211303,0,1,1.0
291782,0,0,0.0
222841,0,0,0.0
110349,0,0,0.0
366305,0,0,0.0
410806,0,0,0.0
168118,0,0,0.0
349947,0,0,0.0
247122,0,0,0.0
320581,0,0,0.0
179735,0,0,0.0
191522,0,1,1.0
263126,0,0,0.0
290719,0,0,0.0
414381,0,0,0.0
411950,0,0,0.0
260123,0,0,0.0
454329,0,0,0.0
398623,0,0,0.0
287573,0,0,0.0
148354,0,0,0.0
292849,1,0,0.0
409024,0,0,0.0
193256,0,0,0.0
301114,0,0,0.0
173397,0,0,0.0
247603,0,0,0.0
152445,0,0,0.0
198876,0,0,0.0
269940,1,0,0.0
113289,0,0,0.0
395574,0,0,0.0
109832,0,0,0.0
154823,0,0,0.0
338200,0,0,0.0
332313,0,0,0.0
123218,0,0,0.0
217214,0,0,0.0
118733,0,0,0.0
149551,0,0,0.0
295867,0,0,0.0
115193,0,0,0.0
306268,0,0,0.0
153029,0,0,0.0
455320,0,0,0.0
336290,1,0,0.0
425341,0,1,1.0
170557,0,0,0.0
324456,0,0,0.0
407514,0,0,0.0
178646,0,0,0.0
214470,0,0,0.0
294652,0,0,0.0
430706,0,0,0.0
352009,0,1,1.0
220427,0,0,0.0
189373,0,0,0.0
318830,0,1,1.0
256568,0,0,0.0
119800,1,0,0.0
126108,0,0,0.0
364460,0,0,0.0
254273,0,1,1.0
424891,0,1,1.0
379142,0,0,0.0
202531,0,0,0.0
374245,0,0,0.0
223245,0,0,0.0
426174,0,0,0.0
340340,0,0,0.0
311493,0,0,0.0
105534,0,0,0.0
105220,0,0,0.0
254978,1,0,0.0
375441,0,0,0.0
127101,0,0,0.0
124092,0,0,0.0
393970,0,0,0.0
122308,0,0,0.0
257432,0,0,0.0
438863,0,0,0.0
170847,0,0,0.0
108487,0,1,1.0
358822,0,0,0.0
271741,0,0,0.0
442270,0,1,1.0
418471,0,0,0.0
313984,0,0,0.0
245245,0,0,0.0
378775,0,0,0.0
267044,0,0,0.0
322315,0,0,0.0
279532,0,0,0.0
270546,0,0,0.0
404215,0,0,0.0
295553,0,0,0.0
283499,0,0,0.0
409603,0,0,0.0
197904,0,0,0.0
370902,0,1,1.0
429924,0,0,0.0
237616,0,0,0.0
184374,0,0,0.0
210692,0,0,0.0
361717,0,0,0.0
249990,0,0,0.0
292784,0,0,0.0
142851,0,0,0.0
355533,0,0,0.0
434288,0,0,0.0
113012,0,0,0.0
372580,0,0,0.0
278470,0,0,0.0
301391,0,0,0.0
390436,0,0,0.0
296779,0,0,0.0
178882,0,0,0.0
209207,0,0,0.0
146258,0,0,0.0
204163,0,0,0.0
428148,0,0,0.0
435670,1,0,0.0
296890,0,0,0.0
137320,0,0,0.0
276557,0,0,0.0
299755,0,0,0.0
285246,0,0,0.0
211002,0,0,0.0
310452,0,0,0.0
124666,0,0,0.0
187391,0,0,0.0
452014,0,0,0.0
175467,0,0,0.0
360850,0,0,0.0
240294,0,0,0.0
350186,1,0,0.0
285652,0,0,0.0
362699,0,0,0.0
123734,0,0,0.0
371786,0,0,0.0
336831,0,0,0.0
259133,0,0,0.0
157702,0,0,0.0
181200,0,0,0.0
356009,0,0,0.0
365918,0,0,0.0
454770,0,0,0.0
420681,0,0,0.0
417640,0,0,0.0
424926,0,0,0.0
170013,0,1,1.0
180182,0,0,0.0
160481,0,0,0.0
425903,1,0,0.0
430337,0,0,0.0
144938,0,0,0.0
151219,0,0,0.0
151326,0,0,0.0
166921,0,0,0.0
175819,0,0,0.0
399313,0,0,0.0
428600,0,0,0.0
362177,0,0,0.0
226613,0,0,0.0
356904,0,0,0.0
391819,0,0,0.0
446295,0,0,0.0
263341,0,0,0.0
419344,0,0,0.0
380046,0,0,0.0
169418,0,0,0.0
109839,0,1,1.0
198977,0,0,0.0
425933,1,0,0.0
240154,0,0,0.0
415823,0,1,1.0
264361,0,0,0.0
186134,1,0,0.0
265340,0,0,0.0
385162,0,0,0.0
169746,0,0,0.0
201933,0,0,0.0
274009,0,0,0.0
327245,0,0,0.0
283275,0,1,1.0
355764,0,0,0.0
338490,0,0,0.0
369170,0,0,0.0
205275,0,0,0.0
338299,1,0,0.0
176189,0,0,0.0
329739,0,0,0.0
377359,1,0,0.0
430008,1,0,0.0
306122,0,0,0.0
150868,0,1,1.0
330744,0,0,0.0
213576,0,0,0.0
247244,0,0,0.0
282559,1,0,0.0
239063,0,1,1.0
216166,0,0,0.0
283274,0,0,0.0
152368,0,0,0.0
411901,0,1,1.0
228874,0,0,0.0
385233,0,0,0.0
334455,0,0,0.0
425548,1,0,0.0
248716,0,0,0.0
236419,0,0,0.0
438867,0,0,0.0
305373,0,0,0.0
298774,0,0,0.0
342733,0,0,0.0
290087,0,0,0.0
308117,0,0,0.0
297978,0,1,1.0
416469,0,0,0.0
192899,0,1,1.0
284428,0,0,0.0
441204,0,0,0.0
207863,1,0,0.0
407565,1,0,0.0
105194,0,0,0.0
155511,0,1,1.0
417198,0,0,0.0
427593,0,0,0.0
160218,0,0,0.0
210389,0,0,0.0
256284,0,0,0.0
177725,0,0,0.0
132710,0,0,0.0
328981,0,0,0.0
353567,0,0,0.0
152057,0,0,0.0
133846,0,0,0.0
152762,0,0,0.0
379813,0,0,0.0
203007,1,0,0.0
448721,0,0,0.0
113544,0,0,0.0
334002,1,0,0.0
149466,0,0,0.0
221081,0,0,0.0
186592,0,0,0.0
310736,0,0,0.0
185281,0,0,0.0
455192,0,0,0.0
242116,1,0,0.0
403841,0,0,0.0
338274,0,0,0.0
221290,1,0,0.0
204360,0,0,0.0
206092,0,0,0.0
429529,0,0,0.0
436937,0,0,0.0
223095,0,0,0.0
309056,0,0,0.0
408153,0,0,0.0
455880,1,0,0.0
440449,0,0,0.0
329544,0,0,0.0
164512,0,0,0.0
138138,0,0,0.0
256857,0,0,0.0
380984,0,0,0.0
154759,1,0,0.0
207903,0,0,0.0
192901,0,0,0.0
352160,0,0,0.0
448086,0,0,0.0
392559,0,0,0.0
440801,0,0,0.0
250132,0,0,0.0
397634,0,0,0.0
330537,1,1,1.0
365100,0,0,0.0
187012,0,0,0.0
153593,0,0,0.0
184715,0,0,0.0
263217,0,0,0.0
347681,1,0,0.0
369423,0,0,0.0
180177,0,0,0.0
210076,0,0,0.0
388614,0,1,1.0
360629,0,0,0.0
120389,0,0,0.0
302102,0,0,0.0
140389,0,0,0.0
103324,1,0,0.0
297727,0,0,0.0
361545,0,0,0.0
265953,0,0,0.0
419251,0,0,0.0
406608,0,0,0.0
331457,0,0,0.0
289444,1,0,0.0
337832,0,0,0.0
368290,0,0,0.0
295052,0,0,0.0
287244,0,0,0.0
234394,0,0,0.0
141749,0,0,0.0
417702,0,0,0.0
307157,0,0,0.0
352087,0,0,0.0
152829,0,0,0.0
273781,0,0,0.0
305558,0,0,0.0
120812,0,1,1.0
160456,0,0,0.0
108281,0,1,1.0
418546,0,0,0.0
336546,0,0,0.0
361776,0,0,0.0
415036,1,0,0.0
203533,0,0,0.0
437472,0,0,0.0
297242,0,0,0.0
314916,0,0,0.0
301205,0,0,0.0
162664,0,0,0.0
126741,0,0,0.0
382789,0,0,0.0
187766,0,1,1.0
417717,0,0,0.0
443110,0,0,0.0
300616,0,0,0.0
454950,0,0,0.0
385298,0,0,0.0
288503,0,0,0.0
104572,0,0,0.0
339748,0,0,0.0
289589,0,0,0.0
403509,1,1,1.0
340751,0,0,0.0
269107,0,0,0.0
116685,0,0,0.0
367316,0,0,0.0
371967,0,0,0.0
275181,0,0,0.0
132133,0,1,1.0
342957,0,1,1.0
391534,0,0,0.0
209730,0,0,0.0
121447,0,1,1.0
265453,0,0,0.0
228706,0,0,0.0
433932,0,0,0.0
174696,0,0,0.0
247060,0,0,0.0
215226,0,0,0.0
189494,0,0,0.0
389708,0,0,0.0
143850,1,0,0.0
115334,0,0,0.0
161385,0,0,0.0
180077,0,0,0.0
375279,0,0,0.0
119591,0,0,0.0
342953,0,0,0.0
189759,0,0,0.0
454613,0,0,0.0
248685,0,0,0.0
101949,0,0,0.0
426258,0,0,0.0
173460,0,0,0.0
391178,0,0,0.0
281290,0,0,0.0
175870,0,0,0.0
169227,0,0,0.0
116985,0,0,0.0
430251,0,0,0.0
381575,1,0,0.0
448219,0,0,0.0
304489,0,0,0.0
414411,0,0,0.0
387076,0,0,0.0
199406,0,1,1.0
361396,0,0,0.0
166881,0,0,0.0
185876,0,1,1.0
332650,0,0,0.0
122374,0,0,0.0
180708,0,0,0.0
149230,0,0,0.0
337676,1,0,0.0
184666,0,0,0.0
326720,0,0,0.0
242949,0,0,0.0
286535,0,1,1.0
114680,0,1,1.0
380911,0,0,0.0
285390,0,0,0.0
197797,0,0,0.0
289064,0,0,0.0
409518,0,0,0.0
349213,0,0,0.0
354083,0,0,0.0
293562,0,0,0.0
426338,0,0,0.0
141202,0,0,0.0
344846,0,0,0.0
121359,0,0,0.0
189648,0,0,0.0
440943,0,0,0.0
104489,0,0,0.0
239943,0,0,0.0
355651,0,0,0.0
388893,0,0,0.0
377190,0,0,0.0
398240,0,0,0.0
248331,0,0,0.0
140430,0,0,0.0
293144,0,0,0.0
142674,0,0,0.0
385655,0,0,0.0
135575,0,1,1.0
362152,0,0,0.0
133288,0,0,0.0
344145,0,0,0.0
189615,0,0,0.0
300338,0,0,0.0
279239,0,0,0.0
441296,0,0,0.0
304152,1,0,0.0
238332,0,0,0.0
250166,0,0,0.0
320526,1,0,0.0
281254,0,0,0.0
422595,0,1,1.0
329493,0,0,0.0
341186,0,0,0.0
282876,0,0,0.0
359315,0,0,0.0
384229,0,0,0.0
449652,0,0,0.0
356256,0,1,1.0
325763,0,0,0.0
420763,0,0,0.0
391809,0,0,0.0
329978,0,0,0.0
346475,0,0,0.0
269881,0,0,0.0
161629,0,0,0.0
418082,0,1,1.0
259650,0,0,0.0
254523,0,0,0.0
346113,0,0,0.0
110097,0,0,0.0
319544,0,1,1.0
421121,0,0,0.0
278002,0,0,0.0
170091,0,0,0.0
416214,0,0,0.0
178880,0,0,0.0
383775,0,0,0.0
310864,0,0,0.0
252541,0,0,0.0
293037,0,0,0.0
105023,0,0,0.0
348336,0,0,0.0
225623,1,1,1.0
443534,0,0,0.0
264042,0,0,0.0
399357,0,1,1.0
399340,0,0,0.0
148263,0,0,0.0
322943,0,0,0.0
245258,0,1,1.0
390089,0,0,0.0
423769,0,0,0.0
316924,0,0,0.0
277062,0,0,0.0
161354,0,0,0.0
375163,0,0,0.0
186879,0,0,0.0
132652,0,0,0.0
173489,0,0,0.0
178423,0,0,0.0
378421,0,0,0.0
172397,0,0,0.0
357677,0,0,0.0
122684,0,0,0.0
284680,0,0,0.0
436274,0,0,0.0
225413,0,0,0.0
198784,0,0,0.0
372949,0,0,0.0
338454,0,0,0.0
291053,0,0,0.0
355694,0,0,0.0
329274,0,0,0.0
336538,0,0,0.0
169066,1,1,1.0
228214,0,0,0.0
202244,0,1,1.0
347930,0,0,0.0
417341,0,0,0.0
341989,0,0,0.0
338456,0,0,0.0
399341,0,0,0.0
128552,0,0,0.0
320031,0,0,0.0
442254,0,0,0.0
309025,0,0,0.0
338090,1,0,0.0
136776,0,0,0.0
195837,0,0,0.0
415400,0,0,0.0
340596,0,0,0.0
315134,0,0,0.0
112421,0,0,0.0
197915,0,0,0.0
420203,0,0,0.0
210872,0,0,0.0
220761,0,0,0.0
103919,0,0,0.0
137379,0,0,0.0
128480,0,0,0.0
250651,0,0,0.0
332006,0,0,0.0
355486,0,0,0.0
422269,1,0,0.0
422904,0,0,0.0
171592,0,0,0.0
236222,0,0,0.0
404217,0,0,0.0
143557,0,0,0.0
201755,0,0,0.0
409184,0,0,0.0
124062,0,0,0.0
444585,0,0,0.0
238567,1,0,0.0
358754,0,0,0.0
214791,0,0,0.0
199283,0,1,1.0
130072,0,0,0.0
422737,0,0,0.0
183294,0,0,0.0
215915,0,0,0.0
320139,0,0,0.0
411915,0,0,0.0
371016,0,0,0.0
328666,0,0,0.0
100907,0,0,0.0
148943,0,0,0.0
273804,0,0,0.0
102011,0,0,0.0
301699,0,0,0.0
369304,0,0,0.0
158633,0,0,0.0
211016,0,0,0.0
185390,0,0,0.0
323233,0,0,0.0
363261,0,0,0.0
213934,0,0,0.0
107165,1,0,0.0
287056,0,0,0.0
132021,0,0,0.0
393734,0,0,0.0
321716,0,0,0.0
451928,0,0,0.0
226311,0,0,0.0
342234,0,0,0.0
360917,0,0,0.0
393662,0,0,0.0
286331,1,0,0.0
124114,0,0,0.0
339940,0,0,0.0
384148,0,0,0.0
237819,0,0,0.0
228056,0,0,0.0
133893,1,0,0.0
231265,0,0,0.0
448895,0,0,0.0
338909,0,0,0.0
336001,0,0,0.0
132262,0,0,0.0
331908,0,0,0.0
168931,0,0,0.0
318590,0,0,0.0
375175,0,0,0.0
136250,0,0,0.0
105093,0,0,0.0
362538,0,0,0.0
123862,0,0,0.0
151093,0,1,1.0
211511,0,0,0.0
273848,0,0,0.0
396043,0,0,0.0
297452,0,0,0.0
227223,0,0,0.0
172050,0,0,0.0
340278,0,1,1.0
333433,0,0,0.0
273841,0,0,0.0
288963,0,0,0.0
272659,0,0,0.0
295548,1,1,1.0
352164,0,0,0.0
256746,0,0,0.0
229533,0,0,0.0
285319,0,0,0.0
332780,0,0,0.0
325266,0,1,1.0
325050,0,0,0.0
176543,0,0,0.0
428147,0,0,0.0
268284,0,0,0.0
236537,0,0,0.0
161700,1,0,0.0
439663,0,0,0.0
357845,0,0,0.0
170876,0,0,0.0
325627,0,0,0.0
133456,0,0,0.0
395004,0,0,0.0
320733,0,0,0.0
397985,0,0,0.0
349294,0,0,0.0
131975,0,0,0.0
277667,0,0,0.0
391277,1,0,0.0
401234,0,0,0.0
312136,0,0,0.0
115387,0,0,0.0
365686,0,0,0.0
164479,0,0,0.0
156828,0,0,0.0
267119,1,1,1.0
291252,0,0,0.0
246269,0,0,0.0
129278,0,0,0.0
380438,0,1,1.0
292494,0,0,0.0
354385,0,0,0.0
233215,0,1,1.0
360509,0,0,0.0
215235,0,0,0.0
312508,0,0,0.0
256735,0,0,0.0
301375,0,0,0.0
423882,0,0,0.0
426949,0,0,0.0
374704,0,0,0.0
392611,0,0,0.0
181661,0,0,0.0
386265,1,0,0.0
298232,0,0,0.0
371047,1,0,0.0
172508,1,0,0.0
397222,0,0,0.0
251595,0,0,0.0
239211,0,0,0.0
307940,0,0,0.0
353020,0,1,1.0
272578,0,0,0.0
268830,0,0,0.0
281388,0,0,0.0
295135,0,0,0.0
252124,0,0,0.0
372193,0,0,0.0
265828,0,1,1.0
114646,0,1,1.0
139045,1,0,0.0
238373,1,0,0.0
381997,0,0,0.0
259447,1,0,0.0
150563,0,0,0.0
306780,0,0,0.0
188478,0,1,1.0
425908,1,0,0.0
181082,0,0,0.0
388089,0,0,0.0
190681,0,0,0.0
250441,0,0,0.0
409705,0,0,0.0
200047,0,0,0.0
310721,0,0,0.0
181424,0,0,0.0
350335,0,0,0.0
136054,0,0,0.0
173980,0,0,0.0
188167,0,0,0.0
346574,0,0,0.0
263626,0,0,0.0
323819,0,0,0.0
237739,0,0,0.0
233219,0,0,0.0
189611,1,0,0.0
271564,0,0,0.0
185567,1,0,0.0
106666,0,0,0.0
448157,0,0,0.0
222501,0,0,0.0
110593,0,0,0.0
331644,1,0,0.0
392938,0,0,0.0
346376,0,0,0.0
236675,0,1,1.0
156680,0,0,0.0
319713,0,1,1.0
371455,0,1,1.0
148453,0,0,0.0
120698,0,0,0.0
216654,0,0,0.0
402318,0,0,0.0
335442,1,0,0.0
335365,0,1,1.0
145538,0,0,0.0
237996,0,1,1.0
138906,0,0,0.0
318477,1,0,0.0
142576,0,0,0.0
121163,0,0,0.0
368699,0,0,0.0
430438,1,0,0.0
159210,0,0,0.0
269285,0,0,0.0
193616,0,0,0.0
446667,0,0,0.0
438334,0,0,0.0
346374,0,0,0.0
338576,0,0,0.0
454920,0,0,0.0
162592,0,0,0.0
251537,0,0,0.0
419673,0,0,0.0
353056,0,0,0.0
178080,0,0,0.0
188816,0,0,0.0
235863,0,0,0.0
214120,0,0,0.0
161452,1,0,0.0
185370,0,0,0.0
308626,0,0,0.0
324779,0,0,0.0
453883,0,0,0.0
265938,0,0,0.0
441369,0,0,0.0
107169,0,1,1.0
179691,0,0,0.0
309094,0,0,0.0
321135,0,0,0.0
321635,0,0,0.0
121319,0,0,0.0
427624,0,0,0.0
413574,0,0,0.0
299640,0,0,0.0
101641,0,0,0.0
123987,0,0,0.0
368095,0,0,0.0
310974,0,0,0.0
166708,0,0,0.0
299028,0,1,1.0
349674,1,0,0.0
128307,0,0,0.0
197424,0,0,0.0
337640,0,0,0.0
286646,0,0,0.0
408773,0,0,0.0
105036,0,0,0.0
382168,0,0,0.0
209701,0,0,0.0
311090,0,0,0.0
235709,0,0,0.0
263278,0,1,1.0
446207,0,0,0.0
426853,0,0,0.0
254310,0,0,0.0
318369,0,1,1.0
124219,0,0,0.0
348820,0,0,0.0
313362,0,1,1.0
409475,0,0,0.0
214673,0,0,0.0
254469,0,0,0.0
173664,0,0,0.0
156505,0,0,0.0
328894,0,0,0.0
455634,0,0,0.0
203541,0,0,0.0
441131,0,0,0.0
301800,0,0,0.0
380384,0,0,0.0
146593,0,0,0.0
348854,0,0,0.0
182631,0,0,0.0
267479,0,0,0.0
306888,0,0,0.0
214104,0,1,1.0
446228,0,0,0.0
152505,0,0,0.0
390772,0,0,0.0
116166,1,0,0.0
272695,0,1,1.0
394872,0,0,0.0
163584,0,0,0.0
154095,1,0,0.0
304622,0,0,0.0
137229,0,0,0.0
326565,0,1,1.0
356803,0,0,0.0
119274,0,0,0.0
179672,0,0,0.0
136545,0,0,0.0
335929,1,1,1.0
135496,0,0,0.0
347675,0,0,0.0
115297,0,0,0.0
104321,0,0,0.0
119203,0,0,0.0
274758,0,0,0.0
325980,0,0,0.0
335672,0,0,0.0
392647,0,1,1.0
264767,0,0,0.0
227609,0,0,0.0
247450,0,0,0.0
284484,0,0,0.0
373515,0,0,0.0
147158,0,1,1.0
186800,0,1,1.0
276624,0,0,0.0
384961,1,0,0.0
279881,0,0,0.0
217615,0,0,0.0
120864,0,0,0.0
289878,0,0,0.0
418540,0,0,0.0
379838,0,0,0.0
204621,0,0,0.0
354063,0,0,0.0
446019,0,0,0.0
130465,1,0,0.0
271730,0,0,0.0
276081,0,0,0.0
357963,0,0,0.0
224507,0,0,0.0
251604,0,0,0.0
397648,0,1,1.0
454034,0,0,0.0
206909,0,0,0.0
308673,0,0,0.0
122339,0,0,0.0
213730,0,0,0.0
213502,0,0,0.0
324418,0,0,0.0
118674,0,0,0.0
260644,0,0,0.0
440629,0,0,0.0
189179,0,0,0.0
190764,0,0,0.0
360903,0,0,0.0
398369,0,0,0.0
119201,0,0,0.0
205353,0,1,1.0
395132,0,0,0.0
171831,0,0,0.0
364965,0,0,0.0
270209,0,0,0.0
306172,0,0,0.0
249451,0,0,0.0
363563,0,0,0.0
409739,0,1,1.0
137757,0,1,1.0
232936,0,0,0.0
269326,0,0,0.0
218760,0,0,0.0
232598,0,1,1.0
401969,0,0,0.0
271193,0,0,0.0
279421,0,0,0.0
285423,0,0,0.0
212172,0,0,0.0
185814,0,0,0.0
288195,1,0,0.0
455066,0,0,0.0
408980,0,0,0.0
137777,0,0,0.0
427820,1,0,0.0
104451,0,0,0.0
203211,0,0,0.0
179789,0,0,0.0
446733,0,0,0.0
398098,1,0,0.0
203630,0,0,0.0
370217,1,0,0.0
298738,1,0,0.0
297232,0,0,0.0
294032,0,0,0.0
110267,0,0,0.0
369435,0,0,0.0
280045,0,1,1.0
163105,0,0,0.0
300582,0,0,0.0
133142,1,0,0.0
367673,0,0,0.0
386613,0,0,0.0
408595,0,0,0.0
168476,0,0,0.0
159876,0,0,0.0
196994,0,0,0.0
454943,0,0,0.0
168983,0,0,0.0
126170,0,0,0.0
298170,1,0,0.0
192479,0,0,0.0
161348,0,0,0.0
198387,1,0,0.0
244749,0,1,1.0
136375,0,0,0.0
432152,0,0,0.0
272977,0,0,0.0
271713,0,0,0.0
107243,0,0,0.0
352699,0,0,0.0
296314,0,0,0.0
234776,0,0,0.0
227353,0,0,0.0
188287,1,0,0.0
409800,0,0,0.0
260081,0,0,0.0
135347,0,0,0.0
409554,0,0,0.0
191034,0,0,0.0
296570,0,0,0.0
147563,0,0,0.0
308876,0,0,0.0
432131,0,0,0.0
444878,0,0,0.0
188531,0,0,0.0
235801,0,0,0.0
206633,1,0,0.0
263453,0,0,0.0
246643,0,0,0.0
146655,0,0,0.0
165765,0,0,0.0
408666,0,0,0.0
294775,0,0,0.0
201266,0,0,0.0
234241,0,0,0.0
424736,0,0,0.0
288817,0,0,0.0
258922,0,1,1.0
394833,0,0,0.0
410760,0,0,0.0
210091,0,0,0.0
301607,0,0,0.0
322062,0,0,0.0
360050,0,0,0.0
429836,0,0,0.0
210163,1,0,0.0
194201,0,0,0.0
156037,0,0,0.0
409522,0,0,0.0
182946,0,1,1.0
237609,0,0,0.0
193590,0,0,0.0
446475,0,0,0.0
315718,0,0,0.0
387080,0,0,0.0
146643,0,0,0.0
452709,0,0,0.0
416329,0,0,0.0
447070,0,0,0.0
207603,0,0,0.0
130982,0,0,0.0
201401,0,0,0.0
225656,0,0,0.0
245851,1,0,0.0
255565,0,1,1.0
443271,0,1,1.0
451725,0,0,0.0
234196,0,0,0.0
407599,0,0,0.0
107840,0,0,0.0
339760,0,0,0.0
306592,0,0,0.0
118334,1,0,0.0
108073,0,1,1.0
396801,0,0,0.0
426115,0,0,0.0
108713,0,0,0.0
364633,1,0,0.0
216870,0,0,0.0
455969,0,0,0.0
430907,0,0,0.0
403617,0,0,0.0
117237,0,0,0.0
124381,0,0,0.0
390234,0,0,0.0
218777,0,0,0.0
319236,0,0,0.0
108004,0,0,0.0
273169,0,0,0.0
276761,0,0,0.0
240355,0,0,0.0
112549,0,1,1.0
182790,0,0,0.0
145034,1,0,0.0
398025,0,0,0.0
216133,0,0,0.0
352287,1,0,0.0
237915,0,1,1.0
387574,0,0,0.0
244480,0,0,0.0
165126,0,0,0.0
297109,0,0,0.0
136775,0,0,0.0
353838,1,0,0.0
136622,0,0,0.0
414110,0,0,0.0
252761,0,1,1.0
445671,0,0,0.0
256478,0,0,0.0
247847,1,0,0.0
438787,0,1,1.0
359223,0,0,0.0
171102,0,0,0.0
119987,0,1,1.0
161154,0,0,0.0
278737,0,0,0.0
332387,0,0,0.0
269765,0,0,0.0
222230,0,0,0.0
213364,1,0,0.0
454862,0,0,0.0
288044,0,0,0.0
368798,0,0,0.0
363389,0,0,0.0
159233,0,0,0.0
297742,0,0,0.0
185571,0,0,0.0
240681,0,0,0.0
339267,0,0,0.0
151638,0,0,0.0
126282,1,1,1.0
452296,0,0,0.0
194227,0,0,0.0
374111,0,0,0.0
188795,0,0,0.0
119991,0,0,0.0
145218,0,0,0.0
245433,0,0,0.0
330142,0,0,0.0
317840,0,0,0.0
424122,0,0,0.0
264080,0,1,1.0
186685,0,0,0.0
454550,0,0,0.0
296392,0,0,0.0
404064,0,0,0.0
310309,0,0,0.0
429175,0,0,0.0
367793,0,0,0.0
243992,0,0,0.0
213107,0,0,0.0
102195,0,0,0.0
141610,0,0,0.0
212562,0,0,0.0
107915,0,0,0.0
324752,0,0,0.0
417523,1,0,0.0
123806,0,0,0.0
427998,0,0,0.0
445906,0,0,0.0
399843,0,0,0.0
173845,0,0,0.0
264114,0,0,0.0
131638,0,0,0.0
230852,1,1,1.0
350685,0,0,0.0
134538,0,0,0.0
108728,0,0,0.0
435453,0,0,0.0
323995,1,1,1.0
434056,0,0,0.0
346495,0,0,0.0
248046,0,0,0.0
372763,0,0,0.0
261045,0,0,0.0
169472,0,0,0.0
332945,1,0,0.0
287751,1,0,0.0
122481,0,0,0.0
133176,0,0,0.0
179083,0,0,0.0
133835,0,0,0.0
251633,0,0,0.0
103344,0,0,0.0
266506,0,0,0.0
381602,0,0,0.0
435548,0,0,0.0
168966,0,0,0.0
215529,0,0,0.0
372552,0,0,0.0
311921,0,0,0.0
207964,0,0,0.0
365375,0,0,0.0
134408,0,0,0.0
284946,0,0,0.0
453477,0,0,0.0
205061,0,0,0.0
197926,0,0,0.0
366023,0,0,0.0
106170,0,0,0.0
288163,0,0,0.0
352979,1,0,0.0
139590,0,0,0.0
340824,0,0,0.0
375764,0,0,0.0
347605,0,0,0.0
336283,0,0,0.0
185278,0,0,0.0
353998,0,0,0.0
181099,0,0,0.0
245059,0,0,0.0
376828,0,0,0.0
388779,0,0,0.0
240996,0,0,0.0
233588,0,0,0.0
113880,0,0,0.0
313595,0,0,0.0
410190,0,0,0.0
267132,0,0,0.0
216095,0,0,0.0
141135,0,0,0.0
150702,0,0,0.0
310267,0,0,0.0
298061,0,0,0.0
268538,0,0,0.0
290081,0,0,0.0
148310,0,0,0.0
196494,0,0,0.0
356350,0,0,0.0
332224,0,0,0.0
114565,0,1,1.0
229578,0,0,0.0
125940,0,0,0.0
439101,0,1,1.0
111559,0,0,0.0
348915,0,0,0.0
216669,1,0,0.0
159262,0,0,0.0
336342,0,0,0.0
360147,1,0,0.0
355808,0,0,0.0
143499,0,0,0.0
181027,1,0,0.0
345318,0,0,0.0
440026,0,0,0.0
272151,0,0,0.0
366251,0,0,0.0
155604,0,1,1.0
306314,0,0,0.0
434631,0,0,0.0
341418,0,0,0.0
217854,0,0,0.0
276653,0,0,0.0
181150,0,0,0.0
126515,0,0,0.0
181514,0,0,0.0
210060,0,0,0.0
415988,1,1,1.0
217007,0,0,0.0
193432,0,0,0.0
375099,0,0,0.0
140865,0,0,0.0
332810,0,0,0.0
232634,0,0,0.0
156914,0,0,0.0
116081,0,1,1.0
166235,0,0,0.0
439187,0,0,0.0
368235,0,0,0.0
316664,0,0,0.0
358560,0,0,0.0
423949,0,0,0.0
238787,0,0,0.0
126428,0,0,0.0
369969,0,0,0.0
141105,0,0,0.0
190624,0,0,0.0
290375,1,0,0.0
451090,0,0,0.0
404063,0,0,0.0
255553,0,0,0.0
148825,0,0,0.0
124617,0,0,0.0
381594,0,1,1.0
209464,0,0,0.0
388545,0,0,0.0
281158,0,1,1.0
207371,0,0,0.0
386994,0,0,0.0
117250,0,0,0.0
389593,1,0,0.0
128369,1,0,0.0
331151,0,0,0.0
395359,0,0,0.0
312719,0,0,0.0
276008,0,0,0.0
284434,0,0,0.0
180055,0,0,0.0
267141,0,0,0.0
368688,0,0,0.0
381081,0,0,0.0
197434,0,0,0.0
221286,0,0,0.0
369205,0,0,0.0
314772,0,0,0.0
109384,0,0,0.0
360765,1,0,0.0
339305,0,0,0.0
445357,0,0,0.0
132580,0,0,0.0
222773,0,0,0.0
216566,0,0,0.0
417086,0,0,0.0
290708,1,0,0.0
299835,1,0,0.0
188373,0,0,0.0
232041,0,0,0.0
309108,0,0,0.0
380349,0,0,0.0
211461,0,0,0.0
259425,0,0,0.0
415496,0,0,0.0
413315,0,0,0.0
254546,0,0,0.0
440593,0,0,0.0
438133,0,0,0.0
362666,0,0,0.0
328892,0,0,0.0
227102,1,0,0.0
252554,0,0,0.0
230855,0,0,0.0
402296,0,0,0.0
454741,0,0,0.0
167477,0,0,0.0
400671,0,0,0.0
197588,0,0,0.0
445747,0,0,0.0
454017,0,0,0.0
362494,0,0,0.0
104151,0,0,0.0
383627,0,0,0.0
118775,0,0,0.0
276107,0,0,0.0
183643,0,0,0.0
327546,0,0,0.0
175707,0,0,0.0
135305,0,1,1.0
221775,0,0,0.0
415009,0,0,0.0
350826,0,0,0.0
297439,0,0,0.0
179089,0,0,0.0
324862,0,0,0.0
407371,0,0,0.0
316244,0,0,0.0
175345,0,0,0.0
389390,0,1,1.0
322563,0,0,0.0
190218,0,0,0.0
249324,0,1,1.0
149880,0,0,0.0
334360,1,0,0.0
102023,0,0,0.0
392637,0,0,0.0
102833,0,0,0.0
226327,0,0,0.0
321359,0,1,1.0
361705,0,0,0.0
270476,0,0,0.0
290985,1,1,1.0
278438,0,0,0.0
281805,0,0,0.0
242244,0,0,0.0
192124,0,0,0.0
156129,0,0,0.0
177704,1,0,0.0
249923,0,0,0.0
423534,0,0,0.0
436852,0,0,0.0
175158,0,0,0.0
304383,0,0,0.0
352487,0,0,0.0
244721,0,0,0.0
453307,1,0,0.0
317374,0,0,0.0
140489,0,0,0.0
399758,0,0,0.0
140157,0,0,0.0
414427,1,0,0.0
364444,0,0,0.0
382706,0,1,1.0
182258,0,0,0.0
364842,0,0,0.0
161189,0,0,0.0
423802,0,0,0.0
149691,0,1,1.0
396924,0,0,0.0
135093,0,0,0.0
315440,0,0,0.0
111098,0,0,0.0
425733,0,0,0.0
321551,0,0,0.0
201070,0,0,0.0
420053,0,0,0.0
332667,0,0,0.0
180552,0,0,0.0
391710,0,0,0.0
231696,0,0,0.0
441564,0,1,1.0
173424,0,0,0.0
374463,0,0,0.0
319742,0,0,0.0
100917,0,1,1.0
432386,0,0,0.0
176782,0,0,0.0
108391,0,0,0.0
310470,0,0,0.0
201603,0,0,0.0
308714,0,0,0.0
346049,0,0,0.0
234223,0,0,0.0
383828,0,0,0.0
351661,0,0,0.0
355799,0,0,0.0
127748,0,0,0.0
111195,0,0,0.0
111348,0,0,0.0
188634,0,0,0.0
247235,0,0,0.0
217939,0,0,0.0
393340,0,0,0.0
232719,0,0,0.0
100283,0,0,0.0
286436,0,0,0.0
255011,0,0,0.0
411306,0,0,0.0
113878,0,0,0.0
119531,0,0,0.0
456021,0,0,0.0
151626,0,0,0.0
236018,0,0,0.0
149209,0,0,0.0
259538,0,1,1.0
212598,0,0,0.0
120215,1,0,0.0
446830,0,0,0.0
414776,0,0,0.0
222967,0,0,0.0
224852,0,1,1.0
395055,0,0,0.0
266613,0,0,0.0
147972,0,0,0.0
106662,0,0,0.0
359048,0,0,0.0
231011,0,0,0.0
416405,0,0,0.0
387444,1,1,1.0
424994,1,0,0.0
220207,0,0,0.0
115192,0,0,0.0
195673,0,0,0.0
104962,0,0,0.0
258870,0,0,0.0
164071,0,0,0.0
103208,0,0,0.0
247955,0,0,0.0
411287,0,0,0.0
123305,0,0,0.0
184611,0,0,0.0
257566,0,0,0.0
348150,0,0,0.0
117636,0,0,0.0
236647,1,1,1.0
132659,0,0,0.0
334934,0,0,0.0
432785,0,0,0.0
261796,0,0,0.0
143482,0,0,0.0
443566,0,0,0.0
265758,0,0,0.0
413508,0,0,0.0
404169,0,1,1.0
136817,0,0,0.0
311448,0,0,0.0
294247,0,0,0.0
333151,0,0,0.0
280392,0,0,0.0
308187,0,0,0.0
157854,0,0,0.0
368147,0,0,0.0
410558,0,0,0.0
299801,0,0,0.0
443294,0,0,0.0
250974,1,1,1.0
117275,0,0,0.0
222192,0,0,0.0
368077,0,0,0.0
175385,0,0,0.0
320230,0,0,0.0
109975,0,0,0.0
281260,0,0,0.0
197878,0,0,0.0
173766,0,0,0.0
418810,1,0,0.0
290187,0,0,0.0
394365,0,0,0.0
278543,0,0,0.0
146656,0,0,0.0
235919,0,0,0.0
136159,0,0,0.0
272375,0,0,0.0
333436,0,0,0.0
319754,0,0,0.0
415129,1,0,0.0
308508,0,0,0.0
439933,1,0,0.0
362910,1,0,0.0
105009,0,0,0.0
406649,0,0,0.0
230708,0,0,0.0
190159,0,0,0.0
395635,0,0,0.0
303038,0,0,0.0
359818,0,0,0.0
369772,0,0,0.0
141351,0,0,0.0
321622,0,1,1.0
384142,0,0,0.0
222667,0,0,0.0
425649,0,0,0.0
246594,0,0,0.0
379215,0,0,0.0
343152,0,0,0.0
248554,0,0,0.0
417533,1,1,1.0
121171,0,0,0.0
418151,1,0,0.0
377678,0,0,0.0
209485,0,0,0.0
110712,0,1,1.0
389938,0,1,1.0
156894,0,0,0.0
270293,0,0,0.0
130250,0,0,0.0
207751,0,0,0.0
109158,0,0,0.0
445900,0,0,0.0
121955,0,0,0.0
125492,0,0,0.0
387849,0,0,0.0
123251,0,0,0.0
153865,1,0,0.0
337532,0,0,0.0
343675,1,0,0.0
396066,1,1,1.0
202176,1,0,0.0
217354,0,0,0.0
453326,0,0,0.0
146839,0,0,0.0
273730,1,0,0.0
252928,0,0,0.0
290725,0,0,0.0
123008,1,1,1.0
118624,0,0,0.0
415441,0,0,0.0
154541,0,0,0.0
354030,0,0,0.0
119780,0,0,0.0
235258,0,0,0.0
321431,0,0,0.0
225192,0,0,0.0
187454,0,0,0.0
398642,0,0,0.0
341941,0,0,0.0
357574,0,0,0.0
373910,0,0,0.0
260626,0,0,0.0
282409,0,0,0.0
155238,0,1,1.0
336683,0,0,0.0
214357,0,0,0.0
188406,1,1,1.0
342016,0,0,0.0
371063,0,0,0.0
129191,0,0,0.0
371841,0,0,0.0
176266,0,0,0.0
438189,0,0,0.0
334815,0,0,0.0
385481,0,0,0.0
439039,1,0,0.0
377328,0,0,0.0
269240,0,0,0.0
159092,0,0,0.0
209807,0,0,0.0
176948,0,0,0.0
273059,1,0,0.0
283472,0,0,0.0
157641,0,0,0.0
187948,0,0,0.0
357218,0,0,0.0
247434,0,0,0.0
446002,1,0,0.0
439081,0,0,0.0
323244,0,0,0.0
246220,0,1,1.0
368508,0,0,0.0
190145,0,0,0.0
376919,0,0,0.0
248925,0,0,0.0
115235,0,0,0.0
270853,0,0,0.0
269127,0,1,1.0
369819,0,0,0.0
266821,0,0,0.0
126779,0,0,0.0
271970,0,0,0.0
265004,1,0,0.0
369809,0,0,0.0
143546,0,0,0.0
339408,0,0,0.0
298635,0,0,0.0
221446,0,0,0.0
195336,0,0,0.0
353435,0,0,0.0
143204,0,0,0.0
431811,0,0,0.0
308880,0,0,0.0
137217,0,0,0.0
177266,0,0,0.0
253617,0,1,1.0
222509,0,0,0.0
177675,0,0,0.0
126583,1,1,1.0
207051,0,0,0.0
148948,0,0,0.0
440821,0,0,0.0
255292,0,0,0.0
296337,1,0,0.0
425604,0,1,1.0
284127,0,0,0.0
363649,0,0,0.0
427092,0,0,0.0
143749,0,0,0.0
250437,0,0,0.0
343027,0,0,0.0
322935,0,0,0.0
409761,0,0,0.0
260045,0,1,1.0
137458,0,0,0.0
432340,0,0,0.0
351640,0,0,0.0
197259,1,0,0.0
284042,0,0,0.0
238899,0,0,0.0
195086,0,0,0.0
387228,0,0,0.0
158942,0,0,0.0
377842,0,0,0.0
243054,0,0,0.0
362081,0,0,0.0
255316,0,0,0.0
221767,0,0,0.0
414505,0,0,0.0
259943,0,0,0.0
317055,0,0,0.0
341691,0,0,0.0
372036,1,0,0.0
198767,0,0,0.0
118908,0,0,0.0
441326,0,0,0.0
371501,0,0,0.0
272785,1,0,0.0
411571,0,0,0.0
