pclass,age,sibsp,parch,fare,sex_female,sex_male,embarked_C,embarked_Q,embarked_S
0.8319355405326728,-0.7994992152649928,0.45915275521306004,-0.45014183284638093,-0.48130843823625913,1.0,0.0,0.0,0.0,1.0
0.8319355405326728,-1.0332466883860767,-0.4797787578886467,-0.45014183284638093,-0.48359940478539637,1.0,0.0,0.0,1.0,0.0
0.8319355405326728,-0.09825679590174125,0.45915275521306004,1.9855093247255098,-0.18577943817806591,1.0,0.0,0.0,0.0,1.0
-1.574242666477571,0.13549067721934258,-0.4797787578886467,-0.45014183284638093,1.9185368172536756,1.0,0.0,1.0,0.0,0.0
-0.37115356297244917,-0.020340971528046637,-0.4797787578886467,-0.45014183284638093,-0.43117246391278946,1.0,0.0,0.0,0.0,1.0
0.8319355405326728,-0.09825679590174125,0.45915275521306004,-0.45014183284638093,-0.3364261219302707,0.0,1.0,0.0,1.0,0.0
0.8319355405326728,-0.5657517421439089,-0.4797787578886467,-0.45014183284638093,-0.460306964072414,1.0,0.0,0.0,0.0,1.0
0.8319355405326728,-0.6436675665176036,-0.4797787578886467,-0.45014183284638093,-0.48130843823625913,0.0,1.0,0.0,0.0,1.0
-0.37115356297244917,-0.17617262027543587,-0.4797787578886467,-0.45014183284638093,-0.43117246391278946,1.0,0.0,0.0,0.0,1.0
0.8319355405326728,0.2913223259667318,0.45915275521306004,0.7676837459395645,-0.2412060482378394,0.0,1.0,0.0,0.0,1.0
0.8319355405326728,-0.7994992152649928,-0.4797787578886467,-0.45014183284638093,-0.48083470652634647,1.0,0.0,0.0,1.0,0.0
0.8319355405326728,-0.09825679590174125,-0.4797787578886467,-0.45014183284638093,-0.4775981714842236,1.0,0.0,0.0,0.0,1.0
-0.37115356297244917,-0.4099200933965197,1.3980842683147667,0.7676837459395645,-0.11850953537047759,1.0,0.0,0.0,0.0,1.0
0.8319355405326728,-0.955330864012382,-0.4797787578886467,-0.45014183284638093,-0.48359940478539637,1.0,0.0,0.0,1.0,0.0
0.8319355405326728,0.2913223259667318,-0.4797787578886467,-0.45014183284638093,-0.46599174459136505,0.0,1.0,1.0,0.0,0.0
0.8319355405326728,-0.020340971528046637,-0.4797787578886467,-0.45014183284638093,-0.4775981714842236,0.0,1.0,0.0,0.0,1.0
-1.574242666477571,0.5250697990878157,0.45915275521306004,-0.45014183284638093,0.8640100309882417,0.0,1.0,0.0,0.0,1.0
-0.37115356297244917,-0.48783591777021434,1.3980842683147667,0.7676837459395645,-0.4122231955162857,0.0,1.0,0.0,0.0,1.0
-1.574242666477571,-1.8124049321230227,-0.4797787578886467,1.9855093247255098,1.9185368172536756,0.0,1.0,1.0,0.0,0.0
0.8319355405326728,-0.8774150396386874,-0.4797787578886467,-0.45014183284638093,-0.4775981714842236,0.0,1.0,0.0,0.0,1.0
-1.574242666477571,1.3821438671984565,0.45915275521306004,0.7676837459395645,0.3657238590874586,1.0,0.0,0.0,0.0,1.0
0.8319355405326728,0.40819606252727375,-0.4797787578886467,-0.45014183284638093,-0.4817821699461717,0.0,1.0,0.0,1.0,0.0
-1.574242666477571,2.083386286561708,-0.4797787578886467,-0.45014183284638093,-0.04847682923067906,0.0,1.0,1.0,0.0,0.0
0.8319355405326728,-0.09825679590174125,-0.4797787578886467,-0.45014183284638093,-0.4775981714842236,0.0,1.0,0.0,0.0,1.0
0.8319355405326728,-0.09825679590174125,-0.4797787578886467,-0.45014183284638093,-0.4805201486709645,1.0,0.0,0.0,0.0,1.0
0.8319355405326728,-0.8774150396386874,-0.4797787578886467,-0.45014183284638093,-0.48280922029326223,1.0,0.0,0.0,0.0,1.0
0.8319355405326728,-0.09825679590174125,-0.4797787578886467,-0.45014183284638093,-0.4832829520031748,1.0,0.0,0.0,1.0,0.0
0.8319355405326728,-0.8774150396386874,-0.4797787578886467,-0.45014183284638093,-0.4832829520031748,0.0,1.0,0.0,0.0,1.0
-1.574242666477571,0.9925647453299833,-0.4797787578886467,-0.45014183284638093,3.6812925098384373,1.0,0.0,1.0,0.0,0.0
0.8319355405326728,1.0704805697036779,0.45915275521306004,6.85681163986929,0.258580905719947,1.0,0.0,0.0,0.0,1.0
0.8319355405326728,-0.09825679590174125,-0.4797787578886467,-0.45014183284638093,-0.4805201486709645,0.0,1.0,0.0,0.0,1.0
0.8319355405326728,-0.2540884446491305,-0.4797787578886467,-0.45014183284638093,-0.4806774275986555,0.0,1.0,0.0,0.0,1.0
0.8319355405326728,-0.4099200933965197,-0.4797787578886467,-0.45014183284638093,-0.4534378542786814,0.0,1.0,0.0,0.0,1.0
0.8319355405326728,-0.5657517421439089,-0.4797787578886467,-0.45014183284638093,0.12190930741016374,1.0,0.0,0.0,0.0,1.0
0.8319355405326728,-0.09825679590174125,-0.4797787578886467,-0.45014183284638093,-0.4775981714842236,0.0,1.0,0.0,0.0,1.0
0.8319355405326728,-0.09825679590174125,-0.4797787578886467,-0.45014183284638093,-0.4832829520031748,1.0,0.0,0.0,1.0,0.0
0.8319355405326728,-0.7994992152649928,-0.4797787578886467,-0.45014183284638093,-0.4775981714842236,0.0,1.0,0.0,0.0,1.0
-0.37115356297244917,1.693807164693235,-0.4797787578886467,-0.45014183284638093,-0.3928001954098694,0.0,1.0,0.0,0.0,1.0
0.8319355405326728,-0.09825679590174125,-0.4797787578886467,-0.45014183284638093,-0.4965474398807274,0.0,1.0,0.0,0.0,1.0
0.8319355405326728,-0.09825679590174125,-0.4797787578886467,-0.45014183284638093,-0.4832829520031748,1.0,0.0,0.0,1.0,0.0
-0.37115356297244917,-0.09825679590174125,-0.4797787578886467,-0.45014183284638093,-0.3837992929215301,0.0,1.0,0.0,0.0,1.0
0.8319355405326728,-0.7994992152649928,-0.4797787578886467,-0.45014183284638093,-0.4374105630689185,0.0,1.0,0.0,0.0,1.0
0.8319355405326728,2.784628705924959,-0.4797787578886467,-0.45014183284638093,-0.4832829520031748,0.0,1.0,0.0,1.0,0.0
0.8319355405326728,-1.0332466883860767,-0.4797787578886467,-0.45014183284638093,-0.4501217323092932,0.0,1.0,0.0,0.0,1.0
-1.574242666477571,-0.48783591777021434,-0.4797787578886467,0.7676837459395645,0.5704536497701247,0.0,1.0,1.0,0.0,0.0
-1.574242666477571,0.05757485284564798,-0.4797787578886467,-0.45014183284638093,2.493963565869786,1.0,0.0,0.0,0.0,1.0
-1.574242666477571,0.7588172722088995,0.45915275521306004,0.7676837459395645,0.879169445705445,1.0,0.0,0.0,0.0,1.0
-0.37115356297244917,0.05757485284564798,-0.4797787578886467,-0.45014183284638093,-0.3837992929215301,0.0,1.0,0.0,0.0,1.0
0.8319355405326728,-0.2540884446491305,-0.4797787578886467,-0.45014183284638093,-0.48083470652634647,0.0,1.0,0.0,1.0,0.0
-1.574242666477571,-0.4099200933965197,0.45915275521306004,-0.45014183284638093,0.5068163217141461,0.0,1.0,0.0,0.0,1.0
-1.574242666477571,-0.09825679590174125,0.45915275521306004,-0.45014183284638093,0.9269367614793516,0.0,1.0,1.0,0.0,0.0
0.8319355405326728,-0.3320042690228251,-0.4797787578886467,-0.45014183284638093,-0.4805201486709645,0.0,1.0,0.0,0.0,1.0
0.8319355405326728,-1.1111625127597713,-0.4797787578886467,-0.45014183284638093,-0.47799231626687094,1.0,0.0,0.0,1.0,0.0
0.8319355405326728,-0.09825679590174125,-0.4797787578886467,-0.45014183284638093,-0.4832829520031748,0.0,1.0,0.0,1.0,0.0
0.8319355405326728,-0.5657517421439089,-0.4797787578886467,-0.45014183284638093,-0.4927575862014267,0.0,1.0,0.0,0.0,1.0
0.8319355405326728,-0.09825679590174125,7.0316733469250075,1.9855093247255098,0.687781834900757,0.0,1.0,0.0,0.0,1.0
-1.574242666477571,-0.5657517421439089,-0.4797787578886467,-0.45014183284638093,1.9400120231274331,0.0,1.0,1.0,0.0,0.0
-1.574242666477571,1.226312218451067,-0.4797787578886467,-0.45014183284638093,-0.06734651069991748,0.0,1.0,1.0,0.0,0.0
-1.574242666477571,-0.955330864012382,-0.4797787578886467,1.9855093247255098,1.4710176303139655,0.0,1.0,1.0,0.0,0.0
0.8319355405326728,-0.2540884446491305,-0.4797787578886467,-0.45014183284638093,-0.4775981714842236,0.0,1.0,0.0,0.0,1.0
0.8319355405326728,0.05757485284564798,0.45915275521306004,-0.45014183284638093,-0.3354786585104455,1.0,0.0,0.0,0.0,1.0
0.8319355405326728,-0.5657517421439089,-0.4797787578886467,-0.45014183284638093,-0.4595963665075451,0.0,1.0,0.0,0.0,1.0
0.8319355405326728,-0.09825679590174125,-0.4797787578886467,-0.45014183284638093,-0.4501217323092932,0.0,1.0,0.0,0.0,1.0
0.8319355405326728,-0.6436675665176036,-0.4797787578886467,-0.45014183284638093,-0.4775981714842236,0.0,1.0,0.0,0.0,1.0
-0.37115356297244917,0.05757485284564798,-0.4797787578886467,-0.45014183284638093,-0.3837992929215301,0.0,1.0,0.0,0.0,1.0
0.8319355405326728,-0.3320042690228251,-0.4797787578886467,-0.45014183284638093,-0.4851778788428252,0.0,1.0,0.0,0.0,1.0
-1.574242666477571,1.5379755159458457,-0.4797787578886467,-0.45014183284638093,-0.6301397820760788,0.0,1.0,0.0,0.0,1.0
-0.37115356297244917,-0.8774150396386874,-0.4797787578886467,-0.45014183284638093,-0.4122231955162857,0.0,1.0,0.0,0.0,1.0
0.8319355405326728,-1.5786574590019389,0.45915275521306004,0.7676837459395645,-0.341243025956662,1.0,0.0,1.0,0.0,0.0
-1.574242666477571,-0.020340971528046637,-0.4797787578886467,-0.45014183284638093,3.572413803485806,1.0,0.0,0.0,0.0,1.0
-1.574242666477571,0.7588172722088995,-0.4797787578886467,-0.45014183284638093,-0.6301397820760788,0.0,1.0,0.0,0.0,1.0
-0.37115356297244917,1.460059691572151,0.45915275521306004,1.9855093247255098,0.6015626636966649,1.0,0.0,0.0,0.0,1.0
-1.574242666477571,3.174207827793432,0.45915275521306004,0.7676837459395645,0.7152582740756874,0.0,1.0,0.0,0.0,1.0
0.8319355405326728,-0.020340971528046637,-0.4797787578886467,-0.45014183284638093,-0.4501217323092932,0.0,1.0,0.0,0.0,1.0
-0.37115356297244917,2.1613021109354027,-0.4797787578886467,-0.45014183284638093,-0.3961163173792575,0.0,1.0,0.0,1.0,0.0
0.8319355405326728,0.2134065015930372,-0.4797787578886467,-0.45014183284638093,-0.4799668300337866,0.0,1.0,0.0,0.0,1.0
-0.37115356297244917,-2.2019840539914957,1.3980842683147667,0.7676837459395645,0.10888168538756741,0.0,1.0,0.0,0.0,1.0
0.8319355405326728,-0.09825679590174125,-0.4797787578886467,-0.45014183284638093,-0.4832829520031748,1.0,0.0,0.0,1.0,0.0
-0.37115356297244917,-0.020340971528046637,0.45915275521306004,-0.45014183284638093,-0.10485090271027768,0.0,1.0,1.0,0.0,0.0
0.8319355405326728,0.2134065015930372,0.45915275521306004,0.7676837459395645,-0.3364261219302707,1.0,0.0,0.0,1.0,0.0
0.8319355405326728,0.5250697990878157,0.45915275521306004,0.7676837459395645,-0.1725149503005133,0.0,1.0,0.0,0.0,1.0
0.8319355405326728,-0.09825679590174125,1.3980842683147667,-0.45014183284638093,-0.2193348026545947,0.0,1.0,1.0,0.0,0.0
0.8319355405326728,0.8756910087694414,-0.4797787578886467,-0.45014183284638093,-0.3440058292888722,0.0,1.0,0.0,0.0,1.0
0.8319355405326728,-0.5657517421439089,-0.4797787578886467,-0.45014183284638093,-0.4775981714842236,0.0,1.0,0.0,0.0,1.0
-0.37115356297244917,-0.3320042690228251,-0.4797787578886467,-0.45014183284638093,-0.43117246391278946,0.0,1.0,0.0,0.0,1.0
-1.574242666477571,2.5508812328038752,-0.4797787578886467,-0.45014183284638093,-0.12703670614890425,0.0,1.0,0.0,0.0,1.0
-0.37115356297244917,0.05757485284564798,2.337015781416474,-0.45014183284638093,-0.2322051457495001,1.0,0.0,0.0,0.0,1.0
0.8319355405326728,-0.09825679590174125,2.337015781416474,0.7676837459395645,-0.1475644486028368,1.0,0.0,0.0,0.0,1.0
-0.37115356297244917,-0.6436675665176036,1.3980842683147667,-0.45014183284638093,0.7626314450669468,0.0,1.0,0.0,0.0,1.0
0.8319355405326728,-0.2540884446491305,-0.4797787578886467,-0.45014183284638093,-0.48280922029326223,0.0,1.0,0.0,0.0,1.0
-1.574242666477571,-1.4228258102545497,0.45915275521306004,1.9855093247255098,1.6437724255043713,0.0,1.0,0.0,0.0,1.0
-0.37115356297244917,2.0054704621880135,-0.4797787578886467,-0.45014183284638093,-0.3269514877320188,1.0,0.0,0.0,0.0,1.0
-1.574242666477571,2.5508812328038752,-0.4797787578886467,-0.45014183284638093,0.8858016896442211,1.0,0.0,0.0,0.0,1.0
-1.574242666477571,1.226312218451067,-0.4797787578886467,-0.45014183284638093,0.042559245999804284,0.0,1.0,0.0,0.0,1.0
0.8319355405326728,-1.0332466883860767,-0.4797787578886467,-0.45014183284638093,-0.4775981714842236,0.0,1.0,0.0,0.0,1.0
-0.37115356297244917,-0.7994992152649928,-0.4797787578886467,-0.45014183284638093,-0.43117246391278946,0.0,1.0,0.0,0.0,1.0
-1.574242666477571,2.7067128815512644,0.45915275521306004,-0.45014183284638093,0.7957926647608283,0.0,1.0,1.0,0.0,0.0
-0.37115356297244917,-0.2540884446491305,-0.4797787578886467,-0.45014183284638093,-0.3743246587232782,1.0,0.0,0.0,0.0,1.0
0.8319355405326728,-1.8124049321230227,3.2759472945181805,1.9855093247255098,-0.03750141297542409,1.0,0.0,0.0,0.0,1.0
-0.37115356297244917,-0.4099200933965197,1.3980842683147667,-0.45014183284638093,-0.033237827586210716,0.0,1.0,0.0,0.0,1.0
0.8319355405326728,0.09653276503249528,-0.4797787578886467,-0.45014183284638093,-0.4832829520031748,1.0,0.0,0.0,1.0,0.0
0.8319355405326728,-0.5657517421439089,-0.4797787578886467,-0.45014183284638093,-0.48375668371308733,1.0,0.0,0.0,1.0,0.0
0.8319355405326728,-0.09825679590174125,-0.4797787578886467,-0.45014183284638093,-0.48359940478539637,1.0,0.0,0.0,1.0,0.0
-1.574242666477571,-0.09825679590174125,-0.4797787578886467,-0.45014183284638093,0.033084611801552415,0.0,1.0,0.0,0.0,1.0
0.8319355405326728,-0.09825679590174125,0.45915275521306004,-0.45014183284638093,-0.508153866773586,0.0,1.0,1.0,0.0,0.0
0.8319355405326728,-0.09825679590174125,-0.4797787578886467,-0.45014183284638093,-0.4805201486709645,0.0,1.0,0.0,0.0,1.0
0.8319355405326728,0.2134065015930372,-0.4797787578886467,-0.45014183284638093,-0.48280922029326223,0.0,1.0,0.0,0.0,1.0
0.8319355405326728,-0.020340971528046637,-0.4797787578886467,1.9855093247255098,-0.341243025956662,1.0,0.0,1.0,0.0,0.0
0.8319355405326728,-0.8774150396386874,0.45915275521306004,-0.45014183284638093,-0.2928428046183121,1.0,0.0,0.0,0.0,1.0
0.8319355405326728,-2.124068229617801,2.337015781416474,1.9855093247255098,-0.10145519381362424,1.0,0.0,0.0,0.0,1.0
0.8319355405326728,0.7588172722088995,-0.4797787578886467,1.9855093247255098,-0.49315173098407394,0.0,1.0,1.0,0.0,0.0
0.8319355405326728,-0.020340971528046637,-0.4797787578886467,-0.45014183284638093,-0.4799668300337866,1.0,0.0,0.0,0.0,1.0
0.8319355405326728,-1.189078337133466,3.2759472945181805,0.7676837459395645,0.12190930741016374,0.0,1.0,0.0,0.0,1.0
-0.37115356297244917,0.6809014478352049,-0.4797787578886467,-0.45014183284638093,-0.3837992929215301,1.0,0.0,0.0,0.0,1.0
0.8319355405326728,-0.8384571274518401,-0.4797787578886467,-0.45014183284638093,-0.49315173098407394,0.0,1.0,1.0,0.0,0.0
0.8319355405326728,-0.09825679590174125,-0.4797787578886467,-0.45014183284638093,-0.4805201486709645,0.0,1.0,0.0,0.0,1.0
-1.574242666477571,0.2134065015930372,-0.4797787578886467,-0.45014183284638093,0.8155321176494664,1.0,0.0,1.0,0.0,0.0
0.8319355405326728,0.5250697990878157,-0.4797787578886467,1.9855093247255098,-0.32884641457166924,1.0,0.0,0.0,0.0,1.0
0.8319355405326728,-0.5657517421439089,-0.4797787578886467,-0.45014183284638093,-0.49323131791133923,0.0,1.0,1.0,0.0,0.0
-0.37115356297244917,0.13549067721934258,-0.4797787578886467,-0.45014183284638093,-0.2322051457495001,1.0,0.0,0.0,0.0,1.0
-1.574242666477571,0.05757485284564798,-0.4797787578886467,-0.45014183284638093,-0.042712461784462585,1.0,0.0,1.0,0.0,0.0
0.8319355405326728,1.0704805697036779,-0.4797787578886467,-0.45014183284638093,-0.4805201486709645,0.0,1.0,0.0,0.0,1.0
0.8319355405326728,0.5250697990878157,0.45915275521306004,-0.45014183284638093,-0.3354786585104455,0.0,1.0,0.0,0.0,1.0
0.8319355405326728,-0.3320042690228251,-0.4797787578886467,-0.45014183284638093,-0.4965474398807274,0.0,1.0,0.0,0.0,1.0
0.8319355405326728,-0.955330864012382,-0.4797787578886467,-0.45014183284638093,-0.46599174459136505,0.0,1.0,0.0,0.0,1.0
-0.37115356297244917,1.226312218451067,-0.4797787578886467,-0.45014183284638093,-0.3743246587232782,1.0,0.0,0.0,0.0,1.0
0.8319355405326728,-0.09825679590174125,-0.4797787578886467,-0.45014183284638093,-0.4775981714842236,0.0,1.0,0.0,0.0,1.0
0.8319355405326728,-0.09825679590174125,0.45915275521306004,1.9855093247255098,-0.18577943817806591,0.0,1.0,0.0,0.0,1.0
0.8319355405326728,-0.09825679590174125,-0.4797787578886467,-0.45014183284638093,-0.49323131791133923,1.0,0.0,1.0,0.0,0.0
0.8319355405326728,-0.09825679590174125,1.3980842683147667,-0.45014183284638093,-0.2193348026545947,0.0,1.0,1.0,0.0,0.0
0.8319355405326728,-0.4099200933965197,-0.4797787578886467,-0.45014183284638093,-0.48130843823625913,0.0,1.0,0.0,0.0,1.0
-0.37115356297244917,-0.4099200933965197,0.45915275521306004,-0.45014183284638093,-0.13745880376698133,1.0,0.0,0.0,0.0,1.0
0.8319355405326728,-0.48783591777021434,-0.4797787578886467,-0.45014183284638093,-0.4805201486709645,0.0,1.0,0.0,0.0,1.0
-1.574242666477571,-0.3320042690228251,0.45915275521306004,1.9855093247255098,2.2416218434140647,1.0,0.0,0.0,0.0,1.0
-1.574242666477571,0.13549067721934258,0.45915275521306004,-0.45014183284638093,0.3552221745421162,0.0,1.0,0.0,0.0,1.0
-1.574242666477571,0.5250697990878157,-0.4797787578886467,0.7676837459395645,9.078123736089971,0.0,1.0,1.0,0.0,0.0
-0.37115356297244917,2.1613021109354027,-0.4797787578886467,-0.45014183284638093,-0.3837992929215301,0.0,1.0,0.0,0.0,1.0
-1.574242666477571,1.3821438671984565,-0.4797787578886467,-0.45014183284638093,0.3552221745421162,0.0,1.0,0.0,0.0,1.0
0.8319355405326728,-0.09825679590174125,-0.4797787578886467,-0.45014183284638093,-0.4775981714842236,0.0,1.0,0.0,0.0,1.0
0.8319355405326728,-2.2214630100849195,0.45915275521306004,0.7676837459395645,-0.3691136099142397,0.0,1.0,0.0,0.0,1.0
-1.574242666477571,0.9146489209562887,-0.4797787578886467,-0.45014183284638093,1.9185368172536756,1.0,0.0,1.0,0.0,0.0
-1.574242666477571,1.6158913403195403,-0.4797787578886467,0.7676837459395645,4.060198290841247,1.0,0.0,1.0,0.0,0.0
-1.574242666477571,0.8367330965825941,-0.4797787578886467,-0.45014183284638093,2.277862319222378,1.0,0.0,0.0,0.0,1.0
0.8319355405326728,-0.6436675665176036,-0.4797787578886467,-0.45014183284638093,-0.4703349169078438,0.0,1.0,0.0,0.0,1.0
-1.574242666477571,0.13549067721934258,-0.4797787578886467,-0.45014183284638093,-0.08937503521085305,0.0,1.0,1.0,0.0,0.0
-0.37115356297244917,0.2523644137798845,-0.4797787578886467,-0.45014183284638093,-0.3837992929215301,1.0,0.0,0.0,0.0,1.0
-0.37115356297244917,-0.09825679590174125,-0.4797787578886467,-0.45014183284638093,-0.3674555489295456,0.0,1.0,1.0,0.0,0.0
-1.574242666477571,-1.1111625127597713,-0.4797787578886467,0.7676837459395645,3.3745512276700325,1.0,0.0,0.0,0.0,1.0
-1.574242666477571,2.317133759682792,1.3980842683147667,-0.45014183284638093,0.34535339556121697,1.0,0.0,0.0,0.0,1.0
-0.37115356297244917,-0.4099200933965197,0.45915275521306004,1.9855093247255098,0.6015626636966649,1.0,0.0,0.0,0.0,1.0
-1.574242666477571,2.3950495840564865,0.45915275521306004,-0.45014183284638093,0.7957926647608283,1.0,0.0,1.0,0.0,0.0
0.8319355405326728,-0.059298883714893946,-0.4797787578886467,-0.45014183284638093,-0.32505656089236845,0.0,1.0,0.0,0.0,1.0
0.8319355405326728,-0.09825679590174125,0.45915275521306004,-0.45014183284638093,-0.25178542478360744,0.0,1.0,0.0,0.0,1.0
-0.37115356297244917,-0.09825679590174125,-0.4797787578886467,-0.45014183284638093,-0.3837992929215301,1.0,0.0,0.0,0.0,1.0
-0.37115356297244917,-0.4099200933965197,-0.4797787578886467,-0.45014183284638093,-0.3837992929215301,1.0,0.0,0.0,0.0,1.0
-1.574242666477571,-0.059298883714893946,-0.4797787578886467,-0.45014183284638093,-0.10485090271027768,0.0,1.0,1.0,0.0,0.0
0.8319355405326728,-0.2540884446491305,0.45915275521306004,-0.45014183284638093,-0.32505656089236845,1.0,0.0,0.0,0.0,1.0
0.8319355405326728,-0.020340971528046637,-0.4797787578886467,-0.45014183284638093,-0.4832829520031748,0.0,1.0,0.0,1.0,0.0
0.8319355405326728,-0.48783591777021434,-0.4797787578886467,-0.45014183284638093,-0.46599174459136505,1.0,0.0,0.0,0.0,1.0
0.8319355405326728,-0.09825679590174125,-0.4797787578886467,-0.45014183284638093,-0.4832829520031748,0.0,1.0,0.0,1.0,0.0
0.8319355405326728,-0.09825679590174125,-0.4797787578886467,-0.45014183284638093,-0.4805201486709645,0.0,1.0,1.0,0.0,0.0
-1.574242666477571,0.5250697990878157,0.45915275521306004,1.9855093247255098,1.6437724255043713,1.0,0.0,0.0,0.0,1.0
0.8319355405326728,-0.4099200933965197,-0.4797787578886467,-0.45014183284638093,-0.46599174459136505,0.0,1.0,0.0,0.0,1.0
-1.574242666477571,2.0054704621880135,-0.4797787578886467,-0.45014183284638093,-0.05218709598271446,0.0,1.0,0.0,0.0,1.0
0.8319355405326728,1.460059691572151,-0.4797787578886467,-0.45014183284638093,-0.48130843823625913,0.0,1.0,0.0,0.0,1.0
0.8319355405326728,-0.6436675665176036,-0.4797787578886467,-0.45014183284638093,-0.4824150755106149,0.0,1.0,0.0,0.0,1.0
-0.37115356297244917,0.5250697990878157,0.45915275521306004,-0.45014183284638093,-0.13745880376698133,1.0,0.0,0.0,0.0,1.0
0.8319355405326728,-1.5786574590019389,0.45915275521306004,0.7676837459395645,-0.341243025956662,1.0,0.0,1.0,0.0,0.0
0.8319355405326728,-0.4099200933965197,-0.4797787578886467,-0.45014183284638093,-0.4832829520031748,1.0,0.0,0.0,1.0,0.0
0.8319355405326728,-0.6436675665176036,-0.4797787578886467,-0.45014183284638093,-0.48233548858334957,0.0,1.0,0.0,0.0,1.0
0.8319355405326728,-0.020340971528046637,-0.4797787578886467,-0.45014183284638093,-0.45043818509151484,0.0,1.0,0.0,0.0,1.0
0.8319355405326728,1.693807164693235,-0.4797787578886467,-0.45014183284638093,-0.4832829520031748,0.0,1.0,0.0,0.0,1.0
-0.37115356297244917,1.6158913403195403,-0.4797787578886467,-0.45014183284638093,-0.43117246391278946,1.0,0.0,0.0,0.0,1.0
0.8319355405326728,-0.09825679590174125,-0.4797787578886467,-0.45014183284638093,-0.4775981714842236,0.0,1.0,0.0,0.0,1.0
0.8319355405326728,2.317133759682792,-0.4797787578886467,-0.45014183284638093,-0.4927575862014267,0.0,1.0,0.0,0.0,1.0
0.8319355405326728,0.5250697990878157,-0.4797787578886467,-0.45014183284638093,-0.4927575862014267,0.0,1.0,0.0,0.0,1.0
0.8319355405326728,-0.955330864012382,0.45915275521306004,0.7676837459395645,-0.49315173098407394,0.0,1.0,1.0,0.0,0.0
0.8319355405326728,0.2134065015930372,-0.4797787578886467,-0.45014183284638093,-0.4799668300337866,0.0,1.0,0.0,0.0,1.0
-0.37115356297244917,1.6158913403195403,-0.4797787578886467,0.7676837459395645,-0.13745880376698133,1.0,0.0,0.0,0.0,1.0
-1.574242666477571,-0.7994992152649928,-0.4797787578886467,-0.45014183284638093,-0.06166173018096634,1.0,0.0,0.0,0.0,1.0
0.8319355405326728,2.044428374374861,-0.4797787578886467,-0.45014183284638093,-0.4775981714842236,0.0,1.0,0.0,0.0,1.0
-1.574242666477571,2.472965408430181,-0.4797787578886467,-0.45014183284638093,-0.017684268086360467,0.0,1.0,0.0,0.0,1.0
-0.37115356297244917,0.44715397471412105,-0.4797787578886467,-0.45014183284638093,-0.3961163173792575,0.0,1.0,0.0,1.0,0.0
0.8319355405326728,-0.955330864012382,-0.4797787578886467,-0.45014183284638093,-0.4951262447509896,0.0,1.0,0.0,0.0,1.0
-0.37115356297244917,-0.8774150396386874,-0.4797787578886467,-0.45014183284638093,-0.43117246391278946,0.0,1.0,0.0,0.0,1.0
-1.574242666477571,1.3821438671984565,-0.4797787578886467,-0.45014183284638093,-0.14527537698053916,0.0,1.0,0.0,0.0,1.0
0.8319355405326728,-0.09825679590174125,-0.4797787578886467,-0.45014183284638093,-0.1725149503005133,0.0,1.0,0.0,1.0,0.0
-1.574242666477571,2.1613021109354027,0.45915275521306004,-0.45014183284638093,2.146322182794368,0.0,1.0,1.0,0.0,0.0
-1.574242666477571,0.7588172722088995,0.45915275521306004,0.7676837459395645,1.4710176303139655,1.0,0.0,1.0,0.0,0.0
-1.574242666477571,-0.020340971528046637,-0.4797787578886467,-0.45014183284638093,-0.06166173018096634,0.0,1.0,0.0,0.0,1.0
0.8319355405326728,-0.2540884446491305,0.45915275521306004,0.7676837459395645,-0.21278214564308376,1.0,0.0,0.0,0.0,1.0
-1.574242666477571,0.6809014478352049,0.45915275521306004,-0.45014183284638093,0.7206266018124169,1.0,0.0,1.0,0.0,0.0
0.8319355405326728,-0.09825679590174125,0.45915275521306004,0.7676837459395645,-0.341243025956662,0.0,1.0,1.0,0.0,0.0
0.8319355405326728,-0.7215833908912982,-0.4797787578886467,-0.45014183284638093,-0.4435690752977822,0.0,1.0,0.0,0.0,1.0
0.8319355405326728,-0.09825679590174125,-0.4797787578886467,-0.45014183284638093,-0.48375668371308733,0.0,1.0,0.0,1.0,0.0
0.8319355405326728,0.2913223259667318,2.337015781416474,-0.45014183284638093,-0.3297938779914944,1.0,0.0,0.0,0.0,1.0
0.8319355405326728,-0.09825679590174125,0.45915275521306004,-0.45014183284638093,-0.3562432668193343,0.0,1.0,1.0,0.0,0.0
0.8319355405326728,-1.5007416346282443,4.214878807619887,1.9855093247255098,0.258580905719947,1.0,0.0,0.0,0.0,1.0
0.8319355405326728,-1.2669941615071605,-0.4797787578886467,-0.45014183284638093,-0.49315173098407394,1.0,0.0,1.0,0.0,0.0
-1.574242666477571,0.9925647453299833,0.45915275521306004,-0.45014183284638093,0.3552221745421162,0.0,1.0,0.0,0.0,1.0
-1.574242666477571,1.460059691572151,0.45915275521306004,-0.45014183284638093,0.3552221745421162,0.0,1.0,0.0,0.0,1.0
0.8319355405326728,-1.0332466883860767,-0.4797787578886467,-0.45014183284638093,-0.4775981714842236,0.0,1.0,0.0,0.0,1.0
-1.574242666477571,-0.4099200933965197,0.45915275521306004,-0.45014183284638093,0.9287539963185762,0.0,1.0,0.0,0.0,1.0
-1.574242666477571,-0.17617262027543587,-0.4797787578886467,-0.45014183284638093,0.8238224225729368,0.0,1.0,1.0,0.0,0.0
-1.574242666477571,2.472965408430181,-0.4797787578886467,-0.45014183284638093,0.004660709206796786,0.0,1.0,0.0,0.0,1.0
0.8319355405326728,-2.0461524052441065,2.337015781416474,0.7676837459395645,-0.2307839506197623,1.0,0.0,0.0,0.0,1.0
0.8319355405326728,0.8367330965825941,0.45915275521306004,4.421160482297401,-0.10145519381362424,0.0,1.0,0.0,0.0,1.0
0.8319355405326728,0.05757485284564798,-0.4797787578886467,-0.45014183284638093,-0.4927575862014267,0.0,1.0,0.0,0.0,1.0
-0.37115356297244917,-0.6436675665176036,-0.4797787578886467,-0.45014183284638093,-0.43117246391278946,1.0,0.0,0.0,0.0,1.0
-1.574242666477571,-0.8774150396386874,0.45915275521306004,-0.45014183284638093,0.3760663697782703,1.0,0.0,0.0,0.0,1.0
0.8319355405326728,-1.5007416346282443,2.337015781416474,1.9855093247255098,-0.10145519381362424,0.0,1.0,0.0,0.0,1.0
-1.574242666477571,0.2913223259667318,0.45915275521306004,-0.45014183284638093,1.0752943736092586,1.0,0.0,0.0,1.0,0.0
-1.574242666477571,-0.09825679590174125,-0.4797787578886467,-0.45014183284638093,3.572413803485806,0.0,1.0,0.0,0.0,1.0
0.8319355405326728,0.13549067721934258,-0.4797787578886467,-0.45014183284638093,-0.4832829520031748,0.0,1.0,0.0,1.0,0.0
-0.37115356297244917,-0.6436675665176036,0.45915275521306004,-0.45014183284638093,-0.4122231955162857,0.0,1.0,0.0,0.0,1.0
0.8319355405326728,-0.7994992152649928,0.45915275521306004,-0.45014183284638093,-0.32505656089236845,1.0,0.0,0.0,0.0,1.0
0.8319355405326728,-0.6436675665176036,-0.4797787578886467,-0.45014183284638093,-0.48359940478539637,0.0,1.0,0.0,1.0,0.0
-1.574242666477571,0.44715397471412105,-0.4797787578886467,-0.45014183284638093,9.078123736089971,0.0,1.0,1.0,0.0,0.0
0.8319355405326728,-0.09825679590174125,-0.4797787578886467,-0.45014183284638093,-0.49323131791133923,0.0,1.0,1.0,0.0,0.0
-0.37115356297244917,-0.7215833908912982,0.45915275521306004,-0.45014183284638093,-0.13745880376698133,1.0,0.0,0.0,0.0,1.0
-0.37115356297244917,-0.7994992152649928,-0.4797787578886467,-0.45014183284638093,-0.13745880376698133,1.0,0.0,0.0,0.0,1.0
-1.574242666477571,-0.09825679590174125,-0.4797787578886467,-0.45014183284638093,-0.06166173018096634,0.0,1.0,0.0,0.0,1.0
-1.574242666477571,2.0054704621880135,0.45915275521306004,-0.45014183284638093,0.4954467606762439,0.0,1.0,1.0,0.0,0.0
0.8319355405326728,-0.8774150396386874,0.45915275521306004,-0.45014183284638093,-0.5070491244260698,0.0,1.0,0.0,0.0,1.0
0.8319355405326728,-2.2019840539914957,-0.4797787578886467,1.9855093247255098,-0.33184608375883573,1.0,0.0,1.0,0.0,0.0
-1.574242666477571,0.2523644137798845,-0.4797787578886467,-0.45014183284638093,3.3776304837844644,0.0,1.0,1.0,0.0,0.0
-0.37115356297244917,0.2134065015930372,0.45915275521306004,-0.45014183284638093,-0.13745880376698133,0.0,1.0,0.0,0.0,1.0
0.8319355405326728,-0.09825679590174125,0.45915275521306004,-0.45014183284638093,-0.1725149503005133,1.0,0.0,0.0,1.0,0.0
0.8319355405326728,-0.5267938299570616,-0.4797787578886467,-0.45014183284638093,-0.49323131791133923,0.0,1.0,1.0,0.0,0.0
0.8319355405326728,-0.09825679590174125,-0.4797787578886467,-0.45014183284638093,-0.46504428117153995,0.0,1.0,1.0,0.0,0.0
-0.37115356297244917,-0.3320042690228251,-0.4797787578886467,-0.45014183284638093,-0.3837992929215301,0.0,1.0,0.0,0.0,1.0
0.8319355405326728,-0.8774150396386874,-0.4797787578886467,-0.45014183284638093,-0.4832829520031748,0.0,1.0,0.0,0.0,1.0
-0.37115356297244917,0.2913223259667318,0.45915275521306004,1.9855093247255098,-0.10429758407309977,1.0,0.0,0.0,0.0,1.0
0.8319355405326728,-0.4099200933965197,-0.4797787578886467,-0.45014183284638093,-0.494809791968768,0.0,1.0,0.0,0.0,1.0
-1.574242666477571,-0.955330864012382,0.45915275521306004,-0.45014183284638093,0.44996851652463493,1.0,0.0,0.0,0.0,1.0
0.8319355405326728,-0.09825679590174125,0.45915275521306004,-0.45014183284638093,-0.25178542478360744,0.0,1.0,0.0,0.0,1.0
-0.37115356297244917,-0.5657517421439089,-0.4797787578886467,-0.45014183284638093,-0.43117246391278946,1.0,0.0,0.0,0.0,1.0
-0.37115356297244917,1.0704805697036779,0.45915275521306004,0.7676837459395645,-0.1327214866678554,0.0,1.0,0.0,0.0,1.0
-1.574242666477571,3.2521236521671266,-0.4797787578886467,-0.45014183284638093,0.30792859047812204,0.0,1.0,1.0,0.0,0.0
-0.37115356297244917,-2.124068229617801,0.45915275521306004,0.7676837459395645,-0.1943066089564926,0.0,1.0,0.0,0.0,1.0
0.8319355405326728,0.6809014478352049,0.45915275521306004,5.6389860610833455,-0.0353696202808174,1.0,0.0,0.0,0.0,1.0
0.8319355405326728,-1.1501204249466186,7.0316733469250075,1.9855093247255098,0.687781834900757,0.0,1.0,0.0,0.0,1.0
0.8319355405326728,-0.8774150396386874,0.45915275521306004,0.7676837459395645,-0.48130843823625913,0.0,1.0,0.0,0.0,1.0
0.8319355405326728,-2.2669113104420955,0.45915275521306004,1.9855093247255098,-0.2402585848180142,1.0,0.0,0.0,0.0,1.0
-1.574242666477571,2.0054704621880135,-0.4797787578886467,-0.45014183284638093,0.31732363774910866,0.0,1.0,0.0,0.0,1.0
0.8319355405326728,-2.247432354348672,-0.4797787578886467,0.7676837459395645,-0.46875454792357535,0.0,1.0,1.0,0.0,0.0
0.8319355405326728,-0.09825679590174125,-0.4797787578886467,-0.45014183284638093,-0.4927575862014267,0.0,1.0,0.0,0.0,1.0
0.8319355405326728,-0.4099200933965197,-0.4797787578886467,-0.45014183284638093,-0.4805201486709645,0.0,1.0,0.0,0.0,1.0
0.8319355405326728,-1.5786574590019389,4.214878807619887,1.9855093247255098,0.258580905719947,0.0,1.0,0.0,0.0,1.0
0.8319355405326728,-0.09825679590174125,-0.4797787578886467,1.9855093247255098,-0.341243025956662,1.0,0.0,1.0,0.0,0.0
-0.37115356297244917,0.36923815034042645,0.45915275521306004,-0.45014183284638093,-0.2322051457495001,0.0,1.0,0.0,0.0,1.0
0.8319355405326728,-1.734489107749328,3.2759472945181805,0.7676837459395645,-0.07824234002790711,0.0,1.0,0.0,1.0,0.0
0.8319355405326728,-0.6436675665176036,-0.4797787578886467,-0.45014183284638093,-0.4799668300337866,0.0,1.0,0.0,0.0,1.0
0.8319355405326728,-1.0332466883860767,4.214878807619887,1.9855093247255098,0.258580905719947,1.0,0.0,0.0,0.0,1.0
0.8319355405326728,-0.4099200933965197,-0.4797787578886467,-0.45014183284638093,-0.4775981714842236,0.0,1.0,0.0,0.0,1.0
0.8319355405326728,-0.8774150396386874,-0.4797787578886467,0.7676837459395645,-0.3562432668193343,1.0,0.0,1.0,0.0,0.0
0.8319355405326728,0.05757485284564798,-0.4797787578886467,-0.45014183284638093,-0.4775981714842236,0.0,1.0,0.0,0.0,1.0
0.8319355405326728,0.2134065015930372,-0.4797787578886467,-0.45014183284638093,-0.4716765251103162,0.0,1.0,0.0,0.0,1.0
0.8319355405326728,-0.09825679590174125,1.3980842683147667,-0.45014183284638093,-0.18956929185736665,0.0,1.0,0.0,1.0,0.0
0.8319355405326728,0.44715397471412105,-0.4797787578886467,-0.45014183284638093,-0.4965474398807274,0.0,1.0,0.0,0.0,1.0
0.8319355405326728,-0.09825679590174125,-0.4797787578886467,-0.45014183284638093,-0.4832829520031748,1.0,0.0,0.0,1.0,0.0
0.8319355405326728,-1.4228258102545497,3.2759472945181805,1.9855093247255098,-0.03750141297542409,1.0,0.0,0.0,0.0,1.0
-1.574242666477571,-0.09825679590174125,0.45915275521306004,-0.45014183284638093,1.0583196189796706,1.0,0.0,1.0,0.0,0.0
0.8319355405326728,-0.09825679590174125,-0.4797787578886467,-0.45014183284638093,-0.4832829520031748,0.0,1.0,0.0,1.0,0.0
0.8319355405326728,-0.955330864012382,-0.4797787578886467,-0.45014183284638093,-0.46599174459136505,0.0,1.0,0.0,0.0,1.0
0.8319355405326728,-0.09825679590174125,0.45915275521306004,-0.45014183284638093,-0.3562432668193343,1.0,0.0,1.0,0.0,0.0
0.8319355405326728,-0.8774150396386874,0.45915275521306004,0.7676837459395645,-0.24712769461174683,0.0,1.0,0.0,0.0,1.0
0.8319355405326728,0.05757485284564798,-0.4797787578886467,-0.45014183284638093,-0.4501217323092932,0.0,1.0,0.0,0.0,1.0
-1.574242666477571,-2.124068229617801,0.45915275521306004,1.9855093247255098,2.2416218434140647,1.0,0.0,0.0,0.0,1.0
0.8319355405326728,-0.7215833908912982,-0.4797787578886467,-0.45014183284638093,-0.48130843823625913,0.0,1.0,0.0,0.0,1.0
0.8319355405326728,-2.2019840539914957,0.45915275521306004,1.9855093247255098,-0.2402585848180142,0.0,1.0,0.0,0.0,1.0
0.8319355405326728,-0.17617262027543587,-0.4797787578886467,-0.45014183284638093,-0.46599174459136505,0.0,1.0,0.0,0.0,1.0
-1.574242666477571,-0.7994992152649928,0.45915275521306004,-0.45014183284638093,0.3760663697782703,0.0,1.0,0.0,0.0,1.0
-1.574242666477571,0.6029856234615103,0.45915275521306004,0.7676837459395645,0.3657238590874586,0.0,1.0,0.0,0.0,1.0
0.8319355405326728,-1.9682365808704119,2.337015781416474,1.9855093247255098,-0.10145519381362424,0.0,1.0,0.0,0.0,1.0
-0.37115356297244917,2.317133759682792,-0.4797787578886467,-0.45014183284638093,-0.3743246587232782,0.0,1.0,0.0,0.0,1.0
0.8319355405326728,-0.020340971528046637,-0.4797787578886467,-0.45014183284638093,-0.48130843823625913,0.0,1.0,0.0,0.0,1.0
-0.37115356297244917,-0.09825679590174125,-0.4797787578886467,-0.45014183284638093,-0.34503287963596274,0.0,1.0,1.0,0.0,0.0
-0.37115356297244917,-0.17617262027543587,-0.4797787578886467,-0.45014183284638093,-0.13745880376698133,0.0,1.0,0.0,0.0,1.0
-0.37115356297244917,0.05757485284564798,-0.4797787578886467,-0.45014183284638093,-0.3887734758756123,0.0,1.0,1.0,0.0,0.0
-1.574242666477571,1.693807164693235,-0.4797787578886467,0.7676837459395645,0.11646139274616889,1.0,0.0,0.0,0.0,1.0
0.8319355405326728,0.44715397471412105,-0.4797787578886467,-0.45014183284638093,-0.4775981714842236,0.0,1.0,0.0,0.0,1.0
0.8319355405326728,0.8756910087694414,-0.4797787578886467,1.9855093247255098,-0.35537539032677445,0.0,1.0,0.0,0.0,1.0
0.8319355405326728,-0.09825679590174125,-0.4797787578886467,-0.45014183284638093,-0.508153866773586,0.0,1.0,1.0,0.0,0.0
-0.37115356297244917,-1.6565732833756335,0.45915275521306004,0.7676837459395645,0.06624583149543398,0.0,1.0,0.0,0.0,1.0
-1.574242666477571,1.6158913403195403,0.45915275521306004,0.7676837459395645,3.3776304837844644,0.0,1.0,1.0,0.0,0.0
0.8319355405326728,0.9925647453299833,-0.4797787578886467,-0.45014183284638093,-0.46599174459136505,0.0,1.0,0.0,0.0,1.0
-1.574242666477571,2.3950495840564865,0.45915275521306004,4.421160482297401,4.353517806204407,1.0,0.0,0.0,0.0,1.0
0.8319355405326728,0.7588172722088995,-0.4797787578886467,-0.45014183284638093,-0.1725149503005133,0.0,1.0,0.0,0.0,1.0
0.8319355405326728,-0.4099200933965197,1.3980842683147667,-0.45014183284638093,-0.1725149503005133,0.0,1.0,0.0,0.0,1.0
-1.574242666477571,-0.09825679590174125,-0.4797787578886467,-0.45014183284638093,-0.12703670614890425,0.0,1.0,0.0,0.0,1.0
-0.37115356297244917,-0.8774150396386874,-0.4797787578886467,-0.45014183284638093,-0.3837992929215301,0.0,1.0,0.0,0.0,1.0
0.8319355405326728,-0.17617262027543587,-0.4797787578886467,-0.45014183284638093,-0.46599174459136505,0.0,1.0,0.0,0.0,1.0
0.8319355405326728,0.44715397471412105,-0.4797787578886467,-0.45014183284638093,-0.4805201486709645,0.0,1.0,0.0,0.0,1.0
0.8319355405326728,-0.09825679590174125,-0.4797787578886467,-0.45014183284638093,-0.48280922029326223,0.0,1.0,0.0,0.0,1.0
-1.574242666477571,3.9533660715303784,-0.4797787578886467,-0.45014183284638093,-0.06166173018096634,0.0,1.0,0.0,0.0,1.0
0.8319355405326728,-0.7994992152649928,-0.4797787578886467,-0.45014183284638093,-0.4775981714842236,0.0,1.0,0.0,0.0,1.0
0.8319355405326728,0.05757485284564798,0.45915275521306004,-0.45014183284638093,-0.32505656089236845,0.0,1.0,0.0,0.0,1.0
-1.574242666477571,-0.17617262027543587,-0.4797787578886467,1.9855093247255098,3.3776304837844644,0.0,1.0,1.0,0.0,0.0
0.8319355405326728,-1.3838678980677024,0.45915275521306004,0.7676837459395645,-0.35537539032677445,0.0,1.0,0.0,0.0,1.0
0.8319355405326728,-0.09825679590174125,0.45915275521306004,0.7676837459395645,-0.3572703171664249,1.0,0.0,0.0,0.0,1.0
0.8319355405326728,1.3821438671984565,-0.4797787578886467,-0.45014183284638093,-0.4595963665075451,0.0,1.0,0.0,0.0,1.0
0.8319355405326728,-1.5786574590019389,3.2759472945181805,1.9855093247255098,-0.0353696202808174,0.0,1.0,0.0,0.0,1.0
-0.37115356297244917,1.1483963940773725,0.45915275521306004,-0.45014183284638093,-0.13745880376698133,0.0,1.0,0.0,0.0,1.0
-1.574242666477571,2.083386286561708,-0.4797787578886467,-0.45014183284638093,0.042559245999804284,0.0,1.0,1.0,0.0,0.0
-0.37115356297244917,0.9925647453299833,0.45915275521306004,0.7676837459395645,-0.014288559189706963,0.0,1.0,0.0,0.0,1.0
0.8319355405326728,-0.09825679590174125,-0.4797787578886467,-0.45014183284638093,-0.4836770967858221,0.0,1.0,0.0,1.0,0.0
-1.574242666477571,0.6809014478352049,-0.4797787578886467,-0.45014183284638093,0.8858016896442211,1.0,0.0,0.0,0.0,1.0
0.8319355405326728,0.7588172722088995,0.45915275521306004,5.6389860610833455,-0.03750141297542409,0.0,1.0,0.0,0.0,1.0
0.8319355405326728,-1.1111625127597713,-0.4797787578886467,-0.45014183284638093,-0.49323131791133923,1.0,0.0,1.0,0.0,0.0
-1.574242666477571,0.05757485284564798,0.45915275521306004,1.9855093247255098,2.2416218434140647,0.0,1.0,0.0,0.0,1.0
-1.574242666477571,1.3042280428247617,-0.4797787578886467,-0.45014183284638093,0.8706422749270182,0.0,1.0,1.0,0.0,0.0
0.8319355405326728,-0.8774150396386874,-0.4797787578886467,-0.45014183284638093,-0.4436467672982079,1.0,0.0,0.0,0.0,1.0
-0.37115356297244917,-0.7215833908912982,1.3980842683147667,0.7676837459395645,-0.1943066089564926,1.0,0.0,0.0,0.0,1.0
-0.37115356297244917,-0.09825679590174125,0.45915275521306004,-0.45014183284638093,-0.13745880376698133,1.0,0.0,0.0,0.0,1.0
0.8319355405326728,-0.6436675665176036,-0.4797787578886467,-0.45014183284638093,-0.48280922029326223,0.0,1.0,0.0,0.0,1.0
-1.574242666477571,1.5379755159458457,0.45915275521306004,-0.45014183284638093,0.8238224225729368,1.0,0.0,1.0,0.0,0.0
0.8319355405326728,-0.09825679590174125,7.0316733469250075,1.9855093247255098,0.687781834900757,1.0,0.0,0.0,0.0,1.0
0.8319355405326728,-1.1111625127597713,0.45915275521306004,0.7676837459395645,-0.49315173098407394,0.0,1.0,1.0,0.0,0.0
0.8319355405326728,-1.0332466883860767,0.45915275521306004,0.7676837459395645,-0.46875454792357535,1.0,0.0,1.0,0.0,0.0
0.8319355405326728,-0.09825679590174125,0.45915275521306004,0.7676837459395645,-0.341243025956662,0.0,1.0,1.0,0.0,0.0
-0.37115356297244917,-0.09825679590174125,-0.4797787578886467,-0.45014183284638093,-0.6301397820760788,0.0,1.0,0.0,0.0,1.0
-1.574242666477571,0.9925647453299833,-0.4797787578886467,-0.45014183284638093,-0.12703670614890425,0.0,1.0,0.0,0.0,1.0
0.8319355405326728,-0.2540884446491305,-0.4797787578886467,-0.45014183284638093,-0.4799668300337866,1.0,0.0,0.0,0.0,1.0
0.8319355405326728,-0.09825679590174125,-0.4797787578886467,-0.45014183284638093,-0.4832829520031748,0.0,1.0,0.0,1.0,0.0
0.8319355405326728,-0.09825679590174125,0.45915275521306004,-0.45014183284638093,-0.35616557481890865,1.0,0.0,1.0,0.0,0.0
-1.574242666477571,0.7588172722088995,0.45915275521306004,0.7676837459395645,0.9456491640208989,1.0,0.0,1.0,0.0,0.0
0.8319355405326728,-0.955330864012382,-0.4797787578886467,-0.45014183284638093,-0.46599174459136505,0.0,1.0,0.0,0.0,1.0
-1.574242666477571,-0.17617262027543587,0.45915275521306004,-0.45014183284638093,0.3760663697782703,0.0,1.0,0.0,0.0,1.0
-1.574242666477571,-0.09825679590174125,-0.4797787578886467,-0.45014183284638093,-0.14235339979379824,0.0,1.0,1.0,0.0,0.0
0.8319355405326728,-0.09825679590174125,-0.4797787578886467,-0.45014183284638093,-0.46599174459136505,0.0,1.0,0.0,0.0,1.0
0.8319355405326728,-0.8774150396386874,-0.4797787578886467,0.7676837459395645,-0.4529641225687687,1.0,0.0,0.0,0.0,1.0
-1.574242666477571,-0.955330864012382,0.45915275521306004,-0.45014183284638093,1.4334355463031798,1.0,0.0,1.0,0.0,0.0
-1.574242666477571,-0.8774150396386874,0.45915275521306004,-0.45014183284638093,0.5068163217141461,1.0,0.0,0.0,0.0,1.0
0.8319355405326728,-0.09825679590174125,-0.4797787578886467,-0.45014183284638093,-0.4805201486709645,0.0,1.0,0.0,0.0,1.0
0.8319355405326728,-0.17617262027543587,-0.4797787578886467,-0.45014183284638093,-0.4979686350104652,0.0,1.0,0.0,0.0,1.0
0.8319355405326728,-1.734489107749328,3.2759472945181805,0.7676837459395645,0.12190930741016374,0.0,1.0,0.0,0.0,1.0
-0.37115356297244917,-0.3320042690228251,-0.4797787578886467,-0.45014183284638093,-0.3837992929215301,0.0,1.0,0.0,0.0,1.0
-1.574242666477571,2.3950495840564865,-0.4797787578886467,-0.45014183284638093,-0.12703670614890425,0.0,1.0,0.0,0.0,1.0
-0.37115356297244917,-0.7994992152649928,-0.4797787578886467,-0.45014183284638093,-0.3837992929215301,1.0,0.0,0.0,0.0,1.0
-0.37115356297244917,0.8367330965825941,-0.4797787578886467,-0.45014183284638093,-0.3837992929215301,1.0,0.0,0.0,0.0,1.0
0.8319355405326728,-0.09825679590174125,-0.4797787578886467,-0.45014183284638093,-0.4817821699461717,1.0,0.0,0.0,1.0,0.0
-0.37115356297244917,0.05757485284564798,-0.4797787578886467,-0.45014183284638093,-0.3961163173792575,1.0,0.0,0.0,1.0,0.0
-1.574242666477571,1.226312218451067,-0.4797787578886467,-0.45014183284638093,-0.12703670614890425,0.0,1.0,0.0,0.0,1.0
0.8319355405326728,-0.09825679590174125,-0.4797787578886467,-0.45014183284638093,-0.4827296333659969,1.0,0.0,0.0,1.0,0.0
0.8319355405326728,-0.09825679590174125,-0.4797787578886467,-0.45014183284638093,-0.4832829520031748,0.0,1.0,0.0,1.0,0.0
0.8319355405326728,-0.09825679590174125,-0.4797787578886467,-0.45014183284638093,-0.4832829520031748,0.0,1.0,0.0,1.0,0.0
0.8319355405326728,-0.059298883714893946,-0.4797787578886467,-0.45014183284638093,-0.49315173098407394,0.0,1.0,1.0,0.0,0.0
0.8319355405326728,0.05757485284564798,-0.4797787578886467,-0.45014183284638093,-0.49315173098407394,0.0,1.0,1.0,0.0,0.0
-0.37115356297244917,-0.6436675665176036,-0.4797787578886467,-0.45014183284638093,0.7626314450669468,0.0,1.0,0.0,0.0,1.0
-1.574242666477571,1.460059691572151,0.45915275521306004,-0.45014183284638093,0.8238224225729368,0.0,1.0,1.0,0.0,0.0
0.8319355405326728,-0.09825679590174125,-0.4797787578886467,-0.45014183284638093,-0.49315173098407394,0.0,1.0,1.0,0.0,0.0
0.8319355405326728,-0.020340971528046637,0.45915275521306004,0.7676837459395645,-0.43188306147765837,1.0,0.0,0.0,0.0,1.0
0.8319355405326728,-0.020340971528046637,-0.4797787578886467,-0.45014183284638093,-0.4805201486709645,0.0,1.0,1.0,0.0,0.0
-1.574242666477571,0.05757485284564798,-0.4797787578886467,-0.45014183284638093,0.44862690832216245,1.0,0.0,1.0,0.0,0.0
0.8319355405326728,-0.09825679590174125,-0.4797787578886467,-0.45014183284638093,-0.4870728056824755,0.0,1.0,0.0,0.0,1.0
0.8319355405326728,-0.09825679590174125,-0.4797787578886467,-0.45014183284638093,-0.4927575862014267,0.0,1.0,0.0,0.0,1.0
0.8319355405326728,0.8367330965825941,0.45915275521306004,-0.45014183284638093,-0.4505954640192058,1.0,0.0,0.0,0.0,1.0
0.8319355405326728,-0.09825679590174125,-0.4797787578886467,-0.45014183284638093,-0.49315173098407394,1.0,0.0,1.0,0.0,0.0
0.8319355405326728,0.9925647453299833,-0.4797787578886467,0.7676837459395645,-0.470886340618182,0.0,1.0,0.0,0.0,1.0
0.8319355405326728,-1.0332466883860767,3.2759472945181805,0.7676837459395645,0.12190930741016374,0.0,1.0,0.0,0.0,1.0
-0.37115356297244917,0.2913223259667318,-0.4797787578886467,-0.45014183284638093,-0.3975375125089953,0.0,1.0,0.0,0.0,1.0
-0.37115356297244917,0.5250697990878157,0.45915275521306004,1.9855093247255098,-0.10429758407309977,0.0,1.0,0.0,0.0,1.0
-0.37115356297244917,-1.189078337133466,0.45915275521306004,-0.45014183284638093,-0.0603201219784939,1.0,0.0,1.0,0.0,0.0
-1.574242666477571,-0.48783591777021434,2.337015781416474,1.9855093247255098,4.353517806204407,1.0,0.0,0.0,0.0,1.0
0.8319355405326728,-0.09825679590174125,-0.4797787578886467,-0.45014183284638093,-0.4838362706403527,1.0,0.0,0.0,1.0,0.0
0.8319355405326728,-0.09825679590174125,-0.4797787578886467,-0.45014183284638093,-0.47641384220944216,0.0,1.0,0.0,0.0,1.0
-0.37115356297244917,0.6809014478352049,0.45915275521306004,-0.45014183284638093,-0.2322051457495001,0.0,1.0,0.0,0.0,1.0
0.8319355405326728,-0.17617262027543587,-0.4797787578886467,-0.45014183284638093,-0.4799668300337866,1.0,0.0,0.0,0.0,1.0
-1.574242666477571,0.5250697990878157,-0.4797787578886467,-0.45014183284638093,-0.13011596226333616,0.0,1.0,0.0,0.0,1.0
0.8319355405326728,-0.6436675665176036,1.3980842683147667,1.9855093247255098,0.021241319053737568,1.0,0.0,0.0,0.0,1.0
0.8319355405326728,-0.09825679590174125,0.45915275521306004,10.510288376227127,0.687781834900757,1.0,0.0,0.0,0.0,1.0
0.8319355405326728,-0.7215833908912982,-0.4797787578886467,-0.45014183284638093,-0.48130843823625913,1.0,0.0,0.0,0.0,1.0
0.8319355405326728,-2.124068229617801,2.337015781416474,0.7676837459395645,-0.2307839506197623,0.0,1.0,0.0,0.0,1.0
0.8319355405326728,-0.3320042690228251,-0.4797787578886467,-0.45014183284638093,-0.4927575862014267,0.0,1.0,0.0,0.0,1.0
-0.37115356297244917,0.7588172722088995,-0.4797787578886467,-0.45014183284638093,-0.3837992929215301,0.0,1.0,0.0,0.0,1.0
0.8319355405326728,-0.7215833908912982,-0.4797787578886467,-0.45014183284638093,-0.4775981714842236,0.0,1.0,0.0,0.0,1.0
-0.37115356297244917,-0.09825679590174125,-0.4797787578886467,-0.45014183284638093,-0.6301397820760788,0.0,1.0,0.0,0.0,1.0
-1.574242666477571,-0.09825679590174125,0.45915275521306004,-0.45014183284638093,0.35261665013759685,1.0,0.0,0.0,0.0,1.0
0.8319355405326728,-0.6436675665176036,-0.4797787578886467,-0.45014183284638093,-0.4799668300337866,0.0,1.0,0.0,0.0,1.0
-1.574242666477571,1.3821438671984565,0.45915275521306004,-0.45014183284638093,3.6812925098384373,0.0,1.0,1.0,0.0,0.0
-0.37115356297244917,-0.48783591777021434,-0.4797787578886467,-0.45014183284638093,-0.3837992929215301,0.0,1.0,0.0,0.0,1.0
-1.574242666477571,-0.6436675665176036,-0.4797787578886467,0.7676837459395645,0.5329511526866041,0.0,1.0,1.0,0.0,0.0
-1.574242666477571,0.7588172722088995,-0.4797787578886467,-0.45014183284638093,3.3745512276700325,1.0,0.0,0.0,0.0,1.0
0.8319355405326728,-0.09825679590174125,-0.4797787578886467,-0.45014183284638093,-0.3440058292888722,0.0,1.0,0.0,0.0,1.0
0.8319355405326728,-0.09825679590174125,-0.4797787578886467,-0.45014183284638093,-0.4832829520031748,0.0,1.0,0.0,1.0,0.0
0.8319355405326728,-0.2540884446491305,0.45915275521306004,-0.45014183284638093,-0.3562432668193343,0.0,1.0,1.0,0.0,0.0
-0.37115356297244917,-1.9682365808704119,0.45915275521306004,0.7676837459395645,-0.1943066089564926,1.0,0.0,0.0,0.0,1.0
0.8319355405326728,-0.09825679590174125,-0.4797787578886467,-0.45014183284638093,-0.3364261219302707,1.0,0.0,0.0,1.0,0.0
0.8319355405326728,-0.8774150396386874,-0.4797787578886467,-0.45014183284638093,-0.5022322203996785,1.0,0.0,0.0,1.0,0.0
-0.37115356297244917,2.472965408430181,-0.4797787578886467,-0.45014183284638093,-0.3961163173792575,0.0,1.0,0.0,1.0,0.0
0.8319355405326728,-0.5657517421439089,-0.4797787578886467,-0.45014183284638093,-0.48280922029326223,1.0,0.0,0.0,0.0,1.0
-1.574242666477571,1.3821438671984565,-0.4797787578886467,-0.45014183284638093,0.09940705118931553,0.0,1.0,0.0,0.0,1.0
-0.37115356297244917,0.9146489209562887,-0.4797787578886467,0.7676837459395645,-0.2606290483442557,1.0,0.0,0.0,0.0,1.0
-1.574242666477571,1.0704805697036779,-0.4797787578886467,0.7676837459395645,3.3745512276700325,1.0,0.0,0.0,0.0,1.0
-1.574242666477571,-0.7994992152649928,2.337015781416474,1.9855093247255098,4.353517806204407,0.0,1.0,0.0,0.0,1.0
0.8319355405326728,-0.09825679590174125,-0.4797787578886467,-0.45014183284638093,-0.4870728056824755,0.0,1.0,0.0,0.0,1.0
0.8319355405326728,-0.7994992152649928,-0.4797787578886467,-0.45014183284638093,-0.4755459657168823,0.0,1.0,0.0,0.0,1.0
0.8319355405326728,0.6029856234615103,1.3980842683147667,-0.45014183284638093,-0.4799668300337866,0.0,1.0,0.0,0.0,1.0
-1.574242666477571,0.44715397471412105,-0.4797787578886467,-0.45014183284638093,9.078123736089971,1.0,0.0,1.0,0.0,0.0
-0.37115356297244917,-0.09825679590174125,-0.4797787578886467,-0.45014183284638093,-0.3904315368603064,1.0,0.0,0.0,0.0,1.0
0.8319355405326728,-1.1111625127597713,0.45915275521306004,-0.45014183284638093,-0.3562432668193343,1.0,0.0,1.0,0.0,0.0
0.8319355405326728,-0.3320042690228251,0.45915275521306004,-0.45014183284638093,-0.48280922029326223,0.0,1.0,0.0,0.0,1.0
-0.37115356297244917,1.9275546378143187,-0.4797787578886467,-0.45014183284638093,-0.13745880376698133,0.0,1.0,0.0,0.0,1.0
-0.37115356297244917,0.5250697990878157,-0.4797787578886467,-0.45014183284638093,-0.38616795147109306,0.0,1.0,1.0,0.0,0.0
0.8319355405326728,-0.09825679590174125,-0.4797787578886467,-0.45014183284638093,-0.4817821699461717,0.0,1.0,0.0,1.0,0.0
-1.574242666477571,-0.09825679590174125,-0.4797787578886467,0.7676837459395645,0.4120699797316274,1.0,0.0,0.0,0.0,1.0
-1.574242666477571,2.0054704621880135,0.45915275521306004,0.7676837459395645,1.141616812997022,0.0,1.0,0.0,0.0,1.0
-1.574242666477571,1.5379755159458457,0.45915275521306004,-0.45014183284638093,1.0583196189796706,0.0,1.0,1.0,0.0,0.0
-0.37115356297244917,0.36923815034042645,-0.4797787578886467,0.7676837459395645,-0.1943066089564926,1.0,0.0,0.0,0.0,1.0
0.8319355405326728,-2.2149726219145904,-0.4797787578886467,0.7676837459395645,-0.4529641225687687,0.0,1.0,0.0,0.0,1.0
-1.574242666477571,-0.2540884446491305,0.45915275521306004,-0.45014183284638093,1.961725989782987,1.0,0.0,1.0,0.0,0.0
0.8319355405326728,-0.09825679590174125,0.45915275521306004,0.7676837459395645,-0.35537539032677445,0.0,1.0,0.0,0.0,1.0
0.8319355405326728,-0.09825679590174125,-0.4797787578886467,-0.45014183284638093,-0.4805201486709645,0.0,1.0,0.0,0.0,1.0
-1.574242666477571,-0.5657517421439089,-0.4797787578886467,1.9855093247255098,0.3078490035508568,1.0,0.0,1.0,0.0,0.0
-1.574242666477571,-0.3320042690228251,-0.4797787578886467,-0.45014183284638093,-0.13745880376698133,0.0,1.0,1.0,0.0,0.0
-1.574242666477571,1.693807164693235,-0.4797787578886467,-0.45014183284638093,-0.12703670614890425,0.0,1.0,0.0,0.0,1.0
0.8319355405326728,-0.6436675665176036,0.45915275521306004,-0.45014183284638093,-0.4439632200804295,1.0,0.0,0.0,0.0,1.0
0.8319355405326728,-0.7215833908912982,-0.4797787578886467,-0.45014183284638093,-0.49323131791133923,0.0,1.0,1.0,0.0,0.0
-1.574242666477571,1.9275546378143187,0.45915275521306004,-0.45014183284638093,0.4954467606762439,1.0,0.0,1.0,0.0,0.0
0.8319355405326728,-0.2540884446491305,-0.4797787578886467,-0.45014183284638093,-0.4805201486709645,0.0,1.0,0.0,0.0,1.0
0.8319355405326728,0.5250697990878157,-0.4797787578886467,-0.45014183284638093,-0.4501217323092932,0.0,1.0,0.0,0.0,1.0
-0.37115356297244917,0.2134065015930372,-0.4797787578886467,-0.45014183284638093,-0.3837992929215301,1.0,0.0,0.0,0.0,1.0
0.8319355405326728,-0.8774150396386874,-0.4797787578886467,-0.45014183284638093,-0.48280922029326223,1.0,0.0,0.0,0.0,1.0
-0.37115356297244917,0.36923815034042645,0.45915275521306004,-0.45014183284638093,-0.2322051457495001,0.0,1.0,0.0,0.0,1.0
0.8319355405326728,0.05757485284564798,-0.4797787578886467,-0.45014183284638093,-0.4775981714842236,0.0,1.0,0.0,0.0,1.0
0.8319355405326728,-0.09825679590174125,-0.4797787578886467,-0.45014183284638093,-0.49323131791133923,0.0,1.0,1.0,0.0,0.0
-0.37115356297244917,0.05757485284564798,-0.4797787578886467,-0.45014183284638093,-0.3837992929215301,0.0,1.0,0.0,0.0,1.0
0.8319355405326728,-0.09825679590174125,-0.4797787578886467,-0.45014183284638093,-0.46986118519793113,0.0,1.0,0.0,1.0,0.0
-0.37115356297244917,1.3042280428247617,-0.4797787578886467,-0.45014183284638093,-0.13745880376698133,0.0,1.0,0.0,0.0,1.0
0.8319355405326728,-0.5657517421439089,-0.4797787578886467,-0.45014183284638093,-0.4805201486709645,0.0,1.0,0.0,0.0,1.0
-1.574242666477571,0.05757485284564798,-0.4797787578886467,-0.45014183284638093,1.3865361070218325,1.0,0.0,1.0,0.0,0.0
0.8319355405326728,-0.3320042690228251,-0.4797787578886467,-0.45014183284638093,-0.4501217323092932,0.0,1.0,0.0,0.0,1.0
-1.574242666477571,0.6809014478352049,-0.4797787578886467,0.7676837459395645,2.277862319222378,0.0,1.0,0.0,0.0,1.0
-0.37115356297244917,1.7717229890669295,-0.4797787578886467,-0.45014183284638093,-0.3837992929215301,0.0,1.0,0.0,0.0,1.0
-0.37115356297244917,1.1483963940773725,0.45915275521306004,-0.45014183284638093,-0.13745880376698133,1.0,0.0,0.0,0.0,1.0
0.8319355405326728,-0.09825679590174125,-0.4797787578886467,-0.45014183284638093,-0.48359940478539637,0.0,1.0,0.0,1.0,0.0
0.8319355405326728,-0.09825679590174125,-0.4797787578886467,-0.45014183284638093,-0.4805201486709645,0.0,1.0,0.0,0.0,1.0
0.8319355405326728,-0.5657517421439089,0.45915275521306004,-0.45014183284638093,-0.3667449513646767,1.0,0.0,0.0,0.0,1.0
0.8319355405326728,-0.3320042690228251,-0.4797787578886467,-0.45014183284638093,-0.49315173098407394,0.0,1.0,1.0,0.0,0.0
0.8319355405326728,-1.5786574590019389,0.45915275521306004,0.7676837459395645,-0.32884641457166924,0.0,1.0,0.0,0.0,1.0
0.8319355405326728,-0.09825679590174125,-0.4797787578886467,-0.45014183284638093,-0.48280922029326223,0.0,1.0,0.0,0.0,1.0
-1.574242666477571,1.0704805697036779,0.45915275521306004,-0.45014183284638093,-0.10485090271027768,0.0,1.0,1.0,0.0,0.0
-0.37115356297244917,0.5250697990878157,-0.4797787578886467,-0.45014183284638093,-0.3837992929215301,0.0,1.0,0.0,0.0,1.0
0.8319355405326728,-1.0332466883860767,0.45915275521306004,0.7676837459395645,-0.2464170970468779,0.0,1.0,0.0,0.0,1.0
-0.37115356297244917,0.9925647453299833,-0.4797787578886467,-0.45014183284638093,-0.3837992929215301,0.0,1.0,0.0,0.0,1.0
-1.574242666477571,1.460059691572151,-0.4797787578886467,-0.45014183284638093,-0.12703670614890425,0.0,1.0,0.0,0.0,1.0
0.8319355405326728,-0.09825679590174125,0.45915275521306004,-0.45014183284638093,-0.3364261219302707,1.0,0.0,0.0,1.0,0.0
0.8319355405326728,1.3821438671984565,-0.4797787578886467,-0.45014183284638093,-0.4927575862014267,0.0,1.0,0.0,0.0,1.0
-1.574242666477571,2.2392179353090973,-0.4797787578886467,0.7676837459395645,9.078123736089971,1.0,0.0,1.0,0.0,0.0
-0.37115356297244917,-0.17617262027543587,-0.4797787578886467,-0.45014183284638093,-0.345269745490919,0.0,1.0,1.0,0.0,0.0
0.8319355405326728,-0.09825679590174125,-0.4797787578886467,-0.45014183284638093,-0.35616557481890865,0.0,1.0,1.0,0.0,0.0
0.8319355405326728,-2.124068229617801,-0.4797787578886467,0.7676837459395645,-0.43188306147765837,1.0,0.0,0.0,0.0,1.0
0.8319355405326728,-0.955330864012382,-0.4797787578886467,0.7676837459395645,-0.32505656089236845,1.0,0.0,0.0,0.0,1.0
0.8319355405326728,0.2134065015930372,-0.4797787578886467,-0.45014183284638093,0.44041429539911775,0.0,1.0,0.0,0.0,1.0
0.8319355405326728,-1.4228258102545497,4.214878807619887,1.9855093247255098,0.258580905719947,0.0,1.0,0.0,0.0,1.0
-1.574242666477571,-0.09825679590174125,-0.4797787578886467,-0.45014183284638093,0.31732363774910866,0.0,1.0,0.0,0.0,1.0
0.8319355405326728,0.7588172722088995,-0.4797787578886467,5.6389860610833455,-0.07824234002790711,1.0,0.0,0.0,1.0,0.0
-1.574242666477571,1.460059691572151,0.45915275521306004,-0.45014183284638093,1.3865361070218325,1.0,0.0,1.0,0.0,0.0
-1.574242666477571,-0.8774150396386874,-0.4797787578886467,1.9855093247255098,0.879169445705445,1.0,0.0,0.0,0.0,1.0
0.8319355405326728,-0.17617262027543587,-0.4797787578886467,-0.45014183284638093,-0.4805201486709645,0.0,1.0,0.0,0.0,1.0
0.8319355405326728,-0.09825679590174125,-0.4797787578886467,-0.45014183284638093,-0.4805201486709645,0.0,1.0,0.0,0.0,1.0
0.8319355405326728,-0.7215833908912982,-0.4797787578886467,-0.45014183284638093,-0.4965474398807274,0.0,1.0,0.0,0.0,1.0
0.8319355405326728,-0.3320042690228251,-0.4797787578886467,-0.45014183284638093,-0.48344023093086574,0.0,1.0,0.0,1.0,0.0
-0.37115356297244917,0.2523644137798845,0.45915275521306004,-0.45014183284638093,-0.0603201219784939,0.0,1.0,1.0,0.0,0.0
0.8319355405326728,-0.020340971528046637,-0.4797787578886467,-0.45014183284638093,-0.48280922029326223,0.0,1.0,0.0,0.0,1.0
-0.37115356297244917,-0.48783591777021434,-0.4797787578886467,-0.45014183284638093,-0.43117246391278946,0.0,1.0,0.0,0.0,1.0
-0.37115356297244917,-0.09825679590174125,-0.4797787578886467,-0.45014183284638093,-0.6301397820760788,0.0,1.0,0.0,0.0,1.0
0.8319355405326728,-0.09825679590174125,-0.4797787578886467,-0.45014183284638093,-0.48083470652634647,1.0,0.0,0.0,1.0,0.0
0.8319355405326728,-0.2540884446491305,0.45915275521306004,-0.45014183284638093,-0.48130843823625913,0.0,1.0,0.0,0.0,1.0
-1.574242666477571,-2.2084744421618248,0.45915275521306004,1.9855093247255098,2.2416218434140647,0.0,1.0,0.0,0.0,1.0
0.8319355405326728,-0.09825679590174125,1.3980842683147667,-0.45014183284638093,-0.18956929185736665,1.0,0.0,0.0,1.0,0.0
0.8319355405326728,-0.09825679590174125,0.45915275521306004,-0.45014183284638093,-0.32505656089236845,0.0,1.0,0.0,0.0,1.0
-0.37115356297244917,0.13549067721934258,0.45915275521306004,0.7676837459395645,0.07106273552182518,0.0,1.0,1.0,0.0,0.0
0.8319355405326728,-1.5007416346282443,-0.4797787578886467,1.9855093247255098,-0.1725149503005133,1.0,0.0,0.0,0.0,1.0
0.8319355405326728,-0.09825679590174125,-0.4797787578886467,-0.45014183284638093,-0.4870728056824755,0.0,1.0,0.0,0.0,1.0
-1.574242666477571,0.7588172722088995,-0.4797787578886467,-0.45014183284638093,1.4334355463031798,1.0,0.0,1.0,0.0,0.0
0.8319355405326728,-0.3320042690228251,0.45915275521306004,-0.45014183284638093,-0.48280922029326223,0.0,1.0,0.0,0.0,1.0
0.8319355405326728,-0.7994992152649928,-0.4797787578886467,-0.45014183284638093,-0.5022322203996785,0.0,1.0,0.0,1.0,0.0
-0.37115356297244917,-0.7994992152649928,-0.4797787578886467,-0.45014183284638093,-0.3837992929215301,0.0,1.0,0.0,0.0,1.0
0.8319355405326728,-0.4099200933965197,-0.4797787578886467,-0.45014183284638093,-0.4824150755106149,0.0,1.0,0.0,0.0,1.0
0.8319355405326728,-0.09825679590174125,-0.4797787578886467,-0.45014183284638093,-0.4805201486709645,0.0,1.0,0.0,0.0,1.0
0.8319355405326728,-0.09825679590174125,-0.4797787578886467,-0.45014183284638093,-0.4775981714842236,0.0,1.0,0.0,0.0,1.0
0.8319355405326728,-0.7994992152649928,-0.4797787578886467,-0.45014183284638093,-0.4805201486709645,0.0,1.0,0.0,0.0,1.0
0.8319355405326728,0.5250697990878157,0.45915275521306004,-0.45014183284638093,-0.3004225119769136,1.0,0.0,0.0,0.0,1.0
-0.37115356297244917,-0.6436675665176036,-0.4797787578886467,-0.45014183284638093,-0.4122231955162857,0.0,1.0,0.0,0.0,1.0
-1.574242666477571,2.083386286561708,-0.4797787578886467,0.7676837459395645,0.9456491640208989,1.0,0.0,1.0,0.0,0.0
-1.574242666477571,-0.09825679590174125,-0.4797787578886467,-0.45014183284638093,0.042559245999804284,0.0,1.0,0.0,0.0,1.0
0.8319355405326728,-0.09825679590174125,-0.4797787578886467,-0.45014183284638093,-0.4775981714842236,0.0,1.0,0.0,0.0,1.0
-0.37115356297244917,0.13549067721934258,-0.4797787578886467,-0.45014183284638093,-0.43117246391278946,0.0,1.0,0.0,0.0,1.0
-1.574242666477571,-0.17617262027543587,0.45915275521306004,-0.45014183284638093,1.961725989782987,0.0,1.0,1.0,0.0,0.0
-0.37115356297244917,-0.8774150396386874,-0.4797787578886467,0.7676837459395645,-0.1943066089564926,1.0,0.0,0.0,0.0,1.0
0.8319355405326728,-0.09825679590174125,-0.4797787578886467,-0.45014183284638093,-0.4855720236254724,1.0,0.0,0.0,1.0,0.0
0.8319355405326728,-0.48783591777021434,-0.4797787578886467,-0.45014183284638093,-0.4553327811183317,0.0,1.0,0.0,0.0,1.0
-0.37115356297244917,0.13549067721934258,0.45915275521306004,0.7676837459395645,-0.1327214866678554,1.0,0.0,0.0,0.0,1.0
-1.574242666477571,0.13549067721934258,0.45915275521306004,-0.45014183284638093,0.44996851652463493,0.0,1.0,0.0,0.0,1.0
0.8319355405326728,-0.09825679590174125,-0.4797787578886467,-0.45014183284638093,0.44041429539911775,0.0,1.0,0.0,0.0,1.0
0.8319355405326728,0.2913223259667318,0.45915275521306004,1.9855093247255098,-0.2402585848180142,1.0,0.0,0.0,0.0,1.0
-0.37115356297244917,-0.4099200933965197,0.45915275521306004,1.9855093247255098,0.6015626636966649,1.0,0.0,0.0,0.0,1.0
-1.574242666477571,2.2392179353090973,-0.4797787578886467,0.7676837459395645,2.277862319222378,1.0,0.0,0.0,0.0,1.0
-0.37115356297244917,-1.2669941615071605,-0.4797787578886467,0.7676837459395645,-0.2606290483442557,1.0,0.0,0.0,0.0,1.0
-0.37115356297244917,-0.6436675665176036,-0.4797787578886467,0.7676837459395645,-0.2322051457495001,1.0,0.0,0.0,0.0,1.0
-0.37115356297244917,-0.48783591777021434,-0.4797787578886467,-0.45014183284638093,-0.43117246391278946,0.0,1.0,0.0,0.0,1.0
-1.574242666477571,2.3950495840564865,0.45915275521306004,0.7676837459395645,0.8706422749270182,0.0,1.0,1.0,0.0,0.0
0.8319355405326728,0.5250697990878157,-0.4797787578886467,1.9855093247255098,-0.39927516042095473,1.0,0.0,0.0,0.0,1.0
-0.37115356297244917,0.9925647453299833,-0.4797787578886467,-0.45014183284638093,-0.3837992929215301,0.0,1.0,0.0,0.0,1.0
-1.574242666477571,0.44715397471412105,0.45915275521306004,-0.45014183284638093,0.3760663697782703,1.0,0.0,0.0,0.0,1.0
-0.37115356297244917,-0.09825679590174125,-0.4797787578886467,-0.45014183284638093,-0.38616795147109306,0.0,1.0,0.0,0.0,1.0
0.8319355405326728,-0.09825679590174125,-0.4797787578886467,-0.45014183284638093,-0.46504428117153995,0.0,1.0,0.0,0.0,1.0
-0.37115356297244917,-2.0461524052441065,0.45915275521306004,0.7676837459395645,-0.13745880376698133,0.0,1.0,0.0,0.0,1.0
0.8319355405326728,-0.7215833908912982,-0.4797787578886467,-0.45014183284638093,-0.4501217323092932,0.0,1.0,0.0,0.0,1.0
-1.574242666477571,-0.17617262027543587,0.45915275521306004,0.7676837459395645,4.060198290841247,1.0,0.0,1.0,0.0,0.0
0.8319355405326728,-0.2540884446491305,-0.4797787578886467,-0.45014183284638093,-0.4805201486709645,0.0,1.0,0.0,0.0,1.0
-1.574242666477571,2.472965408430181,0.45915275521306004,3.2033349035114553,4.341674513456593,0.0,1.0,1.0,0.0,0.0
0.8319355405326728,-1.189078337133466,4.214878807619887,1.9855093247255098,0.258580905719947,0.0,1.0,0.0,0.0,1.0
-0.37115356297244917,-0.5657517421439089,1.3980842683147667,-0.45014183284638093,-0.033237827586210716,0.0,1.0,0.0,0.0,1.0
-0.37115356297244917,-0.020340971528046637,-0.4797787578886467,1.9855093247255098,-0.1943066089564926,1.0,0.0,0.0,0.0,1.0
0.8319355405326728,-0.09825679590174125,-0.4797787578886467,-0.45014183284638093,-0.48083470652634647,0.0,1.0,0.0,0.0,1.0
0.8319355405326728,0.9146489209562887,-0.4797787578886467,1.9855093247255098,-0.24712769461174683,1.0,0.0,0.0,0.0,1.0
-0.37115356297244917,-0.3320042690228251,0.45915275521306004,0.7676837459395645,-0.06166173018096634,1.0,0.0,0.0,0.0,1.0
-1.574242666477571,-0.09825679590174125,-0.4797787578886467,-0.45014183284638093,-0.042712461784462585,0.0,1.0,0.0,0.0,1.0
0.8319355405326728,-0.09825679590174125,-0.4797787578886467,-0.45014183284638093,0.44041429539911775,0.0,1.0,0.0,0.0,1.0
0.8319355405326728,-0.09825679590174125,-0.4797787578886467,-0.45014183284638093,0.44041429539911775,0.0,1.0,0.0,0.0,1.0
-0.37115356297244917,-0.7994992152649928,-0.4797787578886467,-0.45014183284638093,-0.43117246391278946,0.0,1.0,0.0,0.0,1.0
0.8319355405326728,-1.8903207564967173,3.2759472945181805,1.9855093247255098,-0.0353696202808174,1.0,0.0,0.0,0.0,1.0
0.8319355405326728,0.36923815034042645,-0.4797787578886467,-0.45014183284638093,-0.4775981714842236,0.0,1.0,0.0,0.0,1.0
-0.37115356297244917,-0.6436675665176036,0.45915275521306004,-0.45014183284638093,-0.4122231955162857,0.0,1.0,0.0,0.0,1.0
-0.37115356297244917,0.9925647453299833,-0.4797787578886467,-0.45014183284638093,-0.3837992929215301,1.0,0.0,0.0,0.0,1.0
-0.37115356297244917,1.5379755159458457,0.45915275521306004,1.9855093247255098,0.6015626636966649,0.0,1.0,0.0,0.0,1.0
-0.37115356297244917,-0.955330864012382,-0.4797787578886467,-0.45014183284638093,-0.4027485613180338,1.0,0.0,1.0,0.0,0.0
-1.574242666477571,1.3042280428247617,-0.4797787578886467,-0.45014183284638093,0.8706422749270182,0.0,1.0,1.0,0.0,0.0
0.8319355405326728,0.6809014478352049,-0.4797787578886467,-0.45014183284638093,-0.49315173098407394,1.0,0.0,1.0,0.0,0.0
0.8319355405326728,0.564027711274663,0.45915275521306004,-0.45014183284638093,-0.3004225119769136,0.0,1.0,0.0,0.0,1.0
0.8319355405326728,-0.4099200933965197,-0.4797787578886467,-0.45014183284638093,-0.4927575862014267,0.0,1.0,0.0,1.0,0.0
-1.574242666477571,2.5508812328038752,-0.4797787578886467,-0.45014183284638093,-0.12703670614890425,0.0,1.0,0.0,0.0,1.0
-0.37115356297244917,0.36923815034042645,0.45915275521306004,-0.45014183284638093,-0.13745880376698133,0.0,1.0,0.0,0.0,1.0
0.8319355405326728,-0.5657517421439089,-0.4797787578886467,-0.45014183284638093,-0.4824150755106149,0.0,1.0,0.0,0.0,1.0
-0.37115356297244917,-0.4099200933965197,-0.4797787578886467,-0.45014183284638093,-0.43117246391278946,0.0,1.0,0.0,0.0,1.0
-0.37115356297244917,-1.734489107749328,-0.4797787578886467,1.9855093247255098,-0.1327214866678554,1.0,0.0,0.0,0.0,1.0
-0.37115356297244917,1.6158913403195403,-0.4797787578886467,-0.45014183284638093,-0.3837992929215301,0.0,1.0,0.0,0.0,1.0
0.8319355405326728,-0.09825679590174125,-0.4797787578886467,-0.45014183284638093,-0.5001800146323372,0.0,1.0,0.0,1.0,0.0
-0.37115356297244917,0.5250697990878157,-0.4797787578886467,-0.45014183284638093,-0.3837992929215301,0.0,1.0,0.0,0.0,1.0
-1.574242666477571,-0.09825679590174125,-0.4797787578886467,-0.45014183284638093,-0.10485090271027768,0.0,1.0,1.0,0.0,0.0
0.8319355405326728,-0.2540884446491305,-0.4797787578886467,-0.45014183284638093,-0.2741304020767646,0.0,1.0,1.0,0.0,0.0
0.8319355405326728,-1.0332466883860767,0.45915275521306004,3.2033349035114553,0.021241319053737568,0.0,1.0,0.0,0.0,1.0
0.8319355405326728,-0.48783591777021434,0.45915275521306004,-0.45014183284638093,-0.3667449513646767,0.0,1.0,0.0,0.0,1.0
-0.37115356297244917,0.5250697990878157,-0.4797787578886467,-0.45014183284638093,-0.3837992929215301,1.0,0.0,0.0,0.0,1.0
0.8319355405326728,-0.09825679590174125,-0.4797787578886467,-0.45014183284638093,-0.4501217323092932,0.0,1.0,0.0,0.0,1.0
-0.37115356297244917,-0.5657517421439089,-0.4797787578886467,-0.45014183284638093,-0.2322051457495001,1.0,0.0,0.0,0.0,1.0
-1.574242666477571,-0.09825679590174125,-0.4797787578886467,-0.45014183284638093,0.2623707593992478,0.0,1.0,0.0,0.0,1.0
0.8319355405326728,-1.8903207564967173,3.2759472945181805,1.9855093247255098,-0.0353696202808174,0.0,1.0,0.0,0.0,1.0
0.8319355405326728,-2.0461524052441065,0.45915275521306004,0.7676837459395645,-0.3691136099142397,1.0,0.0,0.0,0.0,1.0
-0.37115356297244917,0.05757485284564798,-0.4797787578886467,-0.45014183284638093,-0.43117246391278946,0.0,1.0,0.0,0.0,1.0
-1.574242666477571,-0.48783591777021434,-0.4797787578886467,0.7676837459395645,0.9456491640208989,1.0,0.0,1.0,0.0,0.0
-0.37115356297244917,2.8625445302986536,-0.4797787578886467,-0.45014183284638093,-0.43117246391278946,0.0,1.0,0.0,0.0,1.0
0.8319355405326728,0.44715397471412105,-0.4797787578886467,-0.45014183284638093,-0.4951262447509896,0.0,1.0,0.0,0.0,1.0
0.8319355405326728,-0.09825679590174125,-0.4797787578886467,-0.45014183284638093,-0.48083470652634647,1.0,0.0,0.0,1.0,0.0
0.8319355405326728,-0.09825679590174125,-0.4797787578886467,-0.45014183284638093,-0.4984423667203778,0.0,1.0,0.0,1.0,0.0
-1.574242666477571,3.2521236521671266,-0.4797787578886467,-0.45014183284638093,0.026531954790041473,0.0,1.0,1.0,0.0,0.0
0.8319355405326728,0.44715397471412105,-0.4797787578886467,-0.45014183284638093,-0.4805201486709645,0.0,1.0,1.0,0.0,0.0
0.8319355405326728,-0.09825679590174125,-0.4797787578886467,-0.45014183284638093,-0.4832829520031748,1.0,0.0,0.0,1.0,0.0
0.8319355405326728,-0.09825679590174125,0.45915275521306004,-0.45014183284638093,-0.4832829520031748,0.0,1.0,0.0,1.0,0.0
-1.574242666477571,-0.6436675665176036,-0.4797787578886467,-0.45014183284638093,0.8471129683590793,1.0,0.0,0.0,0.0,1.0
-0.37115356297244917,-0.955330864012382,-0.4797787578886467,-0.45014183284638093,0.7626314450669468,0.0,1.0,0.0,0.0,1.0
-0.37115356297244917,2.5508812328038752,-0.4797787578886467,-0.45014183284638093,-0.44656874448494877,0.0,1.0,0.0,1.0,0.0
0.8319355405326728,-0.7215833908912982,-0.4797787578886467,-0.45014183284638093,-0.5541058426351075,0.0,1.0,1.0,0.0,0.0
-1.574242666477571,0.6029856234615103,-0.4797787578886467,0.7676837459395645,-0.06734651069991748,0.0,1.0,1.0,0.0,0.0
-0.37115356297244917,0.8367330965825941,0.45915275521306004,-0.45014183284638093,-0.13745880376698133,0.0,1.0,0.0,0.0,1.0
-0.37115356297244917,-2.124068229617801,0.45915275521306004,0.7676837459395645,-0.13745880376698133,1.0,0.0,0.0,0.0,1.0
0.8319355405326728,-0.7994992152649928,0.45915275521306004,0.7676837459395645,-0.33184608375883573,1.0,0.0,1.0,0.0,0.0
-1.574242666477571,-1.9682365808704119,-0.4797787578886467,1.9855093247255098,0.9210151151054441,0.0,1.0,0.0,0.0,1.0
0.8319355405326728,-0.09825679590174125,-0.4797787578886467,-0.45014183284638093,-0.4832829520031748,0.0,1.0,0.0,1.0,0.0
0.8319355405326728,-0.2540884446491305,-0.4797787578886467,-0.45014183284638093,-0.48130843823625913,1.0,0.0,0.0,0.0,1.0
-0.37115356297244917,0.9925647453299833,0.45915275521306004,-0.45014183284638093,-0.11850953537047759,0.0,1.0,0.0,0.0,1.0
-0.37115356297244917,-1.189078337133466,-0.4797787578886467,-0.45014183284638093,0.6015626636966649,0.0,1.0,0.0,0.0,1.0
-1.574242666477571,2.2392179353090973,-0.4797787578886467,-0.45014183284638093,-0.06734651069991748,0.0,1.0,1.0,0.0,0.0
0.8319355405326728,-0.6436675665176036,-0.4797787578886467,-0.45014183284638093,-0.4851778788428252,1.0,0.0,0.0,0.0,1.0
-1.574242666477571,-1.0332466883860767,-0.4797787578886467,0.7676837459395645,0.46852364013849135,1.0,0.0,1.0,0.0,0.0
-1.574242666477571,1.460059691572151,-0.4797787578886467,-0.45014183284638093,0.32671868502009527,0.0,1.0,1.0,0.0,0.0
0.8319355405326728,-1.1501204249466186,0.45915275521306004,-0.45014183284638093,-0.3562432668193343,1.0,0.0,1.0,0.0,0.0
0.8319355405326728,-0.09825679590174125,-0.4797787578886467,-0.45014183284638093,-0.4775981714842236,0.0,1.0,0.0,0.0,1.0
0.8319355405326728,0.2134065015930372,-0.4797787578886467,-0.45014183284638093,-0.4805201486709645,0.0,1.0,0.0,0.0,1.0
0.8319355405326728,-0.09825679590174125,7.0316733469250075,1.9855093247255098,0.687781834900757,1.0,0.0,0.0,0.0,1.0
0.8319355405326728,-0.09825679590174125,7.0316733469250075,1.9855093247255098,0.687781834900757,1.0,0.0,0.0,0.0,1.0
0.8319355405326728,-0.09825679590174125,-0.4797787578886467,-0.45014183284638093,-0.4775981714842236,1.0,0.0,0.0,0.0,1.0
0.8319355405326728,3.485871125288211,-0.4797787578886467,-0.45014183284638093,-0.48280922029326223,0.0,1.0,0.0,0.0,1.0
0.8319355405326728,-0.09825679590174125,-0.4797787578886467,-0.45014183284638093,-0.4775981714842236,0.0,1.0,0.0,0.0,1.0
0.8319355405326728,1.0704805697036779,-0.4797787578886467,-0.45014183284638093,-0.5079170009186297,0.0,1.0,0.0,0.0,1.0
-0.37115356297244917,1.6158913403195403,0.45915275521306004,-0.45014183284638093,-0.13745880376698133,0.0,1.0,0.0,0.0,1.0
0.8319355405326728,2.434007496243334,-0.4797787578886467,-0.45014183284638093,-0.3562432668193343,0.0,1.0,0.0,0.0,1.0
0.8319355405326728,-1.189078337133466,-0.4797787578886467,-0.45014183284638093,-0.48130843823625913,1.0,0.0,0.0,0.0,1.0
-1.574242666477571,-0.2540884446491305,-0.4797787578886467,-0.45014183284638093,0.8640100309882417,1.0,0.0,0.0,0.0,1.0
-0.37115356297244917,-0.4099200933965197,-0.4797787578886467,-0.45014183284638093,-0.43117246391278946,0.0,1.0,0.0,0.0,1.0
-0.37115356297244917,1.6158913403195403,-0.4797787578886467,-0.45014183284638093,-0.43117246391278946,1.0,0.0,0.0,0.0,1.0
0.8319355405326728,0.8367330965825941,-0.4797787578886467,-0.45014183284638093,-0.49323131791133923,0.0,1.0,1.0,0.0,0.0
0.8319355405326728,1.693807164693235,-0.4797787578886467,-0.45014183284638093,-0.4775981714842236,0.0,1.0,0.0,0.0,1.0
0.8319355405326728,-0.09825679590174125,-0.4797787578886467,-0.45014183284638093,-0.4805201486709645,0.0,1.0,0.0,0.0,1.0
0.8319355405326728,-0.09825679590174125,-0.4797787578886467,-0.45014183284638093,-0.49323131791133923,0.0,1.0,1.0,0.0,0.0
-1.574242666477571,0.44715397471412105,-0.4797787578886467,-0.45014183284638093,3.3776304837844644,1.0,0.0,1.0,0.0,0.0
-0.37115356297244917,-2.0461524052441065,0.45915275521306004,1.9855093247255098,0.15775563843582988,1.0,0.0,1.0,0.0,0.0
0.8319355405326728,-0.09825679590174125,-0.4797787578886467,-0.45014183284638093,-0.49315173098407394,0.0,1.0,1.0,0.0,0.0
0.8319355405326728,-2.2019840539914957,4.214878807619887,1.9855093247255098,0.258580905719947,0.0,1.0,0.0,0.0,1.0
-0.37115356297244917,-0.955330864012382,-0.4797787578886467,-0.45014183284638093,-0.43117246391278946,1.0,0.0,0.0,0.0,1.0
0.8319355405326728,-0.09825679590174125,-0.4797787578886467,-0.45014183284638093,-0.4805201486709645,0.0,1.0,1.0,0.0,0.0
-1.574242666477571,-0.09825679590174125,-0.4797787578886467,-0.45014183284638093,-0.12703670614890425,0.0,1.0,0.0,0.0,1.0
-1.574242666477571,-0.5657517421439089,-0.4797787578886467,0.7676837459395645,0.4954467606762439,1.0,0.0,1.0,0.0,0.0
0.8319355405326728,0.7588172722088995,-0.4797787578886467,-0.45014183284638093,-0.4799668300337866,0.0,1.0,0.0,0.0,1.0
0.8319355405326728,-0.4099200933965197,-0.4797787578886467,3.2033349035114553,-0.2652090865156907,1.0,0.0,1.0,0.0,0.0
0.8319355405326728,-0.5657517421439089,1.3980842683147667,-0.45014183284638093,-0.46599174459136505,1.0,0.0,0.0,0.0,1.0
0.8319355405326728,-2.0461524052441065,0.45915275521306004,0.7676837459395645,-0.32884641457166924,0.0,1.0,0.0,0.0,1.0
0.8319355405326728,-0.09825679590174125,-0.4797787578886467,-0.45014183284638093,-0.4775981714842236,0.0,1.0,0.0,0.0,1.0
0.8319355405326728,-0.09825679590174125,0.45915275521306004,-0.45014183284638093,-0.3364261219302707,0.0,1.0,0.0,1.0,0.0
-1.574242666477571,2.62879705717757,0.45915275521306004,-0.45014183284638093,3.572413803485806,1.0,0.0,0.0,0.0,1.0
-0.37115356297244917,-0.7994992152649928,0.45915275521306004,0.7676837459395645,0.06624583149543398,0.0,1.0,0.0,0.0,1.0
0.8319355405326728,-0.09825679590174125,0.45915275521306004,-0.45014183284638093,-0.3364261219302707,1.0,0.0,0.0,1.0,0.0
0.8319355405326728,0.7198593600220522,-0.4797787578886467,-0.45014183284638093,-0.4927575862014267,0.0,1.0,0.0,0.0,1.0
-1.574242666477571,-0.4099200933965197,-0.4797787578886467,0.7676837459395645,4.060198290841247,0.0,1.0,1.0,0.0,0.0
-1.574242666477571,0.9146489209562887,0.45915275521306004,-0.45014183284638093,0.35261665013759685,0.0,1.0,0.0,0.0,1.0
-0.37115356297244917,-0.7994992152649928,0.45915275521306004,-0.45014183284638093,-0.13745880376698133,1.0,0.0,0.0,0.0,1.0
-0.37115356297244917,2.1613021109354027,-0.4797787578886467,-0.45014183284638093,-0.43117246391278946,1.0,0.0,0.0,0.0,1.0
0.8319355405326728,-0.09825679590174125,-0.4797787578886467,-0.45014183284638093,-0.4832829520031748,0.0,1.0,0.0,1.0,0.0
-1.574242666477571,-0.5657517421439089,-0.4797787578886467,-0.45014183284638093,2.2416218434140647,1.0,0.0,0.0,0.0,1.0
0.8319355405326728,-0.3320042690228251,0.45915275521306004,-0.45014183284638093,-0.4799668300337866,1.0,0.0,0.0,0.0,1.0
0.8319355405326728,1.2652701306379144,-0.4797787578886467,-0.45014183284638093,-0.49323131791133923,0.0,1.0,1.0,0.0,0.0
-1.574242666477571,0.7588172722088995,0.45915275521306004,-0.45014183284638093,0.7206266018124169,0.0,1.0,1.0,0.0,0.0
-0.37115356297244917,0.36923815034042645,-0.4797787578886467,-0.45014183284638093,-0.3837992929215301,0.0,1.0,0.0,0.0,1.0
-0.37115356297244917,-0.020340971528046637,-0.4797787578886467,-0.45014183284638093,-0.43117246391278946,0.0,1.0,0.0,0.0,1.0
-0.37115356297244917,-0.020340971528046637,0.45915275521306004,-0.45014183284638093,-0.13745880376698133,1.0,0.0,0.0,0.0,1.0
0.8319355405326728,-1.189078337133466,0.45915275521306004,-0.45014183284638093,-0.4171177915431026,1.0,0.0,1.0,0.0,0.0
0.8319355405326728,-1.5786574590019389,-0.4797787578886467,1.9855093247255098,-0.2412060482378394,0.0,1.0,0.0,0.0,1.0
-0.37115356297244917,0.44715397471412105,-0.4797787578886467,-0.45014183284638093,-0.13745880376698133,0.0,1.0,0.0,0.0,1.0
-0.37115356297244917,-0.48783591777021434,-0.4797787578886467,-0.45014183284638093,-0.3837992929215301,0.0,1.0,0.0,0.0,1.0
-0.37115356297244917,-0.2540884446491305,-0.4797787578886467,-0.45014183284638093,-0.3837992929215301,0.0,1.0,0.0,0.0,1.0
0.8319355405326728,-1.5786574590019389,2.337015781416474,1.9855093247255098,-0.10145519381362424,1.0,0.0,0.0,0.0,1.0
0.8319355405326728,-0.7994992152649928,-0.4797787578886467,-0.45014183284638093,-0.4805201486709645,0.0,1.0,0.0,0.0,1.0
-0.37115356297244917,2.3950495840564865,0.45915275521306004,0.7676837459395645,0.10888168538756741,0.0,1.0,0.0,0.0,1.0
0.8319355405326728,-0.6436675665176036,-0.4797787578886467,-0.45014183284638093,-0.4832829520031748,1.0,0.0,0.0,1.0,0.0
0.8319355405326728,-0.7215833908912982,-0.4797787578886467,-0.45014183284638093,-0.48130843823625913,0.0,1.0,0.0,0.0,1.0
-1.574242666477571,-0.09825679590174125,-0.4797787578886467,-0.45014183284638093,0.1202512464254697,0.0,1.0,1.0,0.0,0.0
0.8319355405326728,-0.09825679590174125,-0.4797787578886467,-0.45014183284638093,-0.4832829520031748,0.0,1.0,0.0,1.0,0.0
0.8319355405326728,0.9146489209562887,-0.4797787578886467,-0.45014183284638093,-0.4951262447509896,0.0,1.0,0.0,0.0,1.0
-1.574242666477571,0.6809014478352049,-0.4797787578886467,-0.45014183284638093,-0.6301397820760788,0.0,1.0,0.0,0.0,1.0
-0.37115356297244917,1.3821438671984565,-0.4797787578886467,-0.45014183284638093,-0.43117246391278946,0.0,1.0,0.0,0.0,1.0
-1.574242666477571,-0.17617262027543587,0.45915275521306004,1.9855093247255098,0.3552221745421162,1.0,0.0,0.0,0.0,1.0
-0.37115356297244917,-0.09825679590174125,-0.4797787578886467,-0.45014183284638093,-0.43117246391278946,0.0,1.0,0.0,0.0,1.0
-1.574242666477571,1.849638813440624,-0.4797787578886467,-0.45014183284638093,-0.09008563277572196,0.0,1.0,1.0,0.0,0.0
0.8319355405326728,1.226312218451067,-0.4797787578886467,0.7676837459395645,-0.3562432668193343,1.0,0.0,1.0,0.0,0.0
0.8319355405326728,-0.09825679590174125,-0.4797787578886467,-0.45014183284638093,-0.4805201486709645,0.0,1.0,0.0,0.0,1.0
-1.574242666477571,1.9275546378143187,0.45915275521306004,0.7676837459395645,0.9210151151054441,1.0,0.0,0.0,0.0,1.0
0.8319355405326728,0.9925647453299833,-0.4797787578886467,-0.45014183284638093,-0.4851778788428252,0.0,1.0,0.0,0.0,1.0
0.8319355405326728,-2.2019840539914957,3.2759472945181805,0.7676837459395645,0.12190930741016374,0.0,1.0,0.0,0.0,1.0
-1.574242666477571,-0.09825679590174125,-0.4797787578886467,-0.45014183284638093,-0.6301397820760788,0.0,1.0,0.0,0.0,1.0
0.8319355405326728,-0.09825679590174125,-0.4797787578886467,-0.45014183284638093,-0.4805201486709645,0.0,1.0,0.0,0.0,1.0
0.8319355405326728,-0.8774150396386874,1.3980842683147667,-0.45014183284638093,-0.28905295093901134,1.0,0.0,0.0,0.0,1.0
-0.37115356297244917,0.5250697990878157,-0.4797787578886467,-0.45014183284638093,-0.43117246391278946,0.0,1.0,0.0,0.0,1.0
-0.37115356297244917,-0.09825679590174125,-0.4797787578886467,-0.45014183284638093,-0.6301397820760788,0.0,1.0,0.0,0.0,1.0
-1.574242666477571,1.9275546378143187,-0.4797787578886467,0.7676837459395645,0.8344017991187046,0.0,1.0,0.0,0.0,1.0
0.8319355405326728,-0.4099200933965197,-0.4797787578886467,-0.45014183284638093,-0.48809985602956607,0.0,1.0,0.0,0.0,1.0
-0.37115356297244917,-0.09825679590174125,-0.4797787578886467,-0.45014183284638093,-0.3743246587232782,0.0,1.0,0.0,0.0,1.0
-0.37115356297244917,3.174207827793432,-0.4797787578886467,-0.45014183284638093,-0.43117246391278946,0.0,1.0,0.0,0.0,1.0
0.8319355405326728,0.2134065015930372,-0.4797787578886467,-0.45014183284638093,-0.48130843823625913,0.0,1.0,0.0,0.0,1.0
-1.574242666477571,-0.09825679590174125,-0.4797787578886467,-0.45014183284638093,-0.12703670614890425,0.0,1.0,0.0,0.0,1.0
0.8319355405326728,-1.5786574590019389,-0.4797787578886467,0.7676837459395645,-0.5700554418444448,0.0,1.0,0.0,0.0,1.0
-0.37115356297244917,0.44715397471412105,-0.4797787578886467,-0.45014183284638093,-0.43117246391278946,0.0,1.0,0.0,0.0,1.0
-1.574242666477571,0.2913223259667318,-0.4797787578886467,-0.45014183284638093,-0.10485090271027768,1.0,0.0,1.0,0.0,0.0
-0.37115356297244917,-0.8774150396386874,0.45915275521306004,0.7676837459395645,-0.3837992929215301,1.0,0.0,0.0,0.0,1.0
-0.37115356297244917,-2.124068229617801,0.45915275521306004,0.7676837459395645,-0.13745880376698133,0.0,1.0,0.0,0.0,1.0
-0.37115356297244917,0.7588172722088995,-0.4797787578886467,-0.45014183284638093,-0.13745880376698133,0.0,1.0,0.0,0.0,1.0
-1.574242666477571,1.1483963940773725,-0.4797787578886467,-0.45014183284638093,-0.10485090271027768,1.0,0.0,1.0,0.0,0.0
0.8319355405326728,0.05757485284564798,-0.4797787578886467,-0.45014183284638093,-0.4805201486709645,0.0,1.0,0.0,0.0,1.0
-1.574242666477571,0.6809014478352049,0.45915275521306004,-0.45014183284638093,1.0752943736092586,0.0,1.0,0.0,0.0,1.0
-0.37115356297244917,-0.48783591777021434,-0.4797787578886467,-0.45014183284638093,-0.3687971571320181,1.0,0.0,1.0,0.0,0.0
-0.37115356297244917,-0.09825679590174125,-0.4797787578886467,-0.45014183284638093,-0.13745880376698133,0.0,1.0,0.0,0.0,1.0
0.8319355405326728,-0.020340971528046637,2.337015781416474,0.7676837459395645,-0.21278214564308376,0.0,1.0,0.0,0.0,1.0
0.8319355405326728,-0.09825679590174125,-0.4797787578886467,-0.45014183284638093,-0.4832829520031748,1.0,0.0,0.0,1.0,0.0
0.8319355405326728,-2.2019840539914957,0.45915275521306004,0.7676837459395645,-0.31368699985446624,1.0,0.0,0.0,0.0,1.0
-1.574242666477571,-0.5657517421439089,0.45915275521306004,-0.45014183284638093,0.6318814931310708,1.0,0.0,0.0,0.0,1.0
0.8319355405326728,-0.09825679590174125,-0.4797787578886467,-0.45014183284638093,-0.49749490330055257,0.0,1.0,0.0,0.0,1.0
-1.574242666477571,-0.09825679590174125,-0.4797787578886467,-0.45014183284638093,-0.029764426689131592,1.0,0.0,0.0,0.0,1.0
0.8319355405326728,-0.2540884446491305,1.3980842683147667,-0.45014183284638093,-0.46599174459136505,0.0,1.0,0.0,0.0,1.0
-1.574242666477571,0.44715397471412105,-0.4797787578886467,-0.45014183284638093,-0.12703670614890425,0.0,1.0,1.0,0.0,0.0
0.8319355405326728,-0.09825679590174125,-0.4797787578886467,-0.45014183284638093,-0.4775981714842236,0.0,1.0,0.0,0.0,1.0
-1.574242666477571,1.226312218451067,0.45915275521306004,0.7676837459395645,1.9185368172536756,0.0,1.0,1.0,0.0,0.0
0.8319355405326728,-0.09825679590174125,-0.4797787578886467,-0.45014183284638093,-0.4775981714842236,0.0,1.0,0.0,0.0,1.0
0.8319355405326728,-0.48783591777021434,-0.4797787578886467,-0.45014183284638093,-0.48130843823625913,0.0,1.0,0.0,0.0,1.0
-0.37115356297244917,-0.09825679590174125,-0.4797787578886467,-0.45014183284638093,-0.2322051457495001,1.0,0.0,0.0,0.0,1.0
-0.37115356297244917,0.9146489209562887,-0.4797787578886467,-0.45014183284638093,-0.34503287963596274,0.0,1.0,1.0,0.0,0.0
-1.574242666477571,1.3042280428247617,-0.4797787578886467,-0.45014183284638093,-0.13745880376698133,0.0,1.0,0.0,0.0,1.0
-0.37115356297244917,-0.09825679590174125,-0.4797787578886467,-0.45014183284638093,-0.3449532927086974,0.0,1.0,1.0,0.0,0.0
-0.37115356297244917,1.9275546378143187,0.45915275521306004,3.2033349035114553,-0.1943066089564926,1.0,0.0,0.0,0.0,1.0
0.8319355405326728,-0.09825679590174125,-0.4797787578886467,-0.45014183284638093,-0.4832829520031748,1.0,0.0,0.0,1.0,0.0
0.8319355405326728,-0.4099200933965197,-0.4797787578886467,-0.45014183284638093,-0.4965474398807274,0.0,1.0,0.0,0.0,1.0
-1.574242666477571,1.5379755159458457,-0.4797787578886467,-0.45014183284638093,-0.13880041196945378,1.0,0.0,0.0,0.0,1.0
0.8319355405326728,0.2134065015930372,-0.4797787578886467,-0.45014183284638093,0.44041429539911775,0.0,1.0,0.0,0.0,1.0
-0.37115356297244917,1.9275546378143187,0.45915275521306004,-0.45014183284638093,-0.13745880376698133,0.0,1.0,0.0,0.0,1.0
0.8319355405326728,-1.9682365808704119,3.2759472945181805,0.7676837459395645,-0.07824234002790711,0.0,1.0,0.0,1.0,0.0
-0.37115356297244917,0.05757485284564798,0.45915275521306004,-0.45014183284638093,-0.3675351358568109,1.0,0.0,1.0,0.0,0.0
-1.574242666477571,-0.09825679590174125,-0.4797787578886467,-0.45014183284638093,1.4710176303139655,1.0,0.0,1.0,0.0,0.0
-0.37115356297244917,0.2134065015930372,-0.4797787578886467,-0.45014183284638093,-0.43117246391278946,0.0,1.0,0.0,0.0,1.0
-0.37115356297244917,2.5508812328038752,-0.4797787578886467,-0.45014183284638093,-0.43117246391278946,0.0,1.0,0.0,0.0,1.0
0.8319355405326728,-0.7215833908912982,0.45915275521306004,-0.45014183284638093,-0.4439632200804295,1.0,0.0,0.0,0.0,1.0
0.8319355405326728,-0.09825679590174125,-0.4797787578886467,-0.45014183284638093,-0.48083470652634647,1.0,0.0,0.0,1.0,0.0
0.8319355405326728,-0.09825679590174125,-0.4797787578886467,-0.45014183284638093,-0.35537539032677445,0.0,1.0,0.0,0.0,1.0
-0.37115356297244917,-1.0332466883860767,-0.4797787578886467,-0.45014183284638093,-0.13745880376698133,0.0,1.0,0.0,0.0,1.0
-1.574242666477571,1.9275546378143187,0.45915275521306004,-0.45014183284638093,0.8529569227325612,1.0,0.0,1.0,0.0,0.0
-1.574242666477571,0.05757485284564798,-0.4797787578886467,-0.45014183284638093,1.0089719342214956,1.0,0.0,0.0,0.0,1.0
0.8319355405326728,-0.48783591777021434,-0.4797787578886467,-0.45014183284638093,-0.4965474398807274,0.0,1.0,0.0,0.0,1.0
0.8319355405326728,-1.5007416346282443,3.2759472945181805,0.7676837459395645,-0.07824234002790711,0.0,1.0,0.0,1.0,0.0
0.8319355405326728,-0.09825679590174125,-0.4797787578886467,-0.45014183284638093,-0.49315173098407394,0.0,1.0,1.0,0.0,0.0
0.8319355405326728,-0.5657517421439089,-0.4797787578886467,-0.45014183284638093,-0.4308560111305679,1.0,0.0,0.0,0.0,1.0
0.8319355405326728,-1.5786574590019389,3.2759472945181805,1.9855093247255098,-0.03750141297542409,1.0,0.0,0.0,0.0,1.0
0.8319355405326728,-0.09825679590174125,0.45915275521306004,-0.45014183284638093,-0.3364261219302707,1.0,0.0,0.0,1.0,0.0
-0.37115356297244917,-1.1111625127597713,-0.4797787578886467,1.9855093247255098,0.10888168538756741,1.0,0.0,0.0,0.0,1.0
0.8319355405326728,-0.09825679590174125,-0.4797787578886467,-0.45014183284638093,-0.48359940478539637,1.0,0.0,0.0,1.0,0.0
-0.37115356297244917,-1.344909985880855,1.3980842683147667,0.7676837459395645,0.10888168538756741,1.0,0.0,0.0,0.0,1.0
-1.574242666477571,2.2392179353090973,-0.4797787578886467,-0.45014183284638093,-0.12703670614890425,1.0,0.0,0.0,0.0,1.0
-1.574242666477571,0.9925647453299833,-0.4797787578886467,-0.45014183284638093,-0.13201088910298647,0.0,1.0,0.0,0.0,1.0
-0.37115356297244917,-1.0332466883860767,-0.4797787578886467,-0.45014183284638093,-0.43117246391278946,0.0,1.0,0.0,0.0,1.0
-1.574242666477571,0.9925647453299833,0.45915275521306004,-0.45014183284638093,0.3657238590874586,0.0,1.0,0.0,0.0,1.0
-0.37115356297244917,0.8367330965825941,0.45915275521306004,0.7676837459395645,0.10888168538756741,1.0,0.0,0.0,0.0,1.0
-1.574242666477571,0.8367330965825941,-0.4797787578886467,-0.45014183284638093,-0.042712461784462585,0.0,1.0,1.0,0.0,0.0
-0.37115356297244917,-0.4099200933965197,-0.4797787578886467,-0.45014183284638093,-0.3743246587232782,0.0,1.0,0.0,0.0,1.0
0.8319355405326728,-0.09825679590174125,-0.4797787578886467,-0.45014183284638093,-0.4832829520031748,0.0,1.0,0.0,1.0,0.0
-1.574242666477571,1.2652701306379144,-0.4797787578886467,-0.45014183284638093,-0.09008563277572196,0.0,1.0,0.0,0.0,1.0
0.8319355405326728,-0.09825679590174125,-0.4797787578886467,1.9855093247255098,-0.4832829520031748,1.0,0.0,0.0,1.0,0.0
0.8319355405326728,0.05757485284564798,-0.4797787578886467,-0.45014183284638093,-0.4855720236254724,1.0,0.0,0.0,1.0,0.0
0.8319355405326728,2.62879705717757,-0.4797787578886467,-0.45014183284638093,-0.4484636713245992,1.0,0.0,0.0,0.0,1.0
0.8319355405326728,0.6809014478352049,-0.4797787578886467,-0.45014183284638093,-0.4805201486709645,0.0,1.0,0.0,0.0,1.0
-0.37115356297244917,0.05757485284564798,-0.4797787578886467,-0.45014183284638093,-0.3837992929215301,0.0,1.0,0.0,0.0,1.0
0.8319355405326728,-0.09825679590174125,-0.4797787578886467,-0.45014183284638093,-0.4832829520031748,0.0,1.0,0.0,1.0,0.0
0.8319355405326728,-0.6436675665176036,0.45915275521306004,-0.45014183284638093,-0.5070491244260698,0.0,1.0,0.0,0.0,1.0
-1.574242666477571,0.13549067721934258,-0.4797787578886467,1.9855093247255098,2.493963565869786,1.0,0.0,0.0,0.0,1.0
0.8319355405326728,-0.955330864012382,-0.4797787578886467,-0.45014183284638093,-0.35616557481890865,1.0,0.0,1.0,0.0,0.0
-1.574242666477571,0.5250697990878157,0.45915275521306004,1.9855093247255098,1.6437724255043713,0.0,1.0,0.0,0.0,1.0
0.8319355405326728,-0.8774150396386874,-0.4797787578886467,-0.45014183284638093,-0.4824150755106149,0.0,1.0,0.0,0.0,1.0
0.8319355405326728,-0.09825679590174125,-0.4797787578886467,-0.45014183284638093,-0.35537539032677445,0.0,1.0,0.0,0.0,1.0
0.8319355405326728,-0.17617262027543587,0.45915275521306004,-0.45014183284638093,-0.4799668300337866,1.0,0.0,0.0,0.0,1.0
-1.574242666477571,0.5250697990878157,-0.4797787578886467,-0.45014183284638093,1.9400120231274331,1.0,0.0,1.0,0.0,0.0
-1.574242666477571,1.7717229890669295,-0.4797787578886467,-0.45014183284638093,-0.05218709598271446,0.0,1.0,0.0,0.0,1.0
-1.574242666477571,0.13549067721934258,0.45915275521306004,-0.45014183284638093,1.5163385955378836,1.0,0.0,1.0,0.0,0.0
-0.37115356297244917,1.7717229890669295,-0.4797787578886467,-0.45014183284638093,-0.3743246587232782,0.0,1.0,0.0,0.0,1.0
0.8319355405326728,-0.17617262027543587,-0.4797787578886467,-0.45014183284638093,-0.46599174459136505,0.0,1.0,0.0,0.0,1.0
0.8319355405326728,-0.8384571274518401,-0.4797787578886467,-0.45014183284638093,-0.49212657556382305,1.0,0.0,0.0,1.0,0.0
-1.574242666477571,1.226312218451067,-0.4797787578886467,0.7676837459395645,0.5704536497701247,1.0,0.0,1.0,0.0,0.0
0.8319355405326728,-0.09825679590174125,-0.4797787578886467,-0.45014183284638093,-0.4825723544383059,1.0,0.0,0.0,1.0,0.0
0.8319355405326728,0.44715397471412105,-0.4797787578886467,-0.45014183284638093,-0.4832829520031748,1.0,0.0,0.0,1.0,0.0
0.8319355405326728,1.226312218451067,0.45915275521306004,4.421160482297401,-0.10145519381362424,1.0,0.0,0.0,0.0,1.0
0.8319355405326728,-0.09825679590174125,-0.4797787578886467,-0.45014183284638093,-0.4805201486709645,0.0,1.0,0.0,0.0,1.0
0.8319355405326728,-0.6436675665176036,-0.4797787578886467,-0.45014183284638093,-0.4824150755106149,0.0,1.0,0.0,0.0,1.0
-0.37115356297244917,-0.020340971528046637,0.45915275521306004,-0.45014183284638093,-0.13745880376698133,1.0,0.0,0.0,0.0,1.0
0.8319355405326728,-0.09825679590174125,-0.4797787578886467,-0.45014183284638093,-0.4805201486709645,0.0,1.0,1.0,0.0,0.0
0.8319355405326728,-0.7215833908912982,-0.4797787578886467,-0.45014183284638093,-0.4799668300337866,0.0,1.0,0.0,0.0,1.0
0.8319355405326728,-0.4099200933965197,0.45915275521306004,-0.45014183284638093,-0.3297938779914944,1.0,0.0,0.0,0.0,1.0
0.8319355405326728,-0.09825679590174125,7.0316733469250075,1.9855093247255098,0.687781834900757,1.0,0.0,0.0,0.0,1.0
0.8319355405326728,0.44715397471412105,0.45915275521306004,0.7676837459395645,-0.2464170970468779,1.0,0.0,0.0,0.0,1.0
0.8319355405326728,-0.2540884446491305,-0.4797787578886467,-0.45014183284638093,-0.48280922029326223,0.0,1.0,0.0,0.0,1.0
-0.37115356297244917,-0.2540884446491305,0.45915275521306004,0.7676837459395645,-0.08061099857747009,0.0,1.0,0.0,0.0,1.0
0.8319355405326728,-0.09825679590174125,-0.4797787578886467,-0.45014183284638093,-0.4775981714842236,1.0,0.0,0.0,0.0,1.0
0.8319355405326728,-2.124068229617801,3.2759472945181805,0.7676837459395645,0.12190930741016374,0.0,1.0,0.0,0.0,1.0
0.8319355405326728,0.2913223259667318,-0.4797787578886467,-0.45014183284638093,-0.4775981714842236,0.0,1.0,0.0,0.0,1.0
0.8319355405326728,-0.3320042690228251,0.45915275521306004,-0.45014183284638093,-0.2928428046183121,0.0,1.0,0.0,0.0,1.0
-0.37115356297244917,-0.48783591777021434,0.45915275521306004,-0.45014183284638093,-0.43117246391278946,0.0,1.0,0.0,0.0,1.0
0.8319355405326728,-0.4099200933965197,-0.4797787578886467,-0.45014183284638093,-0.4501217323092932,0.0,1.0,0.0,0.0,1.0
0.8319355405326728,0.05757485284564798,0.45915275521306004,0.7676837459395645,-0.1725149503005133,1.0,0.0,0.0,0.0,1.0
-0.37115356297244917,1.9275546378143187,-0.4797787578886467,-0.45014183284638093,-0.36485002452502635,0.0,1.0,0.0,0.0,1.0
0.8319355405326728,-2.124068229617801,0.45915275521306004,0.7676837459395645,-0.24712769461174683,1.0,0.0,0.0,0.0,1.0
0.8319355405326728,-0.09825679590174125,-0.4797787578886467,-0.45014183284638093,-0.2033075114448319,0.0,1.0,0.0,0.0,1.0
0.8319355405326728,-0.7215833908912982,-0.4797787578886467,-0.45014183284638093,-0.48130843823625913,0.0,1.0,0.0,0.0,1.0
-0.37115356297244917,0.9925647453299833,0.45915275521306004,-0.45014183284638093,-0.13745880376698133,1.0,0.0,0.0,0.0,1.0
-0.37115356297244917,-2.2084744421618248,0.45915275521306004,1.9855093247255098,-0.10429758407309977,1.0,0.0,0.0,0.0,1.0
0.8319355405326728,-0.4099200933965197,-0.4797787578886467,1.9855093247255098,-0.31368699985446624,1.0,0.0,0.0,0.0,1.0
-1.574242666477571,0.5250697990878157,-0.4797787578886467,-0.45014183284638093,-0.02984211868955721,1.0,0.0,1.0,0.0,0.0
0.8319355405326728,-0.2540884446491305,-0.4797787578886467,-0.45014183284638093,0.44041429539911775,0.0,1.0,0.0,0.0,1.0
0.8319355405326728,-0.09825679590174125,-0.4797787578886467,-0.45014183284638093,-0.4759401104995296,1.0,0.0,0.0,1.0,0.0
0.8319355405326728,-0.5657517421439089,-0.4797787578886467,-0.45014183284638093,-0.4775981714842236,0.0,1.0,0.0,0.0,1.0
-0.37115356297244917,1.460059691572151,-0.4797787578886467,-0.45014183284638093,-0.3837992929215301,0.0,1.0,0.0,0.0,1.0
0.8319355405326728,-0.6436675665176036,-0.4797787578886467,-0.45014183284638093,-0.4832829520031748,0.0,1.0,0.0,1.0,0.0
0.8319355405326728,-0.09825679590174125,-0.4797787578886467,-0.45014183284638093,-0.49323131791133923,0.0,1.0,1.0,0.0,0.0
-1.574242666477571,-0.09825679590174125,-0.4797787578886467,-0.45014183284638093,-0.04847682923067906,0.0,1.0,1.0,0.0,0.0
0.8319355405326728,-0.09825679590174125,-0.4797787578886467,-0.45014183284638093,-0.3364261219302707,0.0,1.0,0.0,1.0,0.0
0.8319355405326728,-2.2214630100849195,1.3980842683147667,0.7676837459395645,-0.2652090865156907,1.0,0.0,1.0,0.0,0.0
0.8319355405326728,-0.5657517421439089,-0.4797787578886467,-0.45014183284638093,-0.4824150755106149,0.0,1.0,0.0,0.0,1.0
0.8319355405326728,-0.09825679590174125,-0.4797787578886467,-0.45014183284638093,-0.4805201486709645,0.0,1.0,0.0,0.0,1.0
-1.574242666477571,1.6158913403195403,-0.4797787578886467,-0.45014183284638093,-0.08605891324146495,1.0,0.0,1.0,0.0,0.0
0.8319355405326728,-0.6436675665176036,-0.4797787578886467,-0.45014183284638093,-0.48194134380070236,0.0,1.0,0.0,1.0,0.0
0.8319355405326728,-0.09825679590174125,-0.4797787578886467,-0.45014183284638093,-0.4805201486709645,0.0,1.0,0.0,0.0,1.0
0.8319355405326728,-2.124068229617801,3.2759472945181805,0.7676837459395645,-0.07824234002790711,0.0,1.0,0.0,1.0,0.0
-0.37115356297244917,0.6029856234615103,0.45915275521306004,-0.45014183284638093,-0.13745880376698133,0.0,1.0,0.0,0.0,1.0
0.8319355405326728,-0.48783591777021434,-0.4797787578886467,-0.45014183284638093,-0.4870728056824755,1.0,0.0,0.0,0.0,1.0
-1.574242666477571,-0.48783591777021434,0.45915275521306004,-0.45014183284638093,1.5163385955378836,1.0,0.0,1.0,0.0,0.0
-0.37115356297244917,-0.3320042690228251,-0.4797787578886467,0.7676837459395645,-0.13745880376698133,1.0,0.0,0.0,0.0,1.0
0.8319355405326728,0.2913223259667318,-0.4797787578886467,-0.45014183284638093,-0.48280922029326223,0.0,1.0,0.0,0.0,1.0
0.8319355405326728,-0.5657517421439089,-0.4797787578886467,-0.45014183284638093,-0.4832829520031748,1.0,0.0,0.0,0.0,1.0
-0.37115356297244917,0.05757485284564798,-0.4797787578886467,-0.45014183284638093,-0.3837992929215301,1.0,0.0,0.0,0.0,1.0
0.8319355405326728,-0.09825679590174125,-0.4797787578886467,-0.45014183284638093,-0.4927575862014267,0.0,1.0,0.0,0.0,1.0
-1.574242666477571,-0.8774150396386874,1.3980842683147667,1.9855093247255098,4.341674513456593,1.0,0.0,1.0,0.0,0.0
-1.574242666477571,-0.48783591777021434,-0.4797787578886467,-0.45014183284638093,1.141616812997022,0.0,1.0,0.0,0.0,1.0
-1.574242666477571,0.6029856234615103,0.45915275521306004,-0.45014183284638093,0.3760663697782703,0.0,1.0,0.0,0.0,1.0
0.8319355405326728,-0.8774150396386874,-0.4797787578886467,-0.45014183284638093,-0.48083470652634647,1.0,0.0,0.0,1.0,0.0
-1.574242666477571,-0.09825679590174125,-0.4797787578886467,-0.45014183284638093,0.8706422749270182,1.0,0.0,1.0,0.0,0.0
0.8319355405326728,-2.2214630100849195,1.3980842683147667,0.7676837459395645,-0.2652090865156907,1.0,0.0,1.0,0.0,0.0
0.8319355405326728,0.2913223259667318,-0.4797787578886467,-0.45014183284638093,-0.46614902351905607,0.0,1.0,0.0,0.0,1.0
0.8319355405326728,-0.09825679590174125,0.45915275521306004,-0.45014183284638093,-0.32505656089236845,1.0,0.0,0.0,0.0,1.0
-0.37115356297244917,-0.4099200933965197,1.3980842683147667,-0.45014183284638093,0.7626314450669468,0.0,1.0,0.0,0.0,1.0
-1.574242666477571,2.0054704621880135,-0.4797787578886467,-0.45014183284638093,-0.10485090271027768,1.0,0.0,1.0,0.0,0.0
-1.574242666477571,-0.09825679590174125,-0.4797787578886467,-0.45014183284638093,-0.13745880376698133,0.0,1.0,0.0,0.0,1.0
0.8319355405326728,0.9925647453299833,-0.4797787578886467,-0.45014183284638093,-0.4870728056824755,0.0,1.0,0.0,0.0,1.0
-0.37115356297244917,-0.17617262027543587,-0.4797787578886467,-0.45014183284638093,-0.3837992929215301,0.0,1.0,0.0,0.0,1.0
0.8319355405326728,-1.344909985880855,0.45915275521306004,-0.45014183284638093,-0.4171177915431026,0.0,1.0,1.0,0.0,0.0
0.8319355405326728,0.13549067721934258,-0.4797787578886467,-0.45014183284638093,-0.4799668300337866,0.0,1.0,0.0,0.0,1.0
0.8319355405326728,-0.09825679590174125,0.45915275521306004,-0.45014183284638093,-0.3364261219302707,1.0,0.0,0.0,1.0,0.0
0.8319355405326728,1.6158913403195403,0.45915275521306004,-0.45014183284638093,-0.35537539032677445,0.0,1.0,0.0,0.0,1.0
-1.574242666477571,2.9404603546723482,0.45915275521306004,-0.45014183284638093,3.572413803485806,0.0,1.0,0.0,0.0,1.0
0.8319355405326728,-2.2019840539914957,0.45915275521306004,0.7676837459395645,-0.4191718922372837,1.0,0.0,0.0,0.0,1.0
0.8319355405326728,-0.09825679590174125,-0.4797787578886467,-0.45014183284638093,-0.48659907397256297,0.0,1.0,0.0,0.0,1.0
-0.37115356297244917,-0.4099200933965197,0.45915275521306004,0.7676837459395645,0.07106273552182518,1.0,0.0,1.0,0.0,0.0
-1.574242666477571,0.13549067721934258,-0.4797787578886467,-0.45014183284638093,0.32671868502009527,0.0,1.0,0.0,0.0,1.0
-0.37115356297244917,-0.020340971528046637,0.45915275521306004,-0.45014183284638093,-0.13745880376698133,0.0,1.0,0.0,0.0,1.0
0.8319355405326728,-0.09825679590174125,-0.4797787578886467,-0.45014183284638093,-0.2033075114448319,0.0,1.0,0.0,0.0,1.0
-1.574242666477571,1.5379755159458457,0.45915275521306004,-0.45014183284638093,0.44862690832216245,0.0,1.0,1.0,0.0,0.0
-1.574242666477571,0.5250697990878157,-0.4797787578886467,-0.45014183284638093,0.13019961233363414,0.0,1.0,1.0,0.0,0.0
0.8319355405326728,-0.09825679590174125,-0.4797787578886467,-0.45014183284638093,-0.4806774275986555,0.0,1.0,0.0,0.0,1.0
-0.37115356297244917,-0.8774150396386874,-0.4797787578886467,-0.45014183284638093,0.7626314450669468,0.0,1.0,0.0,0.0,1.0
0.8319355405326728,-0.09825679590174125,-0.4797787578886467,-0.45014183284638093,-0.4775981714842236,0.0,1.0,0.0,0.0,1.0
0.8319355405326728,-0.09825679590174125,0.45915275521306004,1.9855093247255098,-0.18577943817806591,0.0,1.0,0.0,0.0,1.0
0.8319355405326728,-0.7215833908912982,-0.4797787578886467,-0.45014183284638093,-0.4553327811183317,0.0,1.0,0.0,0.0,1.0
0.8319355405326728,-0.020340971528046637,-0.4797787578886467,-0.45014183284638093,-0.4809142934536118,0.0,1.0,0.0,0.0,1.0
-1.574242666477571,0.44715397471412105,0.45915275521306004,-0.45014183284638093,0.9516503973220716,1.0,0.0,0.0,0.0,1.0
0.8319355405326728,-0.09825679590174125,-0.4797787578886467,-0.45014183284638093,-0.4927575862014267,0.0,1.0,0.0,0.0,1.0
-1.574242666477571,-1.189078337133466,0.45915275521306004,1.9855093247255098,1.6437724255043713,1.0,0.0,0.0,0.0,1.0
-1.574242666477571,1.226312218451067,0.45915275521306004,0.7676837459395645,2.493963565869786,1.0,0.0,0.0,0.0,1.0
-1.574242666477571,-0.09825679590174125,0.45915275521306004,-0.45014183284638093,1.9024299391166477,1.0,0.0,0.0,0.0,1.0
-0.37115356297244917,-0.8774150396386874,-0.4797787578886467,1.9855093247255098,-0.3837992929215301,1.0,0.0,0.0,0.0,1.0
0.8319355405326728,-0.09825679590174125,-0.4797787578886467,-0.45014183284638093,-0.48130843823625913,0.0,1.0,0.0,0.0,1.0
-1.574242666477571,-0.3320042690228251,0.45915275521306004,-0.45014183284638093,0.42043987158236307,0.0,1.0,1.0,0.0,0.0
-1.574242666477571,-0.6436675665176036,1.3980842683147667,1.9855093247255098,4.341674513456593,1.0,0.0,1.0,0.0,0.0
-1.574242666477571,1.0704805697036779,0.45915275521306004,-0.45014183284638093,0.42043987158236307,1.0,0.0,1.0,0.0,0.0
0.8319355405326728,-0.09825679590174125,-0.4797787578886467,-0.45014183284638093,0.44041429539911775,0.0,1.0,0.0,0.0,1.0
-0.37115356297244917,-0.3320042690228251,0.45915275521306004,1.9855093247255098,0.15775563843582988,0.0,1.0,1.0,0.0,0.0
-0.37115356297244917,-1.6565732833756335,-0.4797787578886467,1.9855093247255098,-0.014288559189706963,0.0,1.0,0.0,0.0,1.0
0.8319355405326728,-1.9682365808704119,-0.4797787578886467,1.9855093247255098,-0.21278214564308376,1.0,0.0,0.0,0.0,1.0
-1.574242666477571,2.7067128815512644,-0.4797787578886467,1.9855093247255098,0.9456491640208989,1.0,0.0,1.0,0.0,0.0
0.8319355405326728,-1.8903207564967173,1.3980842683147667,0.7676837459395645,-0.2652090865156907,1.0,0.0,1.0,0.0,0.0
-0.37115356297244917,-1.8903207564967173,0.45915275521306004,1.9855093247255098,-0.10429758407309977,1.0,0.0,0.0,0.0,1.0
0.8319355405326728,-0.09825679590174125,-0.4797787578886467,-0.45014183284638093,-0.49315173098407394,0.0,1.0,1.0,0.0,0.0
-1.574242666477571,0.9146489209562887,-0.4797787578886467,-0.45014183284638093,-0.05218709598271446,0.0,1.0,0.0,0.0,1.0
-1.574242666477571,0.2913223259667318,-0.4797787578886467,-0.45014183284638093,2.2416218434140647,1.0,0.0,0.0,0.0,1.0
0.8319355405326728,-0.09825679590174125,2.337015781416474,0.7676837459395645,-0.1475644486028368,1.0,0.0,0.0,0.0,1.0
0.8319355405326728,-0.09825679590174125,-0.4797787578886467,-0.45014183284638093,-0.48083470652634647,1.0,0.0,0.0,1.0,0.0
-0.37115356297244917,0.44715397471412105,-0.4797787578886467,-0.45014183284638093,-0.2322051457495001,1.0,0.0,0.0,0.0,1.0
0.8319355405326728,-0.09825679590174125,-0.4797787578886467,-0.45014183284638093,0.44041429539911775,0.0,1.0,0.0,0.0,1.0
0.8319355405326728,-0.5657517421439089,-0.4797787578886467,-0.45014183284638093,-0.4927575862014267,0.0,1.0,0.0,0.0,1.0
0.8319355405326728,1.226312218451067,0.45915275521306004,-0.45014183284638093,-0.36279781875768496,1.0,0.0,0.0,0.0,1.0
0.8319355405326728,-0.09825679590174125,-0.4797787578886467,-0.45014183284638093,-0.4832829520031748,0.0,1.0,0.0,1.0,0.0
-1.574242666477571,2.784628705924959,-0.4797787578886467,-0.45014183284638093,-0.12703670614890425,0.0,1.0,0.0,0.0,1.0
0.8319355405326728,-0.6436675665176036,-0.4797787578886467,-0.45014183284638093,-0.46599174459136505,1.0,0.0,0.0,0.0,1.0
-0.37115356297244917,0.36923815034042645,-0.4797787578886467,-0.45014183284638093,-0.3837992929215301,1.0,0.0,0.0,0.0,1.0
0.8319355405326728,-0.09825679590174125,-0.4797787578886467,-0.45014183284638093,-0.35537539032677445,1.0,0.0,0.0,0.0,1.0
-1.574242666477571,0.8367330965825941,-0.4797787578886467,-0.45014183284638093,-0.10485090271027768,0.0,1.0,1.0,0.0,0.0
0.8319355405326728,-0.7994992152649928,-0.4797787578886467,-0.45014183284638093,-0.4851778788428252,0.0,1.0,0.0,0.0,1.0
-0.37115356297244917,-2.0461524052441065,0.45915275521306004,0.7676837459395645,-0.27484099964163355,0.0,1.0,0.0,0.0,1.0
0.8319355405326728,-0.09825679590174125,7.0316733469250075,1.9855093247255098,0.687781834900757,0.0,1.0,0.0,0.0,1.0
0.8319355405326728,0.2134065015930372,-0.4797787578886467,-0.45014183284638093,-0.4799668300337866,0.0,1.0,0.0,0.0,1.0
-1.574242666477571,-0.09825679590174125,-0.4797787578886467,-0.45014183284638093,-0.10485090271027768,0.0,1.0,1.0,0.0,0.0
0.8319355405326728,-0.955330864012382,-0.4797787578886467,-0.45014183284638093,-0.46599174459136505,0.0,1.0,0.0,0.0,1.0
-1.574242666477571,0.44715397471412105,0.45915275521306004,-0.45014183284638093,0.3552221745421162,1.0,0.0,0.0,0.0,1.0
0.8319355405326728,-0.5657517421439089,-0.4797787578886467,-0.45014183284638093,-0.49315173098407394,0.0,1.0,1.0,0.0,0.0
0.8319355405326728,-0.09825679590174125,-0.4797787578886467,-0.45014183284638093,-0.48280922029326223,0.0,1.0,0.0,0.0,1.0
0.8319355405326728,0.13549067721934258,-0.4797787578886467,-0.45014183284638093,-0.48359940478539637,0.0,1.0,0.0,1.0,0.0
0.8319355405326728,-0.09825679590174125,-0.4797787578886467,-0.45014183284638093,-0.4832829520031748,0.0,1.0,0.0,1.0,0.0
0.8319355405326728,0.13549067721934258,-0.4797787578886467,-0.45014183284638093,-0.48280922029326223,0.0,1.0,0.0,0.0,1.0
-1.574242666477571,-0.09825679590174125,-0.4797787578886467,-0.45014183284638093,-0.6301397820760788,0.0,1.0,0.0,0.0,1.0
0.8319355405326728,0.7588172722088995,0.45915275521306004,5.6389860610833455,-0.03750141297542409,1.0,0.0,0.0,0.0,1.0
0.8319355405326728,-0.3709621812096724,-0.4797787578886467,-0.45014183284638093,-0.4775981714842236,0.0,1.0,0.0,0.0,1.0
-0.37115356297244917,0.05757485284564798,0.45915275521306004,-0.45014183284638093,-0.17535734055998883,0.0,1.0,1.0,0.0,0.0
0.8319355405326728,-0.09825679590174125,-0.4797787578886467,-0.45014183284638093,-0.49315173098407394,0.0,1.0,1.0,0.0,0.0
-1.574242666477571,2.7067128815512644,-0.4797787578886467,-0.45014183284638093,-0.13745880376698133,0.0,1.0,0.0,0.0,1.0
0.8319355405326728,-0.5657517421439089,-0.4797787578886467,-0.45014183284638093,-0.44372635422547324,1.0,0.0,0.0,0.0,1.0
0.8319355405326728,-0.3320042690228251,-0.4797787578886467,-0.45014183284638093,-0.49323131791133923,0.0,1.0,1.0,0.0,0.0
0.8319355405326728,-0.48783591777021434,-0.4797787578886467,-0.45014183284638093,-0.48130843823625913,1.0,0.0,0.0,0.0,1.0
-0.37115356297244917,-0.8774150396386874,-0.4797787578886467,-0.45014183284638093,0.7626314450669468,0.0,1.0,0.0,0.0,1.0
-0.37115356297244917,-0.7215833908912982,-0.4797787578886467,-0.45014183284638093,0.06624583149543398,1.0,0.0,0.0,0.0,1.0
0.8319355405326728,-0.6436675665176036,-0.4797787578886467,-0.45014183284638093,-0.4775981714842236,0.0,1.0,0.0,0.0,1.0
-0.37115356297244917,0.36923815034042645,0.45915275521306004,0.7676837459395645,-0.014288559189706963,1.0,0.0,0.0,0.0,1.0
0.8319355405326728,-0.09825679590174125,-0.4797787578886467,-0.45014183284638093,-0.49323131791133923,0.0,1.0,1.0,0.0,0.0
0.8319355405326728,0.6029856234615103,-0.4797787578886467,-0.45014183284638093,-0.4832829520031748,1.0,0.0,0.0,1.0,0.0
-0.37115356297244917,-0.09825679590174125,0.45915275521306004,-0.45014183284638093,-0.17535734055998883,1.0,0.0,1.0,0.0,0.0
-0.37115356297244917,-0.17617262027543587,0.45915275521306004,-0.45014183284638093,-0.2322051457495001,1.0,0.0,0.0,0.0,1.0
0.8319355405326728,-0.09825679590174125,-0.4797787578886467,-0.45014183284638093,-0.4775981714842236,0.0,1.0,0.0,0.0,1.0
-0.37115356297244917,0.2134065015930372,1.3980842683147667,-0.45014183284638093,0.7626314450669468,0.0,1.0,0.0,0.0,1.0
0.8319355405326728,-0.09825679590174125,-0.4797787578886467,4.421160482297401,-0.1475644486028368,1.0,0.0,0.0,0.0,1.0
-1.574242666477571,1.460059691572151,0.45915275521306004,0.7676837459395645,0.8706422749270182,1.0,0.0,1.0,0.0,0.0
-1.574242666477571,0.8367330965825941,0.45915275521306004,0.7676837459395645,1.9185368172536756,1.0,0.0,1.0,0.0,0.0
0.8319355405326728,-0.09825679590174125,1.3980842683147667,-0.45014183284638093,-0.2193348026545947,0.0,1.0,1.0,0.0,0.0
-1.574242666477571,-0.3320042690228251,0.45915275521306004,-0.45014183284638093,0.42043987158236307,1.0,0.0,1.0,0.0,0.0
0.8319355405326728,-0.09825679590174125,-0.4797787578886467,-0.45014183284638093,-0.4832829520031748,1.0,0.0,0.0,1.0,0.0
-0.37115356297244917,-0.09825679590174125,-0.4797787578886467,-0.45014183284638093,-0.4272253313057977,0.0,1.0,0.0,1.0,0.0
0.8319355405326728,-0.09825679590174125,0.45915275521306004,1.9855093247255098,-0.18577943817806591,1.0,0.0,0.0,0.0,1.0
0.8319355405326728,1.693807164693235,-0.4797787578886467,-0.45014183284638093,-0.4964678529534621,0.0,1.0,0.0,0.0,1.0
-0.37115356297244917,0.2913223259667318,-0.4797787578886467,1.9855093247255098,-0.13745880376698133,1.0,0.0,0.0,0.0,1.0
-1.574242666477571,-0.09825679590174125,0.45915275521306004,-0.45014183284638093,2.146322182794368,1.0,0.0,1.0,0.0,0.0
-1.574242666477571,1.693807164693235,-0.4797787578886467,0.7676837459395645,0.5329511526866041,0.0,1.0,1.0,0.0,0.0
0.8319355405326728,-0.2540884446491305,-0.4797787578886467,-0.45014183284638093,-0.48280922029326223,0.0,1.0,0.0,0.0,1.0
-0.37115356297244917,-0.4099200933965197,-0.4797787578886467,-0.45014183284638093,-0.3837992929215301,1.0,0.0,0.0,0.0,1.0
0.8319355405326728,-0.3320042690228251,-0.4797787578886467,-0.45014183284638093,-0.4965474398807274,0.0,1.0,0.0,0.0,1.0
0.8319355405326728,-0.17617262027543587,-0.4797787578886467,-0.45014183284638093,-0.49323131791133923,0.0,1.0,1.0,0.0,0.0
-0.37115356297244917,0.5250697990878157,-0.4797787578886467,-0.45014183284638093,-0.3837992929215301,1.0,0.0,0.0,0.0,1.0
0.8319355405326728,-1.9682365808704119,0.45915275521306004,0.7676837459395645,-0.31368699985446624,1.0,0.0,0.0,0.0,1.0
0.8319355405326728,0.5250697990878157,-0.4797787578886467,-0.45014183284638093,-0.4805201486709645,0.0,1.0,0.0,0.0,1.0
0.8319355405326728,-0.7215833908912982,0.45915275521306004,-0.45014183284638093,-0.4799668300337866,0.0,1.0,0.0,0.0,1.0
0.8319355405326728,3.2131657399802793,-0.4797787578886467,-0.45014183284638093,-0.4832829520031748,0.0,1.0,0.0,1.0,0.0
0.8319355405326728,-0.020340971528046637,0.45915275521306004,-0.45014183284638093,-0.4966270268079927,0.0,1.0,0.0,0.0,1.0
0.8319355405326728,-0.5657517421439089,-0.4797787578886467,-0.45014183284638093,-0.4832829520031748,1.0,0.0,0.0,1.0,0.0
-1.574242666477571,1.849638813440624,1.3980842683147667,-0.45014183284638093,0.34535339556121697,1.0,0.0,0.0,0.0,1.0
0.8319355405326728,-0.09825679590174125,2.337015781416474,0.7676837459395645,-0.1475644486028368,1.0,0.0,0.0,0.0,1.0
0.8319355405326728,-0.6436675665176036,-0.4797787578886467,-0.45014183284638093,-0.32505656089236845,0.0,1.0,0.0,0.0,1.0
-1.574242666477571,-0.09825679590174125,-0.4797787578886467,-0.45014183284638093,-0.6301397820760788,0.0,1.0,0.0,0.0,1.0
0.8319355405326728,-0.09825679590174125,-0.4797787578886467,-0.45014183284638093,-0.47641384220944216,1.0,0.0,0.0,0.0,1.0
-1.574242666477571,-0.4099200933965197,-0.4797787578886467,-0.45014183284638093,0.683044517801631,1.0,0.0,1.0,0.0,0.0
0.8319355405326728,-0.6436675665176036,-0.4797787578886467,-0.45014183284638093,-0.46599174459136505,0.0,1.0,0.0,0.0,1.0
0.8319355405326728,0.6809014478352049,-0.4797787578886467,-0.45014183284638093,-0.4965474398807274,0.0,1.0,0.0,0.0,1.0
0.8319355405326728,-0.09825679590174125,-0.4797787578886467,-0.45014183284638093,-0.49315173098407394,0.0,1.0,1.0,0.0,0.0
0.8319355405326728,-0.8774150396386874,-0.4797787578886467,-0.45014183284638093,-0.49315173098407394,1.0,0.0,1.0,0.0,0.0
-0.37115356297244917,0.13549067721934258,-0.4797787578886467,-0.45014183284638093,-0.2322051457495001,1.0,0.0,0.0,0.0,1.0
0.8319355405326728,-0.09825679590174125,-0.4797787578886467,-0.45014183284638093,-0.4835198178581311,1.0,0.0,0.0,1.0,0.0
-1.574242666477571,1.5379755159458457,0.45915275521306004,0.7676837459395645,1.4710176303139655,0.0,1.0,1.0,0.0,0.0
-1.574242666477571,-0.09825679590174125,2.337015781416474,1.9855093247255098,4.353517806204407,1.0,0.0,0.0,0.0,1.0
-0.37115356297244917,-1.6565732833756335,0.45915275521306004,0.7676837459395645,-0.13745880376698133,1.0,0.0,0.0,0.0,1.0
0.8319355405326728,-0.6436675665176036,-0.4797787578886467,-0.45014183284638093,-0.48280922029326223,0.0,1.0,0.0,0.0,1.0
-0.37115356297244917,0.36923815034042645,-0.4797787578886467,-0.45014183284638093,-0.3837992929215301,0.0,1.0,0.0,0.0,1.0
-1.574242666477571,-0.6436675665176036,-0.4797787578886467,-0.45014183284638093,-0.12703670614890425,1.0,0.0,0.0,0.0,1.0
0.8319355405326728,-0.5657517421439089,-0.4797787578886467,-0.45014183284638093,-0.49323131791133923,0.0,1.0,1.0,0.0,0.0
-0.37115356297244917,1.3821438671984565,-0.4797787578886467,-0.45014183284638093,-0.3459007561285226,0.0,1.0,0.0,0.0,1.0
-0.37115356297244917,-0.020340971528046637,-0.4797787578886467,-0.45014183284638093,-0.3675351358568109,0.0,1.0,1.0,0.0,0.0
0.8319355405326728,-0.09825679590174125,0.45915275521306004,-0.45014183284638093,-0.32505656089236845,0.0,1.0,0.0,0.0,1.0
-0.37115356297244917,-1.9682365808704119,1.3980842683147667,0.7676837459395645,0.10888168538756741,1.0,0.0,0.0,0.0,1.0
0.8319355405326728,0.36923815034042645,-0.4797787578886467,-0.45014183284638093,-0.4775981714842236,0.0,1.0,0.0,0.0,1.0
0.8319355405326728,-0.09825679590174125,-0.4797787578886467,-0.45014183284638093,-0.49315173098407394,0.0,1.0,1.0,0.0,0.0
0.8319355405326728,-0.5657517421439089,0.45915275521306004,-0.45014183284638093,-0.4927575862014267,0.0,1.0,0.0,0.0,1.0
0.8319355405326728,-0.3320042690228251,-0.4797787578886467,-0.45014183284638093,-0.4799668300337866,0.0,1.0,0.0,0.0,1.0
0.8319355405326728,-0.09825679590174125,0.45915275521306004,0.7676837459395645,-0.20646635448652906,1.0,0.0,1.0,0.0,0.0
0.8319355405326728,0.2134065015930372,-0.4797787578886467,-0.45014183284638093,-0.4832829520031748,0.0,1.0,0.0,1.0,0.0
-1.574242666477571,-0.4099200933965197,-0.4797787578886467,-0.45014183284638093,0.9456491640208989,1.0,0.0,1.0,0.0,0.0
-1.574242666477571,-0.09825679590174125,-0.4797787578886467,-0.45014183284638093,0.042559245999804284,0.0,1.0,0.0,0.0,1.0
-0.37115356297244917,-0.2540884446491305,-0.4797787578886467,-0.45014183284638093,-0.43117246391278946,0.0,1.0,0.0,0.0,1.0
-1.574242666477571,0.44715397471412105,0.45915275521306004,-0.45014183284638093,0.4641804678220127,1.0,0.0,1.0,0.0,0.0
-1.574242666477571,2.2392179353090973,-0.4797787578886467,-0.45014183284638093,2.146322182794368,1.0,0.0,1.0,0.0,0.0
-1.574242666477571,1.226312218451067,-0.4797787578886467,-0.45014183284638093,-0.12703670614890425,0.0,1.0,0.0,0.0,1.0
0.8319355405326728,-0.09825679590174125,-0.4797787578886467,-0.45014183284638093,-0.4870728056824755,0.0,1.0,0.0,0.0,1.0
-1.574242666477571,0.05757485284564798,-0.4797787578886467,-0.45014183284638093,1.141616812997022,1.0,0.0,0.0,0.0,1.0
0.8319355405326728,-0.5657517421439089,-0.4797787578886467,-0.45014183284638093,-0.4927575862014267,1.0,0.0,0.0,0.0,1.0
0.8319355405326728,-0.3320042690228251,-0.4797787578886467,-0.45014183284638093,-0.48280922029326223,1.0,0.0,0.0,0.0,1.0
0.8319355405326728,0.2134065015930372,-0.4797787578886467,-0.45014183284638093,-0.4775981714842236,0.0,1.0,0.0,0.0,1.0
-1.574242666477571,-1.2669941615071605,1.3980842683147667,1.9855093247255098,4.341674513456593,0.0,1.0,1.0,0.0,0.0
0.8319355405326728,-1.0332466883860767,-0.4797787578886467,-0.45014183284638093,-0.4832829520031748,1.0,0.0,0.0,1.0,0.0
-0.37115356297244917,0.2134065015930372,-0.4797787578886467,-0.45014183284638093,-0.3837992929215301,0.0,1.0,0.0,0.0,1.0
0.8319355405326728,-0.09825679590174125,-0.4797787578886467,-0.45014183284638093,-0.49315173098407394,0.0,1.0,1.0,0.0,0.0
-1.574242666477571,-1.0332466883860767,-0.4797787578886467,0.7676837459395645,0.11646139274616889,1.0,0.0,0.0,0.0,1.0
0.8319355405326728,-2.2019840539914957,0.45915275521306004,0.7676837459395645,-0.39927516042095473,1.0,0.0,0.0,0.0,1.0
-0.37115356297244917,-0.17617262027543587,0.45915275521306004,-0.45014183284638093,-0.13745880376698133,0.0,1.0,0.0,0.0,1.0
-0.37115356297244917,-0.17617262027543587,0.45915275521306004,-0.45014183284638093,-0.3675351358568109,1.0,0.0,1.0,0.0,0.0
0.8319355405326728,0.5250697990878157,-0.4797787578886467,-0.45014183284638093,-0.6301397820760788,0.0,1.0,0.0,0.0,1.0
0.8319355405326728,-0.09825679590174125,1.3980842683147667,-0.45014183284638093,-0.18956929185736665,1.0,0.0,0.0,1.0,0.0
0.8319355405326728,-0.3320042690228251,-0.4797787578886467,-0.45014183284638093,-0.4805201486709645,0.0,1.0,0.0,0.0,1.0
-1.574242666477571,1.6158913403195403,1.3980842683147667,-0.45014183284638093,1.9024299391166477,0.0,1.0,0.0,0.0,1.0
0.8319355405326728,-0.8774150396386874,1.3980842683147667,1.9855093247255098,0.021241319053737568,0.0,1.0,0.0,0.0,1.0
-1.574242666477571,-0.020340971528046637,0.45915275521306004,-0.45014183284638093,0.6318814931310708,0.0,1.0,0.0,0.0,1.0
-0.37115356297244917,0.9146489209562887,-0.4797787578886467,-0.45014183284638093,-0.3837992929215301,0.0,1.0,0.0,0.0,1.0
0.8319355405326728,-0.09825679590174125,-0.4797787578886467,-0.45014183284638093,-0.4805201486709645,0.0,1.0,0.0,0.0,1.0
-0.37115356297244917,-0.020340971528046637,0.45915275521306004,-0.45014183284638093,-0.13745880376698133,1.0,0.0,0.0,0.0,1.0
-1.574242666477571,0.2913223259667318,0.45915275521306004,-0.45014183284638093,0.3760663697782703,1.0,0.0,0.0,0.0,1.0
-1.574242666477571,0.9925647453299833,-0.4797787578886467,-0.45014183284638093,-0.12703670614890425,0.0,1.0,0.0,0.0,1.0
0.8319355405326728,0.13549067721934258,0.45915275521306004,0.7676837459395645,-0.2412060482378394,1.0,0.0,0.0,0.0,1.0
0.8319355405326728,0.2134065015930372,-0.4797787578886467,-0.45014183284638093,-0.2033075114448319,0.0,1.0,0.0,0.0,1.0
0.8319355405326728,-0.09825679590174125,-0.4797787578886467,1.9855093247255098,-0.341243025956662,1.0,0.0,1.0,0.0,0.0
-1.574242666477571,-0.09825679590174125,-0.4797787578886467,-0.45014183284638093,-0.06734651069991748,0.0,1.0,1.0,0.0,0.0
0.8319355405326728,1.3821438671984565,0.45915275521306004,-0.45014183284638093,-0.49749490330055257,1.0,0.0,0.0,0.0,1.0
-1.574242666477571,0.5250697990878157,-0.4797787578886467,-0.45014183284638093,-0.13201088910298647,0.0,1.0,0.0,0.0,1.0
-0.37115356297244917,0.05757485284564798,-0.4797787578886467,-0.45014183284638093,-0.3837992929215301,0.0,1.0,0.0,0.0,1.0
-0.37115356297244917,-0.09825679590174125,-0.4797787578886467,-0.45014183284638093,-0.6301397820760788,0.0,1.0,0.0,0.0,1.0
0.8319355405326728,1.6158913403195403,-0.4797787578886467,-0.45014183284638093,-0.4775981714842236,0.0,1.0,0.0,0.0,1.0
-1.574242666477571,1.7717229890669295,0.45915275521306004,0.7676837459395645,0.879169445705445,0.0,1.0,0.0,0.0,1.0
-1.574242666477571,-0.7994992152649928,-0.4797787578886467,1.9855093247255098,-0.1320904760302518,1.0,0.0,0.0,0.0,1.0
-1.574242666477571,0.9925647453299833,-0.4797787578886467,-0.45014183284638093,0.17520412477533054,0.0,1.0,0.0,0.0,1.0
-1.574242666477571,1.9275546378143187,0.45915275521306004,-0.45014183284638093,0.42043987158236307,0.0,1.0,1.0,0.0,0.0
0.8319355405326728,-0.48783591777021434,-0.4797787578886467,-0.45014183284638093,-0.4824150755106149,0.0,1.0,0.0,0.0,1.0
0.8319355405326728,-0.09825679590174125,-0.4797787578886467,-0.45014183284638093,-0.4805201486709645,0.0,1.0,0.0,0.0,1.0
0.8319355405326728,-0.09825679590174125,0.45915275521306004,-0.45014183284638093,-0.3562432668193343,1.0,0.0,1.0,0.0,0.0
0.8319355405326728,-1.189078337133466,-0.4797787578886467,-0.45014183284638093,-0.4553327811183317,0.0,1.0,0.0,0.0,1.0
0.8319355405326728,-1.8124049321230227,2.337015781416474,0.7676837459395645,-0.2307839506197623,0.0,1.0,0.0,0.0,1.0
-0.37115356297244917,-0.09825679590174125,-0.4797787578886467,-0.45014183284638093,-0.43117246391278946,0.0,1.0,0.0,0.0,1.0
-0.37115356297244917,0.8367330965825941,-0.4797787578886467,-0.45014183284638093,-0.33168880483114477,1.0,0.0,0.0,0.0,1.0
-1.574242666477571,-0.09825679590174125,-0.4797787578886467,-0.45014183284638093,0.35261665013759685,0.0,1.0,0.0,0.0,1.0
0.8319355405326728,0.2134065015930372,-0.4797787578886467,-0.45014183284638093,-0.4865194870452976,0.0,1.0,0.0,0.0,1.0
0.8319355405326728,-2.0461524052441065,3.2759472945181805,1.9855093247255098,-0.0353696202808174,0.0,1.0,0.0,0.0,1.0
-1.574242666477571,-1.0332466883860767,-0.4797787578886467,-0.45014183284638093,1.0089719342214956,1.0,0.0,0.0,0.0,1.0
0.8319355405326728,1.226312218451067,-0.4797787578886467,-0.45014183284638093,-0.4832829520031748,1.0,0.0,0.0,0.0,1.0
0.8319355405326728,-2.124068229617801,-0.4797787578886467,0.7676837459395645,-0.39730064665403897,1.0,0.0,0.0,0.0,1.0
0.8319355405326728,-0.6436675665176036,-0.4797787578886467,-0.45014183284638093,-0.48130843823625913,0.0,1.0,0.0,0.0,1.0
0.8319355405326728,-0.09825679590174125,1.3980842683147667,-0.45014183284638093,-0.4799668300337866,0.0,1.0,0.0,0.0,1.0
-1.574242666477571,-0.4099200933965197,-0.4797787578886467,-0.45014183284638093,0.30792859047812204,1.0,0.0,1.0,0.0,0.0
0.8319355405326728,0.5250697990878157,-0.4797787578886467,-0.45014183284638093,-0.48809985602956607,0.0,1.0,0.0,0.0,1.0
-1.574242666477571,-0.09825679590174125,-0.4797787578886467,-0.45014183284638093,-0.13887999889671912,0.0,1.0,0.0,0.0,1.0
-1.574242666477571,1.460059691572151,0.45915275521306004,3.2033349035114553,4.341674513456593,1.0,0.0,1.0,0.0,0.0
0.8319355405326728,-0.09825679590174125,-0.4797787578886467,1.9855093247255098,-0.20646635448652906,1.0,0.0,1.0,0.0,0.0
-1.574242666477571,-0.17617262027543587,-0.4797787578886467,-0.45014183284638093,-0.05218709598271446,0.0,1.0,0.0,0.0,1.0
-0.37115356297244917,0.36923815034042645,-0.4797787578886467,-0.45014183284638093,-0.3837992929215301,0.0,1.0,0.0,0.0,1.0
-1.574242666477571,0.6029856234615103,0.45915275521306004,-0.45014183284638093,1.0752943736092586,1.0,0.0,0.0,1.0,0.0
-1.574242666477571,0.5250697990878157,-0.4797787578886467,-0.45014183284638093,0.7956353858331373,0.0,1.0,1.0,0.0,0.0
-1.574242666477571,-0.09825679590174125,-0.4797787578886467,-0.45014183284638093,-0.05218709598271446,0.0,1.0,0.0,0.0,1.0
0.8319355405326728,1.1483963940773725,-0.4797787578886467,0.7676837459395645,-0.32505656089236845,0.0,1.0,0.0,0.0,1.0
0.8319355405326728,-1.734489107749328,0.45915275521306004,0.7676837459395645,-0.341243025956662,0.0,1.0,1.0,0.0,0.0
0.8319355405326728,1.1483963940773725,-0.4797787578886467,-0.45014183284638093,-0.4775981714842236,0.0,1.0,0.0,0.0,1.0
0.8319355405326728,0.8367330965825941,0.45915275521306004,5.6389860610833455,-0.0353696202808174,0.0,1.0,0.0,0.0,1.0
-0.37115356297244917,-2.2149726219145904,-0.4797787578886467,1.9855093247255098,-0.08061099857747009,0.0,1.0,0.0,0.0,1.0
0.8319355405326728,0.8756910087694414,-0.4797787578886467,-0.45014183284638093,-0.4832829520031748,0.0,1.0,0.0,1.0,0.0
0.8319355405326728,-0.6436675665176036,-0.4797787578886467,-0.45014183284638093,-0.4805201486709645,0.0,1.0,0.0,0.0,1.0
-0.37115356297244917,-0.17617262027543587,-0.4797787578886467,-0.45014183284638093,-0.3837992929215301,0.0,1.0,0.0,0.0,1.0
-1.574242666477571,0.44715397471412105,0.45915275521306004,-0.45014183284638093,1.0752943736092586,1.0,0.0,0.0,0.0,1.0
0.8319355405326728,-0.09825679590174125,-0.4797787578886467,-0.45014183284638093,-0.4832829520031748,1.0,0.0,0.0,1.0,0.0
0.8319355405326728,-0.09825679590174125,7.0316733469250075,1.9855093247255098,0.687781834900757,0.0,1.0,0.0,0.0,1.0
0.8319355405326728,-1.8903207564967173,-0.4797787578886467,-0.45014183284638093,-0.39374765882969454,1.0,0.0,0.0,0.0,1.0
0.8319355405326728,-0.09825679590174125,-0.4797787578886467,-0.45014183284638093,-0.49315173098407394,0.0,1.0,1.0,0.0,0.0
-1.574242666477571,0.05757485284564798,-0.4797787578886467,-0.45014183284638093,-0.10429758407309977,0.0,1.0,1.0,0.0,0.0
-1.574242666477571,-0.09825679590174125,-0.4797787578886467,-0.45014183284638093,-0.12703670614890425,0.0,1.0,0.0,0.0,1.0
-0.37115356297244917,0.8367330965825941,-0.4797787578886467,-0.45014183284638093,-0.3269514877320188,0.0,1.0,0.0,0.0,1.0
0.8319355405326728,-1.2669941615071605,-0.4797787578886467,1.9855093247255098,-0.2464170970468779,0.0,1.0,0.0,0.0,1.0
0.8319355405326728,-0.7215833908912982,-0.4797787578886467,-0.45014183284638093,-0.46599174459136505,0.0,1.0,0.0,0.0,1.0
-1.574242666477571,1.460059691572151,0.45915275521306004,-0.45014183284638093,0.1202512464254697,1.0,0.0,1.0,0.0,0.0
0.8319355405326728,-0.955330864012382,0.45915275521306004,-0.45014183284638093,-0.4964678529534621,0.0,1.0,0.0,0.0,1.0
-0.37115356297244917,-0.09825679590174125,-0.4797787578886467,-0.45014183284638093,-0.3837992929215301,0.0,1.0,0.0,0.0,1.0
0.8319355405326728,0.13549067721934258,-0.4797787578886467,-0.45014183284638093,-0.46559759980871784,1.0,0.0,0.0,0.0,1.0
0.8319355405326728,-0.21513053246228317,-0.4797787578886467,-0.45014183284638093,-0.49323131791133923,0.0,1.0,1.0,0.0,0.0
0.8319355405326728,-0.17617262027543587,0.45915275521306004,-0.45014183284638093,-0.3562432668193343,0.0,1.0,1.0,0.0,0.0
0.8319355405326728,-0.955330864012382,1.3980842683147667,-0.45014183284638093,-0.4775981714842236,0.0,1.0,0.0,0.0,1.0
0.8319355405326728,-0.7994992152649928,-0.4797787578886467,-0.45014183284638093,-0.4805201486709645,0.0,1.0,0.0,0.0,1.0
-0.37115356297244917,0.05757485284564798,0.45915275521306004,-0.45014183284638093,-0.2322051457495001,0.0,1.0,0.0,0.0,1.0
-0.37115356297244917,1.1483963940773725,-0.4797787578886467,-0.45014183284638093,-0.3837992929215301,0.0,1.0,0.0,0.0,1.0
0.8319355405326728,-0.09825679590174125,-0.4797787578886467,-0.45014183284638093,-0.4775981714842236,0.0,1.0,0.0,0.0,1.0
0.8319355405326728,-0.6436675665176036,-0.4797787578886467,-0.45014183284638093,-0.49323131791133923,0.0,1.0,1.0,0.0,0.0
0.8319355405326728,-0.09825679590174125,0.45915275521306004,-0.45014183284638093,-0.4832829520031748,0.0,1.0,0.0,1.0,0.0
0.8319355405326728,-0.5657517421439089,-0.4797787578886467,-0.45014183284638093,-0.48280922029326223,0.0,1.0,0.0,0.0,1.0
-0.37115356297244917,-0.6436675665176036,-0.4797787578886467,-0.45014183284638093,-0.3837992929215301,0.0,1.0,0.0,0.0,1.0
0.8319355405326728,0.36923815034042645,-0.4797787578886467,-0.45014183284638093,-0.5070491244260698,0.0,1.0,0.0,0.0,1.0
0.8319355405326728,-0.5657517421439089,-0.4797787578886467,-0.45014183284638093,-0.4951262447509896,0.0,1.0,0.0,0.0,1.0
-1.574242666477571,-0.09825679590174125,0.45915275521306004,-0.45014183284638093,0.9269367614793516,1.0,0.0,1.0,0.0,0.0
0.8319355405326728,-0.4099200933965197,0.45915275521306004,-0.45014183284638093,-0.32505656089236845,0.0,1.0,0.0,0.0,1.0
