numeric__age,numeric__sibsp,numeric__parch,numeric__fare,categorical__pclass_1,categorical__pclass_2,categorical__pclass_3,categorical__sex_female,categorical__sex_male,categorical__embarked_C,categorical__embarked_Q,categorical__embarked_S
-0.0998665024494642,-0.47957078304258416,-0.44759714185456223,-0.4992455636943435,0.0,0.0,1.0,1.0,0.0,0.0,1.0,0.0
-0.41096120415791176,0.5107854493944685,-0.44759714185456223,-0.09061381124486473,0.0,1.0,0.0,1.0,0.0,1.0,0.0,0.0
-1.4220189847103664,3.4818541467056257,1.8723741825104212,-0.017889685293178435,0.0,0.0,1.0,1.0,0.0,0.0,0.0,1.0
-0.3331875287307999,-0.47957078304258416,-0.44759714185456223,-0.5099878309062716,0.0,0.0,1.0,0.0,1.0,1.0,0.0,0.0
-1.033150607574807,-0.47957078304258416,-0.44759714185456223,-0.5012917098299489,0.0,0.0,1.0,1.0,0.0,0.0,0.0,1.0
-0.3331875287307999,-0.47957078304258416,-0.44759714185456223,-0.5012917098299489,0.0,0.0,1.0,0.0,1.0,0.0,0.0,1.0
-0.3331875287307999,-0.47957078304258416,-0.44759714185456223,-0.12582389394636206,1.0,0.0,0.0,0.0,1.0,1.0,0.0,0.0
-0.7220559058663594,-0.47957078304258416,-0.44759714185456223,-0.4971134794210427,0.0,0.0,1.0,0.0,1.0,0.0,0.0,1.0
-0.0998665024494642,-0.47957078304258416,-0.44759714185456223,-0.050116486928963117,1.0,0.0,0.0,0.0,1.0,1.0,0.0,0.0
-0.0998665024494642,-0.47957078304258416,-0.44759714185456223,-0.5033378559655542,0.0,0.0,1.0,0.0,1.0,0.0,0.0,1.0
-0.0998665024494642,1.5011416818315209,-0.44759714185456223,-0.18209291267550995,0.0,0.0,1.0,1.0,0.0,0.0,1.0,0.0
-0.02209282702235231,-0.47957078304258416,-0.44759714185456223,-0.49566480795703405,0.0,0.0,1.0,0.0,1.0,0.0,0.0,1.0
2.4666647866452283,-0.47957078304258416,-0.44759714185456223,0.027637066224041246,1.0,0.0,0.0,0.0,1.0,0.0,0.0,1.0
-0.8776032567205831,0.5107854493944685,0.7123885203279295,-0.39182289157506117,0.0,1.0,0.0,1.0,0.0,0.0,0.0,1.0
-0.955376932147695,0.5107854493944685,-0.44759714185456223,-0.5134826485058857,0.0,0.0,1.0,0.0,1.0,0.0,0.0,1.0
-0.0998665024494642,-0.47957078304258416,-0.44759714185456223,-0.508197453037617,0.0,0.0,1.0,0.0,1.0,0.0,0.0,1.0
0.522322900967431,0.5107854493944685,0.7123885203279295,-0.16367759745506158,0.0,0.0,1.0,0.0,1.0,0.0,0.0,1.0
0.21122819925898337,-0.47957078304258416,-0.44759714185456223,-0.49566480795703405,0.0,0.0,1.0,0.0,1.0,0.0,0.0,1.0
-0.0998665024494642,2.491497914268573,1.8723741825104212,4.723542447438383,1.0,0.0,0.0,1.0,0.0,0.0,0.0,1.0
-0.5665085550121356,-0.47957078304258416,-0.44759714185456223,-0.5094762943723704,0.0,0.0,1.0,0.0,1.0,0.0,0.0,1.0
-0.0998665024494642,-0.47957078304258416,-0.44759714185456223,-0.4931071252875273,0.0,0.0,1.0,0.0,1.0,0.0,0.0,1.0
-1.9664347127001496,3.4818541467056257,1.8723741825104212,-0.017889685293178435,0.0,0.0,1.0,0.0,1.0,0.0,0.0,1.0
-0.8776032567205831,-0.47957078304258416,1.8723741825104212,0.9719335078059231,1.0,0.0,0.0,1.0,0.0,0.0,0.0,1.0
1.222285979811438,0.5107854493944685,-0.44759714185456223,-0.3691454539541468,0.0,0.0,1.0,1.0,0.0,0.0,0.0,1.0
0.21122819925898337,-0.47957078304258416,-0.44759714185456223,-0.49566480795703405,0.0,0.0,1.0,0.0,1.0,0.0,0.0,1.0
0.44454922554031906,-0.47957078304258416,-0.44759714185456223,-0.4931071252875273,0.0,0.0,1.0,0.0,1.0,0.0,0.0,1.0
-0.8387164190070272,-0.47957078304258416,-0.44759714185456223,-0.5087949277092138,0.0,0.0,1.0,1.0,0.0,0.0,1.0,0.0
-2.1219820635543734,2.491497914268573,0.7123885203279295,-0.22659659112492694,0.0,0.0,1.0,0.0,1.0,0.0,0.0,1.0
2.0777964095096686,-0.47957078304258416,0.7123885203279295,1.0437184526813663,1.0,0.0,0.0,1.0,0.0,1.0,0.0,0.0
-1.033150607574807,4.472210379142679,1.8723741825104212,0.3018206483951618,0.0,0.0,1.0,1.0,0.0,0.0,0.0,1.0
0.4056623878267631,-0.47957078304258416,-0.44759714185456223,-0.526101231724164,0.0,0.0,1.0,0.0,1.0,1.0,0.0,0.0
-0.0998665024494642,-0.47957078304258416,-0.44759714185456223,-0.22813120072663096,0.0,1.0,0.0,1.0,0.0,0.0,0.0,1.0
0.25011503697253934,-0.47957078304258416,-0.44759714185456223,3.6697771876016136,1.0,0.0,0.0,0.0,1.0,1.0,0.0,0.0
-0.7220559058663594,-0.47957078304258416,-0.44759714185456223,-0.46906490819416413,0.0,0.0,1.0,0.0,1.0,0.0,0.0,1.0
2.2333437603638924,-0.47957078304258416,-0.44759714185456223,-0.050116486928963117,1.0,0.0,0.0,0.0,1.0,1.0,0.0,0.0
-0.0998665024494642,0.5107854493944685,1.8723741825104212,-0.1780006204042992,0.0,0.0,1.0,0.0,1.0,0.0,0.0,1.0
0.21122819925898337,-0.47957078304258416,-0.44759714185456223,-0.19692747215864898,0.0,0.0,1.0,0.0,1.0,0.0,0.0,1.0
1.7667017078012213,-0.47957078304258416,-0.44759714185456223,-0.3815921608970343,0.0,1.0,0.0,0.0,1.0,0.0,0.0,1.0
-0.255413853303688,-0.47957078304258416,-0.44759714185456223,-0.4962622826286308,0.0,0.0,1.0,0.0,1.0,0.0,0.0,1.0
1.30005965523855,0.5107854493944685,-0.44759714185456223,0.5939080092528294,1.0,0.0,0.0,0.0,1.0,0.0,0.0,1.0
-0.06097966473590826,-0.47957078304258416,-0.44759714185456223,-0.3283923613712944,0.0,0.0,1.0,0.0,1.0,0.0,0.0,1.0
1.6111543569469975,-0.47957078304258416,-0.44759714185456223,-0.07032218001806624,1.0,0.0,0.0,1.0,0.0,1.0,0.0,0.0
-1.033150607574807,0.5107854493944685,0.7123885203279295,-0.48355776127265704,0.0,0.0,1.0,1.0,0.0,1.0,0.0,0.0
-0.41096120415791176,0.5107854493944685,1.8723741825104212,0.6721730989397352,0.0,1.0,0.0,1.0,0.0,0.0,0.0,1.0
-0.0998665024494642,-0.47957078304258416,-0.44759714185456223,3.997672105832375,1.0,0.0,0.0,0.0,1.0,1.0,0.0,0.0
1.1445123043843262,0.5107854493944685,-0.44759714185456223,-0.12582389394636206,0.0,1.0,0.0,1.0,0.0,0.0,0.0,1.0
0.7556439272487666,0.5107854493944685,5.352331169057896,-0.017889685293178435,0.0,0.0,1.0,1.0,0.0,0.0,0.0,1.0
-0.5665085550121356,-0.47957078304258416,-0.44759714185456223,-0.4962622826286308,0.0,0.0,1.0,0.0,1.0,0.0,0.0,1.0
0.9889649535301023,-0.47957078304258416,-0.44759714185456223,-0.5012917098299489,0.0,0.0,1.0,0.0,1.0,0.0,0.0,1.0
-0.0998665024494642,-0.47957078304258416,-0.44759714185456223,-0.5094762943723704,0.0,0.0,1.0,0.0,1.0,0.0,0.0,1.0
1.5333806815198856,0.5107854493944685,-0.44759714185456223,0.9121696714771612,1.0,0.0,0.0,1.0,0.0,1.0,0.0,0.0
-2.1997557389814855,4.472210379142679,1.8723741825104212,0.3018206483951618,0.0,0.0,1.0,0.0,1.0,0.0,0.0,1.0
0.055680848404759585,-0.47957078304258416,-0.44759714185456223,-0.4805744802069444,0.0,0.0,1.0,1.0,0.0,0.0,0.0,1.0
-0.6442822304392475,-0.47957078304258416,-0.44759714185456223,-0.4992455636943435,0.0,0.0,1.0,0.0,1.0,0.0,1.0,0.0
-0.1776401778765761,-0.47957078304258416,-0.44759714185456223,-0.4805744802069444,0.0,0.0,1.0,0.0,1.0,0.0,0.0,1.0
-2.2191991578382635,1.5011416818315209,0.7123885203279295,-0.26376892797046986,0.0,0.0,1.0,1.0,0.0,1.0,0.0,0.0
-0.955376932147695,-0.47957078304258416,-0.44759714185456223,-0.49958727009898957,0.0,0.0,1.0,1.0,0.0,0.0,1.0,0.0
0.055680848404759585,-0.47957078304258416,-0.44759714185456223,-0.39182289157506117,0.0,1.0,0.0,0.0,1.0,0.0,0.0,1.0
-0.7998295812934713,-0.47957078304258416,-0.44759714185456223,-0.5012917098299489,0.0,0.0,1.0,0.0,1.0,0.0,0.0,1.0
-0.0998665024494642,0.5107854493944685,1.8723741825104212,-0.1780006204042992,0.0,0.0,1.0,0.0,1.0,0.0,0.0,1.0
0.36677555011320717,-0.47957078304258416,-0.44759714185456223,-0.4429765449651956,0.0,1.0,0.0,1.0,0.0,0.0,0.0,1.0
0.8334176026758785,0.5107854493944685,0.7123885203279295,2.0942446631854725,1.0,0.0,0.0,1.0,0.0,1.0,0.0,0.0
-0.0998665024494642,-0.47957078304258416,-0.44759714185456223,-0.4992455636943435,0.0,0.0,1.0,0.0,1.0,0.0,1.0,0.0
-0.6442822304392475,-0.47957078304258416,-0.44759714185456223,-0.4987340271604422,0.0,0.0,1.0,0.0,1.0,0.0,0.0,1.0
-0.0998665024494642,-0.47957078304258416,-0.44759714185456223,-0.4805744802069444,0.0,0.0,1.0,0.0,1.0,0.0,0.0,1.0
-0.7998295812934713,-0.47957078304258416,-0.44759714185456223,-0.39182289157506117,0.0,1.0,0.0,1.0,0.0,0.0,0.0,1.0
-1.3442453092832545,-0.47957078304258416,-0.44759714185456223,-0.33555387284591326,0.0,1.0,0.0,1.0,0.0,0.0,0.0,1.0
0.6778702518216547,-0.47957078304258416,-0.44759714185456223,3.997672105832375,1.0,0.0,0.0,1.0,0.0,1.0,0.0,0.0
-0.0998665024494642,-0.47957078304258416,-0.44759714185456223,-0.5094762943723704,0.0,0.0,1.0,0.0,1.0,0.0,0.0,1.0
-0.0998665024494642,-0.47957078304258416,-0.44759714185456223,-0.4966019428871413,0.0,0.0,1.0,1.0,0.0,0.0,1.0,0.0
-0.5665085550121356,0.5107854493944685,0.7123885203279295,-0.06443950987820074,0.0,1.0,0.0,1.0,0.0,0.0,0.0,1.0
0.055680848404759585,-0.47957078304258416,-0.44759714185456223,-0.39182289157506117,0.0,1.0,0.0,0.0,1.0,0.0,0.0,1.0
-0.6442822304392475,-0.47957078304258416,0.7123885203279295,0.9235933053522458,1.0,0.0,0.0,0.0,1.0,0.0,0.0,1.0
2.000022734082557,1.5011416818315209,-0.44759714185456223,-0.13196233235317822,1.0,0.0,0.0,1.0,0.0,0.0,0.0,1.0
-0.0998665024494642,-0.47957078304258416,-0.44759714185456223,-0.4962622826286308,0.0,0.0,1.0,0.0,1.0,0.0,0.0,1.0
-1.5775663355645901,0.5107854493944685,0.7123885203279295,-0.3458705416616356,0.0,0.0,1.0,1.0,0.0,1.0,0.0,0.0
2.6999858129265637,-0.47957078304258416,-0.44759714185456223,-0.12582389394636206,1.0,0.0,0.0,0.0,1.0,0.0,0.0,1.0
-0.0998665024494642,-0.47957078304258416,-0.44759714185456223,-0.6578218892037603,1.0,0.0,0.0,0.0,1.0,0.0,0.0,1.0
-0.3331875287307999,-0.47957078304258416,0.7123885203279295,-0.12582389394636206,0.0,1.0,0.0,1.0,0.0,0.0,0.0,1.0
-0.7220559058663594,-0.47957078304258416,-0.44759714185456223,-0.4805744802069444,0.0,0.0,1.0,0.0,1.0,0.0,0.0,1.0
-0.8776032567205831,-0.47957078304258416,-0.44759714185456223,-0.4429765449651956,0.0,1.0,0.0,0.0,1.0,0.0,0.0,1.0
0.13345452383187148,-0.47957078304258416,-0.44759714185456223,-0.4992455636943435,0.0,0.0,1.0,0.0,1.0,0.0,1.0,0.0
-0.6442822304392475,-0.47957078304258416,-0.44759714185456223,-0.11457009020053248,1.0,0.0,0.0,1.0,0.0,0.0,0.0,1.0
1.3778333306656618,-0.47957078304258416,-0.44759714185456223,0.4061741013110361,1.0,0.0,0.0,0.0,1.0,0.0,0.0,1.0
-0.0998665024494642,-0.47957078304258416,-0.44759714185456223,-0.6578218892037603,0.0,1.0,0.0,0.0,1.0,0.0,0.0,1.0
-0.0998665024494642,2.491497914268573,0.7123885203279295,-0.13673599128754557,0.0,0.0,1.0,1.0,0.0,0.0,0.0,1.0
1.7667017078012213,0.5107854493944685,0.7123885203279295,0.9719335078059231,1.0,0.0,0.0,0.0,1.0,0.0,0.0,1.0
1.3778333306656618,-0.47957078304258416,-0.44759714185456223,-0.47366873699927625,0.0,0.0,1.0,0.0,1.0,0.0,0.0,1.0
0.2890018746860953,-0.47957078304258416,-0.44759714185456223,-0.4634380063212494,0.0,0.0,1.0,0.0,1.0,0.0,0.0,1.0
-0.7998295812934713,-0.47957078304258416,-0.44759714185456223,-0.4962622826286308,0.0,0.0,1.0,0.0,1.0,0.0,0.0,1.0
-0.0998665024494642,0.5107854493944685,-0.44759714185456223,-0.16674681665846963,0.0,1.0,0.0,1.0,0.0,1.0,0.0,0.0
-0.0998665024494642,-0.47957078304258416,-0.44759714185456223,-0.4962622826286308,0.0,0.0,1.0,0.0,1.0,1.0,0.0,0.0
-0.0998665024494642,-0.47957078304258416,-0.44759714185456223,-0.4931071252875273,0.0,0.0,1.0,0.0,1.0,0.0,0.0,1.0
-0.1776401778765761,0.5107854493944685,-0.44759714185456223,0.4286817088026953,1.0,0.0,0.0,0.0,1.0,0.0,0.0,1.0
-0.0998665024494642,0.5107854493944685,-0.44759714185456223,2.076852421032827,1.0,0.0,0.0,1.0,0.0,0.0,0.0,1.0
-2.0442083881272617,0.5107854493944685,0.7123885203279295,-0.12582389394636206,0.0,1.0,0.0,0.0,1.0,0.0,0.0,1.0
-0.0998665024494642,-0.47957078304258416,-0.44759714185456223,-0.4992455636943435,0.0,0.0,1.0,1.0,0.0,0.0,1.0,0.0
-0.0998665024494642,-0.47957078304258416,-0.44759714185456223,-0.4962622826286308,0.0,0.0,1.0,0.0,1.0,0.0,0.0,1.0
-0.0998665024494642,2.491497914268573,0.7123885203279295,-0.13673599128754557,0.0,0.0,1.0,0.0,1.0,0.0,0.0,1.0
1.4556070060927737,-0.47957078304258416,-0.44759714185456223,-0.12727256541037066,1.0,0.0,0.0,1.0,0.0,0.0,0.0,1.0
1.4556070060927737,0.5107854493944685,3.032359844692913,0.0455408449105883,0.0,0.0,1.0,1.0,0.0,0.0,0.0,1.0
0.9889649535301023,-0.47957078304258416,-0.44759714185456223,-0.39182289157506117,0.0,1.0,0.0,0.0,1.0,0.0,0.0,1.0
-0.0998665024494642,-0.47957078304258416,-0.44759714185456223,-0.5099878309062716,0.0,0.0,1.0,1.0,0.0,1.0,0.0,0.0
-0.41096120415791176,0.5107854493944685,-0.44759714185456223,-0.12582389394636206,0.0,1.0,0.0,1.0,0.0,0.0,0.0,1.0
-0.6442822304392475,-0.47957078304258416,-0.44759714185456223,-0.4987340271604422,0.0,0.0,1.0,0.0,1.0,0.0,0.0,1.0
-0.0998665024494642,2.491497914268573,0.7123885203279295,-0.13673599128754557,0.0,0.0,1.0,1.0,0.0,0.0,0.0,1.0
0.44454922554031906,0.5107854493944685,-0.44759714185456223,1.1837096328410797,1.0,0.0,0.0,1.0,0.0,0.0,0.0,1.0
-1.8886610372730377,3.4818541467056257,1.8723741825104212,-0.01558777089062237,0.0,0.0,1.0,0.0,1.0,0.0,0.0,1.0
-0.48873487958502365,-0.47957078304258416,-0.44759714185456223,-0.4962622826286308,0.0,0.0,1.0,0.0,1.0,0.0,0.0,1.0
-0.3331875287307999,-0.47957078304258416,-0.44759714185456223,-0.4962622826286308,0.0,0.0,1.0,0.0,1.0,0.0,0.0,1.0
-0.0998665024494642,-0.47957078304258416,-0.44759714185456223,-0.5156147327791866,0.0,0.0,1.0,0.0,1.0,0.0,1.0,0.0
-0.6442822304392475,-0.47957078304258416,-0.44759714185456223,-0.4931071252875273,0.0,0.0,1.0,0.0,1.0,0.0,0.0,1.0
0.6000965763945428,-0.47957078304258416,0.7123885203279295,-0.050116486928963117,1.0,0.0,0.0,0.0,1.0,1.0,0.0,0.0
-0.0998665024494642,0.5107854493944685,9.992273817787863,0.7652727481097799,0.0,0.0,1.0,1.0,0.0,0.0,0.0,1.0
-1.1886979584290307,3.4818541467056257,0.7123885203279295,0.154242358364624,0.0,0.0,1.0,0.0,1.0,0.0,0.0,1.0
-0.41096120415791176,-0.47957078304258416,-0.44759714185456223,-0.39182289157506117,0.0,1.0,0.0,1.0,0.0,0.0,0.0,1.0
1.3778333306656618,-0.47957078304258416,-0.44759714185456223,-0.5094762943723704,0.0,0.0,1.0,0.0,1.0,0.0,0.0,1.0
0.522322900967431,-0.47957078304258416,-0.44759714185456223,-0.39182289157506117,0.0,1.0,0.0,1.0,0.0,0.0,0.0,1.0
0.522322900967431,-0.47957078304258416,-0.44759714185456223,-0.4634380063212494,0.0,0.0,1.0,0.0,1.0,0.0,0.0,1.0
-0.5665085550121356,-0.47957078304258416,0.7123885203279295,0.557588915345834,1.0,0.0,0.0,1.0,0.0,1.0,0.0,0.0
-0.1776401778765761,0.5107854493944685,-0.44759714185456223,-0.3742608192931602,0.0,1.0,0.0,1.0,0.0,1.0,0.0,0.0
-0.0998665024494642,-0.47957078304258416,-0.44759714185456223,-0.4962622826286308,0.0,0.0,1.0,0.0,1.0,0.0,0.0,1.0
0.2890018746860953,-0.47957078304258416,-0.44759714185456223,-0.4962622826286308,0.0,0.0,1.0,0.0,1.0,0.0,0.0,1.0
-0.5665085550121356,-0.47957078304258416,-0.44759714185456223,-0.5120339770418771,0.0,0.0,1.0,0.0,1.0,0.0,0.0,1.0
-0.48873487958502365,-0.47957078304258416,-0.44759714185456223,-0.4971134794210427,0.0,0.0,1.0,0.0,1.0,0.0,0.0,1.0
-0.3331875287307999,-0.47957078304258416,-0.44759714185456223,-0.4983084287642362,0.0,0.0,1.0,0.0,1.0,0.0,0.0,1.0
-2.2516074483887407,-0.47957078304258416,1.8723741825104212,-0.3631768456765859,0.0,0.0,1.0,0.0,1.0,0.0,0.0,1.0
0.6778702518216547,0.5107854493944685,5.352331169057896,-0.01558777089062237,0.0,0.0,1.0,1.0,0.0,0.0,0.0,1.0
1.2611728175249939,-0.47957078304258416,-0.44759714185456223,-0.5099878309062716,0.0,0.0,1.0,0.0,1.0,1.0,0.0,0.0
3.166627865489235,-0.47957078304258416,-0.44759714185456223,-0.4429765449651956,0.0,1.0,0.0,0.0,1.0,0.0,0.0,1.0
-0.41096120415791176,-0.47957078304258416,3.032359844692913,-0.26376892797046986,0.0,0.0,1.0,1.0,0.0,1.0,0.0,0.0
-1.2664716338561426,3.4818541467056257,1.8723741825104212,-0.01558777089062237,0.0,0.0,1.0,0.0,1.0,0.0,0.0,1.0
0.9889649535301023,-0.47957078304258416,-0.44759714185456223,0.21179021842852522,1.0,0.0,0.0,0.0,1.0,0.0,0.0,1.0
-0.0998665024494642,-0.47957078304258416,-0.44759714185456223,-0.4931071252875273,0.0,0.0,1.0,0.0,1.0,0.0,0.0,1.0
1.922249058655445,-0.47957078304258416,-0.44759714185456223,0.40336065037457863,1.0,0.0,0.0,0.0,1.0,0.0,0.0,1.0
-1.3442453092832545,0.5107854493944685,-0.44759714185456223,-0.4278002790774105,0.0,0.0,1.0,0.0,1.0,1.0,0.0,0.0
-0.02209282702235231,-0.47957078304258416,-0.44759714185456223,-0.4931071252875273,0.0,0.0,1.0,0.0,1.0,0.0,0.0,1.0
2.54443846207234,-0.47957078304258416,-0.44759714185456223,-0.11457009020053248,1.0,0.0,0.0,0.0,1.0,0.0,0.0,1.0
0.6778702518216547,-0.47957078304258416,-0.44759714185456223,-0.39182289157506117,0.0,1.0,0.0,1.0,0.0,0.0,0.0,1.0
-0.0998665024494642,0.5107854493944685,-0.44759714185456223,-0.3406692381849267,0.0,0.0,1.0,1.0,0.0,0.0,1.0,0.0
0.055680848404759585,0.5107854493944685,0.7123885203279295,-0.16367759745506158,0.0,0.0,1.0,1.0,0.0,0.0,0.0,1.0
-0.7220559058663594,-0.47957078304258416,-0.44759714185456223,-0.5099018927685763,0.0,0.0,1.0,0.0,1.0,1.0,0.0,0.0
1.5333806815198856,0.5107854493944685,-0.44759714185456223,1.1653802557583268,1.0,0.0,0.0,0.0,1.0,1.0,0.0,0.0
0.6778702518216547,3.4818541467056257,1.8723741825104212,-0.4987340271604422,0.0,0.0,1.0,1.0,0.0,0.0,0.0,1.0
-0.5665085550121356,0.5107854493944685,-0.44759714185456223,0.7049114371094211,1.0,0.0,0.0,1.0,0.0,0.0,0.0,1.0
-0.0998665024494642,-0.47957078304258416,-0.44759714185456223,-0.4634380063212494,0.0,0.0,1.0,0.0,1.0,0.0,0.0,1.0
-0.1776401778765761,-0.47957078304258416,-0.44759714185456223,-0.12582389394636206,0.0,1.0,0.0,0.0,1.0,0.0,0.0,1.0
0.7167570895352107,-0.47957078304258416,-0.44759714185456223,-0.5094762943723704,0.0,0.0,1.0,0.0,1.0,0.0,0.0,1.0
-2.1219820635543734,0.5107854493944685,0.7123885203279295,-0.12582389394636206,0.0,1.0,0.0,1.0,0.0,0.0,0.0,1.0
-0.5665085550121356,-0.47957078304258416,-0.44759714185456223,-0.4983084287642362,0.0,0.0,1.0,0.0,1.0,0.0,0.0,1.0
-0.8776032567205831,-0.47957078304258416,-0.44759714185456223,-0.4987340271604422,0.0,0.0,1.0,1.0,0.0,0.0,0.0,1.0
-0.41096120415791176,-0.47957078304258416,-0.44759714185456223,-0.511692270637231,0.0,0.0,1.0,0.0,1.0,0.0,0.0,1.0
0.9111912781029904,-0.47957078304258416,-0.44759714185456223,2.0942446631854725,1.0,0.0,0.0,1.0,0.0,1.0,0.0,0.0
0.7556439272487666,-0.47957078304258416,-0.44759714185456223,-0.39182289157506117,0.0,1.0,0.0,0.0,1.0,0.0,0.0,1.0
-1.4997926601374783,4.472210379142679,1.8723741825104212,0.3018206483951618,0.0,0.0,1.0,1.0,0.0,0.0,0.0,1.0
-0.6442822304392475,-0.47957078304258416,-0.44759714185456223,-0.4805744802069444,0.0,0.0,1.0,0.0,1.0,0.0,0.0,1.0
1.0667386289572143,-0.47957078304258416,-0.44759714185456223,-0.5258454634572134,0.0,0.0,1.0,0.0,1.0,0.0,0.0,1.0
-1.5775663355645901,1.5011416818315209,1.8723741825104212,0.0455408449105883,0.0,0.0,1.0,1.0,0.0,0.0,0.0,1.0
-0.5665085550121356,-0.47957078304258416,-0.44759714185456223,-0.4931071252875273,0.0,0.0,1.0,0.0,1.0,0.0,0.0,1.0
-1.5775663355645901,3.4818541467056257,1.8723741825104212,-0.017889685293178435,0.0,0.0,1.0,1.0,0.0,0.0,0.0,1.0
-0.0998665024494642,-0.47957078304258416,-0.44759714185456223,-0.4931071252875273,0.0,0.0,1.0,0.0,1.0,0.0,0.0,1.0
-0.48873487958502365,-0.47957078304258416,-0.44759714185456223,-0.39182289157506117,0.0,1.0,0.0,0.0,1.0,0.0,0.0,1.0
-1.033150607574807,-0.47957078304258416,0.7123885203279295,0.5285172710511528,1.0,0.0,0.0,1.0,0.0,1.0,0.0,0.0
-0.0998665024494642,-0.47957078304258416,-0.44759714185456223,-0.6578218892037603,0.0,1.0,0.0,0.0,1.0,0.0,0.0,1.0
0.44454922554031906,0.5107854493944685,0.7123885203279295,-0.24347729674367127,0.0,0.0,1.0,1.0,0.0,0.0,0.0,1.0
-0.7998295812934713,-0.47957078304258416,-0.44759714185456223,-0.4429765449651956,0.0,1.0,0.0,0.0,1.0,0.0,0.0,1.0
-2.1219820635543734,3.4818541467056257,0.7123885203279295,-0.06188182720869402,0.0,0.0,1.0,0.0,1.0,0.0,1.0,0.0
-0.0998665024494642,0.5107854493944685,0.7123885203279295,-0.3611306995409805,0.0,0.0,1.0,0.0,1.0,0.0,0.0,1.0
0.522322900967431,-0.47957078304258416,1.8723741825104212,-0.33248465364250523,0.0,0.0,1.0,1.0,0.0,0.0,0.0,1.0
2.3888911112181166,-0.47957078304258416,-0.44759714185456223,0.9032177821338877,1.0,0.0,0.0,1.0,0.0,1.0,0.0,0.0
-2.206234286144564,0.5107854493944685,1.8723741825104212,-0.09001633657326796,0.0,1.0,0.0,1.0,0.0,0.0,0.0,1.0
-0.0998665024494642,-0.47957078304258416,-0.44759714185456223,-0.4997571002282448,0.0,0.0,1.0,0.0,1.0,0.0,1.0,0.0
0.6778702518216547,-0.47957078304258416,-0.44759714185456223,-0.5099018927685763,0.0,0.0,1.0,1.0,0.0,1.0,0.0,0.0
-0.8776032567205831,-0.47957078304258416,-0.44759714185456223,-0.39182289157506117,0.0,1.0,0.0,0.0,1.0,0.0,0.0,1.0
1.222285979811438,-0.47957078304258416,-0.44759714185456223,-0.5099878309062716,0.0,0.0,1.0,1.0,0.0,1.0,0.0,0.0
-0.255413853303688,-0.47957078304258416,-0.44759714185456223,-0.4962622826286308,0.0,0.0,1.0,0.0,1.0,0.0,0.0,1.0
0.8334176026758785,0.5107854493944685,-0.44759714185456223,-0.46394954285515067,0.0,0.0,1.0,1.0,0.0,0.0,0.0,1.0
-0.0998665024494642,-0.47957078304258416,-0.44759714185456223,-0.4931071252875273,0.0,0.0,1.0,0.0,1.0,0.0,0.0,1.0
-0.0998665024494642,-0.47957078304258416,0.7123885203279295,0.017406335546014357,0.0,1.0,0.0,0.0,1.0,0.0,0.0,1.0
-0.7998295812934713,-0.47957078304258416,1.8723741825104212,-0.12002716194419202,1.0,0.0,0.0,1.0,0.0,0.0,0.0,1.0
0.6000965763945428,0.5107854493944685,-0.44759714185456223,-0.12582389394636206,0.0,1.0,0.0,0.0,1.0,0.0,0.0,1.0
-0.5665085550121356,-0.47957078304258416,-0.44759714185456223,2.44311257930619,1.0,0.0,0.0,1.0,0.0,0.0,0.0,1.0
1.922249058655445,-0.47957078304258416,0.7123885203279295,0.9235933053522458,1.0,0.0,0.0,0.0,1.0,0.0,0.0,1.0
1.3778333306656618,0.5107854493944685,-0.44759714185456223,3.997672105832375,1.0,0.0,0.0,0.0,1.0,1.0,0.0,0.0
-0.5665085550121356,-0.47957078304258416,-0.44759714185456223,0.154242358364624,0.0,0.0,1.0,1.0,0.0,0.0,0.0,1.0
-0.3331875287307999,-0.47957078304258416,-0.44759714185456223,-0.39182289157506117,0.0,1.0,0.0,0.0,1.0,0.0,0.0,1.0
0.36677555011320717,0.5107854493944685,-0.44759714185456223,-0.22813120072663096,0.0,1.0,0.0,0.0,1.0,0.0,0.0,1.0
-0.0998665024494642,-0.47957078304258416,-0.44759714185456223,-0.4931071252875273,0.0,0.0,1.0,1.0,0.0,0.0,0.0,1.0
0.522322900967431,-0.47957078304258416,0.7123885203279295,9.825182238174186,1.0,0.0,0.0,0.0,1.0,1.0,0.0,0.0
-0.0998665024494642,-0.47957078304258416,-0.44759714185456223,-0.3815921608970343,0.0,1.0,0.0,0.0,1.0,0.0,0.0,1.0
2.54443846207234,-0.47957078304258416,-0.44759714185456223,-0.4596014823169893,0.0,1.0,0.0,0.0,1.0,0.0,1.0,0.0
-0.5665085550121356,-0.47957078304258416,-0.44759714185456223,-0.45653226311358125,0.0,0.0,1.0,1.0,0.0,0.0,0.0,1.0
-0.41096120415791176,1.5011416818315209,0.7123885203279295,-0.1053624325903083,0.0,1.0,0.0,1.0,0.0,0.0,0.0,1.0
-0.1776401778765761,-0.47957078304258416,-0.44759714185456223,-0.4962622826286308,0.0,0.0,1.0,0.0,1.0,0.0,0.0,1.0
-1.1498111207154749,0.5107854493944685,-0.44759714185456223,-0.36206783447108776,0.0,0.0,1.0,1.0,0.0,1.0,0.0,0.0
1.1445123043843262,-0.47957078304258416,-0.44759714185456223,-0.4931071252875273,0.0,0.0,1.0,0.0,1.0,0.0,0.0,1.0
-0.0998665024494642,0.5107854493944685,-0.44759714185456223,-0.3619839424795279,0.0,0.0,1.0,1.0,0.0,1.0,0.0,0.0
0.21122819925898337,-0.47957078304258416,-0.44759714185456223,-0.3815921608970343,0.0,1.0,0.0,0.0,1.0,0.0,0.0,1.0
-0.0998665024494642,-0.47957078304258416,-0.44759714185456223,-0.5099018927685763,0.0,0.0,1.0,0.0,1.0,1.0,0.0,0.0
-0.48873487958502365,0.5107854493944685,-0.44759714185456223,1.6599501459032313,1.0,0.0,0.0,1.0,0.0,1.0,0.0,0.0
-2.0442083881272617,0.5107854493944685,0.7123885203279295,-0.33248465364250523,0.0,0.0,1.0,0.0,1.0,0.0,0.0,1.0
0.055680848404759585,-0.47957078304258416,-0.44759714185456223,-0.5099878309062716,0.0,0.0,1.0,0.0,1.0,1.0,0.0,0.0
-0.6442822304392475,0.5107854493944685,-0.44759714185456223,-0.4225150836091418,0.0,1.0,0.0,0.0,1.0,0.0,0.0,1.0
1.222285979811438,-0.47957078304258416,0.7123885203279295,0.6385815178315017,1.0,0.0,0.0,1.0,0.0,1.0,0.0,0.0
-0.0998665024494642,1.5011416818315209,-0.44759714185456223,-0.18209291267550995,0.0,0.0,1.0,1.0,0.0,0.0,1.0,0.0
2.6222121374994516,-0.47957078304258416,-0.44759714185456223,-0.4616476284525947,0.0,0.0,1.0,1.0,0.0,0.0,0.0,1.0
-0.0998665024494642,-0.47957078304258416,-0.44759714185456223,-0.5099018927685763,0.0,0.0,1.0,0.0,1.0,1.0,0.0,0.0
0.13345452383187148,-0.47957078304258416,-0.44759714185456223,-0.4971134794210427,0.0,0.0,1.0,1.0,0.0,0.0,0.0,1.0
0.055680848404759585,-0.47957078304258416,-0.44759714185456223,-0.4634380063212494,0.0,0.0,1.0,0.0,1.0,0.0,0.0,1.0
1.1445123043843262,0.5107854493944685,-0.44759714185456223,-0.12582389394636206,0.0,1.0,0.0,0.0,1.0,0.0,0.0,1.0
-0.0998665024494642,-0.47957078304258416,-0.44759714185456223,-0.3943805742445679,0.0,1.0,0.0,0.0,1.0,0.0,0.0,1.0
1.30005965523855,-0.47957078304258416,-0.44759714185456223,-0.12582389394636206,1.0,0.0,0.0,0.0,1.0,0.0,0.0,1.0
0.055680848404759585,-0.47957078304258416,-0.44759714185456223,0.5070327366272964,1.0,0.0,0.0,1.0,0.0,1.0,0.0,0.0
-0.02209282702235231,-0.47957078304258416,-0.44759714185456223,-0.4429765449651956,0.0,1.0,0.0,0.0,1.0,0.0,0.0,1.0
0.36677555011320717,-0.47957078304258416,-0.44759714185456223,-0.39182289157506117,0.0,1.0,0.0,0.0,1.0,0.0,0.0,1.0
1.0667386289572143,-0.47957078304258416,-0.44759714185456223,-0.4962622826286308,0.0,0.0,1.0,0.0,1.0,0.0,0.0,1.0
-0.48873487958502365,2.491497914268573,1.8723741825104212,4.723542447438383,1.0,0.0,0.0,1.0,0.0,0.0,0.0,1.0
-0.8776032567205831,-0.47957078304258416,-0.44759714185456223,-0.45644632497588583,0.0,0.0,1.0,1.0,0.0,0.0,0.0,1.0
0.13345452383187148,0.5107854493944685,-0.44759714185456223,1.6599501459032313,1.0,0.0,0.0,1.0,0.0,1.0,0.0,0.0
0.055680848404759585,-0.47957078304258416,-0.44759714185456223,-0.4931071252875273,0.0,0.0,1.0,0.0,1.0,0.0,0.0,1.0
-0.0998665024494642,-0.47957078304258416,-0.44759714185456223,-0.3498768957951509,0.0,1.0,0.0,0.0,1.0,1.0,0.0,0.0
-0.0998665024494642,-0.47957078304258416,-0.44759714185456223,-0.49950133196129415,0.0,0.0,1.0,1.0,0.0,0.0,1.0,0.0
-0.41096120415791176,-0.47957078304258416,-0.44759714185456223,-0.4931071252875273,0.0,0.0,1.0,0.0,1.0,0.0,0.0,1.0
-0.0998665024494642,-0.47957078304258416,-0.44759714185456223,0.1524519804959693,1.0,0.0,0.0,0.0,1.0,0.0,0.0,1.0
-0.0998665024494642,-0.47957078304258416,-0.44759714185456223,-0.4987340271604422,0.0,0.0,1.0,0.0,1.0,0.0,0.0,1.0
0.8334176026758785,-0.47957078304258416,-0.44759714185456223,-0.6578218892037603,1.0,0.0,0.0,0.0,1.0,0.0,0.0,1.0
-0.5665085550121356,-0.47957078304258416,-0.44759714185456223,-0.4429765449651956,0.0,1.0,0.0,1.0,0.0,0.0,0.0,1.0
-1.5775663355645901,0.5107854493944685,0.7123885203279295,-0.3458705416616356,0.0,0.0,1.0,1.0,0.0,1.0,0.0,0.0
-0.41096120415791176,-0.47957078304258416,-0.44759714185456223,-0.3815921608970343,0.0,1.0,0.0,0.0,1.0,0.0,0.0,1.0
-0.0998665024494642,-0.47957078304258416,-0.44759714185456223,-0.6578218892037603,1.0,0.0,0.0,0.0,1.0,0.0,0.0,1.0
0.21122819925898337,-0.47957078304258416,-0.44759714185456223,-0.4931071252875273,0.0,0.0,1.0,0.0,1.0,0.0,0.0,1.0
-0.8776032567205831,-0.47957078304258416,-0.44759714185456223,-0.4225150836091418,0.0,1.0,0.0,0.0,1.0,0.0,0.0,1.0
-0.955376932147695,-0.47957078304258416,-0.44759714185456223,-0.4429765449651956,0.0,1.0,0.0,1.0,0.0,0.0,0.0,1.0
-0.0998665024494642,-0.47957078304258416,-0.44759714185456223,-0.34996283393284633,0.0,1.0,0.0,0.0,1.0,1.0,0.0,0.0
1.0667386289572143,0.5107854493944685,-0.44759714185456223,-0.09061381124486473,1.0,0.0,0.0,0.0,1.0,1.0,0.0,0.0
1.7667017078012213,0.5107854493944685,0.7123885203279295,1.2553247475872678,1.0,0.0,0.0,1.0,0.0,0.0,0.0,1.0
2.1555700849367807,0.5107854493944685,0.7123885203279295,2.7155917217463506,1.0,0.0,0.0,0.0,1.0,0.0,0.0,1.0
-0.0998665024494642,-0.47957078304258416,-0.44759714185456223,-0.49182828395277395,0.0,0.0,1.0,0.0,1.0,0.0,0.0,1.0
-0.0998665024494642,-0.47957078304258416,-0.44759714185456223,-0.5094762943723704,0.0,0.0,1.0,0.0,1.0,0.0,0.0,1.0
0.055680848404759585,-0.47957078304258416,-0.44759714185456223,-0.39182289157506117,0.0,1.0,0.0,1.0,0.0,0.0,0.0,1.0
0.44454922554031906,-0.47957078304258416,-0.44759714185456223,-0.11457009020053248,1.0,0.0,0.0,0.0,1.0,1.0,0.0,0.0
-0.0998665024494642,-0.47957078304258416,-0.44759714185456223,-0.49131674741887266,0.0,0.0,1.0,1.0,0.0,0.0,1.0,0.0
-0.3331875287307999,0.5107854493944685,-0.44759714185456223,0.47659631286016635,1.0,0.0,0.0,1.0,0.0,1.0,0.0,0.0
-1.9664347127001496,-0.47957078304258416,0.7123885203279295,-0.3832966006279936,0.0,0.0,1.0,1.0,0.0,1.0,0.0,0.0
-0.5665085550121356,1.5011416818315209,-0.44759714185456223,-0.013285856488066305,0.0,1.0,0.0,0.0,1.0,0.0,0.0,1.0
-0.6442822304392475,-0.47957078304258416,-0.44759714185456223,-0.4225150836091418,0.0,1.0,0.0,0.0,1.0,0.0,0.0,1.0
-0.6442822304392475,-0.47957078304258416,-0.44759714185456223,-0.3283923613712944,0.0,0.0,1.0,0.0,1.0,0.0,0.0,1.0
-0.0998665024494642,0.5107854493944685,-0.44759714185456223,-0.16367759745506158,0.0,0.0,1.0,0.0,1.0,0.0,1.0,0.0
-0.255413853303688,0.5107854493944685,-0.44759714185456223,-0.36206783447108776,0.0,0.0,1.0,0.0,1.0,1.0,0.0,0.0
-1.8108873618459258,2.491497914268573,0.7123885203279295,-0.22659659112492694,0.0,0.0,1.0,0.0,1.0,0.0,0.0,1.0
-0.955376932147695,-0.47957078304258416,-0.44759714185456223,-0.4962622826286308,0.0,0.0,1.0,0.0,1.0,0.0,0.0,1.0
-0.8387164190070272,-0.47957078304258416,-0.44759714185456223,-0.5099018927685763,0.0,0.0,1.0,0.0,1.0,1.0,0.0,0.0
-1.1109242830019188,-0.47957078304258416,1.8723741825104212,0.14017510368233702,0.0,1.0,0.0,1.0,0.0,0.0,0.0,1.0
0.7556439272487666,-0.47957078304258416,0.7123885203279295,-0.3832966006279936,0.0,0.0,1.0,0.0,1.0,1.0,0.0,0.0
-0.0998665024494642,0.5107854493944685,-0.44759714185456223,-0.3283923613712944,0.0,0.0,1.0,0.0,1.0,0.0,0.0,1.0
0.21122819925898337,0.5107854493944685,-0.44759714185456223,-0.12582389394636206,0.0,1.0,0.0,0.0,1.0,0.0,0.0,1.0
-0.7998295812934713,2.491497914268573,1.8723741825104212,4.723542447438383,1.0,0.0,0.0,0.0,1.0,0.0,0.0,1.0
-0.8776032567205831,-0.47957078304258416,-0.44759714185456223,-0.4966019428871413,0.0,0.0,1.0,1.0,0.0,0.0,1.0,0.0
0.055680848404759585,0.5107854493944685,-0.44759714185456223,-0.16674681665846963,0.0,1.0,0.0,0.0,1.0,1.0,0.0,0.0
-0.0998665024494642,-0.47957078304258416,-0.44759714185456223,-0.4966019428871413,0.0,0.0,1.0,1.0,0.0,0.0,1.0,0.0
0.7556439272487666,-0.47957078304258416,-0.44759714185456223,-0.49566480795703405,0.0,0.0,1.0,0.0,1.0,0.0,0.0,1.0
-0.6442822304392475,0.5107854493944685,-0.44759714185456223,-0.4225150836091418,0.0,1.0,0.0,0.0,1.0,0.0,0.0,1.0
2.2333437603638924,-0.47957078304258416,1.8723741825104212,1.6599501459032313,1.0,0.0,0.0,0.0,1.0,1.0,0.0,0.0
-0.0998665024494642,0.5107854493944685,0.7123885203279295,-0.3458705416616356,0.0,0.0,1.0,0.0,1.0,1.0,0.0,0.0
0.9889649535301023,0.5107854493944685,-0.44759714185456223,-0.1053624325903083,0.0,1.0,0.0,0.0,1.0,0.0,0.0,1.0
-0.41096120415791176,-0.47957078304258416,-0.44759714185456223,-0.39182289157506117,0.0,1.0,0.0,0.0,1.0,0.0,0.0,1.0
-1.2664716338561426,-0.47957078304258416,-0.44759714185456223,-0.5099018927685763,0.0,0.0,1.0,1.0,0.0,1.0,0.0,0.0
0.36677555011320717,-0.47957078304258416,0.7123885203279295,-0.1872082780145234,0.0,1.0,0.0,1.0,0.0,0.0,0.0,1.0
-0.41096120415791176,-0.47957078304258416,-0.44759714185456223,-0.4767379562026843,0.0,0.0,1.0,1.0,0.0,0.0,0.0,1.0
-1.033150607574807,-0.47957078304258416,-0.44759714185456223,-0.4634380063212494,0.0,0.0,1.0,0.0,1.0,0.0,0.0,1.0
-0.1776401778765761,0.5107854493944685,-0.44759714185456223,-0.22813120072663096,0.0,1.0,0.0,1.0,0.0,0.0,0.0,1.0
-0.0998665024494642,-0.47957078304258416,-0.44759714185456223,-0.4634380063212494,0.0,0.0,1.0,0.0,1.0,0.0,0.0,1.0
-0.0998665024494642,-0.47957078304258416,-0.44759714185456223,-0.4962622826286308,0.0,0.0,1.0,0.0,1.0,0.0,0.0,1.0
2.6999858129265637,0.5107854493944685,-0.44759714185456223,0.8819030778392863,1.0,0.0,0.0,0.0,1.0,1.0,0.0,0.0
2.038909571796113,-0.47957078304258416,-0.44759714185456223,-0.4931071252875273,0.0,0.0,1.0,0.0,1.0,0.0,0.0,1.0
-0.255413853303688,-0.47957078304258416,-0.44759714185456223,-0.4429765449651956,0.0,1.0,0.0,0.0,1.0,0.0,0.0,1.0
-0.255413853303688,-0.47957078304258416,-0.44759714185456223,-0.4987340271604422,0.0,0.0,1.0,0.0,1.0,0.0,0.0,1.0
-0.955376932147695,-0.47957078304258416,-0.44759714185456223,-0.4805744802069444,0.0,0.0,1.0,0.0,1.0,0.0,0.0,1.0
-0.02209282702235231,-0.47957078304258416,-0.44759714185456223,-0.4987340271604422,0.0,0.0,1.0,0.0,1.0,0.0,0.0,1.0
0.6000965763945428,-0.47957078304258416,-0.44759714185456223,-0.4992455636943435,0.0,0.0,1.0,1.0,0.0,0.0,1.0,0.0
2.6999858129265637,0.5107854493944685,0.7123885203279295,-0.11457009020053248,1.0,0.0,0.0,1.0,0.0,0.0,0.0,1.0
-0.0998665024494642,-0.47957078304258416,-0.44759714185456223,-0.13110908941463073,1.0,0.0,0.0,0.0,1.0,1.0,0.0,0.0
-0.0998665024494642,0.5107854493944685,0.7123885203279295,-0.3458705416616356,0.0,0.0,1.0,0.0,1.0,1.0,0.0,0.0
-0.0998665024494642,-0.47957078304258416,-0.44759714185456223,-0.4992455636943435,0.0,0.0,1.0,0.0,1.0,0.0,1.0,0.0
0.2890018746860953,-0.47957078304258416,-0.44759714185456223,-0.40665745105820017,0.0,1.0,0.0,0.0,1.0,0.0,0.0,1.0
1.922249058655445,-0.47957078304258416,-0.44759714185456223,-0.12582389394636206,0.0,1.0,0.0,0.0,1.0,0.0,0.0,1.0
-0.0998665024494642,2.491497914268573,0.7123885203279295,-0.13673599128754557,0.0,0.0,1.0,1.0,0.0,0.0,0.0,1.0
0.44454922554031906,-0.47957078304258416,-0.44759714185456223,9.825182238174186,1.0,0.0,0.0,1.0,0.0,1.0,0.0,0.0
-0.0998665024494642,-0.47957078304258416,-0.44759714185456223,0.9627258501956989,1.0,0.0,0.0,1.0,0.0,1.0,0.0,0.0
2.7777594883536754,-0.47957078304258416,0.7123885203279295,0.6103631164753679,1.0,0.0,0.0,0.0,1.0,1.0,0.0,0.0
-0.6442822304392475,-0.47957078304258416,-0.44759714185456223,-0.5094762943723704,0.0,0.0,1.0,0.0,1.0,0.0,0.0,1.0
-0.6442822304392475,1.5011416818315209,1.8723741825104212,4.71075403409085,1.0,0.0,0.0,1.0,0.0,1.0,0.0,0.0
1.6889280323741094,-0.47957078304258416,0.7123885203279295,0.5980862396617356,1.0,0.0,0.0,0.0,1.0,1.0,0.0,0.0
-1.8886610372730377,3.4818541467056257,1.8723741825104212,-0.01558777089062237,0.0,0.0,1.0,1.0,0.0,0.0,0.0,1.0
-0.5665085550121356,-0.47957078304258416,-0.44759714185456223,-0.4744360418001283,0.0,0.0,1.0,1.0,0.0,0.0,0.0,1.0
-0.0998665024494642,-0.47957078304258416,-0.44759714185456223,-0.4992455636943435,0.0,0.0,1.0,0.0,1.0,0.0,1.0,0.0
3.6332699180519064,0.5107854493944685,-0.44759714185456223,0.9555643387210798,1.0,0.0,0.0,1.0,0.0,0.0,0.0,1.0
-0.0998665024494642,-0.47957078304258416,-0.44759714185456223,-0.4962622826286308,0.0,0.0,1.0,0.0,1.0,0.0,0.0,1.0
-0.7220559058663594,0.5107854493944685,0.7123885203279295,-0.3357237029751685,0.0,0.0,1.0,0.0,1.0,1.0,0.0,0.0
-0.0998665024494642,-0.47957078304258416,-0.44759714185456223,-0.4992455636943435,0.0,0.0,1.0,0.0,1.0,0.0,1.0,0.0
-0.6442822304392475,-0.47957078304258416,-0.44759714185456223,-0.4971134794210427,0.0,0.0,1.0,0.0,1.0,0.0,0.0,1.0
-0.0998665024494642,-0.47957078304258416,4.192345506875404,-0.13673599128754557,0.0,0.0,1.0,1.0,0.0,0.0,0.0,1.0
-0.255413853303688,-0.47957078304258416,-0.44759714185456223,-0.2734021839768999,0.0,0.0,1.0,0.0,1.0,1.0,0.0,0.0
0.6778702518216547,0.5107854493944685,-0.44759714185456223,0.8007385990782279,1.0,0.0,0.0,1.0,0.0,1.0,0.0,0.0
0.13345452383187148,0.5107854493944685,-0.44759714185456223,0.4061741013110361,1.0,0.0,0.0,0.0,1.0,0.0,0.0,1.0
-0.0998665024494642,-0.47957078304258416,-0.44759714185456223,-0.1273585035480661,1.0,0.0,0.0,0.0,1.0,0.0,0.0,1.0
0.21122819925898337,-0.47957078304258416,-0.44759714185456223,0.49816473927558275,0.0,0.0,1.0,0.0,1.0,0.0,0.0,1.0
-1.4997926601374783,2.491497914268573,1.8723741825104212,-0.08694711736985992,0.0,0.0,1.0,0.0,1.0,0.0,0.0,1.0
0.7556439272487666,0.5107854493944685,-0.44759714185456223,0.8007385990782279,1.0,0.0,0.0,0.0,1.0,1.0,0.0,0.0
-0.5665085550121356,1.5011416818315209,-0.44759714185456223,-0.4805744802069444,0.0,0.0,1.0,1.0,0.0,0.0,0.0,1.0
-1.1109242830019188,0.5107854493944685,-0.44759714185456223,-0.36206783447108776,0.0,0.0,1.0,1.0,0.0,1.0,0.0,0.0
-1.033150607574807,-0.47957078304258416,-0.44759714185456223,1.1120945180948913,1.0,0.0,0.0,1.0,0.0,0.0,0.0,1.0
-0.7220559058663594,0.5107854493944685,-0.44759714185456223,-0.4567880313805319,0.0,0.0,1.0,1.0,0.0,0.0,0.0,1.0
0.25011503697253934,-0.47957078304258416,-0.44759714185456223,-0.39182289157506117,0.0,1.0,0.0,1.0,0.0,0.0,0.0,1.0
-0.48873487958502365,1.5011416818315209,0.7123885203279295,-0.4225150836091418,0.0,1.0,0.0,0.0,1.0,0.0,0.0,1.0
0.44454922554031906,-0.47957078304258416,-0.44759714185456223,-0.4992455636943435,0.0,0.0,1.0,1.0,0.0,0.0,1.0,0.0
-0.3331875287307999,0.5107854493944685,-0.44759714185456223,0.47659631286016635,1.0,0.0,0.0,0.0,1.0,1.0,0.0,0.0
-1.9664347127001496,-0.47957078304258416,1.8723741825104212,-0.20715820283667585,0.0,0.0,1.0,1.0,0.0,0.0,0.0,1.0
-0.0998665024494642,-0.47957078304258416,-0.44759714185456223,-0.4992455636943435,0.0,0.0,1.0,0.0,1.0,0.0,1.0,0.0
-0.0998665024494642,-0.47957078304258416,-0.44759714185456223,-0.5099018927685763,0.0,0.0,1.0,0.0,1.0,1.0,0.0,0.0
-0.0998665024494642,-0.47957078304258416,-0.44759714185456223,-0.3611306995409805,0.0,0.0,1.0,0.0,1.0,0.0,0.0,1.0
-0.255413853303688,0.5107854493944685,0.7123885203279295,-0.12582389394636206,0.0,1.0,0.0,1.0,0.0,0.0,0.0,1.0
-0.0998665024494642,-0.47957078304258416,-0.44759714185456223,-0.009535270621501666,1.0,0.0,0.0,1.0,0.0,0.0,0.0,1.0
-0.7998295812934713,-0.47957078304258416,-0.44759714185456223,-0.4987340271604422,0.0,0.0,1.0,0.0,1.0,0.0,0.0,1.0
-0.0998665024494642,-0.47957078304258416,-0.44759714185456223,-0.5033378559655542,0.0,0.0,1.0,0.0,1.0,0.0,0.0,1.0
-0.8776032567205831,0.5107854493944685,-0.44759714185456223,-0.36206783447108776,0.0,0.0,1.0,0.0,1.0,1.0,0.0,0.0
-0.255413853303688,0.5107854493944685,0.7123885203279295,-0.20715820283667585,0.0,0.0,1.0,1.0,0.0,0.0,0.0,1.0
-0.1776401778765761,-0.47957078304258416,-0.44759714185456223,-0.39182289157506117,0.0,1.0,0.0,0.0,1.0,0.0,0.0,1.0
-0.0998665024494642,0.5107854493944685,-0.44759714185456223,-0.36206783447108776,0.0,0.0,1.0,0.0,1.0,1.0,0.0,0.0
-0.0998665024494642,-0.47957078304258416,-0.44759714185456223,-0.4962622826286308,0.0,0.0,1.0,0.0,1.0,0.0,0.0,1.0
-0.5665085550121356,-0.47957078304258416,-0.44759714185456223,-0.44263483856054947,0.0,0.0,1.0,1.0,0.0,0.0,0.0,1.0
-0.3331875287307999,-0.47957078304258416,-0.44759714185456223,-0.4962622826286308,0.0,0.0,1.0,0.0,1.0,0.0,0.0,1.0
-0.6442822304392475,-0.47957078304258416,-0.44759714185456223,-0.4931071252875273,0.0,0.0,1.0,0.0,1.0,0.0,0.0,1.0
-0.0998665024494642,-0.47957078304258416,-0.44759714185456223,-0.5033378559655542,0.0,0.0,1.0,0.0,1.0,0.0,0.0,1.0
0.6778702518216547,-0.47957078304258416,0.7123885203279295,2.4822451241496424,1.0,0.0,0.0,0.0,1.0,0.0,0.0,1.0
1.922249058655445,0.5107854493944685,0.7123885203279295,1.0171185529184965,1.0,0.0,0.0,1.0,0.0,0.0,0.0,1.0
-0.3331875287307999,-0.47957078304258416,-0.44759714185456223,-0.5099018927685763,0.0,0.0,1.0,0.0,1.0,1.0,0.0,0.0
-0.02209282702235231,-0.47957078304258416,-0.44759714185456223,-0.46377971272589547,0.0,0.0,1.0,0.0,1.0,0.0,0.0,1.0
-0.0998665024494642,-0.47957078304258416,-0.44759714185456223,-0.09061381124486473,1.0,0.0,0.0,0.0,1.0,1.0,0.0,0.0
1.3778333306656618,-0.47957078304258416,-0.44759714185456223,0.20974407229291983,1.0,0.0,0.0,0.0,1.0,0.0,0.0,1.0
-2.1219820635543734,-0.47957078304258416,0.7123885203279295,-0.40640168279124944,0.0,0.0,1.0,1.0,0.0,0.0,0.0,1.0
-0.1776401778765761,-0.47957078304258416,1.8723741825104212,3.6697771876016136,1.0,0.0,0.0,0.0,1.0,1.0,0.0,0.0
-0.0998665024494642,-0.47957078304258416,-0.44759714185456223,-0.029740963710604786,1.0,0.0,0.0,0.0,1.0,1.0,0.0,0.0
-0.41096120415791176,-0.47957078304258416,-0.44759714185456223,-0.4634380063212494,0.0,0.0,1.0,0.0,1.0,0.0,0.0,1.0
-0.5665085550121356,-0.47957078304258416,-0.44759714185456223,-0.4962622826286308,0.0,0.0,1.0,0.0,1.0,0.0,0.0,1.0
-0.3331875287307999,0.5107854493944685,0.7123885203279295,-0.04397804852214697,0.0,1.0,0.0,1.0,0.0,0.0,0.0,1.0
-0.3331875287307999,0.5107854493944685,1.8723741825104212,0.19294930481187092,0.0,1.0,0.0,0.0,1.0,1.0,0.0,0.0
1.222285979811438,0.5107854493944685,0.7123885203279295,-0.12070852860734863,0.0,1.0,0.0,1.0,0.0,0.0,0.0,1.0
-0.0998665024494642,0.5107854493944685,-0.44759714185456223,2.340207797854324,1.0,0.0,0.0,1.0,0.0,1.0,0.0,0.0
0.2890018746860953,0.5107854493944685,-0.44759714185456223,1.1837096328410797,1.0,0.0,0.0,1.0,0.0,0.0,1.0,0.0
-0.0998665024494642,-0.47957078304258416,-0.44759714185456223,-0.4986480890227467,0.0,0.0,1.0,1.0,0.0,0.0,1.0,0.0
-0.5665085550121356,0.5107854493944685,-0.44759714185456223,-0.5094762943723704,0.0,0.0,1.0,0.0,1.0,0.0,0.0,1.0
-0.8776032567205831,-0.47957078304258416,0.7123885203279295,-0.36206783447108776,0.0,0.0,1.0,1.0,0.0,1.0,0.0,0.0
-1.8886610372730377,1.5011416818315209,0.7123885203279295,-0.26376892797046986,0.0,0.0,1.0,1.0,0.0,1.0,0.0,0.0
0.9889649535301023,-0.47957078304258416,-0.44759714185456223,-0.11994122380649658,1.0,0.0,0.0,0.0,1.0,0.0,0.0,1.0
0.055680848404759585,-0.47957078304258416,-0.44759714185456223,-0.5017173082261548,0.0,0.0,1.0,1.0,0.0,0.0,1.0,0.0
-0.48873487958502365,0.5107854493944685,-0.44759714185456223,-0.3734075763546128,0.0,0.0,1.0,0.0,1.0,0.0,0.0,1.0
-0.8776032567205831,-0.47957078304258416,-0.44759714185456223,-0.4987340271604422,0.0,0.0,1.0,0.0,1.0,0.0,0.0,1.0
-0.7998295812934713,-0.47957078304258416,-0.44759714185456223,-0.12582389394636206,0.0,1.0,0.0,1.0,0.0,0.0,0.0,1.0
-1.033150607574807,0.5107854493944685,0.7123885203279295,-0.24347729674367127,0.0,0.0,1.0,0.0,1.0,0.0,0.0,1.0
-0.0998665024494642,-0.47957078304258416,-0.44759714185456223,-0.4992455636943435,0.0,0.0,1.0,0.0,1.0,0.0,1.0,0.0
0.13345452383187148,2.491497914268573,-0.44759714185456223,-0.2895155847947923,0.0,0.0,1.0,0.0,1.0,0.0,0.0,1.0
0.2890018746860953,0.5107854493944685,1.8723741825104212,-0.09001633657326796,0.0,1.0,0.0,1.0,0.0,0.0,0.0,1.0
-0.6442822304392475,-0.47957078304258416,-0.44759714185456223,-0.49566480795703405,0.0,0.0,1.0,0.0,1.0,0.0,0.0,1.0
-0.0998665024494642,-0.47957078304258416,-0.44759714185456223,-0.4992455636943435,0.0,0.0,1.0,0.0,1.0,0.0,1.0,0.0
-0.1776401778765761,-0.47957078304258416,1.8723741825104212,-0.43001830148840675,0.0,0.0,1.0,1.0,0.0,0.0,0.0,1.0
-0.0998665024494642,-0.47957078304258416,-0.44759714185456223,0.49816473927558275,0.0,0.0,1.0,0.0,1.0,0.0,0.0,1.0
-0.0998665024494642,0.5107854493944685,-0.44759714185456223,-0.3406692381849267,0.0,0.0,1.0,1.0,0.0,0.0,1.0,0.0
-1.655340010991702,-0.47957078304258416,1.8723741825104212,0.0071756048679874705,0.0,1.0,0.0,0.0,1.0,0.0,0.0,1.0
-0.5665085550121356,-0.47957078304258416,-0.44759714185456223,-0.4931071252875273,0.0,0.0,1.0,0.0,1.0,0.0,0.0,1.0
0.21122819925898337,-0.47957078304258416,-0.44759714185456223,-0.4992455636943435,0.0,0.0,1.0,0.0,1.0,0.0,1.0,0.0
0.6778702518216547,-0.47957078304258416,-0.44759714185456223,-0.5135685866435811,0.0,0.0,1.0,0.0,1.0,0.0,0.0,1.0
-0.0998665024494642,0.5107854493944685,-0.44759714185456223,1.1653802557583268,1.0,0.0,0.0,1.0,0.0,1.0,0.0,0.0
-0.255413853303688,-0.47957078304258416,-0.44759714185456223,-0.4931071252875273,0.0,0.0,1.0,0.0,1.0,0.0,0.0,1.0
-0.0998665024494642,-0.47957078304258416,-0.44759714185456223,-0.4992455636943435,0.0,0.0,1.0,0.0,1.0,0.0,1.0,0.0
-2.1997557389814855,0.5107854493944685,1.8723741825104212,-0.23682732180295382,0.0,0.0,1.0,0.0,1.0,0.0,0.0,1.0
0.522322900967431,-0.47957078304258416,-0.44759714185456223,-0.6578218892037603,0.0,0.0,1.0,0.0,1.0,0.0,0.0,1.0
-0.41096120415791176,-0.47957078304258416,-0.44759714185456223,0.9627258501956989,1.0,0.0,0.0,0.0,1.0,1.0,0.0,0.0
-0.0998665024494642,7.443279076453836,1.8723741825104212,0.7652727481097799,0.0,0.0,1.0,0.0,1.0,0.0,0.0,1.0
-0.6442822304392475,-0.47957078304258416,-0.44759714185456223,-0.4983084287642362,0.0,0.0,1.0,0.0,1.0,0.0,0.0,1.0
-2.1997557389814855,0.5107854493944685,0.7123885203279295,-0.43001830148840675,0.0,0.0,1.0,1.0,0.0,0.0,0.0,1.0
-0.0998665024494642,0.5107854493944685,-0.44759714185456223,-0.24927402874584134,0.0,0.0,1.0,0.0,1.0,0.0,0.0,1.0
-0.7220559058663594,-0.47957078304258416,-0.44759714185456223,-0.49566480795703405,0.0,0.0,1.0,0.0,1.0,0.0,0.0,1.0
1.4556070060927737,0.5107854493944685,-0.44759714185456223,1.5197891356142628,1.0,0.0,0.0,1.0,0.0,1.0,0.0,0.0
-0.02209282702235231,-0.47957078304258416,1.8723741825104212,-0.1872082780145234,0.0,1.0,0.0,1.0,0.0,0.0,0.0,1.0
-1.655340010991702,3.4818541467056257,0.7123885203279295,-0.06188182720869402,0.0,0.0,1.0,0.0,1.0,0.0,1.0,0.0
0.44454922554031906,0.5107854493944685,-0.44759714185456223,0.5238275041083453,1.0,0.0,0.0,1.0,0.0,1.0,0.0,0.0
0.21122819925898337,-0.47957078304258416,-0.44759714185456223,0.49816473927558275,0.0,0.0,1.0,0.0,1.0,0.0,0.0,1.0
-0.41096120415791176,0.5107854493944685,1.8723741825104212,0.6721730989397352,0.0,1.0,0.0,1.0,0.0,0.0,0.0,1.0
-0.1776401778765761,-0.47957078304258416,-0.44759714185456223,-0.4962622826286308,0.0,0.0,1.0,0.0,1.0,0.0,0.0,1.0
-2.2191991578382635,1.5011416818315209,0.7123885203279295,-0.26376892797046986,0.0,0.0,1.0,1.0,0.0,1.0,0.0,0.0
1.222285979811438,-0.47957078304258416,-0.44759714185456223,0.0685599889361488,1.0,0.0,0.0,0.0,1.0,0.0,0.0,1.0
-0.0998665024494642,-0.47957078304258416,-0.44759714185456223,-0.03374731784412008,1.0,0.0,0.0,0.0,1.0,0.0,0.0,1.0
0.09456768611831552,-0.47957078304258416,-0.44759714185456223,-0.4992455636943435,0.0,0.0,1.0,1.0,0.0,0.0,1.0,0.0
1.222285979811438,0.5107854493944685,-0.44759714185456223,0.41751384319456114,1.0,0.0,0.0,1.0,0.0,0.0,0.0,1.0
0.9111912781029904,-0.47957078304258416,-0.44759714185456223,-0.4971994175587381,0.0,0.0,1.0,0.0,1.0,0.0,0.0,1.0
1.222285979811438,-0.47957078304258416,-0.44759714185456223,-0.3815921608970343,0.0,1.0,0.0,1.0,0.0,0.0,0.0,1.0
-1.2664716338561426,-0.47957078304258416,1.8723741825104212,-0.24347729674367127,0.0,0.0,1.0,0.0,1.0,0.0,0.0,1.0
-2.1997557389814855,3.4818541467056257,0.7123885203279295,0.154242358364624,0.0,0.0,1.0,0.0,1.0,0.0,0.0,1.0
-0.0998665024494642,-0.47957078304258416,-0.44759714185456223,-0.04397804852214697,1.0,0.0,0.0,0.0,1.0,0.0,0.0,1.0
0.522322900967431,0.5107854493944685,1.8723741825104212,1.7975534735226928,1.0,0.0,0.0,1.0,0.0,0.0,0.0,1.0
-0.0998665024494642,-0.47957078304258416,-0.44759714185456223,-0.4931071252875273,0.0,0.0,1.0,0.0,1.0,0.0,0.0,1.0
0.9111912781029904,-0.47957078304258416,-0.44759714185456223,-0.03374731784412008,1.0,0.0,0.0,0.0,1.0,0.0,0.0,1.0
0.21122819925898337,-0.47957078304258416,-0.44759714185456223,-0.4429765449651956,0.0,1.0,0.0,0.0,1.0,0.0,0.0,1.0
-0.7220559058663594,-0.47957078304258416,-0.44759714185456223,0.09413681563121602,0.0,1.0,0.0,1.0,0.0,0.0,0.0,1.0
-0.1776401778765761,0.5107854493944685,-0.44759714185456223,-0.36206783447108776,0.0,0.0,1.0,0.0,1.0,1.0,0.0,0.0
1.8444753832283332,-0.47957078304258416,-0.44759714185456223,-0.09624071311777956,1.0,0.0,0.0,1.0,0.0,1.0,0.0,0.0
0.055680848404759585,-0.47957078304258416,-0.44759714185456223,-0.39719402518102526,0.0,1.0,0.0,0.0,1.0,1.0,0.0,0.0
-1.655340010991702,-0.47957078304258416,1.8723741825104212,-0.12070852860734863,0.0,1.0,0.0,1.0,0.0,0.0,0.0,1.0
-1.9664347127001496,-0.47957078304258416,1.8723741825104212,1.0171185529184965,1.0,0.0,0.0,0.0,1.0,0.0,0.0,1.0
2.3888911112181166,0.5107854493944685,-0.44759714185456223,-0.12582389394636206,0.0,1.0,0.0,1.0,0.0,0.0,0.0,1.0
-0.0998665024494642,-0.47957078304258416,-0.44759714185456223,-0.4992455636943435,0.0,0.0,1.0,1.0,0.0,0.0,1.0,0.0
-0.0998665024494642,-0.47957078304258416,-0.44759714185456223,-0.4962622826286308,0.0,0.0,1.0,0.0,1.0,0.0,0.0,1.0
0.13345452383187148,-0.47957078304258416,-0.44759714185456223,-0.49958727009898957,0.0,0.0,1.0,0.0,1.0,0.0,1.0,0.0
-0.02209282702235231,0.5107854493944685,-0.44759714185456223,-0.12582389394636206,0.0,1.0,0.0,1.0,0.0,0.0,0.0,1.0
-0.0998665024494642,-0.47957078304258416,-0.44759714185456223,-0.39182289157506117,0.0,1.0,0.0,0.0,1.0,0.0,0.0,1.0
-0.4498480418714677,-0.47957078304258416,-0.44759714185456223,-0.5099018927685763,0.0,0.0,1.0,0.0,1.0,1.0,0.0,0.0
-0.02209282702235231,-0.47957078304258416,-0.44759714185456223,-0.04397804852214697,1.0,0.0,0.0,0.0,1.0,0.0,0.0,1.0
-0.48873487958502365,-0.47957078304258416,-0.44759714185456223,-0.34996283393284633,0.0,1.0,0.0,0.0,1.0,1.0,0.0,0.0
-0.3331875287307999,-0.47957078304258416,-0.44759714185456223,-0.4429765449651956,0.0,1.0,0.0,0.0,1.0,0.0,0.0,1.0
-0.0998665024494642,-0.47957078304258416,-0.44759714185456223,-0.4962622826286308,0.0,0.0,1.0,0.0,1.0,0.0,0.0,1.0
-0.0998665024494642,-0.47957078304258416,-0.44759714185456223,-0.5099878309062716,0.0,0.0,1.0,0.0,1.0,1.0,0.0,0.0
-1.1109242830019188,0.5107854493944685,0.7123885203279295,-0.5099018927685763,0.0,0.0,1.0,0.0,1.0,1.0,0.0,0.0
-0.41096120415791176,0.5107854493944685,-0.44759714185456223,-0.3335077267103079,0.0,0.0,1.0,1.0,0.0,0.0,0.0,1.0
-0.0998665024494642,-0.47957078304258416,-0.44759714185456223,-0.5094762943723704,0.0,0.0,1.0,0.0,1.0,0.0,0.0,1.0
0.055680848404759585,-0.47957078304258416,-0.44759714185456223,-0.023516587166093193,1.0,0.0,0.0,1.0,0.0,1.0,0.0,0.0
-0.0998665024494642,-0.47957078304258416,-0.44759714185456223,-0.4931071252875273,0.0,0.0,1.0,0.0,1.0,0.0,0.0,1.0
2.1555700849367807,-0.47957078304258416,-0.44759714185456223,-0.4051228414564961,0.0,1.0,0.0,0.0,1.0,0.0,1.0,0.0
-0.0998665024494642,-0.47957078304258416,-0.44759714185456223,-0.4429765449651956,0.0,1.0,0.0,0.0,1.0,0.0,0.0,1.0
2.1555700849367807,-0.47957078304258416,-0.44759714185456223,-0.4429765449651956,0.0,1.0,0.0,1.0,0.0,0.0,0.0,1.0
-0.41096120415791176,-0.47957078304258416,-0.44759714185456223,-0.4931071252875273,0.0,0.0,1.0,0.0,1.0,0.0,0.0,1.0
-0.955376932147695,0.5107854493944685,0.7123885203279295,-0.5099018927685763,0.0,0.0,1.0,0.0,1.0,1.0,0.0,0.0
-0.02209282702235231,-0.47957078304258416,-0.44759714185456223,-0.4992455636943435,0.0,0.0,1.0,0.0,1.0,0.0,1.0,0.0
-0.3331875287307999,-0.47957078304258416,-0.44759714185456223,-0.4994153938235987,0.0,0.0,1.0,0.0,1.0,0.0,1.0,0.0
1.6111543569469975,-0.47957078304258416,0.7123885203279295,-0.12582389394636206,0.0,1.0,0.0,1.0,0.0,0.0,0.0,1.0
1.5333806815198856,0.5107854493944685,0.7123885203279295,1.6110124687779575,1.0,0.0,0.0,0.0,1.0,1.0,0.0,0.0
-0.255413853303688,-0.47957078304258416,1.8723741825104212,-0.37596525902411954,0.0,0.0,1.0,1.0,0.0,0.0,0.0,1.0
1.922249058655445,0.5107854493944685,-0.44759714185456223,0.9436291683120939,1.0,0.0,0.0,1.0,0.0,1.0,0.0,0.0
-0.0998665024494642,-0.47957078304258416,-0.44759714185456223,-0.11457009020053248,1.0,0.0,0.0,0.0,1.0,0.0,0.0,1.0
0.21122819925898337,0.5107854493944685,-0.44759714185456223,-0.3335077267103079,0.0,0.0,1.0,0.0,1.0,0.0,0.0,1.0
-0.0998665024494642,-0.47957078304258416,-0.44759714185456223,-0.5028263194316529,0.0,0.0,1.0,0.0,1.0,0.0,0.0,1.0
3.205514703202791,-0.47957078304258416,-0.44759714185456223,-0.4992455636943435,0.0,0.0,1.0,0.0,1.0,0.0,1.0,0.0
-0.5665085550121356,-0.47957078304258416,-0.44759714185456223,2.117433637340288,1.0,0.0,0.0,0.0,1.0,1.0,0.0,0.0
0.522322900967431,-0.47957078304258416,-0.44759714185456223,-0.4429765449651956,0.0,1.0,0.0,0.0,1.0,0.0,0.0,1.0
1.6889280323741094,-0.47957078304258416,0.7123885203279295,0.1483596882247585,1.0,0.0,0.0,1.0,0.0,0.0,0.0,1.0
0.9889649535301023,0.5107854493944685,-0.44759714185456223,0.41751384319456114,1.0,0.0,0.0,0.0,1.0,0.0,0.0,1.0
-0.1776401778765761,-0.47957078304258416,-0.44759714185456223,0.9121696714771612,1.0,0.0,0.0,0.0,1.0,1.0,0.0,0.0
-0.0998665024494642,-0.47957078304258416,-0.44759714185456223,0.4061741013110361,1.0,0.0,0.0,0.0,1.0,0.0,0.0,1.0
-1.9664347127001496,2.491497914268573,1.8723741825104212,-0.08694711736985992,0.0,0.0,1.0,0.0,1.0,0.0,0.0,1.0
0.522322900967431,0.5107854493944685,-0.44759714185456223,-0.3017924616084246,0.0,0.0,1.0,1.0,0.0,0.0,0.0,1.0
0.8334176026758785,0.5107854493944685,-0.44759714185456223,-0.12582389394636206,0.0,1.0,0.0,0.0,1.0,0.0,0.0,1.0
1.222285979811438,-0.47957078304258416,-0.44759714185456223,-0.4992455636943435,0.0,0.0,1.0,1.0,0.0,0.0,0.0,1.0
-0.0998665024494642,-0.47957078304258416,-0.44759714185456223,0.49816473927558275,0.0,0.0,1.0,0.0,1.0,0.0,0.0,1.0
-0.5665085550121356,-0.47957078304258416,-0.44759714185456223,-0.5099018927685763,0.0,0.0,1.0,0.0,1.0,1.0,0.0,0.0
-0.6442822304392475,-0.47957078304258416,-0.44759714185456223,-0.5012917098299489,0.0,0.0,1.0,1.0,0.0,0.0,0.0,1.0
0.21122819925898337,-0.47957078304258416,-0.44759714185456223,-0.48671291861376054,0.0,0.0,1.0,0.0,1.0,0.0,0.0,1.0
-0.255413853303688,-0.47957078304258416,-0.44759714185456223,-0.39182289157506117,0.0,1.0,0.0,0.0,1.0,0.0,0.0,1.0
-0.41096120415791176,-0.47957078304258416,-0.44759714185456223,-0.4805744802069444,0.0,0.0,1.0,0.0,1.0,0.0,0.0,1.0
-0.0998665024494642,-0.47957078304258416,-0.44759714185456223,-0.4051228414564961,0.0,1.0,0.0,1.0,0.0,0.0,1.0,0.0
-0.0998665024494642,-0.47957078304258416,-0.44759714185456223,-0.12582389394636206,0.0,1.0,0.0,0.0,1.0,0.0,0.0,1.0
-0.0998665024494642,-0.47957078304258416,-0.44759714185456223,-0.4992455636943435,0.0,0.0,1.0,0.0,1.0,0.0,1.0,0.0
0.522322900967431,-0.47957078304258416,-0.44759714185456223,-0.11789507767089125,1.0,0.0,0.0,0.0,1.0,0.0,0.0,1.0
0.8334176026758785,-0.47957078304258416,-0.44759714185456223,-0.5099878309062716,0.0,0.0,1.0,0.0,1.0,1.0,0.0,0.0
0.44454922554031906,-0.47957078304258416,-0.44759714185456223,-0.22813120072663096,0.0,1.0,0.0,1.0,0.0,0.0,0.0,1.0
0.7556439272487666,-0.47957078304258416,-0.44759714185456223,-0.39182289157506117,0.0,1.0,0.0,0.0,1.0,0.0,0.0,1.0
-0.41096120415791176,-0.47957078304258416,-0.44759714185456223,-0.4992455636943435,0.0,0.0,1.0,1.0,0.0,0.0,1.0,0.0
0.9889649535301023,0.5107854493944685,0.7123885203279295,0.0071756048679874705,0.0,1.0,0.0,0.0,1.0,0.0,0.0,1.0
-0.0998665024494642,-0.47957078304258416,-0.44759714185456223,-0.5099878309062716,0.0,0.0,1.0,0.0,1.0,1.0,0.0,0.0
0.8334176026758785,-0.47957078304258416,-0.44759714185456223,-0.33555387284591326,0.0,1.0,0.0,1.0,0.0,0.0,0.0,1.0
1.30005965523855,-0.47957078304258416,-0.44759714185456223,0.9627258501956989,1.0,0.0,0.0,0.0,1.0,1.0,0.0,0.0
-0.955376932147695,-0.47957078304258416,-0.44759714185456223,-0.4805744802069444,0.0,0.0,1.0,0.0,1.0,0.0,0.0,1.0
0.9889649535301023,0.5107854493944685,-0.44759714185456223,-0.12582389394636206,0.0,1.0,0.0,1.0,0.0,0.0,0.0,1.0
-0.0998665024494642,0.5107854493944685,-0.44759714185456223,-0.3283923613712944,0.0,0.0,1.0,0.0,1.0,0.0,0.0,1.0
-1.033150607574807,-0.47957078304258416,0.7123885203279295,0.1483596882247585,1.0,0.0,0.0,1.0,0.0,0.0,0.0,1.0
-2.0442083881272617,2.491497914268573,0.7123885203279295,-0.22659659112492694,0.0,0.0,1.0,1.0,0.0,0.0,0.0,1.0
0.7556439272487666,-0.47957078304258416,5.352331169057896,-0.06188182720869402,0.0,0.0,1.0,1.0,0.0,0.0,1.0,0.0
1.4556070060927737,0.5107854493944685,0.7123885203279295,0.9627258501956989,1.0,0.0,0.0,1.0,0.0,1.0,0.0,0.0
0.522322900967431,-0.47957078304258416,3.032359844692913,0.14017510368233702,0.0,1.0,0.0,1.0,0.0,0.0,0.0,1.0
0.522322900967431,-0.47957078304258416,-0.44759714185456223,-0.11994122380649658,1.0,0.0,0.0,0.0,1.0,0.0,0.0,1.0
-1.1886979584290307,-0.47957078304258416,-0.44759714185456223,-0.46906490819416413,0.0,0.0,1.0,0.0,1.0,0.0,0.0,1.0
0.21122819925898337,-0.47957078304258416,-0.44759714185456223,-0.39182289157506117,0.0,1.0,0.0,0.0,1.0,0.0,0.0,1.0
-0.7998295812934713,-0.47957078304258416,-0.44759714185456223,-0.4962622826286308,0.0,0.0,1.0,0.0,1.0,0.0,0.0,1.0
-0.02209282702235231,0.5107854493944685,0.7123885203279295,-0.44374384976604764,0.0,0.0,1.0,1.0,0.0,0.0,0.0,1.0
-0.7220559058663594,-0.47957078304258416,-0.44759714185456223,-0.4971134794210427,0.0,0.0,1.0,1.0,0.0,0.0,0.0,1.0
-0.955376932147695,-0.47957078304258416,-0.44759714185456223,0.30591294066637265,1.0,0.0,0.0,0.0,1.0,0.0,0.0,1.0
-0.0998665024494642,7.443279076453836,1.8723741825104212,0.7652727481097799,0.0,0.0,1.0,1.0,0.0,0.0,0.0,1.0
1.3778333306656618,0.5107854493944685,-0.44759714185456223,0.5939080092528294,1.0,0.0,0.0,1.0,0.0,0.0,0.0,1.0
-0.8776032567205831,-0.47957078304258416,-0.44759714185456223,-0.4879917599485139,0.0,0.0,1.0,0.0,1.0,0.0,0.0,1.0
-0.0998665024494642,-0.47957078304258416,-0.44759714185456223,-0.5135685866435811,0.0,0.0,1.0,0.0,1.0,0.0,0.0,1.0
-0.41096120415791176,-0.47957078304258416,-0.44759714185456223,0.7601573827707664,1.0,0.0,0.0,1.0,0.0,1.0,0.0,0.0
-0.1776401778765761,-0.47957078304258416,-0.44759714185456223,-0.350218602199797,0.0,1.0,0.0,0.0,1.0,1.0,0.0,0.0
0.055680848404759585,-0.47957078304258416,-0.44759714185456223,-0.39182289157506117,0.0,1.0,0.0,1.0,0.0,0.0,0.0,1.0
-0.255413853303688,-0.47957078304258416,-0.44759714185456223,-0.49566480795703405,0.0,0.0,1.0,1.0,0.0,0.0,0.0,1.0
0.7556439272487666,-0.47957078304258416,-0.44759714185456223,-0.12582389394636206,0.0,1.0,0.0,0.0,1.0,0.0,0.0,1.0
1.6111543569469975,1.5011416818315209,-0.44759714185456223,2.076852421032827,1.0,0.0,0.0,0.0,1.0,0.0,0.0,1.0
-0.255413853303688,-0.47957078304258416,-0.44759714185456223,-0.4987340271604422,0.0,0.0,1.0,0.0,1.0,0.0,0.0,1.0
3.244401540916347,-0.47957078304258416,-0.44759714185456223,0.051253684921198576,1.0,0.0,0.0,0.0,1.0,1.0,0.0,0.0
-0.8776032567205831,0.5107854493944685,-0.44759714185456223,3.997672105832375,1.0,0.0,0.0,1.0,0.0,1.0,0.0,0.0
2.54443846207234,-0.47957078304258416,-0.44759714185456223,-0.4429765449651956,0.0,1.0,0.0,0.0,1.0,0.0,0.0,1.0
2.3888911112181166,0.5107854493944685,-0.44759714185456223,0.8819030778392863,1.0,0.0,0.0,1.0,0.0,1.0,0.0,0.0
2.3888911112181166,-0.47957078304258416,-0.44759714185456223,-0.11457009020053248,1.0,0.0,0.0,0.0,1.0,0.0,0.0,1.0
0.36677555011320717,-0.47957078304258416,-0.44759714185456223,-0.4931071252875273,0.0,0.0,1.0,0.0,1.0,0.0,0.0,1.0
-0.41096120415791176,-0.47957078304258416,-0.44759714185456223,1.0437184526813663,1.0,0.0,0.0,1.0,0.0,1.0,0.0,0.0
-0.02209282702235231,-0.47957078304258416,1.8723741825104212,-0.3458705416616356,0.0,0.0,1.0,1.0,0.0,1.0,0.0,0.0
0.44454922554031906,-0.47957078304258416,-0.44759714185456223,3.6697771876016136,1.0,0.0,0.0,1.0,0.0,1.0,0.0,0.0
1.222285979811438,0.5107854493944685,4.192345506875404,-0.08694711736985992,0.0,0.0,1.0,1.0,0.0,0.0,0.0,1.0
-0.0998665024494642,-0.47957078304258416,-0.44759714185456223,-0.11457009020053248,1.0,0.0,0.0,0.0,1.0,0.0,0.0,1.0
0.055680848404759585,-0.47957078304258416,-0.44759714185456223,-0.09001633657326796,1.0,0.0,0.0,0.0,1.0,1.0,0.0,0.0
1.222285979811438,-0.47957078304258416,0.7123885203279295,-0.36206783447108776,0.0,0.0,1.0,1.0,0.0,1.0,0.0,0.0
-0.0998665024494642,-0.47957078304258416,-0.44759714185456223,-0.49958727009898957,0.0,0.0,1.0,1.0,0.0,0.0,1.0,0.0
-0.3331875287307999,-0.47957078304258416,-0.44759714185456223,-0.4429765449651956,0.0,1.0,0.0,0.0,1.0,0.0,0.0,1.0
-2.1219820635543734,0.5107854493944685,0.7123885203279295,-0.1872082780145234,0.0,1.0,0.0,0.0,1.0,0.0,0.0,1.0
-0.7220559058663594,0.5107854493944685,-0.44759714185456223,-0.49566480795703405,0.0,0.0,1.0,0.0,1.0,0.0,0.0,1.0
-0.02209282702235231,-0.47957078304258416,-0.44759714185456223,-0.4962622826286308,0.0,0.0,1.0,0.0,1.0,1.0,0.0,0.0
0.055680848404759585,-0.47957078304258416,-0.44759714185456223,-0.5156147327791866,0.0,0.0,1.0,1.0,0.0,0.0,1.0,0.0
-0.0998665024494642,-0.47957078304258416,-0.44759714185456223,0.017406335546014357,0.0,1.0,0.0,1.0,0.0,0.0,0.0,1.0
0.2890018746860953,-0.47957078304258416,-0.44759714185456223,-0.4971134794210427,0.0,0.0,1.0,0.0,1.0,0.0,0.0,1.0
-0.0998665024494642,-0.47957078304258416,-0.44759714185456223,0.0685599889361488,1.0,0.0,0.0,0.0,1.0,0.0,0.0,1.0
-0.0998665024494642,0.5107854493944685,-0.44759714185456223,-0.36206783447108776,0.0,0.0,1.0,1.0,0.0,1.0,0.0,0.0
1.6111543569469975,0.5107854493944685,0.7123885203279295,3.6697771876016136,1.0,0.0,0.0,0.0,1.0,1.0,0.0,0.0
-0.0998665024494642,-0.47957078304258416,-0.44759714185456223,-0.023516587166093193,1.0,0.0,0.0,0.0,1.0,0.0,0.0,1.0
-0.02209282702235231,-0.47957078304258416,-0.44759714185456223,-0.49668788102483674,0.0,0.0,1.0,0.0,1.0,0.0,0.0,1.0
-0.41096120415791176,-0.47957078304258416,-0.44759714185456223,-0.5044468671710524,0.0,0.0,1.0,0.0,1.0,0.0,0.0,1.0
1.3778333306656618,-0.47957078304258416,-0.44759714185456223,0.12994437300431014,1.0,0.0,0.0,0.0,1.0,0.0,0.0,1.0
-0.48873487958502365,0.5107854493944685,-0.44759714185456223,-0.4429765449651956,0.0,1.0,0.0,0.0,1.0,0.0,0.0,1.0
-1.733113686418814,3.4818541467056257,0.7123885203279295,0.154242358364624,0.0,0.0,1.0,0.0,1.0,0.0,0.0,1.0
0.13345452383187148,0.5107854493944685,-0.44759714185456223,-0.2895155847947923,0.0,0.0,1.0,1.0,0.0,0.0,0.0,1.0
-0.02209282702235231,-0.47957078304258416,-0.44759714185456223,-0.49566480795703405,0.0,0.0,1.0,1.0,0.0,0.0,0.0,1.0
-0.1776401778765761,-0.47957078304258416,-0.44759714185456223,-0.4805744802069444,0.0,0.0,1.0,0.0,1.0,0.0,0.0,1.0
2.8555331637807875,-0.47957078304258416,-0.44759714185456223,-0.4429765449651956,0.0,1.0,0.0,0.0,1.0,0.0,0.0,1.0
0.21122819925898337,-0.47957078304258416,-0.44759714185456223,-0.4971134794210427,0.0,0.0,1.0,0.0,1.0,0.0,0.0,1.0
-0.0998665024494642,-0.47957078304258416,-0.44759714185456223,-0.4971134794210427,0.0,0.0,1.0,0.0,1.0,0.0,0.0,1.0
-1.5775663355645901,-0.47957078304258416,1.8723741825104212,-0.23785039487075652,0.0,0.0,1.0,0.0,1.0,0.0,0.0,1.0
-0.8387164190070272,-0.47957078304258416,-0.44759714185456223,-0.39182289157506117,0.0,1.0,0.0,0.0,1.0,0.0,0.0,1.0
-0.41096120415791176,0.5107854493944685,0.7123885203279295,0.09933811910792484,0.0,1.0,0.0,1.0,0.0,1.0,0.0,0.0
-1.8108873618459258,0.5107854493944685,0.7123885203279295,-0.3458705416616356,0.0,0.0,1.0,0.0,1.0,1.0,0.0,0.0
1.922249058655445,-0.47957078304258416,-0.44759714185456223,-0.37136143021900736,0.0,1.0,0.0,0.0,1.0,0.0,0.0,1.0
1.6111543569469975,-0.47957078304258416,0.7123885203279295,4.406815394815756,1.0,0.0,0.0,1.0,0.0,1.0,0.0,0.0
-0.0998665024494642,0.5107854493944685,-0.44759714185456223,-0.12582389394636206,0.0,1.0,0.0,1.0,0.0,0.0,0.0,1.0
0.7556439272487666,-0.47957078304258416,-0.44759714185456223,3.6664522001312543,1.0,0.0,0.0,1.0,0.0,0.0,0.0,1.0
0.13345452383187148,-0.47957078304258416,-0.44759714185456223,-0.49566480795703405,0.0,0.0,1.0,0.0,1.0,0.0,0.0,1.0
-1.5775663355645901,4.472210379142679,1.8723741825104212,0.3018206483951618,0.0,0.0,1.0,0.0,1.0,0.0,0.0,1.0
-0.0998665024494642,-0.47957078304258416,-0.44759714185456223,-0.4992455636943435,0.0,0.0,1.0,0.0,1.0,0.0,1.0,0.0
-0.6442822304392475,1.5011416818315209,1.8723741825104212,0.0455408449105883,0.0,0.0,1.0,1.0,0.0,0.0,0.0,1.0
-1.033150607574807,3.4818541467056257,0.7123885203279295,0.154242358364624,0.0,0.0,1.0,0.0,1.0,0.0,0.0,1.0
0.36677555011320717,-0.47957078304258416,-0.44759714185456223,-0.5249083285271061,0.0,0.0,1.0,0.0,1.0,0.0,0.0,1.0
-0.0998665024494642,-0.47957078304258416,-0.44759714185456223,-0.6578218892037603,0.0,1.0,0.0,0.0,1.0,0.0,0.0,1.0
-0.0998665024494642,-0.47957078304258416,-0.44759714185456223,-0.19692747215864898,0.0,0.0,1.0,0.0,1.0,0.0,0.0,1.0
-0.0998665024494642,-0.47957078304258416,-0.44759714185456223,-0.4962622826286308,0.0,0.0,1.0,0.0,1.0,0.0,0.0,1.0
-0.1776401778765761,0.5107854493944685,1.8723741825104212,0.4061741013110361,1.0,0.0,0.0,1.0,0.0,0.0,0.0,1.0
-0.7998295812934713,-0.47957078304258416,-0.44759714185456223,-0.4931071252875273,0.0,0.0,1.0,0.0,1.0,0.0,0.0,1.0
-0.0998665024494642,-0.47957078304258416,-0.44759714185456223,-0.4992455636943435,0.0,0.0,1.0,0.0,1.0,0.0,1.0,0.0
-0.0998665024494642,-0.47957078304258416,-0.44759714185456223,-0.5017173082261548,0.0,0.0,1.0,1.0,0.0,0.0,1.0,0.0
-0.0998665024494642,-0.47957078304258416,-0.44759714185456223,-0.4962622826286308,0.0,0.0,1.0,1.0,0.0,0.0,0.0,1.0
-2.1219820635543734,3.4818541467056257,1.8723741825104212,-0.017889685293178435,0.0,0.0,1.0,1.0,0.0,0.0,0.0,1.0
-0.955376932147695,-0.47957078304258416,1.8723741825104212,1.6110124687779575,1.0,0.0,0.0,0.0,1.0,1.0,0.0,0.0
-0.02209282702235231,-0.47957078304258416,-0.44759714185456223,3.8801046411727618,1.0,0.0,0.0,1.0,0.0,0.0,0.0,1.0
1.922249058655445,0.5107854493944685,-0.44759714185456223,0.557588915345834,1.0,0.0,0.0,1.0,0.0,1.0,0.0,0.0
2.2333437603638924,-0.47957078304258416,0.7123885203279295,2.4822451241496424,1.0,0.0,0.0,1.0,0.0,0.0,0.0,1.0
-1.8108873618459258,-0.47957078304258416,0.7123885203279295,0.017406335546014357,0.0,1.0,0.0,1.0,0.0,0.0,0.0,1.0
0.7556439272487666,0.5107854493944685,0.7123885203279295,1.0437184526813663,1.0,0.0,0.0,1.0,0.0,1.0,0.0,0.0
0.36677555011320717,-0.47957078304258416,-0.44759714185456223,-0.39182289157506117,0.0,1.0,0.0,1.0,0.0,0.0,0.0,1.0
2.54443846207234,-0.47957078304258416,-0.44759714185456223,-0.11457009020053248,1.0,0.0,0.0,0.0,1.0,0.0,0.0,1.0
-0.0998665024494642,-0.47957078304258416,-0.44759714185456223,-0.4962622826286308,0.0,0.0,1.0,0.0,1.0,0.0,0.0,1.0
-1.655340010991702,2.491497914268573,0.7123885203279295,-0.22659659112492694,0.0,0.0,1.0,1.0,0.0,0.0,0.0,1.0
-2.0442083881272617,0.5107854493944685,0.7123885203279295,-0.37596525902411954,0.0,0.0,1.0,1.0,0.0,0.0,0.0,1.0
-1.033150607574807,1.5011416818315209,-0.44759714185456223,-0.2895155847947923,0.0,0.0,1.0,0.0,1.0,0.0,0.0,1.0
1.0667386289572143,0.5107854493944685,-0.44759714185456223,0.47659631286016635,1.0,0.0,0.0,1.0,0.0,1.0,0.0,0.0
-1.4220189847103664,0.5107854493944685,1.8723741825104212,1.7975534735226928,1.0,0.0,0.0,0.0,1.0,0.0,0.0,1.0
-2.24512112385812,-0.47957078304258416,0.7123885203279295,-0.48355776127265704,0.0,0.0,1.0,0.0,1.0,1.0,0.0,0.0
-0.8776032567205831,-0.47957078304258416,-0.44759714185456223,0.8460955204661923,0.0,1.0,0.0,0.0,1.0,0.0,0.0,1.0
-0.8776032567205831,-0.47957078304258416,-0.44759714185456223,-0.4992455636943435,0.0,0.0,1.0,0.0,1.0,0.0,0.0,1.0
-0.41096120415791176,-0.47957078304258416,-0.44759714185456223,-0.4670187620585588,0.0,0.0,1.0,0.0,1.0,0.0,0.0,1.0
-0.5665085550121356,0.5107854493944685,1.8723741825104212,0.19294930481187092,0.0,1.0,0.0,1.0,0.0,1.0,0.0,0.0
0.44454922554031906,-0.47957078304258416,-0.44759714185456223,-0.4931071252875273,0.0,0.0,1.0,0.0,1.0,0.0,0.0,1.0
0.6000965763945428,-0.47957078304258416,-0.44759714185456223,-0.4616476284525947,0.0,0.0,1.0,1.0,0.0,0.0,0.0,1.0
0.21122819925898337,-0.47957078304258416,-0.44759714185456223,0.9032177821338877,1.0,0.0,0.0,1.0,0.0,1.0,0.0,0.0
1.4556070060927737,-0.47957078304258416,-0.44759714185456223,-0.4971134794210427,0.0,0.0,1.0,0.0,1.0,0.0,0.0,1.0
0.6778702518216547,0.5107854493944685,-0.44759714185456223,-0.22813120072663096,0.0,1.0,0.0,0.0,1.0,0.0,0.0,1.0
-0.3331875287307999,-0.47957078304258416,-0.44759714185456223,-0.4634380063212494,0.0,0.0,1.0,0.0,1.0,0.0,0.0,1.0
-1.655340010991702,0.5107854493944685,0.7123885203279295,0.09413681563121602,0.0,1.0,0.0,0.0,1.0,0.0,0.0,1.0
0.8334176026758785,-0.47957078304258416,-0.44759714185456223,-0.33043850750689985,0.0,1.0,0.0,0.0,1.0,0.0,0.0,1.0
-0.02209282702235231,0.5107854493944685,-0.44759714185456223,0.7049114371094211,1.0,0.0,0.0,0.0,1.0,0.0,0.0,1.0
-0.5665085550121356,-0.47957078304258416,-0.44759714185456223,-0.5099878309062716,0.0,0.0,1.0,0.0,1.0,1.0,0.0,0.0
1.1445123043843262,-0.47957078304258416,-0.44759714185456223,-0.09061381124486473,1.0,0.0,0.0,1.0,0.0,1.0,0.0,0.0
1.1445123043843262,1.5011416818315209,-0.44759714185456223,1.1837096328410797,1.0,0.0,0.0,0.0,1.0,0.0,1.0,0.0
-0.0998665024494642,0.5107854493944685,-0.44759714185456223,-0.3283923613712944,0.0,0.0,1.0,1.0,0.0,0.0,0.0,1.0
0.055680848404759585,-0.47957078304258416,-0.44759714185456223,1.1120945180948913,1.0,0.0,0.0,1.0,0.0,0.0,0.0,1.0
-1.033150607574807,-0.47957078304258416,-0.44759714185456223,-0.4987340271604422,0.0,0.0,1.0,0.0,1.0,0.0,0.0,1.0
-0.5665085550121356,0.5107854493944685,-0.44759714185456223,-0.3734075763546128,0.0,0.0,1.0,1.0,0.0,0.0,0.0,1.0
-1.8108873618459258,-0.47957078304258416,1.8723741825104212,2.0942446631854725,1.0,0.0,0.0,0.0,1.0,1.0,0.0,0.0
-0.0998665024494642,-0.47957078304258416,-0.44759714185456223,-0.39182289157506117,0.0,1.0,0.0,0.0,1.0,0.0,0.0,1.0
-2.1219820635543734,0.5107854493944685,1.8723741825104212,2.44311257930619,1.0,0.0,0.0,1.0,0.0,0.0,0.0,1.0
0.36677555011320717,-0.47957078304258416,-0.44759714185456223,-0.4931071252875273,0.0,0.0,1.0,0.0,1.0,0.0,0.0,1.0
-0.0998665024494642,-0.47957078304258416,-0.44759714185456223,-0.4992455636943435,0.0,0.0,1.0,1.0,0.0,0.0,1.0,0.0
-0.1776401778765761,-0.47957078304258416,-0.44759714185456223,-0.4983084287642362,0.0,0.0,1.0,0.0,1.0,0.0,0.0,1.0
0.9111912781029904,-0.47957078304258416,-0.44759714185456223,-0.34996283393284633,0.0,1.0,0.0,0.0,1.0,1.0,0.0,0.0
-0.0998665024494642,-0.47957078304258416,-0.44759714185456223,-0.4931071252875273,0.0,0.0,1.0,0.0,1.0,0.0,0.0,1.0
-0.02209282702235231,-0.47957078304258416,-0.44759714185456223,-0.4634380063212494,0.0,0.0,1.0,0.0,1.0,0.0,0.0,1.0
-1.033150607574807,-0.47957078304258416,-0.44759714185456223,-0.4931071252875273,0.0,0.0,1.0,0.0,1.0,0.0,0.0,1.0
0.522322900967431,-0.47957078304258416,-0.44759714185456223,-0.4962622826286308,0.0,0.0,1.0,0.0,1.0,0.0,0.0,1.0
-0.02209282702235231,-0.47957078304258416,-0.44759714185456223,-0.4971134794210427,0.0,0.0,1.0,0.0,1.0,0.0,0.0,1.0
-0.7998295812934713,-0.47957078304258416,-0.44759714185456223,-0.49089114902266673,0.0,0.0,1.0,0.0,1.0,0.0,0.0,1.0
-0.0998665024494642,0.5107854493944685,-0.44759714185456223,-0.3406692381849267,0.0,0.0,1.0,0.0,1.0,0.0,1.0,0.0
-0.7998295812934713,0.5107854493944685,0.7123885203279295,-0.3357237029751685,0.0,0.0,1.0,1.0,0.0,1.0,0.0,0.0
-0.0998665024494642,7.443279076453836,1.8723741825104212,0.7652727481097799,0.0,0.0,1.0,0.0,1.0,0.0,0.0,1.0
1.30005965523855,-0.47957078304258416,-0.44759714185456223,0.881733247710031,1.0,0.0,0.0,0.0,1.0,1.0,0.0,0.0
-0.8776032567205831,1.5011416818315209,-0.44759714185456223,-0.2895155847947923,0.0,0.0,1.0,1.0,0.0,0.0,0.0,1.0
-0.6442822304392475,-0.47957078304258416,-0.44759714185456223,-0.49566480795703405,0.0,0.0,1.0,0.0,1.0,0.0,0.0,1.0
-1.033150607574807,-0.47957078304258416,-0.44759714185456223,-0.4992455636943435,0.0,0.0,1.0,1.0,0.0,0.0,1.0,0.0
-0.8776032567205831,0.5107854493944685,-0.44759714185456223,-0.5249083285271061,0.0,0.0,1.0,0.0,1.0,0.0,0.0,1.0
-0.0998665024494642,-0.47957078304258416,-0.44759714185456223,-0.5099018927685763,0.0,0.0,1.0,0.0,1.0,1.0,0.0,0.0
1.4556070060927737,0.5107854493944685,-0.44759714185456223,0.4061741013110361,1.0,0.0,0.0,0.0,1.0,0.0,0.0,1.0
-0.0998665024494642,-0.47957078304258416,-0.44759714185456223,-0.47955140713914174,0.0,0.0,1.0,0.0,1.0,0.0,0.0,1.0
1.1445123043843262,-0.47957078304258416,-0.44759714185456223,-0.4931071252875273,0.0,0.0,1.0,0.0,1.0,0.0,0.0,1.0
1.8444753832283332,0.5107854493944685,0.7123885203279295,1.0171185529184965,1.0,0.0,0.0,0.0,1.0,0.0,0.0,1.0
-0.0998665024494642,-0.47957078304258416,-0.44759714185456223,-0.4931071252875273,0.0,0.0,1.0,0.0,1.0,0.0,0.0,1.0
0.9889649535301023,-0.47957078304258416,-0.44759714185456223,-0.4805744802069444,0.0,0.0,1.0,0.0,1.0,0.0,0.0,1.0
1.4556070060927737,-0.47957078304258416,-0.44759714185456223,-0.39182289157506117,0.0,1.0,0.0,0.0,1.0,0.0,0.0,1.0
-0.0998665024494642,-0.47957078304258416,-0.44759714185456223,-0.5094762943723704,0.0,0.0,1.0,0.0,1.0,0.0,0.0,1.0
-0.3331875287307999,0.5107854493944685,-0.44759714185456223,-0.12582389394636206,0.0,1.0,0.0,0.0,1.0,0.0,0.0,1.0
-0.0998665024494642,-0.47957078304258416,-0.44759714185456223,-0.4992455636943435,0.0,0.0,1.0,0.0,1.0,0.0,1.0,0.0
0.7556439272487666,0.5107854493944685,0.7123885203279295,0.9719335078059231,1.0,0.0,0.0,1.0,0.0,0.0,0.0,1.0
-0.0998665024494642,-0.47957078304258416,-0.44759714185456223,-0.4962622826286308,0.0,0.0,1.0,0.0,1.0,0.0,0.0,1.0
-0.0998665024494642,-0.47957078304258416,-0.44759714185456223,-0.3619839424795279,0.0,0.0,1.0,0.0,1.0,1.0,0.0,0.0
-0.6442822304392475,-0.47957078304258416,-0.44759714185456223,-0.4971134794210427,0.0,0.0,1.0,0.0,1.0,0.0,0.0,1.0
-0.0998665024494642,-0.47957078304258416,1.8723741825104212,-0.20033839776670312,0.0,0.0,1.0,1.0,0.0,1.0,0.0,0.0
2.7777594883536754,-0.47957078304258416,-0.44759714185456223,-0.11457009020053248,1.0,0.0,0.0,0.0,1.0,0.0,0.0,1.0
-1.8886610372730377,0.5107854493944685,1.8723741825104212,-0.09001633657326796,0.0,1.0,0.0,1.0,0.0,0.0,0.0,1.0
0.7556439272487666,-0.47957078304258416,-0.44759714185456223,-0.050116486928963117,1.0,0.0,0.0,0.0,1.0,1.0,0.0,0.0
-0.0998665024494642,0.5107854493944685,-0.44759714185456223,-0.36206783447108776,0.0,0.0,1.0,1.0,0.0,1.0,0.0,0.0
-0.0998665024494642,-0.47957078304258416,-0.44759714185456223,0.30591294066637265,1.0,0.0,0.0,0.0,1.0,0.0,0.0,1.0
-0.8776032567205831,-0.47957078304258416,1.8723741825104212,-0.39182289157506117,0.0,1.0,0.0,1.0,0.0,0.0,0.0,1.0
1.222285979811438,-0.47957078304258416,0.7123885203279295,0.557588915345834,1.0,0.0,0.0,1.0,0.0,1.0,0.0,0.0
-2.2127206106751847,-0.47957078304258416,0.7123885203279295,-0.4665072255246574,0.0,0.0,1.0,0.0,1.0,0.0,0.0,1.0
-0.0998665024494642,0.5107854493944685,-0.44759714185456223,-0.3406692381849267,0.0,0.0,1.0,1.0,0.0,0.0,1.0,0.0
-2.0442083881272617,0.5107854493944685,1.8723741825104212,0.19294930481187092,0.0,1.0,0.0,1.0,0.0,1.0,0.0,0.0
-2.1997557389814855,-0.47957078304258416,1.8723741825104212,-0.3357237029751685,0.0,0.0,1.0,1.0,0.0,1.0,0.0,0.0
1.7667017078012213,-0.47957078304258416,-0.44759714185456223,-0.39182289157506117,0.0,1.0,0.0,0.0,1.0,0.0,0.0,1.0
-0.955376932147695,-0.47957078304258416,0.7123885203279295,-0.3283923613712944,0.0,0.0,1.0,1.0,0.0,0.0,0.0,1.0
-0.0998665024494642,-0.47957078304258416,-0.44759714185456223,-0.4992455636943435,0.0,0.0,1.0,1.0,0.0,0.0,1.0,0.0
0.9111912781029904,-0.47957078304258416,-0.44759714185456223,-0.5120339770418771,0.0,0.0,1.0,0.0,1.0,0.0,0.0,1.0
2.6999858129265637,0.5107854493944685,4.192345506875404,4.723542447438383,1.0,0.0,0.0,0.0,1.0,0.0,0.0,1.0
-0.5665085550121356,-0.47957078304258416,-0.44759714185456223,-0.4665072255246574,0.0,0.0,1.0,0.0,1.0,0.0,0.0,1.0
-0.0998665024494642,-0.47957078304258416,-0.44759714185456223,-0.5099878309062716,0.0,0.0,1.0,0.0,1.0,1.0,0.0,0.0
-0.02209282702235231,-0.47957078304258416,-0.44759714185456223,-0.3742608192931602,0.0,1.0,0.0,0.0,1.0,1.0,0.0,0.0
-0.0998665024494642,-0.47957078304258416,-0.44759714185456223,-0.49958727009898957,0.0,0.0,1.0,1.0,0.0,0.0,1.0,0.0
0.36677555011320717,0.5107854493944685,-0.44759714185456223,-0.22813120072663096,0.0,1.0,0.0,0.0,1.0,0.0,0.0,1.0
-0.0998665024494642,0.5107854493944685,9.992273817787863,0.7652727481097799,0.0,0.0,1.0,0.0,1.0,0.0,0.0,1.0
-1.033150607574807,-0.47957078304258416,-0.44759714185456223,-0.49958727009898957,0.0,0.0,1.0,1.0,0.0,0.0,1.0,0.0
-0.48873487958502365,-0.47957078304258416,-0.44759714185456223,-0.49566480795703405,0.0,0.0,1.0,1.0,0.0,0.0,0.0,1.0
-0.0998665024494642,-0.47957078304258416,-0.44759714185456223,-0.497625015954944,0.0,0.0,1.0,0.0,1.0,0.0,1.0,0.0
2.427777948931672,-0.47957078304258416,-0.44759714185456223,-0.37511303915863986,0.0,0.0,1.0,0.0,1.0,0.0,0.0,1.0
-0.0998665024494642,-0.47957078304258416,-0.44759714185456223,-0.4429765449651956,0.0,1.0,0.0,0.0,1.0,0.0,0.0,1.0
-0.7998295812934713,0.5107854493944685,-0.44759714185456223,1.2057916419365329,1.0,0.0,0.0,1.0,0.0,1.0,0.0,0.0
-0.255413853303688,-0.47957078304258416,-0.44759714185456223,-0.4964321127578861,0.0,0.0,1.0,0.0,1.0,0.0,0.0,1.0
0.055680848404759585,-0.47957078304258416,-0.44759714185456223,-0.12582389394636206,1.0,0.0,0.0,0.0,1.0,0.0,0.0,1.0
2.2333437603638924,-0.47957078304258416,-0.44759714185456223,-0.11457009020053248,1.0,0.0,0.0,1.0,0.0,0.0,0.0,1.0
-0.8776032567205831,-0.47957078304258416,-0.44759714185456223,-0.4931071252875273,0.0,0.0,1.0,1.0,0.0,0.0,0.0,1.0
1.922249058655445,0.5107854493944685,-0.44759714185456223,0.47659631286016635,1.0,0.0,0.0,0.0,1.0,1.0,0.0,0.0
-0.7998295812934713,-0.47957078304258416,-0.44759714185456223,-0.3611306995409805,0.0,0.0,1.0,0.0,1.0,0.0,0.0,1.0
0.2890018746860953,0.5107854493944685,1.8723741825104212,-0.23682732180295382,0.0,0.0,1.0,1.0,0.0,0.0,0.0,1.0
-0.41096120415791176,-0.47957078304258416,-0.44759714185456223,-0.4429765449651956,0.0,1.0,0.0,0.0,1.0,0.0,0.0,1.0
0.2890018746860953,-0.47957078304258416,-0.44759714185456223,-0.5555145824234914,1.0,0.0,0.0,0.0,1.0,0.0,0.0,1.0
-0.0998665024494642,-0.47957078304258416,-0.44759714185456223,0.49816473927558275,0.0,0.0,1.0,0.0,1.0,0.0,0.0,1.0
-1.4220189847103664,4.472210379142679,1.8723741825104212,0.3018206483951618,0.0,0.0,1.0,0.0,1.0,0.0,0.0,1.0
0.9111912781029904,-0.47957078304258416,0.7123885203279295,-0.2588233927607116,0.0,1.0,0.0,1.0,0.0,0.0,0.0,1.0
-1.033150607574807,-0.47957078304258416,-0.44759714185456223,-0.46923473832341944,0.0,0.0,1.0,0.0,1.0,0.0,0.0,1.0
-0.0998665024494642,1.5011416818315209,-0.44759714185456223,-0.18209291267550995,0.0,0.0,1.0,0.0,1.0,0.0,1.0,0.0
-0.0998665024494642,-0.47957078304258416,-0.44759714185456223,-0.4962622826286308,0.0,0.0,1.0,0.0,1.0,0.0,0.0,1.0
2.4666647866452283,-0.47957078304258416,-0.44759714185456223,0.0035089109929826016,1.0,0.0,0.0,0.0,1.0,0.0,0.0,1.0
0.21122819925898337,-0.47957078304258416,-0.44759714185456223,-0.39182289157506117,0.0,1.0,0.0,1.0,0.0,0.0,0.0,1.0
1.222285979811438,-0.47957078304258416,-0.44759714185456223,4.71075403409085,1.0,0.0,0.0,1.0,0.0,1.0,0.0,0.0
-0.7998295812934713,-0.47957078304258416,-0.44759714185456223,-0.5197070250503972,0.0,0.0,1.0,0.0,1.0,0.0,1.0,0.0
0.44454922554031906,0.5107854493944685,-0.44759714185456223,1.0501985974928285,1.0,0.0,0.0,1.0,0.0,0.0,0.0,1.0
-0.8776032567205831,-0.47957078304258416,-0.44759714185456223,-0.5044468671710524,0.0,0.0,1.0,1.0,0.0,0.0,0.0,1.0
-0.41096120415791176,2.491497914268573,1.8723741825104212,4.723542447438383,1.0,0.0,0.0,1.0,0.0,0.0,0.0,1.0
-0.41096120415791176,-0.47957078304258416,-0.44759714185456223,-0.4971134794210427,0.0,0.0,1.0,0.0,1.0,0.0,0.0,1.0
-1.3442453092832545,1.5011416818315209,0.7123885203279295,0.14017510368233702,0.0,1.0,0.0,1.0,0.0,0.0,0.0,1.0
1.222285979811438,0.5107854493944685,0.7123885203279295,2.7155917217463506,1.0,0.0,0.0,1.0,0.0,0.0,0.0,1.0
0.8334176026758785,0.5107854493944685,5.352331169057896,-0.01558777089062237,0.0,0.0,1.0,0.0,1.0,0.0,0.0,1.0
-0.48873487958502365,-0.47957078304258416,-0.44759714185456223,-0.4931071252875273,0.0,0.0,1.0,1.0,0.0,0.0,0.0,1.0
-0.0998665024494642,-0.47957078304258416,-0.44759714185456223,-0.4992455636943435,0.0,0.0,1.0,1.0,0.0,0.0,1.0,0.0
-0.6442822304392475,-0.47957078304258416,-0.44759714185456223,-0.4983084287642362,0.0,0.0,1.0,0.0,1.0,0.0,0.0,1.0
-0.255413853303688,1.5011416818315209,-0.44759714185456223,-0.4805744802069444,0.0,0.0,1.0,0.0,1.0,0.0,0.0,1.0
2.6222121374994516,0.5107854493944685,-0.44759714185456223,0.9373188536298868,1.0,0.0,0.0,1.0,0.0,0.0,0.0,1.0
0.522322900967431,-0.47957078304258416,-0.44759714185456223,2.117433637340288,1.0,0.0,0.0,1.0,0.0,1.0,0.0,0.0
0.44454922554031906,-0.47957078304258416,-0.44759714185456223,-0.4051228414564961,0.0,1.0,0.0,0.0,1.0,0.0,1.0,0.0
1.3778333306656618,-0.47957078304258416,-0.44759714185456223,-0.13426424675573428,1.0,0.0,0.0,0.0,1.0,0.0,0.0,1.0
1.222285979811438,-0.47957078304258416,1.8723741825104212,-0.04397804852214697,0.0,1.0,0.0,1.0,0.0,0.0,0.0,1.0
-0.0998665024494642,-0.47957078304258416,-0.44759714185456223,-0.4962622826286308,0.0,0.0,1.0,0.0,1.0,0.0,0.0,1.0
-2.1997557389814855,0.5107854493944685,1.8723741825104212,0.19294930481187092,0.0,1.0,0.0,1.0,0.0,1.0,0.0,0.0
0.055680848404759585,-0.47957078304258416,-0.44759714185456223,-0.39182289157506117,0.0,1.0,0.0,0.0,1.0,0.0,0.0,1.0
-0.0998665024494642,-0.47957078304258416,-0.44759714185456223,-0.4931071252875273,0.0,0.0,1.0,0.0,1.0,0.0,0.0,1.0
1.1445123043843262,-0.47957078304258416,-0.44759714185456223,-0.49566480795703405,0.0,0.0,1.0,0.0,1.0,0.0,0.0,1.0
-0.255413853303688,-0.47957078304258416,-0.44759714185456223,-0.4966019428871413,0.0,0.0,1.0,0.0,1.0,0.0,1.0,0.0
-0.0998665024494642,-0.47957078304258416,-0.44759714185456223,-0.33904869044552727,0.0,1.0,0.0,0.0,1.0,1.0,0.0,0.0
-2.1997557389814855,0.5107854493944685,0.7123885203279295,-0.3161154845576622,0.0,0.0,1.0,1.0,0.0,0.0,0.0,1.0
0.6778702518216547,-0.47957078304258416,-0.44759714185456223,-0.4805744802069444,0.0,0.0,1.0,0.0,1.0,0.0,0.0,1.0
1.4556070060927737,0.5107854493944685,-0.44759714185456223,0.9121696714771612,1.0,0.0,0.0,0.0,1.0,1.0,0.0,0.0
-1.9664347127001496,0.5107854493944685,0.7123885203279295,-0.43001830148840675,0.0,0.0,1.0,0.0,1.0,0.0,0.0,1.0
-0.7998295812934713,0.5107854493944685,-0.44759714185456223,-0.3283923613712944,0.0,0.0,1.0,1.0,0.0,0.0,0.0,1.0
-0.5665085550121356,-0.47957078304258416,-0.44759714185456223,-0.4997571002282448,0.0,0.0,1.0,1.0,0.0,0.0,1.0,0.0
1.6111543569469975,-0.47957078304258416,-0.44759714185456223,-0.4931071252875273,0.0,0.0,1.0,0.0,1.0,0.0,0.0,1.0
-0.8776032567205831,0.5107854493944685,-0.44759714185456223,-0.293607877066003,0.0,0.0,1.0,1.0,0.0,0.0,0.0,1.0
-0.0998665024494642,-0.47957078304258416,-0.44759714185456223,-0.497625015954944,0.0,0.0,1.0,1.0,0.0,0.0,1.0,0.0
-0.0998665024494642,-0.47957078304258416,-0.44759714185456223,-0.5099018927685763,0.0,0.0,1.0,0.0,1.0,1.0,0.0,0.0
1.6111543569469975,-0.47957078304258416,-0.44759714185456223,-0.39182289157506117,0.0,1.0,0.0,0.0,1.0,0.0,0.0,1.0
-0.0998665024494642,0.5107854493944685,-0.44759714185456223,0.4061741013110361,1.0,0.0,0.0,1.0,0.0,0.0,0.0,1.0
-0.255413853303688,-0.47957078304258416,-0.44759714185456223,-0.4962622826286308,0.0,0.0,1.0,0.0,1.0,0.0,0.0,1.0
-0.0998665024494642,-0.47957078304258416,-0.44759714185456223,-0.5099018927685763,0.0,0.0,1.0,0.0,1.0,1.0,0.0,0.0
-0.41096120415791176,0.5107854493944685,-0.44759714185456223,-0.3283923613712944,0.0,0.0,1.0,0.0,1.0,0.0,0.0,1.0
-0.6442822304392475,-0.47957078304258416,-0.44759714185456223,-0.48526424714975197,0.0,0.0,1.0,0.0,1.0,0.0,0.0,1.0
-0.255413853303688,-0.47957078304258416,-0.44759714185456223,-0.4971134794210427,0.0,0.0,1.0,1.0,0.0,0.0,0.0,1.0
0.13345452383187148,0.5107854493944685,0.7123885203279295,-0.23785039487075652,0.0,0.0,1.0,1.0,0.0,0.0,0.0,1.0
0.7556439272487666,-0.47957078304258416,-0.44759714185456223,-0.16367759745506158,0.0,0.0,1.0,0.0,1.0,0.0,0.0,1.0
2.000022734082557,-0.47957078304258416,-0.44759714185456223,0.3652511785989285,1.0,0.0,0.0,0.0,1.0,0.0,0.0,1.0
1.6889280323741094,-0.47957078304258416,-0.44759714185456223,-0.4931071252875273,0.0,0.0,1.0,0.0,1.0,0.0,0.0,1.0
-0.41096120415791176,-0.47957078304258416,-0.44759714185456223,0.355106386058597,1.0,0.0,0.0,1.0,0.0,1.0,0.0,0.0
-0.6442822304392475,-0.47957078304258416,0.7123885203279295,0.5980862396617356,1.0,0.0,0.0,0.0,1.0,1.0,0.0,0.0
-0.0998665024494642,-0.47957078304258416,1.8723741825104212,-0.3458705416616356,0.0,0.0,1.0,1.0,0.0,1.0,0.0,0.0
0.522322900967431,-0.47957078304258416,-0.44759714185456223,0.1631942477078975,1.0,0.0,0.0,0.0,1.0,1.0,0.0,0.0
-0.8776032567205831,-0.47957078304258416,-0.44759714185456223,-0.4805744802069444,0.0,0.0,1.0,0.0,1.0,0.0,0.0,1.0
-0.41096120415791176,-0.47957078304258416,-0.44759714185456223,-0.5033378559655542,0.0,0.0,1.0,0.0,1.0,0.0,0.0,1.0
0.7556439272487666,-0.47957078304258416,1.8723741825104212,-0.5099018927685763,0.0,0.0,1.0,0.0,1.0,1.0,0.0,0.0
-0.41096120415791176,-0.47957078304258416,0.7123885203279295,4.406815394815756,1.0,0.0,0.0,0.0,1.0,1.0,0.0,0.0
-0.8776032567205831,0.5107854493944685,-0.44759714185456223,0.5698657921594663,1.0,0.0,0.0,1.0,0.0,0.0,0.0,1.0
-0.8776032567205831,-0.47957078304258416,-0.44759714185456223,-0.5197070250503972,0.0,0.0,1.0,1.0,0.0,0.0,1.0,0.0
-1.1886979584290307,0.5107854493944685,1.8723741825104212,1.7975534735226928,1.0,0.0,0.0,1.0,0.0,0.0,0.0,1.0
-0.955376932147695,-0.47957078304258416,-0.44759714185456223,-0.41228435293111493,0.0,1.0,0.0,1.0,0.0,1.0,0.0,0.0
-0.7998295812934713,0.5107854493944685,-0.44759714185456223,-0.12582389394636206,0.0,1.0,0.0,1.0,0.0,0.0,0.0,1.0
0.36677555011320717,-0.47957078304258416,-0.44759714185456223,-0.39182289157506117,0.0,1.0,0.0,0.0,1.0,0.0,0.0,1.0
0.13345452383187148,-0.47957078304258416,1.8723741825104212,2.7155917217463506,1.0,0.0,0.0,1.0,0.0,0.0,0.0,1.0
0.2890018746860953,-0.47957078304258416,-0.44759714185456223,2.44311257930619,1.0,0.0,0.0,1.0,0.0,0.0,0.0,1.0
-0.0998665024494642,-0.47957078304258416,-0.44759714185456223,-0.4992455636943435,0.0,0.0,1.0,1.0,0.0,0.0,1.0,0.0
0.055680848404759585,0.5107854493944685,-0.44759714185456223,0.5238275041083453,1.0,0.0,0.0,0.0,1.0,1.0,0.0,0.0
-0.0998665024494642,-0.47957078304258416,-0.44759714185456223,0.49816473927558275,0.0,0.0,1.0,0.0,1.0,0.0,0.0,1.0
-0.0998665024494642,7.443279076453836,1.8723741825104212,0.7652727481097799,0.0,0.0,1.0,0.0,1.0,0.0,0.0,1.0
-0.0998665024494642,-0.47957078304258416,-0.44759714185456223,-0.4966019428871413,0.0,0.0,1.0,1.0,0.0,0.0,1.0,0.0
-0.1776401778765761,-0.47957078304258416,-0.44759714185456223,-0.5151031962452851,0.0,0.0,1.0,0.0,1.0,0.0,0.0,1.0
-0.0998665024494642,-0.47957078304258416,-0.44759714185456223,-0.4992455636943435,0.0,0.0,1.0,0.0,1.0,0.0,1.0,0.0
-0.0998665024494642,-0.47957078304258416,-0.44759714185456223,-0.4634380063212494,0.0,0.0,1.0,0.0,1.0,0.0,0.0,1.0
-0.0998665024494642,-0.47957078304258416,-0.44759714185456223,-0.4931071252875273,0.0,0.0,1.0,1.0,0.0,0.0,0.0,1.0
0.7556439272487666,-0.47957078304258416,-0.44759714185456223,-0.49566480795703405,0.0,0.0,1.0,0.0,1.0,0.0,0.0,1.0
-0.6442822304392475,-0.47957078304258416,-0.44759714185456223,-0.4805744802069444,0.0,0.0,1.0,1.0,0.0,0.0,0.0,1.0
-0.3331875287307999,0.5107854493944685,-0.44759714185456223,-0.293607877066003,0.0,0.0,1.0,0.0,1.0,0.0,0.0,1.0
-0.48873487958502365,-0.47957078304258416,-0.44759714185456223,-0.4429765449651956,0.0,1.0,0.0,0.0,1.0,0.0,0.0,1.0
-0.3331875287307999,-0.47957078304258416,-0.44759714185456223,-0.5135685866435811,0.0,0.0,1.0,0.0,1.0,0.0,0.0,1.0
0.2890018746860953,0.5107854493944685,-0.44759714185456223,0.4286817088026953,1.0,0.0,0.0,1.0,0.0,0.0,0.0,1.0
1.222285979811438,-0.47957078304258416,-0.44759714185456223,-0.11457009020053248,1.0,0.0,0.0,0.0,1.0,0.0,0.0,1.0
-0.41096120415791176,1.5011416818315209,-0.44759714185456223,-0.16367759745506158,0.0,0.0,1.0,0.0,1.0,0.0,0.0,1.0
-0.0998665024494642,0.5107854493944685,-0.44759714185456223,-0.3335077267103079,0.0,0.0,1.0,0.0,1.0,0.0,0.0,1.0
-0.3331875287307999,0.5107854493944685,-0.44759714185456223,1.2057916419365329,1.0,0.0,0.0,0.0,1.0,1.0,0.0,0.0
-0.0998665024494642,-0.47957078304258416,-0.44759714185456223,-0.4992455636943435,0.0,0.0,1.0,0.0,1.0,0.0,1.0,0.0
-0.0998665024494642,-0.47957078304258416,-0.44759714185456223,-0.4931071252875273,0.0,0.0,1.0,1.0,0.0,0.0,0.0,1.0
-2.2127206106751847,0.5107854493944685,0.7123885203279295,-0.27416948877775194,0.0,1.0,0.0,0.0,1.0,0.0,0.0,1.0
-0.41096120415791176,1.5011416818315209,-0.44759714185456223,0.8460955204661923,0.0,1.0,0.0,0.0,1.0,0.0,0.0,1.0
0.25011503697253934,-0.47957078304258416,-0.44759714185456223,-0.4634380063212494,0.0,0.0,1.0,0.0,1.0,0.0,0.0,1.0
2.000022734082557,-0.47957078304258416,-0.44759714185456223,-0.33043850750689985,0.0,1.0,0.0,1.0,0.0,0.0,0.0,1.0
0.8334176026758785,-0.47957078304258416,-0.44759714185456223,2.4822451241496424,1.0,0.0,0.0,1.0,0.0,0.0,0.0,1.0
0.522322900967431,-0.47957078304258416,1.8723741825104212,-0.4085337670645503,0.0,0.0,1.0,1.0,0.0,0.0,0.0,1.0
0.7556439272487666,0.5107854493944685,-0.44759714185456223,0.4859738005996458,1.0,0.0,0.0,1.0,0.0,0.0,0.0,1.0
0.2890018746860953,0.5107854493944685,0.7123885203279295,-0.23785039487075652,0.0,0.0,1.0,0.0,1.0,0.0,0.0,1.0
-0.0998665024494642,-0.47957078304258416,-0.44759714185456223,-0.4992455636943435,0.0,0.0,1.0,1.0,0.0,0.0,1.0,0.0
-1.1886979584290307,-0.47957078304258416,-0.44759714185456223,-0.4971134794210427,0.0,0.0,1.0,1.0,0.0,0.0,0.0,1.0
-0.48873487958502365,-0.47957078304258416,-0.44759714185456223,-0.4805744802069444,0.0,0.0,1.0,1.0,0.0,0.0,0.0,1.0
-0.0998665024494642,-0.47957078304258416,-0.44759714185456223,-0.4966019428871413,0.0,0.0,1.0,0.0,1.0,0.0,1.0,0.0
-0.5665085550121356,-0.47957078304258416,-0.44759714185456223,-0.47366873699927625,0.0,0.0,1.0,0.0,1.0,0.0,0.0,1.0
-0.0998665024494642,-0.47957078304258416,-0.44759714185456223,-0.4983084287642362,0.0,0.0,1.0,0.0,1.0,0.0,0.0,1.0
0.36677555011320717,0.5107854493944685,0.7123885203279295,0.0071756048679874705,0.0,1.0,0.0,1.0,0.0,0.0,0.0,1.0
0.055680848404759585,-0.47957078304258416,-0.44759714185456223,-0.5094762943723704,0.0,0.0,1.0,0.0,1.0,0.0,0.0,1.0
-0.1776401778765761,0.5107854493944685,-0.44759714185456223,-0.49566480795703405,0.0,0.0,1.0,1.0,0.0,0.0,0.0,1.0
0.7556439272487666,-0.47957078304258416,-0.44759714185456223,-0.6578218892037603,1.0,0.0,0.0,0.0,1.0,0.0,0.0,1.0
0.44454922554031906,-0.47957078304258416,-0.44759714185456223,-0.11994122380649658,1.0,0.0,0.0,0.0,1.0,0.0,0.0,1.0
0.8334176026758785,-0.47957078304258416,-0.44759714185456223,-0.09061381124486473,1.0,0.0,0.0,0.0,1.0,1.0,0.0,0.0
-0.0998665024494642,-0.47957078304258416,-0.44759714185456223,-0.49984303836594024,0.0,0.0,1.0,1.0,0.0,0.0,1.0,0.0
-0.0998665024494642,-0.47957078304258416,-0.44759714185456223,-0.5099878309062716,0.0,0.0,1.0,0.0,1.0,1.0,0.0,0.0
0.522322900967431,0.5107854493944685,1.8723741825104212,1.7975534735226928,1.0,0.0,0.0,0.0,1.0,0.0,0.0,1.0
0.055680848404759585,-0.47957078304258416,-0.44759714185456223,-0.40256515878698934,0.0,0.0,1.0,1.0,0.0,0.0,0.0,1.0
-0.0998665024494642,-0.47957078304258416,-0.44759714185456223,-0.4931071252875273,0.0,0.0,1.0,0.0,1.0,0.0,0.0,1.0
0.2890018746860953,-0.47957078304258416,-0.44759714185456223,-0.09061381124486473,1.0,0.0,0.0,1.0,0.0,1.0,0.0,0.0
0.13345452383187148,-0.47957078304258416,-0.44759714185456223,-0.22813120072663096,0.0,1.0,0.0,1.0,0.0,0.0,0.0,1.0
-0.0998665024494642,-0.47957078304258416,-0.44759714185456223,-0.4931071252875273,0.0,0.0,1.0,0.0,1.0,0.0,0.0,1.0
-0.1776401778765761,-0.47957078304258416,-0.44759714185456223,-0.4805744802069444,0.0,0.0,1.0,0.0,1.0,0.0,0.0,1.0
2.3111174357910045,-0.47957078304258416,-0.44759714185456223,-0.3815921608970343,0.0,1.0,0.0,0.0,1.0,0.0,0.0,1.0
1.6889280323741094,0.5107854493944685,-0.44759714185456223,0.9373188536298868,1.0,0.0,0.0,1.0,0.0,0.0,0.0,1.0
-0.8776032567205831,0.5107854493944685,0.7123885203279295,-0.4971134794210427,0.0,0.0,1.0,0.0,1.0,0.0,0.0,1.0
2.4666647866452283,-0.47957078304258416,-0.44759714185456223,-0.5301935239953748,0.0,0.0,1.0,0.0,1.0,0.0,0.0,1.0
-0.0998665024494642,-0.47957078304258416,-0.44759714185456223,-0.4987340271604422,0.0,0.0,1.0,1.0,0.0,0.0,0.0,1.0
0.055680848404759585,-0.47957078304258416,-0.44759714185456223,1.5197891356142628,1.0,0.0,0.0,1.0,0.0,1.0,0.0,0.0
1.4556070060927737,0.5107854493944685,3.032359844692913,4.71075403409085,1.0,0.0,0.0,1.0,0.0,1.0,0.0,0.0
0.2890018746860953,-0.47957078304258416,1.8723741825104212,-0.12582389394636206,0.0,1.0,0.0,1.0,0.0,0.0,0.0,1.0
-1.4997926601374783,3.4818541467056257,0.7123885203279295,-0.06188182720869402,0.0,0.0,1.0,0.0,1.0,0.0,1.0,0.0
-0.6442822304392475,-0.47957078304258416,-0.44759714185456223,-0.4429765449651956,0.0,1.0,0.0,1.0,0.0,0.0,0.0,1.0
1.222285979811438,0.5107854493944685,-0.44759714185456223,1.0501985974928285,1.0,0.0,0.0,0.0,1.0,0.0,0.0,1.0
-1.1109242830019188,-0.47957078304258416,-0.44759714185456223,-0.4935327236837333,0.0,0.0,1.0,1.0,0.0,0.0,1.0,0.0
-0.1776401778765761,0.5107854493944685,-0.44759714185456223,2.1408804259081906,1.0,0.0,0.0,0.0,1.0,1.0,0.0,0.0
-0.3720743664443558,-0.47957078304258416,-0.44759714185456223,-0.4931071252875273,0.0,0.0,1.0,0.0,1.0,0.0,0.0,1.0
-0.0998665024494642,-0.47957078304258416,-0.44759714185456223,0.0685599889361488,1.0,0.0,0.0,0.0,1.0,0.0,0.0,1.0
1.2611728175249939,-0.47957078304258416,-0.44759714185456223,-0.07467024055622763,1.0,0.0,0.0,0.0,1.0,0.0,0.0,1.0
-0.41096120415791176,-0.47957078304258416,1.8723741825104212,-0.3611306995409805,0.0,1.0,0.0,1.0,0.0,0.0,0.0,1.0
1.6111543569469975,0.5107854493944685,-0.44759714185456223,0.4859738005996458,1.0,0.0,0.0,0.0,1.0,0.0,0.0,1.0
0.21122819925898337,-0.47957078304258416,-0.44759714185456223,-0.5027403812939575,0.0,0.0,1.0,0.0,1.0,0.0,0.0,1.0
-0.7998295812934713,0.5107854493944685,-0.44759714185456223,0.4286817088026953,1.0,0.0,0.0,0.0,1.0,0.0,0.0,1.0
-0.1776401778765761,-0.47957078304258416,-0.44759714185456223,-0.4429765449651956,0.0,1.0,0.0,1.0,0.0,0.0,0.0,1.0
-0.6442822304392475,-0.47957078304258416,-0.44759714185456223,-0.4931071252875273,0.0,0.0,1.0,0.0,1.0,0.0,0.0,1.0
-0.48873487958502365,-0.47957078304258416,0.7123885203279295,0.6385815178315017,1.0,0.0,0.0,0.0,1.0,1.0,0.0,0.0
2.7777594883536754,-0.47957078304258416,-0.44759714185456223,-0.4992455636943435,0.0,0.0,1.0,0.0,1.0,0.0,1.0,0.0
0.5612097386809869,0.5107854493944685,-0.44759714185456223,-0.3017924616084246,0.0,0.0,1.0,0.0,1.0,0.0,0.0,1.0
-0.41096120415791176,-0.47957078304258416,-0.44759714185456223,-0.4983084287642362,0.0,0.0,1.0,0.0,1.0,0.0,0.0,1.0
-0.0998665024494642,-0.47957078304258416,-0.44759714185456223,-0.4992455636943435,0.0,0.0,1.0,0.0,1.0,0.0,1.0,0.0
-1.5775663355645901,-0.47957078304258416,0.7123885203279295,-0.5929426875359849,0.0,0.0,1.0,0.0,1.0,0.0,0.0,1.0
0.522322900967431,-0.47957078304258416,-0.44759714185456223,0.881733247710031,1.0,0.0,0.0,0.0,1.0,1.0,0.0,0.0
-0.6442822304392475,-0.47957078304258416,-0.44759714185456223,0.9373188536298868,1.0,0.0,0.0,1.0,0.0,0.0,0.0,1.0
0.055680848404759585,-0.47957078304258416,-0.44759714185456223,-0.5099018927685763,0.0,0.0,1.0,0.0,1.0,1.0,0.0,0.0
-0.1776401778765761,-0.47957078304258416,-0.44759714185456223,-0.5099878309062716,0.0,0.0,1.0,0.0,1.0,1.0,0.0,0.0
-0.0998665024494642,-0.47957078304258416,-0.44759714185456223,-0.5099018927685763,0.0,0.0,1.0,0.0,1.0,1.0,0.0,0.0
0.13345452383187148,-0.47957078304258416,-0.44759714185456223,2.0942446631854725,1.0,0.0,0.0,1.0,0.0,1.0,0.0,0.0
1.6111543569469975,-0.47957078304258416,-0.44759714185456223,-0.4429765449651956,0.0,1.0,0.0,1.0,0.0,0.0,0.0,1.0
1.30005965523855,-0.47957078304258416,-0.44759714185456223,0.9627258501956989,1.0,0.0,0.0,0.0,1.0,1.0,0.0,0.0
1.3778333306656618,-0.47957078304258416,-0.44759714185456223,-0.4429765449651956,0.0,1.0,0.0,0.0,1.0,0.0,0.0,1.0
-0.41096120415791176,-0.47957078304258416,1.8723741825104212,-0.3161154845576622,0.0,0.0,1.0,1.0,0.0,0.0,0.0,1.0
-0.0998665024494642,-0.47957078304258416,-0.44759714185456223,-0.5099018927685763,0.0,0.0,1.0,1.0,0.0,1.0,0.0,0.0
-1.2664716338561426,-0.47957078304258416,0.7123885203279295,-0.2588233927607116,0.0,1.0,0.0,1.0,0.0,0.0,0.0,1.0
0.21122819925898337,-0.47957078304258416,-0.44759714185456223,-0.4931071252875273,0.0,0.0,1.0,0.0,1.0,0.0,0.0,1.0
-0.41096120415791176,-0.47957078304258416,-0.44759714185456223,-0.4429765449651956,0.0,1.0,0.0,0.0,1.0,0.0,0.0,1.0
-0.48873487958502365,-0.47957078304258416,-0.44759714185456223,-0.4983084287642362,0.0,0.0,1.0,0.0,1.0,0.0,0.0,1.0
0.13345452383187148,-0.47957078304258416,-0.44759714185456223,-0.4801488818107385,0.0,0.0,1.0,1.0,0.0,0.0,0.0,1.0
2.3111174357910045,-0.47957078304258416,-0.44759714185456223,-0.5094762943723704,0.0,0.0,1.0,0.0,1.0,0.0,0.0,1.0
2.4666647866452283,-0.47957078304258416,-0.44759714185456223,-0.4051228414564961,0.0,1.0,0.0,0.0,1.0,0.0,1.0,0.0
-0.8776032567205831,0.5107854493944685,-0.44759714185456223,0.4286817088026953,1.0,0.0,0.0,1.0,0.0,0.0,0.0,1.0
-1.1886979584290307,-0.47957078304258416,-0.44759714185456223,0.6721730989397352,0.0,1.0,0.0,0.0,1.0,0.0,0.0,1.0
-0.0998665024494642,-0.47957078304258416,-0.44759714185456223,-0.4992455636943435,0.0,0.0,1.0,1.0,0.0,0.0,1.0,0.0
-2.206234286144564,0.5107854493944685,1.8723741825104212,2.44311257930619,1.0,0.0,0.0,0.0,1.0,0.0,0.0,1.0
2.000022734082557,0.5107854493944685,0.7123885203279295,1.2553247475872678,1.0,0.0,0.0,0.0,1.0,0.0,0.0,1.0
0.522322900967431,-0.47957078304258416,-0.44759714185456223,4.71075403409085,1.0,0.0,0.0,1.0,0.0,1.0,0.0,0.0
-0.0998665024494642,-0.47957078304258416,-0.44759714185456223,-0.6578218892037603,0.0,1.0,0.0,0.0,1.0,0.0,0.0,1.0
0.9889649535301023,-0.47957078304258416,-0.44759714185456223,-0.5033378559655542,0.0,0.0,1.0,0.0,1.0,0.0,0.0,1.0
3.4777225671976826,-0.47957078304258416,-0.44759714185456223,-0.4987340271604422,0.0,0.0,1.0,0.0,1.0,0.0,0.0,1.0
-0.7998295812934713,-0.47957078304258416,-0.44759714185456223,-0.4931071252875273,0.0,0.0,1.0,0.0,1.0,0.0,0.0,1.0
-0.41096120415791176,-0.47957078304258416,-0.44759714185456223,-0.5135685866435811,0.0,0.0,1.0,0.0,1.0,0.0,0.0,1.0
-0.41096120415791176,-0.47957078304258416,-0.44759714185456223,-0.4992455636943435,0.0,0.0,1.0,1.0,0.0,0.0,1.0,0.0
-0.0998665024494642,7.443279076453836,1.8723741825104212,0.7652727481097799,0.0,0.0,1.0,0.0,1.0,0.0,0.0,1.0
0.055680848404759585,-0.47957078304258416,-0.44759714185456223,-0.39182289157506117,0.0,1.0,0.0,0.0,1.0,0.0,0.0,1.0
3.944364619760354,-0.47957078304258416,-0.44759714185456223,-0.04397804852214697,1.0,0.0,0.0,0.0,1.0,0.0,0.0,1.0
0.44454922554031906,-0.47957078304258416,-0.44759714185456223,-0.5120339770418771,0.0,0.0,1.0,0.0,1.0,0.0,0.0,1.0
-0.0998665024494642,-0.47957078304258416,-0.44759714185456223,-0.49950133196129415,0.0,0.0,1.0,0.0,1.0,0.0,1.0,0.0
0.6778702518216547,-0.47957078304258416,-0.44759714185456223,-0.4962622826286308,0.0,0.0,1.0,0.0,1.0,0.0,0.0,1.0
-0.5665085550121356,-0.47957078304258416,-0.44759714185456223,-0.5094762943723704,0.0,0.0,1.0,0.0,1.0,0.0,0.0,1.0
-0.3331875287307999,-0.47957078304258416,-0.44759714185456223,-0.39182289157506117,0.0,1.0,0.0,0.0,1.0,0.0,0.0,1.0
-1.033150607574807,-0.47957078304258416,-0.44759714185456223,-0.4429765449651956,0.0,1.0,0.0,0.0,1.0,0.0,0.0,1.0
1.922249058655445,0.5107854493944685,-0.44759714185456223,-0.12582389394636206,0.0,1.0,0.0,0.0,1.0,0.0,0.0,1.0
0.21122819925898337,-0.47957078304258416,-0.44759714185456223,-0.4987340271604422,0.0,0.0,1.0,0.0,1.0,0.0,0.0,1.0
-0.7220559058663594,-0.47957078304258416,-0.44759714185456223,-0.5135685866435811,0.0,0.0,1.0,0.0,1.0,0.0,0.0,1.0
-0.41096120415791176,-0.47957078304258416,-0.44759714185456223,-0.4962622826286308,0.0,0.0,1.0,0.0,1.0,0.0,0.0,1.0
0.36677555011320717,-0.47957078304258416,-0.44759714185456223,-0.39182289157506117,0.0,1.0,0.0,0.0,1.0,0.0,0.0,1.0
-0.7220559058663594,1.5011416818315209,0.7123885203279295,-0.1872082780145234,0.0,1.0,0.0,1.0,0.0,0.0,0.0,1.0
1.6889280323741094,-0.47957078304258416,-0.44759714185456223,-0.4015420857191867,0.0,1.0,0.0,0.0,1.0,0.0,0.0,1.0
-0.48873487958502365,-0.47957078304258416,0.7123885203279295,1.0437184526813663,1.0,0.0,0.0,1.0,0.0,1.0,0.0,0.0
-0.48873487958502365,-0.47957078304258416,-0.44759714185456223,-0.4971134794210427,0.0,0.0,1.0,1.0,0.0,0.0,0.0,1.0
1.222285979811438,-0.47957078304258416,-0.44759714185456223,-0.11457009020053248,1.0,0.0,0.0,0.0,1.0,0.0,0.0,1.0
-2.1997557389814855,1.5011416818315209,0.7123885203279295,0.14017510368233702,0.0,1.0,0.0,0.0,1.0,0.0,0.0,1.0
-0.0998665024494642,-0.47957078304258416,-0.44759714185456223,-0.4964321127578861,0.0,0.0,1.0,0.0,1.0,0.0,0.0,1.0
-0.0998665024494642,0.5107854493944685,-0.44759714185456223,0.40336065037457863,1.0,0.0,0.0,1.0,0.0,0.0,0.0,1.0
-0.7220559058663594,-0.47957078304258416,-0.44759714185456223,-0.4805744802069444,0.0,0.0,1.0,1.0,0.0,0.0,0.0,1.0
-0.41096120415791176,0.5107854493944685,-0.44759714185456223,0.5698657921594663,1.0,0.0,0.0,0.0,1.0,0.0,0.0,1.0
-0.48873487958502365,-0.47957078304258416,-0.44759714185456223,1.2553247475872678,1.0,0.0,0.0,0.0,1.0,0.0,0.0,1.0
-0.0998665024494642,-0.47957078304258416,-0.44759714185456223,-0.5145916597113838,0.0,0.0,1.0,0.0,1.0,0.0,0.0,1.0
-0.0998665024494642,-0.47957078304258416,-0.44759714185456223,-0.39182289157506117,0.0,1.0,0.0,1.0,0.0,0.0,0.0,1.0
1.6111543569469975,0.5107854493944685,0.7123885203279295,3.6697771876016136,1.0,0.0,0.0,1.0,0.0,1.0,0.0,0.0
0.6000965763945428,0.5107854493944685,-0.44759714185456223,0.4286817088026953,1.0,0.0,0.0,0.0,1.0,0.0,0.0,1.0
-0.0998665024494642,-0.47957078304258416,-0.44759714185456223,-0.4962622826286308,0.0,0.0,1.0,0.0,1.0,0.0,0.0,1.0
0.13345452383187148,0.5107854493944685,0.7123885203279295,-0.12070852860734863,0.0,1.0,0.0,0.0,1.0,0.0,0.0,1.0
-0.02209282702235231,0.5107854493944685,-0.44759714185456223,-0.12582389394636206,0.0,1.0,0.0,1.0,0.0,0.0,0.0,1.0
-0.0998665024494642,-0.47957078304258416,-0.44759714185456223,-0.4992455636943435,0.0,0.0,1.0,1.0,0.0,0.0,1.0,0.0
0.9889649535301023,-0.47957078304258416,-0.44759714185456223,-0.11457009020053248,1.0,0.0,0.0,0.0,1.0,0.0,0.0,1.0
1.222285979811438,0.5107854493944685,0.7123885203279295,2.0942446631854725,1.0,0.0,0.0,0.0,1.0,1.0,0.0,0.0
-0.41096120415791176,1.5011416818315209,3.032359844692913,-0.27416948877775194,0.0,1.0,0.0,1.0,0.0,0.0,0.0,1.0
-0.02209282702235231,0.5107854493944685,-0.44759714185456223,-0.12582389394636206,0.0,1.0,0.0,0.0,1.0,0.0,0.0,1.0
1.0667386289572143,0.5107854493944685,0.7123885203279295,-0.12070852860734863,0.0,1.0,0.0,0.0,1.0,0.0,0.0,1.0
1.7667017078012213,0.5107854493944685,-0.44759714185456223,0.9436291683120939,1.0,0.0,0.0,1.0,0.0,1.0,0.0,0.0
-0.0998665024494642,0.5107854493944685,-0.44759714185456223,-0.526101231724164,0.0,0.0,1.0,0.0,1.0,1.0,0.0,0.0
-0.7220559058663594,0.5107854493944685,-0.44759714185456223,-0.12582389394636206,0.0,1.0,0.0,1.0,0.0,0.0,0.0,1.0
-0.6442822304392475,-0.47957078304258416,-0.44759714185456223,-0.4962622826286308,0.0,0.0,1.0,0.0,1.0,0.0,0.0,1.0
0.21122819925898337,0.5107854493944685,0.7123885203279295,-0.3406692381849267,0.0,0.0,1.0,1.0,0.0,0.0,1.0,0.0
-0.955376932147695,-0.47957078304258416,-0.44759714185456223,-0.5120339770418771,0.0,0.0,1.0,0.0,1.0,0.0,0.0,1.0
2.3888911112181166,0.5107854493944685,0.7123885203279295,0.9627258501956989,1.0,0.0,0.0,0.0,1.0,1.0,0.0,0.0
-1.033150607574807,0.5107854493944685,3.032359844692913,0.0455408449105883,0.0,0.0,1.0,0.0,1.0,0.0,0.0,1.0
-1.033150607574807,-0.47957078304258416,-0.44759714185456223,-0.4931071252875273,0.0,0.0,1.0,0.0,1.0,0.0,0.0,1.0
0.2890018746860953,-0.47957078304258416,-0.44759714185456223,-0.4987340271604422,0.0,0.0,1.0,0.0,1.0,0.0,0.0,1.0
-0.6442822304392475,-0.47957078304258416,-0.44759714185456223,-0.4982224906265408,0.0,0.0,1.0,0.0,1.0,0.0,0.0,1.0
-0.8776032567205831,1.5011416818315209,1.8723741825104212,0.0455408449105883,0.0,0.0,1.0,0.0,1.0,0.0,0.0,1.0
0.9889649535301023,-0.47957078304258416,-0.44759714185456223,-0.39182289157506117,0.0,1.0,0.0,1.0,0.0,0.0,0.0,1.0
-0.5665085550121356,-0.47957078304258416,0.7123885203279295,0.6103631164753679,1.0,0.0,0.0,1.0,0.0,1.0,0.0,0.0
0.2890018746860953,-0.47957078304258416,-0.44759714185456223,1.1120945180948913,1.0,0.0,0.0,1.0,0.0,0.0,0.0,1.0
0.21122819925898337,-0.47957078304258416,-0.44759714185456223,-0.03374731784412008,1.0,0.0,0.0,0.0,1.0,1.0,0.0,0.0
-0.0998665024494642,-0.47957078304258416,-0.44759714185456223,-0.3611306995409805,0.0,0.0,1.0,0.0,1.0,0.0,0.0,1.0
-0.0998665024494642,-0.47957078304258416,-0.44759714185456223,-0.49182828395277395,0.0,0.0,1.0,1.0,0.0,0.0,0.0,1.0
-0.0998665024494642,-0.47957078304258416,-0.44759714185456223,-0.4962622826286308,0.0,0.0,1.0,0.0,1.0,0.0,0.0,1.0
-1.9664347127001496,3.4818541467056257,0.7123885203279295,-0.06188182720869402,0.0,0.0,1.0,0.0,1.0,0.0,1.0,0.0
-0.02209282702235231,-0.47957078304258416,4.192345506875404,-0.22659659112492694,0.0,0.0,1.0,1.0,0.0,0.0,0.0,1.0
-0.0998665024494642,-0.47957078304258416,-0.44759714185456223,-0.48475271061585057,0.0,0.0,1.0,0.0,1.0,0.0,1.0,0.0
0.9889649535301023,-0.47957078304258416,0.7123885203279295,-0.4858596756752131,0.0,0.0,1.0,0.0,1.0,0.0,0.0,1.0
0.2890018746860953,-0.47957078304258416,-0.44759714185456223,-0.4931071252875273,0.0,0.0,1.0,0.0,1.0,0.0,0.0,1.0
0.44454922554031906,-0.47957078304258416,-0.44759714185456223,-0.4429765449651956,0.0,1.0,0.0,0.0,1.0,0.0,0.0,1.0
-1.5775663355645901,3.4818541467056257,1.8723741825104212,-0.01558777089062237,0.0,0.0,1.0,0.0,1.0,0.0,0.0,1.0
0.9111912781029904,-0.47957078304258416,1.8723741825104212,-0.24424460154452332,0.0,0.0,1.0,1.0,0.0,0.0,0.0,1.0
0.21122819925898337,1.5011416818315209,-0.44759714185456223,0.8460955204661923,0.0,1.0,0.0,0.0,1.0,0.0,0.0,1.0
0.522322900967431,-0.47957078304258416,-0.44759714185456223,-0.39182289157506117,0.0,1.0,0.0,0.0,1.0,0.0,0.0,1.0
0.44454922554031906,-0.47957078304258416,-0.44759714185456223,-0.12582389394636206,0.0,1.0,0.0,0.0,1.0,0.0,0.0,1.0
0.13345452383187148,0.5107854493944685,-0.44759714185456223,0.5084814080913049,1.0,0.0,0.0,0.0,1.0,0.0,0.0,1.0
1.0667386289572143,-0.47957078304258416,0.7123885203279295,3.6664522001312543,1.0,0.0,0.0,1.0,0.0,0.0,0.0,1.0
-0.1776401778765761,-0.47957078304258416,-0.44759714185456223,-0.49566480795703405,0.0,0.0,1.0,1.0,0.0,0.0,0.0,1.0
-0.0998665024494642,0.5107854493944685,-0.44759714185456223,-0.3283923613712944,0.0,0.0,1.0,1.0,0.0,0.0,0.0,1.0
-0.7220559058663594,-0.47957078304258416,-0.44759714185456223,-0.37417488115546477,0.0,1.0,0.0,0.0,1.0,1.0,0.0,0.0
-0.0998665024494642,-0.47957078304258416,-0.44759714185456223,-0.49847825889349145,0.0,0.0,1.0,1.0,0.0,0.0,1.0,0.0
-1.1886979584290307,4.472210379142679,1.8723741825104212,0.3018206483951618,0.0,0.0,1.0,0.0,1.0,0.0,0.0,1.0
-0.5665085550121356,-0.47957078304258416,-0.44759714185456223,-0.503935330637151,0.0,0.0,1.0,0.0,1.0,0.0,0.0,1.0
-0.0998665024494642,-0.47957078304258416,-0.44759714185456223,-0.4987340271604422,0.0,0.0,1.0,0.0,1.0,0.0,0.0,1.0
-0.0998665024494642,-0.47957078304258416,-0.44759714185456223,-0.4992455636943435,0.0,0.0,1.0,1.0,0.0,0.0,1.0,0.0
-0.8776032567205831,-0.47957078304258416,-0.44759714185456223,-0.4987340271604422,0.0,0.0,1.0,1.0,0.0,0.0,0.0,1.0
-0.7220559058663594,-0.47957078304258416,-0.44759714185456223,-0.5099878309062716,0.0,0.0,1.0,0.0,1.0,1.0,0.0,0.0
-0.0998665024494642,-0.47957078304258416,-0.44759714185456223,-0.4992455636943435,0.0,0.0,1.0,0.0,1.0,0.0,1.0,0.0
-0.7220559058663594,-0.47957078304258416,-0.44759714185456223,-0.4931071252875273,0.0,0.0,1.0,0.0,1.0,0.0,0.0,1.0
0.055680848404759585,2.491497914268573,-0.44759714185456223,-0.22813120072663096,0.0,1.0,0.0,1.0,0.0,0.0,0.0,1.0
-0.0998665024494642,-0.47957078304258416,-0.44759714185456223,-0.4992455636943435,0.0,0.0,1.0,1.0,0.0,0.0,1.0,0.0
-0.41096120415791176,-0.47957078304258416,-0.44759714185456223,-0.4987340271604422,0.0,0.0,1.0,0.0,1.0,0.0,0.0,1.0
-0.0998665024494642,-0.47957078304258416,-0.44759714185456223,0.49816473927558275,0.0,0.0,1.0,0.0,1.0,0.0,0.0,1.0
0.8723044403894344,-0.47957078304258416,-0.44759714185456223,-0.3488538227273482,0.0,0.0,1.0,0.0,1.0,0.0,0.0,1.0
-0.955376932147695,3.4818541467056257,1.8723741825104212,-0.49566480795703405,0.0,0.0,1.0,1.0,0.0,0.0,0.0,1.0
1.5333806815198856,-0.47957078304258416,-0.44759714185456223,-0.6578218892037603,0.0,0.0,1.0,0.0,1.0,0.0,0.0,1.0
-2.1997557389814855,0.5107854493944685,0.7123885203279295,-0.4085337670645503,0.0,0.0,1.0,1.0,0.0,0.0,0.0,1.0
-0.0998665024494642,-0.47957078304258416,-0.44759714185456223,-0.16367759745506158,0.0,0.0,1.0,0.0,1.0,0.0,1.0,0.0
-0.8776032567205831,1.5011416818315209,1.8723741825104212,4.71075403409085,1.0,0.0,0.0,1.0,0.0,1.0,0.0,0.0
0.9111912781029904,1.5011416818315209,-0.44759714185456223,-0.3691454539541468,0.0,0.0,1.0,0.0,1.0,0.0,0.0,1.0
-1.1886979584290307,0.5107854493944685,-0.44759714185456223,-0.4278002790774105,0.0,0.0,1.0,1.0,0.0,1.0,0.0,0.0
-0.0998665024494642,-0.47957078304258416,-0.44759714185456223,-0.4931071252875273,0.0,0.0,1.0,1.0,0.0,0.0,0.0,1.0
1.4556070060927737,-0.47957078304258416,1.8723741825104212,0.09413681563121602,0.0,1.0,0.0,1.0,0.0,0.0,0.0,1.0
-0.5665085550121356,-0.47957078304258416,1.8723741825104212,0.35502044792090165,1.0,0.0,0.0,1.0,0.0,1.0,0.0,0.0
-0.0998665024494642,-0.47957078304258416,-0.44759714185456223,-0.4931071252875273,0.0,0.0,1.0,0.0,1.0,0.0,0.0,1.0
0.8334176026758785,-0.47957078304258416,-0.44759714185456223,-0.39182289157506117,0.0,1.0,0.0,0.0,1.0,0.0,0.0,1.0
-0.6442822304392475,1.5011416818315209,-0.44759714185456223,0.8460955204661923,0.0,1.0,0.0,0.0,1.0,0.0,0.0,1.0
0.7556439272487666,0.5107854493944685,5.352331169057896,-0.017889685293178435,0.0,0.0,1.0,0.0,1.0,0.0,0.0,1.0
-0.0998665024494642,-0.47957078304258416,-0.44759714185456223,-0.4992455636943435,0.0,0.0,1.0,0.0,1.0,0.0,1.0,0.0
-0.8776032567205831,-0.47957078304258416,-0.44759714185456223,-0.4225150836091418,0.0,1.0,0.0,0.0,1.0,0.0,0.0,1.0
0.36677555011320717,0.5107854493944685,-0.44759714185456223,-0.12582389394636206,0.0,1.0,0.0,0.0,1.0,0.0,0.0,1.0
0.36677555011320717,-0.47957078304258416,-0.44759714185456223,-0.11457009020053248,1.0,0.0,0.0,0.0,1.0,0.0,0.0,1.0
-0.5665085550121356,-0.47957078304258416,-0.44759714185456223,-0.22813120072663096,0.0,1.0,0.0,1.0,0.0,0.0,0.0,1.0
0.8334176026758785,-0.47957078304258416,-0.44759714185456223,-0.023516587166093193,1.0,0.0,0.0,0.0,1.0,1.0,0.0,0.0
0.44454922554031906,-0.47957078304258416,-0.44759714185456223,2.117433637340288,1.0,0.0,0.0,1.0,0.0,0.0,0.0,1.0
-0.1776401778765761,-0.47957078304258416,-0.44759714185456223,-0.4966019428871413,0.0,0.0,1.0,1.0,0.0,0.0,1.0,0.0
-0.0998665024494642,-0.47957078304258416,-0.44759714185456223,-0.4962622826286308,0.0,0.0,1.0,0.0,1.0,0.0,0.0,1.0
-0.7998295812934713,-0.47957078304258416,-0.44759714185456223,-0.39182289157506117,0.0,1.0,0.0,0.0,1.0,0.0,0.0,1.0
-0.0998665024494642,-0.47957078304258416,-0.44759714185456223,-0.4996711620905494,0.0,0.0,1.0,0.0,1.0,0.0,1.0,0.0
1.30005965523855,-0.47957078304258416,-0.44759714185456223,-0.12582389394636206,0.0,1.0,0.0,0.0,1.0,0.0,0.0,1.0
0.522322900967431,-0.47957078304258416,1.8723741825104212,0.7949418670760579,1.0,0.0,0.0,1.0,0.0,0.0,0.0,1.0
-0.0998665024494642,0.5107854493944685,1.8723741825104212,-0.1780006204042992,0.0,0.0,1.0,1.0,0.0,0.0,0.0,1.0
-0.1776401778765761,-0.47957078304258416,-0.44759714185456223,-0.03374731784412008,1.0,0.0,0.0,0.0,1.0,0.0,0.0,1.0
-0.7220559058663594,-0.47957078304258416,-0.44759714185456223,-0.4971134794210427,0.0,0.0,1.0,0.0,1.0,0.0,0.0,1.0
-0.0998665024494642,-0.47957078304258416,1.8723741825104212,-0.4992455636943435,0.0,0.0,1.0,1.0,0.0,0.0,1.0,0.0
-0.8776032567205831,-0.47957078304258416,-0.44759714185456223,-0.5099018927685763,0.0,0.0,1.0,1.0,0.0,1.0,0.0,0.0
-1.5775663355645901,0.5107854493944685,0.7123885203279295,-0.33248465364250523,0.0,0.0,1.0,0.0,1.0,0.0,0.0,1.0
-0.5665085550121356,-0.47957078304258416,-0.44759714185456223,-0.4429765449651956,0.0,1.0,0.0,0.0,1.0,0.0,0.0,1.0
0.13345452383187148,-0.47957078304258416,-0.44759714185456223,-0.22813120072663096,0.0,1.0,0.0,1.0,0.0,0.0,0.0,1.0
-0.1776401778765761,-0.47957078304258416,-0.44759714185456223,-0.39182289157506117,0.0,1.0,0.0,0.0,1.0,0.0,0.0,1.0
0.2890018746860953,-0.47957078304258416,-0.44759714185456223,-0.4805744802069444,0.0,0.0,1.0,0.0,1.0,1.0,0.0,0.0
0.9111912781029904,0.5107854493944685,-0.44759714185456223,0.40336065037457863,1.0,0.0,0.0,0.0,1.0,0.0,0.0,1.0
0.13345452383187148,0.5107854493944685,0.7123885203279295,0.09933811910792484,0.0,1.0,0.0,0.0,1.0,1.0,0.0,0.0
1.922249058655445,0.5107854493944685,3.032359844692913,-0.1872082780145234,0.0,1.0,0.0,1.0,0.0,0.0,0.0,1.0
0.9889649535301023,0.5107854493944685,-0.44759714185456223,0.4061741013110361,1.0,0.0,0.0,0.0,1.0,0.0,0.0,1.0
-0.0998665024494642,0.5107854493944685,-0.44759714185456223,-0.3619839424795279,0.0,0.0,1.0,0.0,1.0,1.0,0.0,0.0
-0.0998665024494642,-0.47957078304258416,-0.44759714185456223,-0.5033378559655542,0.0,0.0,1.0,1.0,0.0,0.0,0.0,1.0
-0.0998665024494642,0.5107854493944685,-0.44759714185456223,-0.4992455636943435,0.0,0.0,1.0,0.0,1.0,0.0,1.0,0.0
0.8723044403894344,-0.47957078304258416,-0.44759714185456223,-0.4992455636943435,0.0,0.0,1.0,0.0,1.0,0.0,1.0,0.0
-0.48873487958502365,-0.47957078304258416,-0.44759714185456223,-0.5135685866435811,0.0,0.0,1.0,0.0,1.0,0.0,0.0,1.0
2.000022734082557,0.5107854493944685,-0.44759714185456223,0.557588915345834,1.0,0.0,0.0,0.0,1.0,1.0,0.0,0.0
-0.0998665024494642,-0.47957078304258416,-0.44759714185456223,-0.4931071252875273,0.0,0.0,1.0,0.0,1.0,0.0,0.0,1.0
0.6000965763945428,0.5107854493944685,-0.44759714185456223,1.1837096328410797,1.0,0.0,0.0,1.0,0.0,0.0,1.0,0.0
-0.0998665024494642,-0.47957078304258416,-0.44759714185456223,-0.09061381124486473,1.0,0.0,0.0,0.0,1.0,1.0,0.0,0.0
-0.0998665024494642,-0.47957078304258416,-0.44759714185456223,-0.11457009020053248,1.0,0.0,0.0,0.0,1.0,0.0,0.0,1.0
0.055680848404759585,-0.47957078304258416,-0.44759714185456223,-0.4962622826286308,0.0,0.0,1.0,0.0,1.0,0.0,0.0,1.0
-0.955376932147695,-0.47957078304258416,-0.44759714185456223,-0.4805744802069444,0.0,0.0,1.0,0.0,1.0,0.0,0.0,1.0
-1.733113686418814,0.5107854493944685,0.7123885203279295,-0.3458705416616356,0.0,0.0,1.0,0.0,1.0,1.0,0.0,0.0
0.055680848404759585,-0.47957078304258416,-0.44759714185456223,-0.4931071252875273,0.0,0.0,1.0,0.0,1.0,0.0,0.0,1.0
-0.255413853303688,-0.47957078304258416,-0.44759714185456223,-0.39182289157506117,0.0,1.0,0.0,0.0,1.0,0.0,0.0,1.0
0.8723044403894344,-0.47957078304258416,1.8723741825104212,-0.3611306995409805,0.0,0.0,1.0,0.0,1.0,0.0,0.0,1.0
-0.0998665024494642,-0.47957078304258416,-0.44759714185456223,-0.5099878309062716,0.0,0.0,1.0,0.0,1.0,1.0,0.0,0.0
2.000022734082557,-0.47957078304258416,-0.44759714185456223,-0.03374731784412008,1.0,0.0,0.0,0.0,1.0,0.0,0.0,1.0
-1.1109242830019188,-0.47957078304258416,-0.44759714185456223,-0.5099878309062716,0.0,0.0,1.0,1.0,0.0,1.0,0.0,0.0
-0.0998665024494642,-0.47957078304258416,-0.44759714185456223,-0.4931071252875273,0.0,0.0,1.0,0.0,1.0,0.0,0.0,1.0
-0.0998665024494642,-0.47957078304258416,-0.44759714185456223,-0.19692747215864898,0.0,0.0,1.0,0.0,1.0,0.0,0.0,1.0
-0.0998665024494642,-0.47957078304258416,-0.44759714185456223,-0.526101231724164,0.0,0.0,1.0,0.0,1.0,1.0,0.0,0.0
-0.3331875287307999,0.5107854493944685,1.8723741825104212,2.44311257930619,1.0,0.0,0.0,1.0,0.0,0.0,0.0,1.0
0.13345452383187148,-0.47957078304258416,-0.44759714185456223,0.37539597113926004,1.0,0.0,0.0,0.0,1.0,0.0,0.0,1.0
1.6111543569469975,0.5107854493944685,-0.44759714185456223,-0.12582389394636206,0.0,1.0,0.0,0.0,1.0,0.0,0.0,1.0
0.522322900967431,0.5107854493944685,1.8723741825104212,-0.09001633657326796,0.0,1.0,0.0,0.0,1.0,0.0,0.0,1.0
1.6111543569469975,0.5107854493944685,-0.44759714185456223,-0.3611306995409805,0.0,0.0,1.0,0.0,1.0,0.0,0.0,1.0
-0.7998295812934713,0.5107854493944685,-0.44759714185456223,-0.4971134794210427,0.0,0.0,1.0,1.0,0.0,0.0,0.0,1.0
-0.48873487958502365,0.5107854493944685,-0.44759714185456223,1.025475013736309,1.0,0.0,0.0,1.0,0.0,0.0,0.0,1.0
-0.7220559058663594,-0.47957078304258416,-0.44759714185456223,-0.4634380063212494,0.0,0.0,1.0,0.0,1.0,0.0,0.0,1.0
-0.0998665024494642,-0.47957078304258416,-0.44759714185456223,-0.4962622826286308,0.0,0.0,1.0,0.0,1.0,1.0,0.0,0.0
-0.1776401778765761,0.5107854493944685,0.7123885203279295,4.406815394815756,1.0,0.0,0.0,1.0,0.0,1.0,0.0,0.0
-0.0998665024494642,-0.47957078304258416,-0.44759714185456223,-0.49958727009898957,0.0,0.0,1.0,0.0,1.0,0.0,1.0,0.0
-0.0998665024494642,1.5011416818315209,-0.44759714185456223,-0.2142337761735992,0.0,0.0,1.0,0.0,1.0,1.0,0.0,0.0
-0.255413853303688,0.5107854493944685,0.7123885203279295,-0.06443950987820074,0.0,1.0,0.0,0.0,1.0,0.0,0.0,1.0
-0.0998665024494642,-0.47957078304258416,-0.44759714185456223,-0.4962622826286308,0.0,0.0,1.0,0.0,1.0,1.0,0.0,0.0
0.13345452383187148,-0.47957078304258416,-0.44759714185456223,-0.07390293575537558,1.0,0.0,0.0,0.0,1.0,1.0,0.0,0.0
-1.033150607574807,-0.47957078304258416,-0.44759714185456223,-0.12582389394636206,0.0,1.0,0.0,0.0,1.0,0.0,0.0,1.0
-0.6442822304392475,-0.47957078304258416,-0.44759714185456223,-0.4992455636943435,0.0,0.0,1.0,1.0,0.0,0.0,1.0,0.0
2.4666647866452283,0.5107854493944685,3.032359844692913,4.71075403409085,1.0,0.0,0.0,0.0,1.0,1.0,0.0,0.0
-0.41096120415791176,-0.47957078304258416,-0.44759714185456223,-0.5094762943723704,0.0,0.0,1.0,0.0,1.0,0.0,1.0,0.0
-0.5665085550121356,-0.47957078304258416,-0.44759714185456223,-0.4992455636943435,0.0,0.0,1.0,1.0,0.0,0.0,0.0,1.0
-2.225677705001342,0.5107854493944685,0.7123885203279295,-0.3611306995409805,0.0,1.0,0.0,0.0,1.0,0.0,0.0,1.0
1.3778333306656618,-0.47957078304258416,-0.44759714185456223,0.03829339529827408,1.0,0.0,0.0,0.0,1.0,0.0,0.0,1.0
1.6889280323741094,-0.47957078304258416,-0.44759714185456223,-0.4992455636943435,0.0,0.0,1.0,0.0,1.0,0.0,0.0,1.0
-0.3331875287307999,-0.47957078304258416,-0.44759714185456223,-0.39182289157506117,0.0,1.0,0.0,0.0,1.0,0.0,0.0,1.0
0.2890018746860953,-0.47957078304258416,-0.44759714185456223,-0.4807443103361997,0.0,0.0,1.0,0.0,1.0,0.0,0.0,1.0
0.9889649535301023,-0.47957078304258416,-0.44759714185456223,-0.39182289157506117,0.0,1.0,0.0,0.0,1.0,0.0,0.0,1.0
-0.8776032567205831,-0.47957078304258416,-0.44759714185456223,-0.4931071252875273,0.0,0.0,1.0,0.0,1.0,0.0,0.0,1.0
-2.1997557389814855,-0.47957078304258416,1.8723741825104212,0.09933811910792484,0.0,1.0,0.0,0.0,1.0,1.0,0.0,0.0
-1.5775663355645901,2.491497914268573,1.8723741825104212,-0.08694711736985992,0.0,0.0,1.0,1.0,0.0,0.0,0.0,1.0
-0.0998665024494642,-0.47957078304258416,-0.44759714185456223,-0.6578218892037603,0.0,1.0,0.0,0.0,1.0,0.0,0.0,1.0
-0.955376932147695,0.5107854493944685,-0.44759714185456223,1.570431252470496,1.0,0.0,0.0,1.0,0.0,1.0,0.0,0.0
-0.8776032567205831,-0.47957078304258416,-0.44759714185456223,0.8460955204661923,0.0,1.0,0.0,0.0,1.0,0.0,0.0,1.0
0.055680848404759585,-0.47957078304258416,-0.44759714185456223,0.27317460249668657,1.0,0.0,0.0,0.0,1.0,0.0,0.0,1.0
-0.0998665024494642,-0.47957078304258416,-0.44759714185456223,-0.12582389394636206,1.0,0.0,0.0,0.0,1.0,0.0,0.0,1.0
0.36677555011320717,0.5107854493944685,-0.44759714185456223,-0.12582389394636206,0.0,1.0,0.0,0.0,1.0,0.0,0.0,1.0
1.5333806815198856,-0.47957078304258416,-0.44759714185456223,-0.6578218892037603,1.0,0.0,0.0,0.0,1.0,0.0,0.0,1.0
2.0777964095096686,-0.47957078304258416,-0.44759714185456223,0.0685599889361488,1.0,0.0,0.0,0.0,1.0,1.0,0.0,0.0
-1.733113686418814,-0.47957078304258416,1.8723741825104212,-0.12070852860734863,0.0,1.0,0.0,1.0,0.0,0.0,0.0,1.0
-2.0442083881272617,3.4818541467056257,1.8723741825104212,-0.01558777089062237,0.0,0.0,1.0,0.0,1.0,0.0,0.0,1.0
3.166627865489235,0.5107854493944685,0.7123885203279295,0.7949418670760579,1.0,0.0,0.0,0.0,1.0,0.0,0.0,1.0
-0.7998295812934713,-0.47957078304258416,-0.44759714185456223,-0.4429765449651956,0.0,1.0,0.0,0.0,1.0,0.0,0.0,1.0
-1.655340010991702,0.5107854493944685,0.7123885203279295,-0.12582389394636206,0.0,1.0,0.0,1.0,0.0,0.0,0.0,1.0
0.7556439272487666,-0.47957078304258416,-0.44759714185456223,1.570431252470496,1.0,0.0,0.0,1.0,0.0,1.0,0.0,0.0
-0.5665085550121356,-0.47957078304258416,-0.44759714185456223,-0.4987340271604422,0.0,0.0,1.0,1.0,0.0,0.0,0.0,1.0
0.9889649535301023,-0.47957078304258416,-0.44759714185456223,-0.39182289157506117,0.0,1.0,0.0,0.0,1.0,0.0,0.0,1.0
-0.955376932147695,-0.47957078304258416,-0.44759714185456223,-0.4805744802069444,0.0,0.0,1.0,0.0,1.0,0.0,0.0,1.0
-0.0998665024494642,-0.47957078304258416,-0.44759714185456223,-0.37417488115546477,0.0,1.0,0.0,0.0,1.0,1.0,0.0,0.0
-0.0998665024494642,-0.47957078304258416,-0.44759714185456223,-0.5099018927685763,0.0,0.0,1.0,0.0,1.0,1.0,0.0,0.0
0.522322900967431,-0.47957078304258416,-0.44759714185456223,-0.3943805742445679,0.0,1.0,0.0,0.0,1.0,1.0,0.0,0.0
-0.7998295812934713,-0.47957078304258416,-0.44759714185456223,-0.4962622826286308,0.0,0.0,1.0,0.0,1.0,0.0,0.0,1.0
1.3778333306656618,0.5107854493944685,-0.44759714185456223,-0.5145916597113838,0.0,0.0,1.0,1.0,0.0,0.0,0.0,1.0
-2.1219820635543734,3.4818541467056257,0.7123885203279295,0.154242358364624,0.0,0.0,1.0,0.0,1.0,0.0,0.0,1.0
-0.955376932147695,1.5011416818315209,-0.44759714185456223,-0.4931071252875273,0.0,0.0,1.0,0.0,1.0,0.0,0.0,1.0
-0.7998295812934713,-0.47957078304258416,-0.44759714185456223,-0.4429765449651956,0.0,1.0,0.0,0.0,1.0,0.0,0.0,1.0
-0.5665085550121356,-0.47957078304258416,-0.44759714185456223,-0.4931071252875273,0.0,0.0,1.0,0.0,1.0,0.0,0.0,1.0
