mean_radius,mean_texture,mean_perimeter,mean_area,mean_smoothness,mean_compactness,mean_concavity,mean_concave_points,mean_symmetry,mean_fractal_dimension,radius_error,texture_error,perimeter_error,area_error,smoothness_error,compactness_error,concavity_error,concave_points_error,symmetry_error,fractal_dimension_error,worst_radius,worst_texture,worst_perimeter,worst_area,worst_smoothness,worst_compactness,worst_concavity,worst_concave_points,worst_symmetry,worst_fractal_dimension
-0.7928337003567048,0.14117335815860063,-0.7304919795215834,-0.7244082478160682,-1.1405162268354687,0.2747490072905788,0.050622341512428976,0.18042060105438393,2.9246896920927212,-0.035710638290295534,0.25381572669133584,1.1787735867860532,-0.019942418511486593,-0.14184827544268647,3.0496931975973736,3.2361373787304886,1.8533242355756476,3.88989568070364,1.697150749249511,1.1395668051528094,-0.8897282673659389,-0.5514957315420098,-0.8420260372675696,-0.7612292442667657,-1.2907116722844019,-0.43061968799602607,-0.5524023480859267,-0.31295293038355176,0.11527750089318142,-0.7625245905054777
1.404628523913822,-0.775183465745358,1.378348856483736,1.3798033244147976,-0.650795303792662,0.2822611450042446,0.3816586758094082,1.2115391996841356,-0.23502936374634262,-1.6414039653418027,2.005627420129303,-1.047763291191917,1.9002847601712156,1.5878302503780306,0.8282000678058496,0.29714468602088384,0.4498401308300381,2.727245391851143,1.3739787971834252,-0.1549717357676932,1.1526159496468213,-1.2759503313691025,1.1320514850873784,1.024871575502703,-0.8648828681808023,-0.3222844969689446,-0.21267669982018336,0.9549404087568247,-0.7492295364515162,-1.1881830274036747
-1.2134828373608229,-0.8367298195896536,-1.2206029535798757,-1.011810064340457,-0.40157530883170867,-1.0625993091847854,-0.9677880077122011,-0.8764822822187199,1.0229384102411068,0.08429860753474491,-0.4907213039050107,0.31015451216195905,-0.5485442823061628,-0.5157057587475897,2.369286397503348,-0.8249443236020649,-0.8618101404838812,-0.37114213116875866,-0.301088038334681,0.21389994356274478,-1.112638993116594,-0.7838982027254797,-1.1361297863905517,-0.9004147062953305,0.6565679631476842,-0.9979704571898739,-1.0926039812683768,-0.9359539739181147,-0.07721039414059835,-0.10775184984149687
-1.0200618244300756,-0.8845992059129945,-1.0152536747600345,-0.9023105238796293,0.6832219287096997,-0.49299146704607183,-1.0224663359712691,-0.924764619148919,-0.06113381851866648,0.29393501163418567,-0.7538001538544989,-0.5765024182456597,-0.802760972791269,-0.6083014066082355,-0.1864478047054981,-0.9722043953377931,-1.0685016744184543,-1.1261098512028476,-0.6661983353253728,-0.37695124468623253,-0.9580072284066802,-0.9569979743655812,-0.9806997107243784,-0.8325111192377054,0.09766765776170953,-0.862708022150281,-1.1590350133247977,-1.0401623313805748,-0.4588092035935315,-0.05496571122879194
-1.5304937811900137,0.37368180601482875,-1.494936755753257,-1.1996417697657054,2.0637408512339293,-0.2599273944795885,-0.7313512885249385,-0.9980981581198656,0.08686239018573945,0.7603000555365632,-0.18430780552026307,1.4624757845463423,-0.2000516604787942,-0.47482467801441275,1.7134303582374577,0.35753881279636457,-0.052498787086899076,-0.4068772699170388,1.6219084245318347,-0.2838101198719841,-1.3506112543909423,0.20341160588843424,-1.3103385886706678,-1.037742109971572,1.4195112371666334,-0.5214208596661231,-0.8580134848754023,-1.292961310778715,0.14398183611751766,-0.36775166024237477
1.770410382178273,1.9305766088168272,1.7032178327416878,1.826627645690719,-0.31293146222752133,0.07379932345001708,0.8315988741573357,0.8760907122162069,-1.319101592506115,-1.0094565442884191,0.38143114806761175,-0.07512007738905037,0.3974982725064921,0.5803160157088846,-0.7100804606541472,-0.263335387699231,0.1183113955678927,-0.12988800196675418,-0.9178284048730116,-0.3498705652248212,1.6426179053509637,1.860681641776076,1.5971860981404247,1.661678847162519,-0.4257469139489648,0.14424566092224383,0.6778019492552052,0.6340686318220558,-0.7593604782953992,-0.021833985929327678
-0.706930385158235,-0.06854014382937032,-0.7112404846322232,-0.6813807205820906,-0.7583304619682343,-0.49299146704607183,-0.42162791099180835,-0.8711737530274415,0.8379431493605993,0.01593891054579834,-0.4293021171463754,0.3644432043259648,-0.334664557469985,-0.43578324591422873,0.08185693863054792,-0.27180185406962554,0.4883378306406368,-0.48405174796496797,-0.21474438701931478,-0.16440894224666994,-0.6467354942503597,0.19379495190842877,-0.6062807923909943,-0.6211992102598725,-0.3104182795042402,-0.3717554801547216,-0.0726226721228852,-0.7102941494850179,0.2503567254782906,-0.04654239123740297
-0.3799435724672867,-0.6019418771465997,-0.3779489793601766,-0.4494182179937883,1.2063659414557235,0.15455480387192502,-0.6216705753542525,-0.47505636051633077,1.167234713727902,0.5567400689472509,-0.09832094405817353,-0.400852230373086,-0.19911359151021435,-0.2657179500642126,0.1628744493633933,-0.5461153644704067,-0.4348594366620677,-0.4169435061841599,-0.2924536732031443,-0.0454180779465287,-0.36960324061441013,-0.6460594956787321,-0.3982702822057813,-0.44620389635017227,0.692053696822984,-0.34545445111924533,-0.6106004744601417,-0.5032268953042163,0.3111423765415895,0.10676203260587874
-0.590545248437728,1.2649641894637036,-0.5744746563557277,-0.594222396185059,0.5161064801936078,-0.21203751655496875,-0.4271119466503427,-0.1517416540570388,0.05726314844485847,0.9015767626470553,-0.511535583862104,-0.04885135537420899,-0.4946053166128285,-0.45438413764782426,0.44731254981507057,-0.2842193380795373,-0.3014256615903813,0.8331152675878398,0.06402225865601091,-0.026953978313748014,-0.6648093368787912,0.7355331261154139,-0.662616972232823,-0.6323475603738109,-0.035403843520665515,-0.4437702025137642,-0.522593551650353,0.09278493334798311,-0.48582504851055314,-0.06507369521845885
-0.1471732990262726,0.5697183404818446,-0.1914501226195011,-0.2640688699089617,-1.1870179168573365,-0.39214101824010766,-0.5977402379351938,-0.6906837605239743,-0.6272193168130179,-0.6038556754873282,-0.25323378177162054,1.1980373162636035,-0.1540862810183874,-0.30373735514606715,-0.5641787963040883,-0.06917109227151741,-0.015496143579624642,-0.29614867097870556,-0.014920508260895629,-0.2998123395537272,-0.29931607483717626,0.684244304888717,-0.28184217719933546,-0.3830299123711879,-1.3927331566008891,-0.5013819804009982,-0.5964058094908209,-0.7815156887579222,-0.7441640655295743,-0.7541012705140887
-0.9757246294889301,-0.08905559511080219,-0.9085683072481642,-0.8559731868584228,0.07143406935948729,0.210895836724419,-0.3092051799918554,-0.564290208350678,0.43465348064109377,0.35621829111300385,0.13063613546985056,-0.0611100923144682,0.23943365130080818,-0.2967875714214271,0.14919616833057528,0.5940354400760504,0.07981369575729425,0.32980345423178026,1.8032300922941038,-0.17302552207530075,-0.8857118578929539,-0.4537264160786185,-0.8417371337812012,-0.7828502869119797,-0.4701040810430898,-0.009803223428403673,-0.37733481346430403,-0.5210697651431122,0.08995014628347346,-0.43794599350395
-0.2968113319526386,-0.17111740023652966,-0.2744721943298662,-0.39921943622081446,0.8939327116212926,0.5057472419858038,0.0916279717773786,0.1842124076195829,0.8527427702310393,0.371409334888326,-0.3467274327264323,0.48703057372855885,-0.15455531550267743,-0.4098237596486614,0.26739054546031044,0.7921507531432812,0.7368909410682879,1.187111242981601,1.0088685001927338,0.8104955183641426,-0.42181656376321225,-0.1475962643817718,-0.38122497651004844,-0.5017767325241986,0.10653909118053478,0.07974551828762297,-0.0664716506361797,0.17675137964867021,0.3820589694487723,-0.028011087256347083
-0.10560717876894855,-0.3261230321406818,-0.1529471328407806,-0.1978726741643808,-1.1957369837364376,-0.7457749011109279,-0.7461831122377925,-0.8961996763577542,-1.2266039620658622,-1.0276857968188045,-0.5535053614805047,-0.8309587721627583,-0.6315633860254687,-0.41186781368532027,-1.475362748182582,-0.528618000638258,-0.5084909596007855,-0.9824982137919187,-0.8795905021476352,-0.723666004457334,-0.1908730190665874,-0.5306596479186638,-0.29542064105864796,-0.2742490415624554,-1.543103953049973,-0.4425177725596938,-0.5438855491043341,-0.8070055028134879,-0.9062591350317055,-0.7597168171750149
-0.6182559952759439,-0.4514952344160991,-0.6310259225932229,-0.6099439926743969,1.9329548480474235,-0.5891468297809948,-0.36628900571023504,0.6394819825477961,0.7787446658788374,-0.5795500054468145,0.781338297407171,1.8582578629032882,0.5166330315161175,0.14758977614820648,2.502561956284652,-0.5867544030483002,-0.7002319305021163,1.2441532484952877,0.7843750067727814,-0.30268453282993757,-0.7812852115953497,-1.086822803095658,-0.8076465223897359,-0.7024470345750904,0.17751055853113432,-1.0607171978887961,-0.9454526210864183,-0.3681308808097177,-1.1257628749825075,-1.3106019446118626
-0.3106667053717468,0.3280919142783136,-0.3378416983406764,-0.37880894253290204,1.2790248321148936,-0.5179693249440107,-0.7144006328531052,-0.5635318470376383,2.7211949051241633,-0.2574998774099932,0.027247171092814368,0.1577959244758781,-0.02181855644864584,-0.13980422140602758,-0.009682326742926569,-0.7826119917500926,-0.44532483078533724,-0.025870227206501773,1.12111524690271,-0.905434807508929,-0.4278411779726893,-0.26620166346850854,-0.4794521618752882,-0.45870356162943654,-0.0975038774524398,-0.8927663410479685,-0.9000770087344895,-0.7654720999111838,0.5222036649558225,-1.0848569688426342
1.7593260834429858,0.30301747382323024,1.715250017047537,1.7714641492369014,-0.3151112289472966,0.5226495518415522,0.7929613501994801,1.3336353710835398,1.3374303537379684,-1.2722616016014843,1.4378411603161403,0.8828126520855049,1.0546155849965912,1.2015040374495085,-0.738839923338534,0.3163353431271113,0.3560253477964435,0.8901572731015265,0.9545953479373607,-0.4188032038538685,1.393600518025908,0.22104213818511118,1.2880593677262886,1.2782431690013034,-0.9846472193349395,0.0020948611352642997,0.1790960533330693,0.7090386731619551,0.5627274323313555,-1.1123731474811722
-0.3106667053717468,1.3196720595475218,-0.37393825125822683,-0.37660240267474915,-0.8869366984349648,-0.9904827871335932,-0.9549503787842685,-0.7867428601756795,-0.508822349849494,-1.22668847027552,-0.5122180192705331,0.00018359238682862423,-0.5921644893451201,-0.417591164987965,-0.3474306507071255,-0.9206718366966586,-0.9614556431004404,-0.8972707467302927,-1.0202073057183747,-0.9132307606872141,-0.3916934927158263,0.9791550269422238,-0.4725184782024475,-0.43877166294088005,-0.4479254974960273,-0.9002809207723901,-1.0727787658612253,-0.8216996309161083,-0.9805527085535153,-1.1657208407599704
-0.33560637752614114,-0.6862831768591533,-0.37714683373978675,-0.3870834670009747,-1.197916750456213,-0.9354563783809907,-0.6225430355726557,-0.631278791002525,0.09056229540335022,-0.8955237159735061,-0.7439048404322743,-0.5661700542531554,-0.6690861447686578,-0.5287877045822064,-0.6125788676509829,-0.5314401560950563,-0.30628459457618495,-0.5476368070522833,-0.23324659801546438,-0.6514508592269034,-0.48407091059447604,-0.6043873284320407,-0.4797410653616563,-0.48589877933161973,-0.9846472193349395,-0.6416541352568722,-0.4492544493088625,-0.4747382795950543,0.23178333209783825,-0.7962178704710343
-0.7290989826288079,-1.0829152349668365,-0.7196630136463186,-0.6946199597310069,0.6323607052482801,-0.3979629249681986,-0.4436886908000031,-0.7344159295759349,-0.0944329654771572,0.48230395444817586,-0.7125128116445274,-0.11539878447847432,-0.6343775929312079,-0.5576088664990961,-0.7321761453994688,-0.23398497094853016,0.3795724845737999,-0.6117251779529549,-0.24558140534623135,-0.05157277782412213,-0.7812852115953497,-0.6204150850653837,-0.7331094229067008,-0.7105549255670456,0.14646054156524654,-0.3260417868311555,-0.055589074159700345,-0.5952901060696124,0.09163863659078714,0.45661058958157413
0.22969285797346442,-0.4036258480927578,0.19718943045945558,0.058913401828139374,1.5115332822242373,0.5076252764142205,0.812903298048696,0.9478822498506392,0.5641501632574489,-0.061535412708343,3.0156318246046405,0.38545818193783804,2.5794466934229385,1.2321648479993912,1.0365308096903092,0.5370278998487273,1.2844553121607825,2.7389893341627842,3.8557420321336675,-0.3498705652248212,0.4537607013474697,-0.6957455412420944,0.40401469943913204,0.14043579979692092,0.40816782742058466,-0.22960468036774206,0.3035359495641147,0.7900063178090462,0.8902945519502443,-0.6850300465846975
0.2047531858190701,-0.5472340070627809,0.11857915966123547,0.0467774326082996,-0.4836798552765712,-0.6146880980074587,-0.6882268263010097,-0.5048852388292288,-0.8566134403048473,-0.840835958382348,-0.3733424136551742,-0.986994980930917,-0.613271041138164,-0.3617884897871784,-0.4519467468040429,-0.48741453096900483,-0.6277216997908919,-0.5709569210711141,-0.6057577794046164,-0.644885846024137,0.003922840373174136,-0.8383925752788451,-0.1477909595244202,-0.18708921339893675,-0.4479254974960273,-0.6141006762673256,-0.7066510407525455,-0.5143224614225211,-0.6107733312517792,-0.8647275397343325
0.5289689238261974,-0.8732017329788659,0.5561495955839824,0.37637932391985873,-0.07170394523907761,0.631575548689707,0.3953687649557438,0.547720263669983,-0.08333324982432695,-0.42612046331606435,-0.2563047411095523,-0.8481210038791213,-0.13626297061537268,-0.17066943735957613,-0.42283655896496875,0.40438659337921384,0.21474252713230496,0.48750782241667884,-0.7093701609830558,-0.25385724713436225,0.4959330008138101,-0.6075928797587091,0.48779671048595385,0.3069853939233344,0.514625028446484,1.2194567764916,1.0610579034268652,1.2608181774236138,0.2233408805612689,0.4251635282803878
0.10499449720149276,-1.92632823209237,0.09411371823934038,-0.04424233654049916,1.0319846038737157,0.12075018416042874,-0.0032209176804532474,0.22845015088023649,0.1904597362788234,0.22101800151264017,-0.40712296637242373,-0.6565344579842103,-0.4650561441025671,-0.3562695438881996,-1.1316520965886927,-0.7069782255079018,-0.09660294803496353,0.05298195688594752,-0.16293819623009498,-0.38228531791348025,-0.1185776485528615,-1.5692582777592747,-0.1333457852060026,-0.24114182001197157,-0.026532410101840265,-0.46506151173295945,-0.0726226721228852,0.12127354905714482,0.0038371406104665677,-0.20265458841114742
-0.46307581298193484,-0.8298913358291764,-0.37554254249900704,-0.4954797375327258,2.3180469685410245,1.249448875638724,0.8615117959311589,0.8126411490252122,1.0451378415467671,2.060653402704103,-0.26517640141913296,-0.5983930199246943,-0.32950517814279645,-0.2949479227884341,0.163225174518081,0.46082970251517713,0.19867067187156964,-0.05271352391882501,0.15159939070445375,0.5507671835296963,-0.16476635749218618,-0.3239015873485424,-0.11601157602390125,-0.24772948144293513,2.093740176997334,1.7022685237857027,1.2498469475188312,0.9009619789920973,1.8544225174264606,2.287278801043475
1.462821092274075,0.9481144418949219,1.4906492433383365,1.374286974769416,0.4943088129958572,0.9827679868035858,1.4485528857424437,1.0141124711894465,0.6418481728272617,-0.38966195825529265,0.38245480118025554,0.9983950289508079,0.5241375832647553,0.384086828189635,1.2504731540497704,0.40833761101873134,0.28949534229851565,0.6552784268686985,0.17750248609906386,0.08588218610879977,1.0763041696601099,0.7627803123920969,1.0829378924047588,0.8931183468834305,0.6388250963100349,0.2738721611685203,0.35227096595878254,0.635568032648854,0.05618034013719617,-0.42278401751945005
-0.9036766877095687,0.4876565353561171,-0.9394509136331791,-0.8170829218584814,-1.5684770928179794,-1.149364499777626,-1.1052628106977314,-1.232153738034376,-0.5310217811551545,-0.4686553858869656,-0.3272780235861976,0.1262734580580682,-0.3773466955403625,-0.428220245978591,0.8888755195668121,-0.8040603732217586,-1.1737910145800623,-1.96026529653829,1.186489725755773,-0.6202670465137629,-0.9298923620957866,-0.16041846968844634,-0.9630765980559091,-0.8039645863701964,-1.4104760234385398,-1.1245911255463819,-1.2839007495049226,-1.7094948604631954,-0.7239021818418083,-0.9966928862660948
0.7534259732157464,0.027198628817312276,0.6604285262346832,0.6163405334939646,-1.5583048481256956,-0.5867053850240532,-0.4633813643011036,-0.5316806718899676,0.14606087366750245,-1.5016463626088432,0.22754196346680855,1.4502170476060827,0.26241634103101147,0.10200737113071409,-1.2631740295965583,0.0747588360251888,-0.031567998840359976,-0.09801158712087026,-0.6439956821299928,-0.9111791940613496,0.38748994504322054,0.3684974992118648,0.3722353159386131,0.2427979235703556,-1.9587306087219243,-0.5139062799417011,-0.3934221004295342,-0.44460032297641483,-0.6073963506371519,-1.3448567792435118
0.8365582137303945,-0.670326714751373,0.9652438619828843,0.7059812152314179,1.6495851744766603,2.3311967064066073,1.672899799046119,2.309393593861387,4.571147513929235,1.756832527197668,2.1625875640680383,-0.4481359299998006,2.043340277879624,1.4263499814819818,0.3452515298009669,0.7170814179924503,0.22109651642143277,2.061196092176625,0.32798713553441644,1.5199272575880884,1.1967964538496536,-0.7005538682320974,1.2996155071810227,0.9674406809763534,1.0025538664818592,0.8881890536400044,0.539167388054839,2.113977247871668,1.9911902323188835,1.2484026687721503
-0.06958320787926807,0.30985595758370704,-0.08677011915860564,-0.19842430912891912,-0.008490710365598994,-0.0313706045413048,-0.6456009127733112,-0.6333010878372979,-0.6827178950771702,0.6554818534868417,-0.4784374665532836,-0.323797312462884,-0.39563904042766723,-0.37814092208044925,-0.26185371296334103,-0.20124796764967146,-0.196397956281855,-0.44009584959853876,-0.6810001041222927,-0.057727477701715574,-0.24911095642486653,-0.1636240210151148,-0.2382177507577142,-0.337254111145774,-0.2438825288630521,-0.3091339824512065,-0.6323656274131002,-0.6831549945199744,-1.0767966560704056,0.07026097930985936
1.6789649176121597,0.04543458551191802,1.679153464129988,1.6363135829250486,1.2644930539830592,0.8531836112428499,1.5532481119508255,1.950435905689226,-0.29792775244571534,-0.3091494262460871,0.07126425493650294,-0.4043547266417315,0.041501098930485654,0.2221977484862544,0.716318743460492,0.10523811495860887,0.8991045499789656,1.2441532484952877,0.5043748803643792,0.10885973231848207,1.1526159496468213,-0.11233519978841794,1.1147172759052775,0.9978452721961855,1.5348398716113594,0.25759057176560646,1.2276086390668957,1.5487031361688268,0.24529125455634954,-0.16390731645075768
0.2657168288631454,1.4587212293438934,0.24331280363188101,0.16510313250173791,0.4725111457981066,-0.10855781954922153,0.43400628891359916,0.424360156748846,-0.5828204542016959,0.3152024729196363,0.8229668573213571,0.48002558119126776,0.5883953076124668,0.44459082767473695,1.2189078901278827,-0.055060314987526796,0.6621381259020769,0.9690094571939756,0.09609275771600409,0.46254981861752265,0.44572788240150035,1.1939269658290166,0.39823662971176493,0.2732025147901877,1.5126612880642967,-0.10937140477699286,0.6224427558748541,0.5785908012305306,-0.3929580816082906,0.6014916934334669
-1.2195792016652305,-0.25545869994908327,-1.2514855599648909,-1.0167747790213004,-1.917966356888587,-1.502998382648446,-1.1052628106977314,-1.232153738034376,-0.5606210228960354,0.28937769850158884,-0.19898016680149272,6.397493027067909,-0.3234077298470283,-0.40737089480467076,-1.8699285472061786,-1.0469915149429443,-1.1737910145800623,-1.96026529653829,2.167106908551719,-0.8418362421071295,-1.269680603510299,-0.7919120810421513,-1.3048494224296692,-0.9872367056675174,-2.693728867471575,-1.4138398234389185,-1.2839007495049226,-1.7094948604631954,-1.650883360557119,-1.0152241902471515
-0.1471732990262726,-0.3420794942484622,-0.22834882115744132,-0.232901494412555,-1.192830628110071,-1.1822301022749142,-0.8563623741047088,-0.9192033028532941,-0.8566134403048473,-1.1188320594707353,-0.5262079451433334,-0.11539878447847432,-0.5799695927535837,-0.39653740841037893,-1.1586579334996412,-1.1295113404997223,-0.7757322738199893,-1.1140303676823022,-0.8610882911514852,-1.0724323308542998,-0.15874174328270912,0.05275069353501266,-0.2457292414032915,-0.2519523413345785,-1.1931259046773273,-1.1074328351756184,-0.7823559205889228,-0.93205553176844,-0.931586489641413,-1.1814443714105627
-0.6182559952759439,0.4169922031645186,-0.6234055391995179,-0.6149087073552405,0.13319412641978207,-0.4182456967950966,-0.7868148309805694,-0.6813306376631504,0.7935442867492773,0.050878311229037416,-0.4692245885394884,-0.05060260350853157,-0.4641180751339874,-0.45152246199650187,0.9997046684481065,0.2960158238381646,-0.5645555709754436,-0.40402516964135454,0.2663130988805833,-0.6022132602061552,-0.6507519037233443,0.2306587921651172,-0.6449938595643535,-0.6171452647638949,0.47470357806177216,-0.21520173589593358,-0.7331477486952774,-0.4705399572800201,0.31789633777084514,-0.5704728947018055
-0.6736774889523761,1.1623869330565444,-0.6242076848199077,-0.6904826974969706,2.0128796277725107,0.9714997802330871,-0.542525969827678,-0.08677536823996441,1.2079336711216142,1.744679692177411,-0.3975688706544137,1.3066147005916153,-0.3571782127158985,-0.42249689467594626,2.0466192551907176,0.5454943662191221,-0.4767210131551458,1.0025635780843793,-0.5946564528069265,0.855219670807989,-0.6648093368787912,1.028841072505586,-0.6152368004684132,-0.6766031320382332,1.9917186926808468,0.45109099966946836,-0.6238488284315077,0.25172142098856953,-0.14137302581852557,0.9002387757947337
-0.659822115533268,-1.0601202890985788,-0.6266141216810778,-0.6364224709722294,-1.0831157032147234,-0.1288405913761193,-0.2669531779863298,-0.5650485696637177,-1.1304064264079976,0.7618191599140948,-0.750046759108138,-1.0335781813039027,-0.7385032484435576,-0.5841815689756611,-0.021957707156993838,0.7831198556815271,0.3276192780332832,0.6032695394885724,0.2687800603467365,1.264712369330544,-0.771244187912888,-1.309608620299122,-0.7559327983298008,-0.7000822330357701,-1.0911044203608393,0.1642845401873686,-0.011112457255828566,-0.1261275873645228,-0.47738259697398383,0.8491373011803067
0.2213796339219998,-1.0054124190147604,0.18114651805165585,0.08318534026781892,-1.0838422921213158,-0.33767801981603024,-0.4148975035926981,-0.4179264749340008,-0.43482424549729104,-0.8924855072184419,-0.5719311175080952,-1.3983631676833357,-0.5128976615001332,-0.3742572194107975,-1.3234987562028329,-0.4281492663762435,-0.31039599941032664,-0.5511599897457757,-1.102850514834511,-0.5583097344126547,0.1786366524480122,-1.210236529172397,0.13244542225288117,0.030979271405525536,-1.1265901540361398,0.16303211023329844,0.2070122277727335,0.010317887874093842,-0.33554941115961995,-0.0527194925644216
-0.6930750117391273,-0.26457667829638615,-0.6238066120097131,-0.6838630779225123,1.569660394751573,0.8419154046723508,0.16603636468976424,0.17435371055006577,0.5641501632574489,1.516814035547585,-0.007215817032864368,0.889817644622796,0.05041275413199312,-0.28145716614648575,2.6463592697065854,0.3823737808161881,0.6804525656177988,1.1283915314233943,-0.2899867117369911,0.6061594824280382,-0.5884975568920806,-0.059443602898387106,-0.5568782962220062,-0.6083617161892767,2.0449472931937955,0.2175128132353566,0.22357267023694108,0.413656710282752,-0.3828271397644076,0.5071505095299087
-0.9590981813860004,-0.9552635381045934,-0.9803603402730697,-0.8471470274258119,-0.5795895909466757,-1.1352792415645026,-1.1052628106977314,-1.232153738034376,0.45685291194675426,-0.427639567693597,-0.27746023877086,1.2137985494725085,-0.35858531616876815,-0.40144313809836013,0.5851475356073141,-0.8531658781700465,-1.1737910145800623,-1.96026529653829,1.5084281970887814,-1.1233111831757394,-0.9539908189336954,-1.053164514165638,-0.9885001048563239,-0.8107211621968257,-1.0777972702326022,-1.1594712997672396,-1.2839007495049226,-1.7094948604631954,-0.2984026243987144,-1.2370382833537312
-1.0921097662094372,-0.4127438264400607,-1.0754145962892847,-0.9478204084540287,0.7413490412370353,-0.3465047816295876,-0.8849042869638987,-0.7480664332106509,0.3902546180297718,0.9896848165439209,-0.5647655457195878,-0.026085129628012762,-0.599669041093758,-0.5430960828388183,0.29965725969157353,-0.6369887701793074,-0.8548207522658404,-0.6811822081960912,0.7338022967166382,0.008743280976294301,-1.0282943941839138,-0.4697541727119615,-1.0249019441387364,-0.8659561695795206,0.3859892438735221,-0.6829843237411924,-0.9729429555770027,-0.8735788995233186,0.28412653162456786,0.24153515246810534
0.14378954277499528,-0.5677494583442128,0.09130620856797507,0.025539486473579766,-0.6893045158420223,-0.6853021925159177,-0.4581466029906845,-0.5266249298030357,-1.463397895992911,-1.3694842817635438,-0.6545058019280384,-0.39559848597011743,-0.6794049034230347,-0.44232421883153705,-1.2309073153652954,-0.6409397878188249,-0.5010156780841644,-0.9294827027850804,-0.9721015571283848,-1.03427319161322,0.034045911420560404,-0.05303250024504957,-0.040896669568129936,-0.09672001171776921,-0.7850399674113775,-0.2884688882090465,-0.13082079849710032,-0.5357638932457324,-0.7289676527637498,-0.9944466676017244
1.3519781049212114,-0.09817357345810507,1.262037741527186,1.3273980027836711,-0.9973782122369027,-0.43552361353652785,0.05024842999025615,0.19027929812390107,0.5234512058637367,-1.8419257431760496,0.9464876662470572,0.19282088716233353,1.0771292402425048,0.8096588786220074,-0.9177097522292313,0.11426901242036301,0.3362158517773975,0.3230926300536994,-0.014920508260895629,-0.4323435435845742,1.2108538870051004,-0.006552006008355706,1.1782760429063144,1.0975047656389683,-1.3217616892502897,-0.16698318266422696,0.23350893571546555,0.11677534657675094,-0.07721039414059835,-1.0253321742368182
-0.7207857585773433,-0.13464548684731736,-0.7457327463089933,-0.6833114429579742,-0.047726511321550716,-0.9153614099969346,-0.726864350258865,-0.6563047143328377,0.4272536702058733,-0.5309386653657847,-0.2979333010237385,-0.4777320234698555,-0.3454523506086519,-0.3709867329521433,0.45011835105257203,-0.9348955001989213,-0.6695832762839699,-0.5056941559392784,1.4504546026341785,-0.5554375411364445,-0.6929242031896847,-0.5290568722553299,-0.739754203093173,-0.6453539688400725,-0.3104182795042402,-1.038674430697159,-0.8544648186330721,-0.7624732982575879,0.7079375987603476,-0.747362614520977
0.3377647706425069,-1.1581385563320867,0.4237955682196318,0.13145339966490915,0.8285397100280398,2.066393851999886,1.483451294478571,1.234037251970982,2.65089670598957,1.178053759357909,0.09071366407673762,-0.9146684329833866,0.21785806502347435,0.06725845250751362,-0.08964766201170887,1.5800965566813276,1.2354922182269146,1.8179287157211954,2.010454855450983,0.26847161581074075,0.35736687399583494,-1.0723978221256496,0.510908989395422,0.15648266738516564,0.3150177765229226,2.143750082595485,1.6993446715473215,1.8785713180643842,3.005972907014515,0.8867614638085116
1.1607739517375208,0.28250202254179757,1.1577588108764851,1.0901949680322562,0.7922102646984548,0.4005773139944818,0.8502944502659753,1.1569371851452712,0.2052593571492644,-0.47928911652969086,0.45274564824847185,-0.5418277051860688,0.139998340631357,0.526148583737425,-0.30464218183523323,-0.367755139600763,-0.08501626168420079,-0.20538477397016291,-0.5958899335400031,-0.4163413239028311,1.1184764691264504,0.06877845016835508,1.0049339510853033,1.021493287589388,0.7674608808829968,0.0033472910893344665,0.4946907711509675,0.5546003880017626,0.3162078474635315,-0.28295690566239035
-0.6542799661656249,0.5150104703980265,-0.6903846985020833,-0.6311819388091168,-0.692210871468389,-1.0105777555176492,-0.898739013284292,-0.950296116687925,-1.1452060472784387,-0.5598016485388954,-0.020523307497235417,-0.03834386656827236,-0.1334487637096336,-0.2687840311192009,-0.4165235061805909,-0.8764204391340634,-0.7372345740093907,-0.7112131463930026,0.44886824737592945,-0.8086008627681243,-0.6648093368787912,-0.008154781671690233,-0.7059524951880758,-0.6279557860865018,-1.0378758198478897,-1.0452496879560278,-1.0225769674197276,-1.152467453307744,-0.7661144395246549,-1.0129779715827811
1.396315299862357,1.6547577638109099,1.3743381283817862,1.3273980027836711,0.44344758953443775,0.7855743718198573,1.2890173029487186,1.2107808383710956,0.3606553762888908,-0.05545899519821456,0.7639361944922243,-0.4043547266417315,0.6573433768030765,0.5729574211769127,0.12183960626493923,-0.04490055534305324,0.3167801198341827,0.20900861902632598,-0.7488415444415091,-0.12050541645316956,1.4920025501140346,1.6234708436026026,1.5134040870936032,1.4116855415772331,2.053818726612621,0.8205578361202082,1.4386359916107974,1.0973834873026334,0.6268900640092817,0.7598501092715816
0.3460779946939715,0.7794318424698156,0.3315488218747815,0.1970979604449521,-0.2831413170572621,0.0024340151701914806,0.2931662822285138,0.6594521637911769,-0.3238270889689866,-0.24230883363467104,-0.33887942552949546,-0.6840290536930776,-0.39610807491195704,-0.24895670696361005,0.9951452414371674,-0.047722710799851485,0.5197340130104454,0.9975304599508189,0.5290444950259122,-0.6555539924786324,0.028021297211083006,0.011078526288321238,0.002438853387122837,-0.09688892611343498,-0.27493254582893983,-0.3341825815326126,0.06269980058463935,0.5036207598906313,-0.5584301317250496,-0.86416598506824
0.8808954086715401,-0.5153210828472208,0.8449220189243837,0.7487329249831264,0.35625692074343424,0.011824187312273811,0.4726438128714543,0.8793769445727124,0.03136381192158723,-0.9775553523602433,-0.3511632628812225,-0.6568847076110748,-0.3407620057657532,-0.1633108428276043,-0.8023211763369971,-0.5788523677692653,-0.3021731897420434,0.15699973164619963,-0.7994142544976522,-0.5652850609405942,0.7148273170914805,-0.10912964846174945,0.6784730114890662,0.5637352753352497,0.43034641096764714,-0.07868687090227049,0.31441852604059384,1.0748924749006636,0.42427122713161897,-0.14256823913923908
-0.8233155218787421,-1.4271189175775272,-0.8447977304271588,-0.7580579806528969,0.11938893719454007,-0.9829706494199273,-0.8582319317155728,-0.7806759696713613,0.09426220062095995,-0.23015599861441416,-0.6384685698299504,-0.7887536921255794,-0.6991043517632091,-0.5343066504811852,0.6924694329417321,-0.920050962496163,-0.7267691798861213,-0.5791776806892631,0.42666559418054917,-0.8701478615440594,-0.8636216057915377,-1.5179694565325779,-0.9003845415139766,-0.7558239836054622,0.09766765776170953,-1.0229564347735765,-0.9472032964326345,-0.8839247652282247,-0.04681756860894936,-0.8956130463694256
0.8005342428407141,0.20955819576337378,0.7125679915600333,0.6828125467208143,-0.5941213690785092,-0.57149330615388,-0.23903445099742782,0.1303687543937587,0.8194436232725486,-1.5700060595977907,0.5923036892722597,-0.6593364549991266,0.5565009626807559,0.5486331781406723,-0.7037674078697697,-0.5788523677692653,-0.4464461230128303,-0.07620140854210769,0.31071840527134303,-0.4754264427277288,0.7047862934090184,-0.11554075111508642,0.6524716977159145,0.5434655478553617,-0.9225471854031646,-0.6541784347975753,-0.36976432548066623,-0.06615155429260332,0.655594399233618,-1.065764110195486
0.459692056730657,-0.3306820213143332,0.4679135773410818,0.34272959108302997,0.08741902530450556,0.48321082884480654,0.13537561987159535,0.4377578732792151,0.13866106323228194,-0.2650953992976543,0.3193295259005471,-0.4325498216043279,0.30228427219564985,0.25633345089845705,-0.4466858694837282,0.8649623639286738,-0.1306154789355894,0.19055385253660367,-0.04205708438858193,0.1658932845175154,0.8292949870715467,0.24187822180845717,0.8402589638553432,0.6937993599978647,0.3416320767793971,1.9277059155183571,0.5921608039403033,1.0044206360411583,1.5285438881148845,1.186631655501964
-0.3771724977834652,-1.3610135745595802,-0.3867725811844666,-0.42100901732007223,-0.578136413133492,-0.4505478889638598,-0.6002329814163457,-0.5880521961592577,-0.7530160942117634,-0.17698734540078764,-0.29247381775630427,-1.0025810893263898,-0.26899972966940405,-0.336033408925277,-0.19311158264456327,0.13515296280066932,-0.0012931086980445044,-0.16679753494619848,-0.3837312474508174,0.2676509891603948,-0.42181656376321225,-1.5019416998992354,-0.4442059365383489,-0.4551563593204563,-0.5543826985219272,-0.20205122137819545,-0.4468886718139757,-0.4483488250434098,-0.5449222092665383,-0.0639505858862733
-0.6182559952759439,-0.22582527032034772,-0.586105767851383,-0.6193217870715461,-0.16470732528281448,0.22404207772333437,-0.2781705236515135,-0.43789665617738177,0.6011492154335505,0.08733681628981019,-0.3955215644291259,0.5798467248476655,-0.3904796611004787,-0.4120722190889861,0.640912835202649,0.9389028368967854,1.0486101803113872,1.0344399929302635,0.9262252910765973,0.42480099270161575,-0.6105878089934967,0.21302825986844026,-0.6129255725774665,-0.6031253699236389,0.3815535271641101,0.32271692937726204,0.043773580625545,-0.0031767195670879974,0.8615902167259091,-0.0010564632839014522
-0.5739188003347983,-1.073797256619533,-0.5572285255173424,-0.572156997603532,0.523372369259525,-0.23570075035301613,-0.28365455931004774,-0.5372419881855925,-0.479223108108612,-0.32434047002140926,-0.5070997537073135,-0.8799937199237957,-0.5025789028457561,-0.4445726782718618,-0.5459410882603309,-0.6217491307125974,-0.3059108305003539,-1.010683675339858,-0.7574759095730458,-0.54066626143022,-0.5081693674323849,-0.8127481646654967,-0.5066090895939133,-0.5163033705514518,0.776332314301822,-0.23461440018402324,0.15922352237602033,-0.7276871990758746,-0.2359284830281018,-0.036995961913828444
-0.4603047382981128,-1.4841062822481714,-0.5255437735119375,-0.49492810256818764,-1.6113458383068904,-1.183920333260489,-1.0158605657462165,-0.9417013551401409,-0.7086172316004414,-0.3699136013473736,-0.28872042300994327,0.4450006185048123,-0.3806299369303916,-0.3478889223378983,1.1733136200184893,-0.8610679134490814,-0.9339839835268579,-0.6357163743895939,1.0199698267904236,0.4436754056595692,-0.6226370374124511,-1.5083528025525723,-0.6984410045424988,-0.5983957668449984,-1.663755447545993,-1.1791344500461436,-1.204694518976113,-1.3076554388813353,-1.0244534565436756,-0.7518550518497183
-0.3937989458863949,-1.634552924978672,-0.4433238474219623,-0.4461084082065592,-0.5846757132928178,-0.855076504844766,-0.811119079921801,-0.6249591133938602,-0.8196143881287459,0.02809174556605523,-0.637786134421521,-1.0265731887666116,-0.6531389723028025,-0.495674029188333,-0.3204248137961771,-0.714315829695577,-0.8346001157633804,-0.5793454512937151,-0.4059339006461972,0.27667788231419876,-0.5302596195338011,-1.4185973654058526,-0.5574561031947429,-0.5428229306709721,-0.022096693392428254,-0.5784064225763219,-0.8398443137146718,-0.47638762050453226,-0.1886507544233132,0.6160921147518744
-0.06958320787926807,-0.7136371119010619,-0.13690422043298087,-0.17387655320697012,-0.6151924473696694,-0.9117931445829434,-0.9180577752632196,-0.7043342641586904,-1.4078993177287589,-0.5673971704265565,-0.538833000199275,0.22959709798311156,-0.554641730601931,-0.42678940815292987,-0.49333231505718467,-0.9790904546523804,-0.9774153691384263,-0.9465953044391865,-0.6143921445361529,-0.6781212253631419,-0.23706172800591244,-0.030593640958370187,-0.3084212979452239,-0.3274570761971615,-0.7362470836078399,-0.9535091938203781,-1.0338380682953887,-0.8764277610942347,-0.885997251343939,-0.7041229052318465
0.9280036782965068,1.2170948031403623,0.9692545900848341,0.9042939849828915,0.6541583724460308,1.0672795360823268,1.5856537772058013,1.4044157603005856,-0.9861101229212025,0.1648111395439505,2.3058989998381874,0.31190576029628164,2.0719513814213055,1.649151871477796,-0.30534363214460863,0.6239502879181107,0.5619693535793545,0.6720554873139004,-1.1065509570337408,0.5663590898862668,1.3755266753974764,1.051279931792266,1.3833975182278448,1.3035803283511636,0.2529177425911471,0.8136694713728215,1.0298296404943597,0.8709739624561376,-1.2270722934213392,0.5239971495126866
-0.7900626256728832,-1.4544728526194362,-0.7529520568925037,-0.7459220114330569,2.020145516838428,0.14328659730142643,-0.12062913564271016,0.17081469108921343,0.7898443815316676,0.9987994428091126,-0.532349863819197,-0.4309736982834374,-0.5208712477330609,-0.5228599478758957,-0.14365933583360557,-0.42419824873672607,-0.38851269125901694,-0.0074154607167797645,0.08129098891908433,-0.007669252030621779,-0.6929242031896847,-0.839995350942179,-0.6496163153462471,-0.6961972019354582,1.2908754525936716,-0.06365771145342675,-0.22072034330279836,0.2667154292565494,0.7704117401309601,0.47626500289481477
-0.3411485268937842,-1.4180009392302244,-0.40281549359226687,-0.3884625544123201,-1.9143334123556288,-1.242890614312766,-0.8235827973275607,-0.9361400388445159,-1.729791071660841,-1.026166692441273,-0.8838040991602772,-1.3360187341014451,-0.8463811798302263,-0.5915401635076329,-0.8114400303588757,-0.6680324802040872,-0.5563327613071604,-0.9695798772491132,-0.5218810895554034,-0.6805831053141793,-0.5362842337432785,-1.639780406945983,-0.5782571542132642,-0.5257625767087329,-1.5852432617893921,-0.866465312012492,-0.7227383277177757,-0.9049163768033964,-0.9754872376315737,-0.8153107291181826
-1.2511694530607969,-0.5700289529310388,-1.2149879342371455,-1.0377369076737513,-0.8055587408966947,-0.21015948212655222,-0.05556853078464418,-0.6527656948719854,0.85644267544865,1.3193304664684011,-0.7773441754453092,-0.5061022432458844,-0.6991043517632091,-0.604008893131252,-0.38250316617588975,0.5319480200264907,0.7054947586984793,-0.5325374526516016,-0.3602951135223605,0.11952787877297749,-1.112638993116594,-0.43289033245527314,-1.0448362846981525,-0.903117336625982,-0.3813897468548398,0.5544164708802686,0.7700672715557899,-0.4919813891032313,0.1608667391906563,0.818813349211306
0.13270524403970863,0.9002450555715806,0.08168046112329523,0.021953859204081758,-0.659514370671763,-0.6969460059720998,-0.05955692035448732,0.10028708897651407,-0.6568185585538989,-1.2768189147340812,0.011892374403155508,0.6919266054443229,-0.002588142592761465,-0.17598397785488926,0.44450674857756967,-0.44395333693431316,0.09289543841138126,0.6837994296255419,-0.37262992085312746,-0.3564355784275876,-0.10050380592443002,0.9519078406655413,-0.15067999438810356,-0.21968969176242328,-0.030968126811252272,-0.5946880119792359,-0.01820978974048895,0.3281908631552667,-0.6918208660028446,-0.8596735477394986
2.00872280498693,-0.9666610110387224,1.9799580717762393,2.011425358811007,0.30539569728201477,0.9020125063816778,1.3027273920950546,1.940324421515362,0.623348646739211,-0.11166585716690425,-0.2416323798283229,0.13502969872968187,-0.2403886261277224,-0.052318708637028866,-0.9184112025386064,0.08266087130422352,0.11083611405127167,0.29289392125233565,-0.4528061685031102,0.2573931560310724,1.285157462255319,-0.6300317390453891,1.2909484025899718,1.0924373337689963,-0.5632541319407525,0.19371664410802064,0.6200769783799673,1.2383271650216439,-0.2646328182524371,0.1679714912099734
0.09945234783384968,0.48309754618246564,0.09291049980875533,-0.02355602537031762,-0.10585362384888738,-0.0751288067234084,0.3953687649557438,0.016108983229098726,1.0007389789354453,-0.9426159516770032,0.027929606501243574,1.7304167490977262,0.17892820282741578,-0.05620241130668078,0.8152232370824073,0.2565056474429902,0.8336958367085311,0.9941750478617787,0.46367001617284925,-0.20133714151223092,-0.016159206991749327,0.5576250274853093,0.028440167160274667,-0.1340500931598964,-0.05758242706772802,-0.34733309605035073,0.3006970165702504,0.12727115236433673,0.2250293708685826,-0.8540580010785731
-0.19982371801888282,-0.5449545124759556,-0.2588303547322611,-0.2877891733841033,-1.2008231060825796,-0.8734812422432475,-0.8334291340781109,-0.8597983333318449,-0.5717207385488657,-0.8438741671374123,-0.8660607785411157,-1.0848897516395597,-0.8834349040891255,-0.5805022717096753,-0.9296344074886109,-0.7216534338832522,-0.6314593405492023,-1.0402113017234134,-0.9264627700045484,-0.6834552985903897,-0.31337350799262303,-0.6524705983320691,-0.39451453688299243,-0.3796516244578732,-0.4701040810430898,-0.5351975891608964,-0.6385166488998059,-0.661863502779443,-0.2460594248719848,-0.44075376683441353
-0.12777577623952135,-0.9552635381045934,-0.14693104068785592,-0.2100086433842206,-0.9603221780007263,-0.5256692661005181,-0.575679458126999,-0.6075168031939454,-0.046334197648225474,-0.5461297091411059,-0.9281624007081806,-1.2087029947361798,-0.8529476626102843,-0.6187260821951956,-0.6427412309541202,0.2570700785343498,-0.26068537732479635,-0.5583741257372126,-0.2764184236731475,0.4629601319426956,-0.35152939798597865,-0.9826423849789298,-0.273175072608285,-0.3906310601761459,-0.19508964505951507,0.35903739804530105,-0.06836427263208893,-0.12912638901811885,0.8447053136527704,0.7138026266519877
-0.3494617509452493,-0.3056075808592499,-0.35067602826691674,-0.41494103271015237,0.2501749403810458,-0.1504379873029086,-0.6205488407877342,-0.6469515914720138,-0.32012718375137583,-0.3942192713878885,-0.5006166173272353,-0.23973740201539093,-0.5354113167460467,-0.4347612188958993,-0.614332493424421,-0.4896722553344435,-0.39972561353394864,-0.5880695227252201,-0.36276207498851415,-0.36587278490656433,-0.4117755400807501,-0.15240459137177484,-0.44882839232024285,-0.44958218426348695,-0.1329896111277408,-0.24400762483955055,-0.4648685807751153,-0.5210697651431122,-0.1818967931940585,-0.2520713990272972
-1.452903690043009,-0.8777607221525173,-1.4115136112326965,-1.1466848131700407,-0.9421574553359338,-0.49749874967427116,-0.516850711971813,-0.6302676425851387,0.4642527223819748,0.5537018601921877,0.4295428443618761,-0.05585634791150008,0.6367058594943227,-0.2338307070923346,1.3627052035498162,0.20909343576878106,0.02748672514094668,0.5663600065091281,0.9804984433319703,0.17820268427270228,-1.2670699373528589,-1.2935808636657795,-1.2176005695464271,-0.9902771647895007,-1.3483759895067642,-0.8032175993319416,-0.8371946429203986,-0.9954801867419946,-0.7644259492173407,-0.5255485214143971
-1.5249516318223706,-1.7211737192780514,-1.5077710856794968,-1.19219469774444,0.11793575938135623,-0.9531099020081054,-0.8483855949650225,-1.0350050753544682,-0.449623866367731,1.4135149378753973,-0.8745912211464819,-1.1423306904453467,-0.8787445592462269,-0.6806200384252256,1.0751105767059495,-0.8317174966983806,-0.4333643803587435,-0.9969264857747925,0.05908833572370405,-0.39049158441693826,-1.362258841862598,-1.6622192662326627,-1.372741741726232,-1.0360529660149145,1.8364686078514092,-0.8088535341252578,-0.731255126699368,-1.0469096351011657,0.5627274323313555,0.37013117100331255
-1.1281337370991178,-0.4127438264400607,-1.1038907658131303,-0.9541642105462177,0.34899103167751705,-0.5673616304113637,-0.7922988666391035,-0.7834566278191739,0.31625651367756885,0.11316159070785765,-0.5129004546789624,1.371410881561558,-0.5354113167460467,-0.506303110178959,0.26598764484156,-0.6093316467026855,-0.5421297264255804,-0.6108863249306948,0.071423143054471,-0.39459471766866727,-1.030302598920406,0.17135609262174883,-1.0237463301932628,-0.851767360343599,0.36824637703587165,-0.7067804928685282,-0.7847216980838096,-0.7350342631271846,0.01227959214703589,-0.3947062842148196
0.4125837871056899,0.008962672122705719,0.32352736567088136,0.2809464750547545,-1.2713022300219743,-0.8885055176705791,-0.5806649450893029,-0.5124688519596265,-0.9528109759627108,-1.2358030965407127,-0.6224313377318622,-0.4082074725372414,-0.6498557309127734,-0.3973550300250424,-1.4795714500388335,-0.9132777893998473,-0.68378631116555,-1.0922201891035397,-1.2693704137998603,-0.9825737126414342,0.3252355982119567,0.9454967380122044,0.24511778193653855,0.1694890758514272,-1.0423115365573024,-0.4531634271692915,-0.2145693218160927,-0.4248082320626814,-0.34399186269618925,-0.8636044304021468
-0.3522328256290708,0.4625820949010338,-0.37313610563783695,-0.3923239991640873,-1.481286424026976,-0.3814362219981338,-0.3417354824208883,-0.7602002142192873,-0.8307141037815761,-0.21648405921662464,0.2971503751265954,0.9913900364135168,-0.17237862590569217,-0.007758330637865988,-0.3625118323586942,1.1014589912083597,0.7604380778456442,0.2895385091632954,0.7732736801750911,1.6376871819127112,-0.37964426429687187,0.1986032788984318,-0.45605097947945167,-0.40954947249070817,-1.6801675993708192,-0.37238169513175684,-0.414240942384538,-0.8696804573736439,-0.6732474726223924,-0.12122916182771967
-1.3268197919291262,0.5925132863501026,-1.320470083318431,-1.0832467922481506,-0.25407776079359423,-0.8905713555418372,-0.6072126631635711,-0.9080806702620441,-0.4163247194092403,0.48534216320323903,-0.3784606792183938,1.133241135293661,-0.3745324886346234,-0.4856581644087047,1.3662124550966923,-0.39202567652922715,0.31977023244083125,0.19055385253660367,2.117767679228652,0.36243336727533504,-1.2943815217691552,-0.11554075111508642,-1.2872263097611998,-1.000749857320776,-0.958032919078465,-1.0651007027280424,-0.90570755917232,-1.325048488472192,-0.7627374589100271,-0.5468875987259165
1.097039234009624,0.5697183404818446,1.0213940554101848,1.0129660729969117,-1.6120724272134817,-0.3202122996317571,0.2694852191575703,0.22845015088023649,-0.12773211243564894,-1.392270847426526,0.7642774121964389,0.12802470619239079,0.653122066444468,0.7101134470367213,-0.5312106317634498,1.5620347617578194,1.1099074887476803,0.46234223174887573,0.12076237237753717,0.5318927705717429,0.696753474463049,-0.1716378993317863,0.6264703839427627,0.5738701390751937,-1.9374391685167438,-0.3554738907518077,-0.08445155959731918,-0.33289496137996494,-0.874177819192742,-1.0157857449132437
-0.4935576345039722,-1.6117579791104144,-0.5211319725997925,-0.5192000410078673,-0.426279331655827,-0.7587333386670014,-0.7365860498353576,-0.563026272828945,-0.42742443506207056,-0.6813299987414695,-1.008689778902836,-1.2892604089150272,-1.0075414286322235,-0.6676811763731751,-1.1797014427808996,-0.9096654304151458,-0.8474202235643856,-0.9972620269836964,-1.1262866487629675,-0.9739571328128035,-0.5382924384797708,-1.0419450845222982,-0.5834574169678947,-0.5462012185842867,-0.1196824609995023,-0.28596402830090584,-0.43647925083647376,-0.10513597578935102,0.3769934985268304,-0.4351382201734873
0.5566796706644128,-0.3329615159011593,0.6042783328073826,0.4149937714375309,0.5887653708527779,0.9846460212320025,0.5823245260421402,0.7274518948604106,0.7158462771794647,0.3926767961737766,-0.2668824899402062,-0.9565232633937009,-0.3454523506086519,-0.13469408631438046,-1.002935964818328,0.19159607193663258,-0.1780835165661333,-0.43908922597182654,-0.4182687079769638,0.03172082718597678,0.7871226876052064,0.2386726704817887,0.7304756390353692,0.6296118896448859,0.5634179122500221,2.049817836040212,1.2115213521016652,1.0853882806882496,2.335642255010911,2.2255077877732887
-1.2134828373608229,-0.05030418713476377,-1.2033568227414906,-1.012361699304995,0.8430714881598732,-0.37824356346982574,-0.9939119593946736,-0.7349215037846281,2.7137950946889435,1.1734964462253143,0.9700316878378674,0.9020763815630556,0.7914872393099778,0.038846101397955766,2.1132570345813697,-0.36323969086988595,-0.9487476645221845,-0.19531853770304183,1.3049038761311325,0.19912866385652017,-1.020261575237944,-0.41686257582193015,-1.0292354964342614,-0.8570037066092369,0.35050351019822235,-0.7380912417202858,-1.1852478279681435,-1.0214198210455998,0.5222036649558225,-0.20096992441287023
1.5043872125313995,0.8820090988769749,1.4826277871344369,1.4266922964005424,0.37078869887526866,0.5320397239836344,1.20800313981128,1.3488025973443352,0.6825471302209729,-0.5658780660490238,0.6772668976217056,2.809185599840552,1.1554579991189118,0.5821556643418774,1.4714300015029849,0.8852818832176205,1.6178528678020834,3.8127212026557116,0.8953882727496807,1.0259100140799158,0.909623176531242,0.7483553314220883,0.9991558813579366,0.7174473753910674,-0.3015468460854156,-0.07305093610895404,0.5278116560793826,1.026911648443128,-0.5246603255787724,-0.42952267351256107
-0.3411485268937842,-1.1923309751344733,-0.28008721367259626,-0.39866780125627616,-0.6028404359576103,0.5846246879792955,0.6072519608536597,-0.226061062734937,-0.7715156202998141,0.23165173215536547,-0.7155837709824592,-1.3864546803699411,-0.2469551089077806,-0.5165233803622532,-0.5413816612493916,1.7291063648002705,1.8753763160496797,0.3381919844543812,-0.9572997883314649,1.5654720366822805,-0.38165246903336425,-1.2935808636657795,-0.06978701820496512,-0.42086673700031224,-0.28823969595717713,2.0779975100067936,2.372171791093126,0.6310698301684597,-0.4182854362179986,1.9166527214223539
1.1441475036345916,0.14573234733225204,1.1096300736530846,1.0570968701599657,-0.09204843462364438,0.10384787430468059,0.29939814093139366,0.6384708341304097,-0.038934387213004976,-0.7815908876585931,0.11766986270969412,-0.8032890516404584,0.12217503022834228,0.2512233158068099,-0.9576924198636223,-0.6471485298237808,-0.33132678765686563,-0.2171287162818044,-0.8302512728245687,-0.640372399447235,1.323313352248674,0.3027836970151595,1.3227277860904905,1.2123665546916673,0.5456750454123717,0.028395890170740578,0.5065196586254015,1.1873475369105126,0.29763445408307915,0.0006282007143764974
-0.8205444471949206,0.4717000732483367,-0.8415891479455988,-0.7624710603692022,0.4289158114026043,-0.8205206713619031,-0.9936502213291525,-0.9601548137574422,-0.7012174211652209,-0.1709109278906592,-0.4289608994421608,0.7812402602947841,-0.44629476473097257,-0.4625603537944597,-0.04791136860387943,-0.8942564616210279,-0.9132027009106513,-0.9269661437183001,0.8041106985020077,-0.6891996851428102,-0.7893180305413194,0.5047334305952785,-0.8134245921171026,-0.7267707075509561,-0.16403962809362732,-0.8908876961168628,-1.114416449771233,-1.0638528644439829,0.1507357973467724,-0.6985073585709203
-0.1915104939674182,0.06595003679334989,-0.24439173356524105,-0.25193290068912194,-0.39358283085920004,-0.7623016040809927,-0.3751382450683245,-0.36307167329079026,-0.7641158098645936,-0.8894472984633767,0.19614993467906164,-0.1486724990306068,0.10435171982532734,0.03639323655396506,-0.36531763359619546,-0.8272020479675035,-0.3698244874674642,-0.37600747869786716,-0.6439956821299928,-0.7679798435760071,0.33929303136740346,0.6569971186120346,0.26534102598232284,0.1779347956347139,0.36381066032645965,-0.6166055361754663,-0.03287761020878702,0.029810098622467796,-0.004605310926102753,-0.5592418013799538
0.648125135230526,0.1753657769609868,0.6965250791522329,0.4858788643806861,0.17533628300210047,0.9790119179467527,1.1294817201549936,1.0090567291025148,-0.038934387213004976,0.10100875568759866,-0.3702714543172424,0.09124849537161277,-0.20521103980598254,-0.20500954517544484,-0.14646513707110678,0.8835885899435414,0.8336958367085311,1.0814157621768288,-0.44417180337157347,0.34643114759359195,0.30113714137404785,0.4294029744185672,0.46468443157648576,0.15698941057216295,0.4259106942582339,1.337811407151244,1.4897367855003523,1.3417858220707048,0.2824380413172542,0.6469776213869676
1.5736640796269394,0.5058924920507228,1.5147136119500364,1.5811500864712313,-0.15017554715098105,0.5095033108426368,0.4801220433149104,0.964818985841861,1.0710371780700385,-1.026166692441273,1.8531031063453587,-0.08037382179201888,1.6732720697749215,1.692077006247632,-0.08438678469139416,0.361489830435882,0.11419999073375114,0.9119674516802888,-0.17897344576009136,0.12527226532539815,1.8956517021490051,0.4598557120219186,1.8167527477803727,1.8930915692245744,0.1508962582746598,0.441071560036906,0.42750269029618265,1.019414644309138,0.30945388623427583,-0.06282747655408852
1.7898079049650233,0.6381031780866178,1.715250017047537,1.7466405758326835,-0.36306609678234936,0.5883807568361284,0.9387868438468695,1.1847437666233966,-0.1462316385236997,-1.872307830726693,1.52826385193302,0.43449312969887566,1.9274887602600277,1.4324821435919581,0.3785704194962928,0.6109683728168395,0.8777999976565954,2.6785919165600576,1.3986484118449583,-0.5640541209650755,1.3956087227624,0.33163365895517644,1.4700685641383504,1.296823752524534,-0.6253541658725273,0.24381384227083286,0.542952632046658,1.1693547269889368,0.03760694675674385,-1.4049431285154208
3.6852229886989964,1.5795344424456592,3.8088500862654473,5.086790286111329,0.9084644897531261,1.7903227910226656,3.4252984662959416,3.037420454379574,0.9489403058889038,-0.9623643085849211,7.2842653043298,0.12977595432671374,7.378138502192533,10.2321347714083,0.21232669617435065,1.606060386883871,1.8368786162390809,2.398415007125184,-0.4256695923754239,0.3357630011390965,3.966110785472658,0.897413468112176,4.153981952500338,5.685219751920297,0.16863912511230905,1.0804370515897963,1.949170775007367,2.226432309881517,-0.4149084556033712,-0.5277947400787675
0.8143896162598212,0.3782407951884802,0.7967932817009834,0.7222544466852939,1.1627706070602213,0.0399947037385208,0.7742657740908405,1.2790333565446756,-0.2868280367928851,-0.28180554745050806,1.3781280620785783,1.5710531688743536,1.4804988967317871,0.9310756883995428,-0.20678986367738128,-0.4129096269095335,0.5088948548113447,0.9656540451049352,-0.2628501356093043,-0.0027454921285468476,0.9437626570516122,1.1827075361856767,1.0338242997221385,0.800215429267277,0.5767250623782595,-0.29911454281864397,0.5708688064863222,1.029910450096724,-0.44530128113502115,-0.431207337510839
0.03848870478977437,-0.26685617288321145,-0.028614561680330265,-0.06520446519294984,-2.189710607953883,-0.9628756810358711,-0.796785804905177,-0.8848242566621575,-0.6272193168130179,-1.0185711705536118,-0.6217489023234328,-0.985769107236891,-0.5902883514079607,-0.4304687054189158,-1.3592727219809724,-0.649970685280579,-0.7704995767583546,-1.0806440173963503,-1.1583571478229606,-0.731461957635619,-0.014151002255257339,-0.08188246218506649,-0.04667473929549706,-0.11580733842799705,-1.6610940175203452,-0.22772603543663664,-0.5434123936053568,-0.5804460378843123,-0.4233509071399405,-0.3879676282217086
-0.13331792560716443,-0.852686281697434,-0.1826265207952111,-0.2246269699444824,-0.12111199088731323,-0.6980728266291497,-0.5188449067567344,-0.28900505171723856,-0.3238270889689866,-0.9061574466162314,-0.3003218249532411,-0.9994288426846086,-0.4331617991708564,-0.2949479227884341,-0.20152898635706656,-0.7227822960659716,-0.49727803732585374,-0.10975552943251174,-0.17773996502701475,-0.7983430296388019,-0.2892750511547145,-1.077206149115652,-0.3844029148601003,-0.34603765972039224,-0.18178249493127782,-0.77629035531943,-0.5585533695726322,-0.32674741799009327,-0.6023308797152099,-1.0427403688856887
-0.10283610408512701,1.0096607957392176,-0.13610207481259046,-0.18408180005092648,-1.123804681983859,-0.6648316172461781,-0.5198420041491953,-0.6396207654459627,-0.11663239678281767,-1.2570705578261632,0.07672373820393717,-0.30628483111965626,-0.04245607375739986,-0.03453543851809694,-0.9447155891401797,0.07814542257334646,0.08616768504642204,-0.27081530970645057,0.6856965481266483,-0.267807900190241,-0.25714377537083627,0.09121730945503503,-0.2720194586628114,-0.3078630062999364,-1.6952490361828219,-0.6817318937871221,-0.6408824263946926,-0.7939607156203454,-0.3777616688424666,-1.1488742007771917
-1.4110604623173029,-0.45833371817657664,-1.329293685142721,-1.1204821523544772,0.7776784865666203,0.7104529946831988,2.795880737305074,-0.12621015651803302,1.133935566769411,2.718425598175534,-0.2894028584183725,-0.06636383671743672,-0.4852246269270312,-0.48954186707835645,0.8783537649261827,3.4303016741582018,10.181161609167372,3.6130741833578073,2.65803224031623,2.3877399403287742,-1.201000001522259,-0.500206910315313,-1.210955789359955,-0.9519335969733792,0.7231037137888717,1.148694484086628,4.640006097691604,0.914456586433279,2.264725662103729,1.8998060814395752
-0.17765512054831,0.33720989262561646,-0.1417170941553205,-0.2690335845898052,0.4143840332707699,0.4137235549933972,0.21963034953453137,0.14275532250674167,-0.31272737331615635,0.24684277593068762,-0.6797559120399219,-1.121665962460338,-0.6446963515855849,-0.47216740776675625,-0.5883788319775355,-0.16343108452857608,-0.03418434737117738,0.15699973164619963,-0.8203834269599556,-0.2267765676729508,-0.1527171290732321,0.03992848822833816,-0.0033392163402442814,-0.24975645419092402,1.2908754525936716,1.0610243873017067,1.09607141035119,1.6761522064466559,-0.13461906458926992,1.3157892287032635
-1.2098804402718548,2.0194768977030324,-1.2133836429963656,-1.0090518895177663,-1.1666734274727697,-1.074430926083809,-0.9131969254749734,-0.9684967882008796,-0.6790179898595604,-0.4625789683768361,-0.7988408908108315,0.7970014935036893,-0.7863447658411237,-0.6201569200208569,-0.1601434181039248,-0.7103648120560597,-0.6318331046250334,-0.9361935269631613,-0.5773877225438531,-0.6038545135068468,-1.1287046310085331,1.7869539612626992,-1.1378632073087618,-0.9093671692656142,-0.9269829021125772,-0.8902614811398277,-0.9437019457402018,-0.9798864181432958,-0.9552253539438073,-0.6490905479547713
0.5261978491423753,0.8888475826374517,0.431817024423532,0.3890669281042365,-1.0053706902094124,-0.6907484923583255,-0.6940847734817168,-0.39214219029064834,-1.023109175097304,-0.8499505846475407,-0.11162843452254458,-0.07862257365769591,-0.21271559155462036,-0.02267992510547566,-1.0576490889496004,-0.9040211195015495,-0.7622767670900714,-0.6867186381430078,-0.7180045261145925,-0.2862719998230215,0.5822858044829827,1.2997101596090794,0.4733515361675362,0.44211691045592144,-0.6120470157442901,-0.6134744612902905,-0.5935668764969567,-0.21384253573220485,0.10345806874198475,0.047798792666155186
-0.25524521169531506,-0.43553877230831867,-0.3129751841085867,-0.3175774614691646,-1.7254202966417864,-1.093586877253657,-0.564836023983988,-0.9528239877313909,-1.1748052890193197,-0.9441350560545357,-0.8503647641472424,0.6463941539519309,-0.9598875250283734,-0.5735524879850351,-0.2748305436867837,-0.5415999157395297,-0.022971425096245685,-1.0571561327730676,-0.09879719811010862,-0.6112401533599591,-0.472021682175522,0.32842810762850794,-0.5528336474128493,-0.48353397779229945,-0.9669043524972896,-0.640401705302802,-0.1965894128549531,-0.9642926495445966,-0.20215867688182448,-0.6563907586139747
-0.4519915142466482,-0.5677494583442128,-0.5111051523449175,-0.4830679508306169,-0.783761073698943,-1.223171252814393,-1.0495126027417678,-1.0697885809125594,-2.1811795082092793,-0.8864090897083124,-0.8210200415847833,-0.9050365682446114,-0.878275524761937,-0.5913357581039671,-0.7423471748854102,-1.2571856533652712,-1.075864826712326,-1.3915229474459427,-0.8006477352307289,-0.9829840259666073,-0.5925139663650653,-0.9714229553355898,-0.662616972232823,-0.5811664984870935,-0.9535972023690523,-1.2745696125463006,-1.1922032138031105,-1.2920616702826362,-1.6373754380986076,-1.231422736692805
-0.4076543193055026,-0.26685617288321145,-0.37072966877666685,-0.4720352515398534,0.8503373772257904,0.5620882748382977,-0.10604658627797119,0.05048802942023533,-0.6050198855073574,0.9076531801571838,-0.6135596774222816,-1.0484637904456462,-0.5738721444578155,-0.4746202726107469,-0.47018445484780025,-0.01498570750099278,-0.1885489106894028,-0.22887265859344588,-0.34919378692467057,-0.07249875740794001,-0.3836606737698566,-0.5803456934820268,-0.35031230346863457,-0.42998811436626183,0.9493252659689089,0.8211840510972432,0.4109422478319751,0.40016210284157,0.5796123354044941,1.1023984555880728
-1.0533147206359348,-0.6817241876855011,-1.0677942128955797,-0.9152739455462765,-0.1131195129148046,-1.0053192591180833,-0.9791299905514425,-1.0932472241959232,0.29775698758951813,-0.0843219783713252,-0.6886275723495026,-0.46389716320870555,-0.7333438691163691,-0.5856124068013223,0.014517708930520887,-1.018149086174467,-0.7955417698390352,-1.0383658250744412,-0.5946564528069265,-0.4651686095984064,-1.0122287562919745,-0.6412511686887291,-1.048592030020941,-0.8502471307826075,-0.15073247796539005,-1.03103460797733,-1.0764693787532487,-1.352487523602595,-0.34736884331081663,-0.5435182707293607
1.462821092274075,-0.26457667829638615,1.4144454094012864,1.3467052265425072,0.5669677036550272,0.764915993107276,0.9213376394788058,1.1602234175017772,0.3273562293303991,-0.5537252310287669,0.20024454712963724,-0.4146870906342357,-0.007747521919950022,0.23589291053186856,-0.48772071258218225,-0.1860083281829614,-0.03044670661286686,0.5546160641974867,-0.5169471666230966,-0.7281794510342358,1.5060599832694814,0.46145848768525255,1.2996155071810227,1.2495277217381286,0.8827895153277213,0.7629460582329742,0.7582383840813559,1.667155801485868,1.1874688460374843,-0.32563506028542916
-0.3577749749967139,-0.8230528520686988,-0.3627082125727667,-0.41328612781653795,-0.3993955421119344,-0.39026298381169117,-0.3780049000716492,-0.45407503085556367,-0.3682259515803076,-0.521824039100591,-0.8950642833993604,-1.303620643616474,-0.8088584210870371,-0.612798325488885,-0.7616370583932307,-0.4134740580008931,0.06635818902737631,-0.5577030433194047,-0.5440837427507833,-0.595237933678216,-0.44189861112813605,-1.0291228792156235,-0.4101153251468836,-0.4771152307570017,0.03113190712052201,0.04968719938993584,0.3607877649403751,-0.24263103160672625,0.20139050656618832,-0.31721174029403937
-0.08620965598219729,1.0051018065655661,-0.014978086133700065,-0.1625680364339378,2.64501197650729,1.3771552167710437,0.8365843611196394,1.0874207314499582,1.6519222972348309,1.768985362217925,0.5206479713871851,1.2225547901441223,0.4641011692756527,0.22689907277056967,0.6240780277776423,0.3270595338629443,-0.010637210593821004,0.20565320693728542,-0.054391891719348474,0.3144267082301053,0.5842940092194747,2.577122363286497,0.6091361747606617,0.44718434232589344,4.023276945591769,1.6772199247042967,0.9143796987438844,1.3087990038811494,2.609177684795757,1.400022428617155
-0.4769311864010425,-0.3785514076376745,-0.419660551620457,-0.521130763383751,0.6904878177756159,0.5282836551268014,-0.14044644631786812,-0.5246026329682629,0.02396400148636775,1.284391065785162,-0.8036179386698366,0.3994681670124202,-0.33560262643856464,-0.5353286774995146,1.0365308096903092,0.4326081479471955,0.6430761580346933,-0.0023823425832190845,0.17873596683214046,0.929486382664284,-0.684891384243715,-0.4585347430686216,-0.5144094837258586,-0.6291381868561621,0.5811607790876715,0.06158528395360382,-0.14690808546233042,-0.6044364511130801,-0.5584301317250496,0.5571288748121509
-0.028017087621944013,-0.8390093141764793,-0.09398942974211538,-0.13857191547652709,-1.1797520277914204,-0.8950786381700367,-0.8451450284395251,-0.5617623373072121,-0.7974149568230844,-1.0185711705536118,-0.6756612995893462,-1.010461705930842,-0.6160852480439032,-0.45724581329914665,-0.7742631639619856,-0.9057708558847644,-0.8294421715169119,-0.15505359263455698,-1.0744804579737477,-0.6711458988352026,-0.2772258227357601,-1.035533981868961,-0.3144882711589591,-0.3367473679587769,-1.264097372027927,-0.9478732590270617,-0.9877054071450964,-0.4775871411659706,-1.2675960607968717,-0.930429435667167
-0.9840378535403947,0.2004402174160701,-0.8736749727611988,-0.8783144029222187,-0.3754181081944075,1.1743274985020653,1.7364647578154944,0.2696544488887311,1.418828268525392,3.3321437666985316,-1.0260918818177827,-0.0015676557474939533,-0.2610261434364764,-0.7029819895862733,0.5100923525041585,2.886754533178876,4.563487549426623,2.936958647416168,-0.5243480510215567,3.471377432110406,-1.0925569457516702,-0.47295972403863,-0.8928730508683993,-0.9059888813522996,-0.7806042507019649,0.6815381112184044,1.5692269093285482,0.4871273507958532,-0.4892020291251814,2.0401947479627274
0.2601746794955023,0.11153992852986507,0.3355595499767313,0.13476320945213832,0.5814994817868617,0.9733778146615034,1.0135691482814282,0.9961645867808386,0.18675983106121366,0.0417636849638437,0.22037639167830111,-0.46845040835794466,0.3688871689648105,0.11284085752500601,0.7734869436745776,0.6696692063182411,0.6453187424896795,1.145168591868596,-0.6711322582576794,-0.09014223039037478,0.3894981497797132,-0.24696835550849708,0.46468443157648576,0.23097391587375424,1.0291681667383337,1.0472476578069334,1.1779273116742728,1.4617378882145438,-0.08902982629179597,-0.07462012454203339
0.21583748455435672,0.7270034669728228,0.4077526558118315,0.07794480810470632,0.25962059616673827,2.2354169505573678,2.301071156296411,1.2226618322753855,0.8749422015367008,0.9744937727685987,-0.5432688303540655,-0.6251871163798326,0.2563188927352433,-0.3562695438881996,-0.027920034786683933,2.079618072534602,1.788663050456875,1.7877300069198319,-0.6698987775246028,0.838807137801073,0.011955659319144236,0.288358716045151,0.5195760939864728,-0.09384846699145166,0.4436535610958844,2.8551302965074177,2.983488695771873,2.001522185861819,-0.034998136457751745,1.7874951482210544
-0.46307581298193484,-0.6680472201645468,-0.36431250381354696,-0.49658300746180223,-0.05499240038746793,0.8945003686680123,0.8191351567515759,-0.007147430370787728,1.0266383154587164,1.623151341974836,-0.06863500379149981,-0.04359761097124048,0.9776939295730533,-0.23362630168866869,0.06642503182429177,2.7896723854650194,2.989940790177884,2.6047728506011687,1.4677233328972519,2.4156412464405315,-0.5041529579594002,-0.7598565677754653,-0.27721972141744194,-0.5196816584647664,-0.6386613160007653,0.9583251310679418,1.0326685734882237,0.30270104909970125,0.5813008257118077,1.108014002248999
-0.2081369420703479,-0.6726062093381983,-0.23396384050017138,-0.28475518107914327,-1.7980791873009565,-0.5675494338542054,-0.09669879822365136,-0.5243498458639164,-1.4152991281639793,-0.6585434330784874,-0.8472938048093106,-0.1609312359708664,-0.795725455526921,-0.5510678935817878,-0.3947785465899573,0.4184973706632047,0.6789575093144746,-0.21880642232632452,-1.0288416708499113,0.137991978405758,-0.4077591306077655,-0.48417915368197,-0.445650453970191,-0.4326907446969136,-1.3040188224126399,0.00021621620415870235,0.28129764111217875,-0.36333279816396413,-1.4161832078404917,-0.41492225219415346
-0.5184973066583666,0.7064880156913909,-0.5516135061746124,-0.524716390653249,-1.0155429349016953,-0.9666317498927041,-0.8916346943630089,-0.9133891994533225,-0.963910691615541,-0.42612046331606435,-0.642563182280526,-0.16268248410518898,-0.6296872480883092,-0.48197886714271876,-0.6834253488978865,-0.7470528329944357,-0.82207901922304,-1.1967412756771478,-0.5354493776192466,-0.5501034679091967,-0.4258329732361969,0.9967855592389007,-0.4239826924925646,-0.4482308690981612,-0.2793682625383531,-0.4550420721003969,-0.7019194857627719,-0.7596244366866716,0.3601085954536917,-0.0920283191909037
-0.7789783269375965,-0.06854014382937032,-0.8074979590790239,-0.7244082478160682,-1.0540521469510555,-1.0603456678706855,-0.6429835321181018,-0.6684384953414741,-1.067508037708625,-0.8955237159735061,-0.4760489426237812,-0.5061022432458844,-0.5105524890786839,-0.47973040770239406,0.7847101486245823,-0.9070126042857554,-0.4027157261405971,-0.4562018276259325,0.1738020438998336,-0.6539127391779408,-0.7953426447507965,-0.3094766063785339,-0.8498264313995151,-0.7120751551280372,-0.12855389441832754,-1.0118724296800543,-0.6006642089816171,-0.6657619449291177,-0.8218346196660123,-0.9691767076275575
2.1860715847515126,0.5833953080027989,2.2165910297912896,2.276210141789331,0.7558808193688697,1.7264696204565055,1.9458552102322582,2.5621806982079804,0.07206276931529948,-0.17698734540078764,2.0329248364664743,-0.9316555398863176,2.177015105902235,1.8106321403738448,-1.0755360718386702,0.1650678106427298,0.16278932059178833,0.5076402949509212,-0.646462643596146,0.023104247357345783,2.283235216292036,0.00466742363498427,2.5303443591102015,2.2613249517758742,-0.11081102758067829,0.848111295109755,0.9664268036313938,1.937047950309505,-0.2460594248719848,0.11630846192945327
-0.7928337003567048,0.11153992852986507,-0.8275515995887739,-0.7409572967522133,-0.783761073698943,-1.1144330594090797,-1.0421091546027466,-1.0889751221324657,-0.6198195063777975,0.131390843238243,-0.9479530275526297,-0.2607523796272642,-0.9091379938282101,-0.6599750926549712,-0.9976750874980136,-1.0941779541806096,-1.030041351015439,-1.2782777894408295,-0.6847005463215228,-0.5927760537271785,-0.8756708342104922,0.10564229042504349,-0.8966287961911882,-0.7641007889930833,-0.9358543355314024,-1.1011080639075634,-1.1640504616139578,-1.284864546314006,-0.556741641417736,-0.4233455721855424
1.6651095441930517,2.0308743706371613,1.5748745334792866,1.6666535059746483,0.138280248765924,-0.0013220536866412947,0.6895124957316742,1.2428848006231128,-0.1943304063526314,-1.0990837025628175,1.2054719037459696,2.155970045738159,1.0710317919467365,1.173704902550948,-0.4473873197931036,-0.05957576371840367,0.30257708495260266,0.854925446166602,-0.17773996502701475,-0.5094824487170797,1.485977935904558,2.0001231244861577,1.374730413636794,1.4235095492738346,-0.6785827663854777,-0.38114870481024893,0.23729417970728453,0.731529685563925,-0.531414286808028,-0.9714229262919278
0.426439160524798,0.8797296042901488,0.7326216320697834,0.3220432799128484,1.0901117164010512,3.9049895574196043,2.8532138373715683,2.248724688818205,2.5546991703317063,2.806533652072399,3.001983116436055,2.1402088125292544,3.377274351199996,1.9802886254165295,1.8642421747531437,1.9565720946182026,1.903034857661178,3.1131177820907885,0.3637580767936394,0.9446679756956812,0.7148273170914805,0.9406884110222014,1.048269474040556,0.5704918511618791,0.820689481395947,1.6540499705539957,1.6406733896741292,1.9820299751134447,0.6589713798482454,1.0237808023351078
-0.7845204763052401,-1.4362368959248304,-0.7902518282406386,-0.7412331142344825,0.17751604972187573,-0.5144010595300196,-0.6983224373996751,-0.535725265559513,-0.13143201765325868,0.020496223678395202,-0.7568711131924307,-1.230418471601782,-0.823398490100023,-0.5815242987280046,-0.20082753604769119,-0.7939006135772851,-0.6946254693646506,-0.47566321774236703,-0.43183699604080694,-0.3785924979869242,-0.7973508494872888,-1.5372027644925892,-0.8420260372675696,-0.7276152795292847,0.1730748418217223,-0.6410279202798371,-0.6806274883087907,-0.3975191370149582,-0.2595673473304961,-0.19366971375366604
0.1382473934073517,1.0666481604098617,0.10574482973499512,0.016437509558700013,-0.44735040994698616,-0.32697322357405634,-0.7186382967710635,-0.48466227048150134,-0.4422240559325105,-0.5932219448446039,-0.13687854463442806,-0.21171743186622657,-0.300425040116825,-0.1606535725799479,-0.7633906841666688,-0.4010565739909811,-0.7548014855734504,-0.5164314746242076,0.052920932058320984,-0.34740868527378366,-0.036241254356673504,0.5351861681986294,-0.13045675034231885,-0.14283364173451443,-0.9048043185655147,-0.47883824122773266,-0.849118161494628,-0.6680110461693148,-0.6158388021737212,-0.6294361346415298
-0.26910058511442275,-0.9119531409549039,-0.2656485925055762,-0.32502453349043003,-0.14944895824438864,-0.34725599540095414,0.05299044781952327,-0.3516962535951936,0.06466295888007897,-0.07520735210613252,-0.48184964359543003,-0.7691397130211645,-0.5161809028901623,-0.38488630040142346,0.5399039906526081,-0.28873478681041437,-0.03493187552283946,-0.3604048124838294,0.8966217534827573,-0.10696507672246382,-0.3053406890466536,-0.844803677932182,-0.28155327371296696,-0.35634143785600203,0.7053608469512213,-0.17199290248050814,0.13982414691794867,-0.25177737665019395,1.6247878356317753,0.14944018722891753
-0.5378948294451178,0.26882505502084325,-0.5901164959533328,-0.5462301542702379,-1.1456023491816096,-1.1848593504746971,-0.8082524249184762,-0.7847205633409068,-0.24242917418156312,-0.880332672198184,-0.750046759108138,0.5938567099222477,-0.8144868348985155,-0.5506590827744561,-0.6890369513728886,-1.0830022185716888,-0.7742372175166652,-0.8199284980779115,-0.7340397756445891,-0.905845120834102,-0.5925139663650653,1.1330214906223148,-0.6597279373691396,-0.5750855802431273,-0.869318584890215,-1.0297821780232597,-0.7421377031758474,-0.5952901060696124,-0.325418469315737,-0.8360882517636097
-1.008977525694789,0.11837841229034263,-1.0112429466580848,-0.8799693078158334,0.8067420428302882,-0.8218352954617947,-0.5031406228254772,-0.45609732769033634,-0.24982898461678363,0.2787439678588635,-0.13756098004285727,2.416906017752252,-0.18879483285583745,-0.37609686804379044,3.1549107440036654,-0.6448908054583423,-0.4767210131551458,-0.05942434809690582,1.768692631767957,-0.07372969738345887,-0.9660400473526496,0.5912833164153293,-0.9746327375106428,-0.8200114539584411,0.8694823651994841,-0.9422373242337454,-0.7251041052126624,-0.6994984635320723,-0.00629380123341643,-0.34753569226304093
-0.324522078790855,-0.7569475090507518,-0.35268139231789164,-0.39453053902223983,0.3344592535456836,-0.45148690617806786,-0.33812100437321796,-0.3802611963863585,-0.27572832114005486,0.32431709918482793,-0.6920397493916489,-0.8201010337299571,-0.791973179652602,-0.48954186707835645,0.5893562374635658,-0.2966368220894493,-0.30105189751455025,-0.06110205414142595,0.719000527919718,0.40469563976814377,-0.5121857769053696,-0.9361618907422359,-0.5375217626353267,-0.5115737674728114,0.7275394304982837,-0.28972131816311664,-0.22355927629666258,-0.1261275873645228,0.8328858815015737,0.683478674682987
-0.7512675800993807,-1.9422846942001504,-0.7457327463089933,-0.6990330394473121,-0.15744143621689827,-0.687743637272859,-0.6675370554074485,-0.5690931633332633,-0.508822349849494,-0.21800316359415728,-0.9261150944828928,-1.350554093616324,-0.8520095936417046,-0.6361005415067958,-0.3523408028727525,-0.5641771593939149,-0.6079122037718458,-0.8764671917782423,-0.8610882911514852,-0.6292939396675666,-0.6969406126626694,-1.5708610534226088,-0.6839958302240813,-0.6380906498264458,1.0158610166100963,-0.08808009555779778,-0.28932789065451536,-0.36633159981755997,0.21827540963932696,0.08766917395873046
-0.8759659408713524,-0.3922283751586288,-0.8480063129087186,-0.8030162302627579,0.07070748045289588,-0.11175047807752958,-0.44929736363259504,-0.5273832911160755,-0.6864178002947809,0.2301326277778339,-0.8923345417656432,0.614871687534121,-0.822929455615733,-0.6444811630570971,0.861518957501176,0.4794559285300448,0.47114468315240826,0.2979270393858963,-0.8882248672791717,-0.0843978438379543,-0.9379251810417564,0.118464495731718,-0.8951842787593461,-0.8120724773621516,0.4835750114805974,-0.012934298313579437,-0.27939162517599087,-0.23093570515770193,-1.009257043777851,-0.04991171923395809
-1.4501326153591876,-1.0715177620327074,-1.329293685142721,-1.138410288701968,0.14046001548569928,0.9320610572363416,-0.0326352907580463,-0.5061491743509617,0.3606553762888908,4.1372690867905835,0.3889379375603338,-0.6649404490289597,0.11654661641686391,-0.33071886842996395,3.5652591749882068,3.8603981657742414,0.9458250594578475,1.0025635780843793,0.6153881463412784,7.4637260860427315,-1.31687341481787,-1.6189443233226373,-1.2958934143522503,-1.02000609842667,-0.4967183812995649,-0.05927420661418064,-0.6053957639713907,-0.9918816247576796,-1.0683542045338363,1.3887913352953023
1.762097158126808,0.48309754618246564,1.6270139988046373,1.7907713729957375,-0.8971089431272486,-0.3754265118272011,0.021706517131066295,0.2901302043408052,-1.2488033933715226,-1.639884860964271,0.9389808767543352,-0.3343048012688206,1.0433587573736345,0.8560589052541631,0.3207007689728324,0.3411703111469349,0.41732265623273623,0.8431815038549606,-0.8647887333507153,0.0793171729060332,1.5924127869386542,0.06397012317835264,1.5682957495035894,1.455603284450324,-0.40356833040190226,-0.13755107874357475,0.21032431626557518,0.4571393342598934,-1.095370049450858,-0.6962611399065499
-0.5184973066583666,-0.3192845483802042,-0.5480038508828577,-0.5418170745539325,-0.6798588600563298,-0.688870457929909,-0.6210473894839645,-0.6429069978024683,0.6122489310863807,-0.04330616017795662,-0.655870672744897,-0.4371030667535672,-0.6733074551272665,-0.5132528939035991,-0.5354193336197015,-0.545550933379047,-0.42850544737293983,-0.6308510268604851,-0.2998545576016044,-0.5152268352695002,-0.5423088479527555,-0.08829356483840403,-0.6013694331227326,-0.5473836193539467,-0.4523612142054399,-0.46506151173295945,-0.3645596149919153,-0.4783368415793695,0.3820589694487723,-0.131898700483479
-0.28018488384970935,0.7292829615596481,-0.19706514196223113,-0.3512271943059933,0.312661586347932,0.8419154046723508,-0.02029621052634407,0.05756606834193999,0.1682603049731629,1.6003647763118538,-0.7476582351786355,-0.5421779548129333,-0.6700242137372375,-0.5422784612241548,-0.6290629499213021,0.2892426507418489,-0.2296629590308188,-0.5670981971687176,0.5820841665482086,0.18805020407685213,-0.349521193249486,0.5432000465153008,-0.22926174268029523,-0.42052890820898087,0.1331533914370093,1.1718644382369285,0.2122169382614844,-0.021169529488663713,2.0958766313723425,1.343866962007894
-0.776207252253775,1.764173503978546,-0.8091022503198035,-0.7199951680997628,-1.966647813630231,-1.2271151251140677,-0.9017303054616744,-1.1531577679260656,0.23855850410775614,-0.9547687866972611,-0.9936761999173916,-0.5940148995888872,-0.8726471109504587,-0.6748353655014809,-1.1895217471121535,-0.4975742906134784,-0.5634342787479504,-1.4359821576257283,-0.6230265096676896,-0.6924821917441935,-0.8455477631631062,1.2788740759857335,-0.7972459968804753,-0.7363988281039029,-1.768438361888128,-0.6879940435574736,-0.7686344111185793,-1.397169668241175,-0.06370247168208801,-0.7187233265502542
0.4513788326791924,-0.027509241266506584,0.6082890609093324,0.2809464750547545,2.0637408512339293,2.496463736107256,2.5266644413406625,1.9074620979503052,2.1107105442184886,2.0454623589287806,0.3691473107158845,0.16129842074452364,0.2614782720624316,0.19623826222068697,0.8011942308949016,2.2749112301450345,2.546282832166422,1.8699376031013217,4.318297307037416,1.4731515385183775,0.21478433770487515,-0.25658500948850255,0.3462340021654617,0.045674823828444254,1.0247324500289217,1.575146883447567,1.967623839467484,1.4917259047505034,2.2934299973280643,1.1978627488238158
-0.3494617509452493,-1.3724110474937088,-0.36551572224413204,-0.4190782949441887,1.2717589430489764,-0.2841540386061609,-0.6316415492788604,-0.37267758325596073,-0.9676105968331518,0.33343172545002164,-0.6517760602943213,-0.33255355313449764,-0.6123329721695843,-0.5120264614816038,-0.39793507298214587,-0.289299217901774,-0.46289174234939684,-0.26410448552837007,-1.0362425552483714,-0.25960163368678296,-0.4519396348105981,-0.7518426894587943,-0.42224927157435443,-0.48775683768394285,1.0114252999006843,-0.18764827690638697,-0.43647925083647376,0.02231309448847786,-0.8522274451976618,0.1045158139415084
1.243906192252169,0.20727870117654768,1.209898276201835,1.2060383105852728,-0.10875997947525406,0.05877504802268546,0.751831082760473,0.7221433656691321,-0.39782519332118954,-0.8469123758924765,1.503696177229566,1.080703691263978,1.2722475857070878,1.0612819305347114,1.2995746757060402,0.10918913259812633,0.7253042547175252,1.2458309545398079,0.3094849245382664,0.19584615725513724,1.0080252086193688,0.2386726704817887,0.9384861492205829,0.8694703314902278,0.08436050763347228,-0.2590367842883943,0.34659309997105436,0.5246123714658029,-0.92145554779753,-0.5311640680753233
-0.288498107901174,-0.8276118412423503,-0.2528142625793364,-0.37715403763928745,0.8430714881598732,0.4418940714196442,-0.5359201996026254,-0.4459858435164727,0.6011492154335505,0.8423316919233004,-0.7746144338115921,-0.847945879065689,-0.7206799380405428,-0.5508634881781219,-1.0337997784308406,-0.3559020866822106,-0.5391396138189319,-0.8714340736446816,-0.44910572630388035,-0.5394353214547013,-0.35956221693194806,-0.8464064535955166,-0.3272000245591665,-0.43539337502756537,-0.030968126811252272,0.15363888557777114,-0.38963685643771534,-0.6174812383062226,0.5019417812680566,-0.10325941251275618
2.535226994913033,0.6153082322183597,2.4131167067868406,2.8388778056182686,-0.8360754749735453,0.20713976786758623,0.544933373824861,1.220386748336266,-0.013035050689733731,-1.068701615012173,0.8598183693765384,-0.6581105813051008,0.7896111013728181,1.1493806595147076,-0.7486602276697877,0.008720398336111785,-0.11902879258482678,0.7626516137179914,-0.10619808250856828,0.0001267011476633062,2.3535223820692703,0.39253913416187874,2.218328593832381,2.5586142881475653,-0.40356833040190226,0.658994372045139,0.5841171604576881,1.8080994792048786,1.1857803557301707,0.4605414722442216
1.4988450631637564,2.9928210862776345,1.4465312342168863,1.5618428627123953,-0.8498806641987883,0.17896925144133924,0.3218328322617614,0.4455942735139596,-1.3930996968583178,-1.4332866656198955,1.115731647537519,0.15604467634155514,0.8454262050033121,1.395689170932099,-0.5280541053712613,0.06516350747207506,-0.1780835165661333,-0.15169818054551673,-0.8758900599484052,-0.6087782734089215,2.3314321299678533,3.1477104994334986,2.1027671992850405,2.6836109409402082,0.39486067729234736,0.9808688702412073,0.6063554689096241,0.727031483083531,-0.29333715347677336,-0.4486155321597101
-0.09729395471748394,-1.3838085204278376,-0.1553535697019507,-0.2042164762565697,-0.2845944948704449,-0.774884434751383,-0.972773494674505,-0.7475608590019577,-0.7863152411702541,-0.5233431434781237,-0.6589416320828289,-0.9409371549982282,-0.6756526275487158,-0.4881110292526953,-0.9457677646042424,-0.9670116292972843,-1.0141190013850359,-0.8145598387354469,0.13803110264061058,-0.7950605230374187,-0.3254227364115775,-1.4169945897425187,-0.3826694939418901,-0.3837055699538508,-0.6608398995478271,-0.9134314352901283,-1.1073191172865726,-0.8395425007550043,-0.10760321967224828,-0.8832588437153883
0.3710176668483663,0.03175761799096371,0.3917097434040318,0.25419217927465293,0.9665916022804627,0.35362645328407044,0.7219181609866497,0.8121355748165189,0.4679526275995845,-0.6995592512718559,0.21184594907293508,-0.7810482003345591,0.08183806457941387,0.13675628975391457,-0.2821957719352242,-0.5895765585050983,-0.12239266926730626,-0.12653258987771362,-0.7957138122984222,-0.5246640417484769,0.5963432376384296,0.036722936901669674,0.5051309196680552,0.45225177419586543,1.0069895831912712,-0.08557523564965709,0.5098317471182429,0.5605979913089547,-0.083964355369854,-0.195354377751944
1.6789649176121597,1.0552506874757328,2.0762155462230387,1.6225227088115943,2.3761740810683603,4.543521263081202,3.573616703424483,2.8225514156849703,4.075360214769477,2.8642596184186226,1.7725757281507033,1.1437486240995978,2.6873246248096065,1.528552683314924,1.1698063684716131,2.430694211360293,2.9039750527367416,2.3900264769025834,7.219443991233725,0.9221007428111718,1.4217153843368013,0.9535106163288753,1.8167527477803727,1.241082001954842,1.4195112371666334,2.2752552277728664,2.350406638140167,2.051002413146153,4.311175914568131,0.8968694477981786
-1.7627098396942638,1.1851818789248014,-1.765259829824688,-1.3121753025314928,-3.143721842308785,-1.1240110349940038,-1.1052628106977314,-1.232153738034376,-0.8048147672583048,-0.5658780660490238,-0.09047293686123689,0.3434282267140915,-0.1742547638428516,-0.45928986733580557,0.050642399863347926,-1.1641674095092038,-1.1737910145800623,-1.96026529653829,0.7819080453066278,-0.39254315104280285,-1.3725006860187092,0.7371359017787484,-1.39412059971749,-1.0466945729418557,-1.8602576977729668,-1.1812009594703594,-1.2839007495049226,-1.7094948604631954,-0.026555684921182425,-0.7456779505226998
1.3796888517594277,1.5840934316193107,1.4906492433383365,1.3108489538475259,1.8602959573882534,1.4203500086246221,1.3089592507979344,2.4812888248170704,-0.6309192220306287,1.469721799844087,0.3643702628568797,2.9387779617804375,1.351514413552075,0.5208340432421119,0.17550055493214825,1.987615804642982,-0.3761784767565921,1.1317469435124345,1.2506307238757592,2.7287103135474546,0.8112211444431146,1.1137881826623028,0.9789326373121524,0.6921102160412074,0.32388920994174664,0.17931369963621233,-0.1331865759919871,1.050902061671896,-0.972110257016946,0.46952634690170375
1.543182258104902,0.43522815985912433,1.5267457962558868,1.5066793662585778,0.9956551585441306,1.0597673983686606,1.3550750051992453,2.0009933265585444,0.9785395476297848,-0.39118106263282426,1.1375695806072563,-0.7792969522002364,0.7811684806556006,1.0712977953143399,-0.31376103585711196,0.8339186539038939,0.25847292400453825,1.4924537430842775,0.25644525301597,0.34109707436634423,1.461879479066649,-0.03860751927504111,1.3025045420447061,1.386348382227373,0.5545464788311969,1.0735486868424096,0.8471916178890995,1.9340491486559095,1.2263041231057035,0.21963452049049356
-0.5046419332392584,-0.7843014440926609,-0.5255437735119375,-0.5324392801567835,-1.0969208924399663,-0.581071281738804,-0.626157513620326,-0.8140438674451116,-0.508822349849494,-1.1887108608372157,-0.5937690505778324,-0.6941862928721497,-0.5780934548164243,-0.476255515840074,-0.36777270967900894,-0.1786707239952861,-0.38253246604572005,-0.8809969980984467,-0.021087911926278687,-0.826654649075732,-0.5905057616285729,-0.9906562632956012,-0.5999249156908906,-0.5769436385954502,-0.9890829360443522,-0.5514791785638103,-0.6106004744601417,-0.9875333623599655,-0.6833784144662753,-1.1572975207685807
-0.19982371801888282,0.26882505502084325,-0.13209134671064066,-0.2759290216465324,1.0683140492033008,0.8156229226745206,0.695744354434554,0.8336224786859794,1.152435092857462,1.623151341974836,-0.07375326935471943,-0.5276425952980544,0.08136903009512404,-0.16249322121294077,-0.5718947497072162,-0.14875587615322564,0.11644257518873764,0.2777945668516539,-0.41580174651081053,0.10885973231848207,0.024004887738098314,0.6233388296820147,0.1700028754807668,-0.07408548269856093,1.131189651054822,0.8299510607757354,1.1320312282734695,1.365776235299473,1.179026394500915,1.5291800018184545
0.027404406054488222,1.939694587164131,0.02472812207560491,-0.09057967356170599,-0.9930186787973532,0.008068118455441035,0.2694852191575703,-0.11786818207459536,-1.7112915455727902,-0.19369749355364244,-0.26210544208120135,1.9125465550672935,-0.38203704038326125,-0.23832762597298404,-0.25869718657115215,0.178614156835361,0.2652006773694972,-0.26410448552837007,-1.0572117277106745,-0.061830610953444595,-0.1085366248703994,2.3671587513897068,-0.14201288979705307,-0.2098926568138108,-1.0556186866855397,-0.06553635638453217,0.1658476993617034,-0.4771373209179312,-1.6829646763960822,-0.3205810682905953
-1.0948808408932587,-1.016809891948889,-1.0982757464704003,-0.9511302182412579,1.2717589430489764,-0.4293260999227536,-0.9701561140192955,-0.9060583734272712,3.4722756642990222,1.0686782441755929,0.3534512963220112,0.36619445246028776,0.18408758215460413,-0.14307470786468182,0.16462807513683145,-0.8068825286785568,-0.8873008504555592,-0.5857207342628917,2.640763510053157,0.9081500897552931,-1.0584174652312996,-1.3336502552491363,-1.0849938693033534,-0.877780177276122,-0.19508964505951507,-0.9669101943289304,-1.1813206373266314,-1.3227993872319952,1.1317486658961273,-0.1947928230858516
-0.8288576712463852,-0.6201778338412055,-0.860840642834959,-0.7602645205110494,-1.0453330800719556,-1.223171252814393,-0.9346345194128802,-0.8858354050795437,-1.0860075637966757,-0.16483451038053076,-0.9237265705533901,-0.4637220383952733,-0.9153292490208362,-0.6523712116386002,-0.40740465215871224,-1.0736891055642548,-0.8225275361140374,-0.9219330255847396,-0.040823603655505324,-0.5591303610630005,-0.9258759526228019,-0.878461966862202,-0.9552762039239636,-0.7891001195516117,-1.2818402388655774,-1.1952907964536503,-1.0671955309732923,-1.1031371661060903,-0.8505389548903476,-0.7209695452146244
-0.6570510408494464,0.19132223906876725,-0.6350366506951732,-0.6535231548729128,0.9447939350827111,0.19962763015392015,-0.25237062862159076,-0.28723554198681256,0.6973467510914139,0.29849232476678256,0.30568081773196143,0.8075089823096259,0.4720747555085806,-0.06703589770097254,0.8376696469824163,-0.06973552336287722,0.38368388940794146,-0.0275479332510219,1.6712476538549008,0.5421506037010657,-0.5965303758380499,0.07038122583168961,-0.5346327277716433,-0.5816732416740908,0.1730748418217223,-0.3999351541213035,-0.3584085935052097,-0.5236187465486688,0.47492593635103486,-0.21332412706690748
-0.7706651028861319,-0.16655841106287825,-0.7689949693003033,-0.7324069548018717,0.6541583724460308,-0.34706819195811256,-0.5690736879019463,-0.5764239893593144,0.45315300672914455,-0.06913093459600408,-0.5773906007755296,-0.38859349343282634,-0.6700242137372375,-0.4789127860877304,0.5374489145697946,-0.5009608771616361,-0.389260219410679,-0.10304470525443093,0.4834057079020759,-1.0350938182635658,-0.767227778439903,-0.4393014351086101,-0.8166025304671545,-0.6919743420438149,0.7275394304982837,-0.5990715168184819,-0.5154962191656927,-0.4287066742123563,0.29256898316113716,-0.889435945042407
-1.1763504365976138,0.013521661296357155,-1.1223401150821,-0.9886413958298537,0.3344592535456836,-0.12207966743382005,-0.3382456415472756,-0.46646159896854666,0.519751300646127,0.09948965131006708,-0.7913341013181096,-0.017328888956399096,-0.6526699378185126,-0.6101410552412285,0.7061477139745505,-0.18770162145704022,-0.04165962888779842,-0.09465617503182999,-0.53421589688617,-0.06962656413172987,-1.1106307883801017,0.1697533169584143,-1.0168126465204224,-0.8902798425553864,1.0646539004136346,-0.14318701353689117,-0.03287761020878702,-0.2477289944178395,-0.4469897714423348,0.06913786997767458
0.17704243898085423,-1.04872281616445,0.11777701404084563,0.03298655849484524,-0.5192827116995649,-0.48209886736125634,-0.5309347126403214,-0.34032083389959694,-1.0490085116205743,-0.5233431434781237,-0.23685533196931785,-1.4601822268249296,-0.17941414317004017,-0.2567241123029137,-0.8110893052041881,-0.5771590744951864,-0.4804586539134563,-0.17015294703523873,0.14913242923830053,-0.39254315104280285,0.19671049507644367,-1.256717023409091,0.19600418925391866,-0.012600642676233885,-0.43905406407720265,-0.3266680018081907,-0.2661432712046247,0.16625557386108422,0.3753050082195167,-0.10101319384838585
0.5899325668702722,0.03859610175144127,0.716578719661983,0.43871407491267217,0.48704292392994,1.6119095203231013,1.6816244012301513,1.091970899328197,1.281931775473817,0.4883803719583043,-0.332737506853632,-0.43114882309686964,0.07058123695645713,-0.17373551841456453,0.7548985104761328,1.6602457716543955,1.8458489540590264,1.7558535920739482,0.9015556764150642,1.0730960464747996,0.22080895191435254,-0.4360958837819416,0.42423794348491634,0.08688993637088344,0.2573534593005591,1.2094373368590376,1.5062972279645597,0.9519416071032286,0.7281994824481136,0.4319021842734988
-0.5766898750186203,2.0057999301820777,-0.604956189930548,-0.5705020927099176,-0.6086531472103436,-0.8163889956193869,-0.8102466197033977,-0.631278791002525,0.18305992584360392,-0.848431480270008,0.6615708832278319,2.4711947099162574,0.553217721290727,0.06828047952584312,0.1656802506008945,-0.5495019510185645,-0.6262266434875676,0.024460954129104154,0.0060486642014076185,0.05880150664738828,-0.5403006432162631,1.2115574981256936,-0.5828796099951581,-0.5416405299013118,-1.2330473550620398,-0.9756772040074224,-1.0225296518698297,-0.8777772218383529,-0.8150806584367567,-0.9702998169597423
0.3793308908998309,0.14345285274542594,0.419784840117682,0.24260784501935148,1.4606720587628188,0.9902801245172519,1.2516261507314392,1.071495143876123,0.460552817164364,0.7405516986286442,0.8011289242516202,0.17355715768478286,0.8233815842416883,0.5169503405724601,0.07870041223835934,0.22546193741821052,0.6845639704519403,0.7894949104303141,-0.23448007874854143,0.2020008571327305,0.9859349565179526,0.5832694380986577,1.00204491622162,0.7951479973973049,1.6058113389619588,0.8656453144667391,1.3435317363163484,1.470734293175332,0.5070072521899975,1.0237808023351078
0.12716309467206555,-1.2949082315416327,0.09451479104953558,0.005680627750205365,0.17606287190869288,-0.2683785494074627,-0.08049596559616373,-0.13278262123104434,-0.24242917418156312,-0.9365395341668747,0.014622116036872525,-1.0651006477217124,-0.16815731554708344,-0.09217776235187645,-0.7335790460182192,-0.404443160539139,-0.03941704443281219,-0.5093851092372229,-0.6205595482015364,-0.598520440279599,0.09429205351533222,-1.3673085441791561,0.031329202023958024,-0.04435654906139175,-0.4257469139489648,-0.3773914149480381,-0.10479724605334557,-0.33214526096656605,-0.44023581021307917,-0.7406239585278659
1.2882433871933145,0.4762590624219881,1.2419841010174357,1.200521960939891,-0.3441747852109644,0.6897946159706173,0.21589123431280333,0.30731972743637354,0.549350542387008,-0.26357629492012163,0.7847504744493173,0.5220555364150142,0.67985703204899,0.9531514719954584,0.17655273039621133,0.7723956649456939,0.28912157822268475,1.0864488803103893,0.15529983290368402,0.2893975953945586,1.6566753385064106,1.3782461671124582,1.5509615403214885,1.6633679911191763,0.7940751811394713,1.4380058034768683,0.9087018327561559,1.361278032819079,1.3377444833884184,0.8440833091854729
-0.48801548513632914,0.5606003621345417,-0.48744185654341227,-0.5258196605823253,-0.5941213690785092,-0.16940613502991483,-0.35557020874128165,-0.2854660322563864,0.4642527223819748,0.22405621026770545,-0.39040329886590625,0.47302058865397667,-0.3360716609228547,-0.42249689467594626,0.02363656295239957,-0.020065587323229456,-0.16350671760872226,0.20900861902632598,-0.10373112104241507,0.29678323524767075,-0.4941119342769381,0.7579719854020939,-0.4609623387477137,-0.5296476078090447,-0.06645386048655327,-0.04236640223423165,-0.13224026499403235,0.097283135828377,0.14398183611751766,0.5020965175350749
-0.6570510408494464,-0.40590534267958395,-0.643459179709268,-0.6449728129225711,0.8285397100280398,-0.11907481234835382,-0.4469292573255007,-0.10977899473550437,-0.7641158098645936,0.6387717053339881,0.08934879325987902,1.1822760830546988,0.10763496121535644,-0.22401924771637213,-0.1604941432586125,-0.4027498672650601,-0.5245628148615208,0.2475958580502904,-0.2554492512108442,-0.5833388472482017,-0.560382690581187,0.35407251824185637,-0.545899963740009,-0.5674844324381693,0.1331533914370093,-0.42373132324863927,-0.6375703379018511,-0.19510002539723,-0.690132375695531,-0.34248170026820707
-0.8427130446654933,-0.11640953015271162,-0.7473370375497735,-0.8140489295535215,1.8675618464541706,2.102076506139799,0.9998590591350922,0.3773417553403797,1.4484275102662727,2.5725915779324446,-0.6852153953073561,-0.35882227514933945,-0.5630843513191486,-0.564763055627402,0.12639903327587856,1.1404047365121743,0.5410385653328152,0.28618309707425515,-0.3750968823192807,0.2852944621428294,-0.6125960137299891,1.129815939295646,-0.4522952341566628,-0.6421445953224234,3.8369768437964455,4.288536378940881,2.6915517529028423,2.0749928263749204,2.139777379362503,3.180150720130722
1.0499309643846573,0.38279978436213163,1.302145022546686,0.9302208283161856,1.9692842933770085,2.8946070349315463,2.8694166699990564,1.7962357720378044,1.1413353772046306,1.3041394226930811,-0.03144227403210386,-0.8006621794389741,0.09544006462382007,-0.00223938473888718,0.04012064522271879,0.6713624995923198,1.1304645129183883,-0.19699624374756197,-0.5564185500815498,0.5577425100576359,0.9056067670582573,0.32201700497517094,1.218722530997884,0.7022450797811514,2.457468947169158,2.120580128445184,2.990586028256532,1.2353283633680479,0.604939690014202,2.028963654640876
-0.05018568509251681,-1.4066034662960953,-0.0651121874080753,-0.17249746579562467,2.1000702965635143,-0.11118706774900461,0.15357264728400463,0.44003295721833463,0.6344483623920412,0.304568742276911,0.45684026069904743,2.457184724841675,0.5494654454164081,0.0637835606451937,1.0505598158778149,0.4055154555619331,0.6064472786032499,2.8262300484778344,-0.403466939180044,0.7337669265568102,-0.33546376009403955,-1.6654248175593311,-0.372557871918998,-0.39688089281577815,0.3327606433605719,-0.7305766619958639,-0.5462513265992209,-0.18760302126324008,-1.2270722934213392,-0.6255052519788815
-0.7956047750405263,-1.039604837817147,-0.824343017107214,-0.7357167645891007,-0.9327117995502423,-1.1059819044812056,-1.093126889059743,-1.157809050646043,-0.11663239678281767,-0.26661450367518585,-0.6749788641809169,-0.4129358424999129,-0.6522009033342228,-0.5426872720314865,-0.5006975433056252,-1.0250915885981906,-1.1373976065163924,-1.4668519488448999,-0.42196915017619363,-0.7015090848979972,-0.7089898410816239,-0.5947706744520352,-0.7319538089612275,-0.6681574122549465,-0.6785827663854777,-0.9714189421635835,-1.2577920290713518,-1.4595447426359711,-0.12111114213075957,-0.5328487320736013
-1.2010130012836258,0.1366143689849492,-1.1961375121579805,-0.999122460156079,0.4725111457981066,-0.9476636021656978,-1.0201480845337978,-1.0315166133144853,-1.6816923038319092,0.9623409377483418,-0.2634703128980598,1.4204458293225957,-0.3693731093074349,-0.4408933810058759,1.4328502344873442,-0.6014296114236506,-0.9753970431289386,-1.0794696231651861,-0.29738759613545074,0.7908004787558436,-1.0784995125962233,0.08320343113836354,-1.1153287353720303,-0.8820030371677653,-0.013225259973603005,-0.991520442926412,-1.1869511877644618,-1.352487523602595,-1.6086711028742724,0.34879209369179315
-0.32175100410703295,-0.23950223784130284,-0.3109698200576112,-0.3628115285612948,-1.6266042053453151,-0.45975025766310024,-0.5996097955460578,-0.7561556205497418,0.25705803019580686,-0.5430915003860416,-0.6022994931831984,0.11751721738645415,-0.24507897097062115,-0.4376228945472217,-1.197939150824657,0.6685403441355219,0.11644257518873764,-0.17350835912427928,0.7276348930512547,-0.014234265233388176,-0.4338657921821663,-0.18606288030179477,-0.3208441478590628,-0.4499200130548185,-1.7125483313495307,-0.13316757390432862,-0.5249593291452399,-0.7186907941150866,0.5407770583362749,-0.6288745799754366
-0.12223362687187828,-0.6862831768591533,-0.16738575400780065,-0.22407533497994409,-0.22719397124970067,-0.5806956748531206,-0.8868984817488204,-0.7569139818627816,-0.642018937683459,-0.15420077973780547,-0.7080769814897371,-1.3165798798104624,-0.7253702828834414,-0.49812689403232363,-1.1281448450418163,-1.0192215052480504,-0.909240801706842,-1.1084939377353855,-1.218797703743717,-0.8381434221805731,-0.08845457750547558,-0.8928869478322105,-0.1680142035702049,-0.19401470362123188,-0.2438825288630521,-0.6053336665888334,-0.7132752177382286,-0.4044163808182288,-0.1363075548965836,-0.3284428336158919
0.5871614921864502,-0.13008649767366592,0.6764714386424828,0.40920160430988006,0.7776784865666203,1.441008387337203,1.3226693399442702,1.056075130510981,0.26445784063102634,0.6494054359767133,-0.4262311578084436,-0.5509341954845471,-0.2136536605232002,-0.27655143645850455,-0.8703618563463995,0.5375923309400871,0.27342348703778036,0.06808131128662927,-0.8068151388961121,0.14004354503162278,0.4537607013474697,-0.10912964846174945,0.5629116169417255,0.24110877961369828,0.20412485878761005,1.362233791255615,1.0941787883552807,0.8874673715509153,-0.19709320595988253,1.2708648554158553
0.16318706556174653,0.5127309758112004,0.14504996513410545,0.00044009558709277185,1.293556610246727,0.6203073421192085,0.5062958498670057,0.8212359105729963,0.8231435284901584,0.7618191599140948,0.03543639599396561,-0.14341875462763867,-0.08654531528064718,-0.031264952059442706,-1.1874173961840278,0.1842584677489573,-0.21246981154259034,0.1737767920914018,-0.2776519044062245,0.1511220048112908,0.31720277926598733,0.7900274986687792,0.2393397122091714,0.16425272958578943,0.21743200891584732,1.1017283608089916,0.4133080253268619,1.0404062558843101,1.369825799227382,1.4449468019045633
0.24077715670875108,1.335628521655302,0.14464889232391082,0.11600762065784022,-0.14726919152461437,-0.9795901874487776,-0.8063828673076122,-0.49932392253360375,-0.8862126820457283,-1.1431377295112501,2.735833307148635,1.6743768087993975,2.4190368997958047,1.3159710635024038,-0.05667949747107042,-0.8097046841353549,-0.4942879247192053,1.2558971908069294,-1.5466568825954938,-0.8147555626457179,-0.261160184843821,-0.09149911616507252,-0.34308971630942575,-0.3200248427878693,-1.6868211744349384,-1.263422985955075,-1.1704380608501521,-1.2748185607744595,-2.2317240262730875,-1.6076643629748524
-0.1831972699159531,-0.13464548684731736,-0.180220083934041,-0.2913748006536013,0.8430714881598732,0.19399352686867086,-0.5816620424817637,-0.4353687851339158,-0.3016276576633251,0.09189412942240704,-0.7247966489962545,-1.0946967411917674,-0.692537868983151,-0.522246731664898,-0.9229706295495458,-0.6127182332508433,-0.6097810241510012,-0.7239637123313563,-0.8487534838207187,-0.8012152229150122,-0.18886481433009505,-0.09791021881840947,-0.15934709897915403,-0.28455281969806523,1.352975486525446,0.3715616975860041,-0.02814605521901343,0.4301501193775297,1.0658975439108864,0.16740993654388103
-0.5351237547612963,-1.3792495312541864,-0.5155169532570625,-0.5542288612560414,0.7776784865666203,-0.1573867146880497,-0.7494236787632901,-0.5036213033074958,0.27925746150146735,0.3258362035623616,-0.722408125066752,-0.727810257051147,-0.4439495923095232,-0.5392123801691664,-0.09525926448671097,-0.040949537703535974,-0.7932991853840489,-0.6023300241036418,0.7646393150435548,0.16548297119234245,-0.5925139663650653,-1.2759503313691025,-0.46327356663866043,-0.5794773545304361,0.47913929477118417,0.034031824964057024,-0.8147670722688717,-0.48193540356368475,0.9831615188525069,0.49086542421322316
-1.4928071654900401,-0.5700289529310388,-1.4704713143313617,-1.1651645844820695,0.5814994817868617,-0.5482056792415159,-1.1052628106977314,-1.232153738034376,0.667747509350533,1.2783146482750336,0.35720469106837227,1.4834907621582154,0.11607758193257389,-0.26101662577989726,3.077751209972385,-0.31752077246975563,-1.1737910145800623,-1.96026529653829,-0.21844482921854463,1.2294254233656745,-1.2291148678331527,-0.4761652753652985,-1.254002408828839,-0.9649400054396406,0.6255179461817965,-0.7643922707557621,-1.2839007495049226,-1.7094948604631954,-0.7458525558368884,0.2797208697624027
-0.23584768890856378,-0.5289980503681752,-0.2961301260803965,-0.30433822232024854,-0.8317159415339958,-1.0053192591180833,-0.6623022940970293,-0.6113086097591443,-1.141506142060828,-0.8848899853307808,-0.40780540178085295,-0.5975173958575328,-0.4106481439249429,-0.34625367910857124,-0.35514660411025367,-0.8040603732217586,-0.32945796727771043,-0.44076693201634665,-0.690867949986906,-0.5103030753674255,-0.23103711379643505,-0.3479432222985563,-0.24775156580786975,-0.3031334032212959,-0.19065392835010306,-0.763766055778727,-0.4388450283313606,-0.25837474028810503,-0.6428546470907429,-0.4177300255246162
0.872582184620075,1.3857774025654694,0.8208576503126839,0.7503878298767407,-0.9145470768854498,0.1395305284445934,0.3953687649557438,0.21783309249767968,-1.2488033933715226,-1.2904908541318707,0.33366066947756196,0.7829915084291071,0.17048558211019813,0.3425925312454606,0.37330954217597834,1.0043768434945028,0.6733510481770086,0.962298633015895,-0.55271810788232,-0.00028361217750947124,0.8212621681255766,1.5529487144158949,0.7333646738990534,0.6684622006480047,0.5190607451558972,0.996524244667086,1.0989103433450542,0.8979631773385013,-0.6529855889346259,-0.2374709777088896
-0.6681353395847326,-0.6087803609070765,-0.6903846985020833,-0.6430420905466874,0.6686901505778652,-0.7985476685494306,-0.6575660814828407,-0.5749072667332349,-1.7223912612256214,-0.47321269901956137,0.12517665220241636,2.2347762117826835,0.15875972000295158,-0.14818484295632892,-0.16365066965080138,-0.6482773920065001,-0.17883104471779537,0.23249650364960867,-0.8425860801553354,-0.013413638583042443,-0.5945221711015576,-0.046621397591712604,-0.6140811865229401,-0.5769436385954502,-0.21283251189716557,-0.940984894279675,-0.7889800975746057,-0.6647123643503591,-1.9835159510979499,-0.574965332030547
1.257761565671277,-0.5062031044999171,1.1818231794881855,1.159149338599528,0.6904878177756159,0.12262821858884525,0.7107008153214658,0.9582465211288497,0.5974493102159397,-0.06609272584093986,1.0256501736248538,0.6113691912654754,0.9265691707854582,0.9985294716092847,0.3708544660931648,-0.24132257513620525,0.07532852684732151,0.7257420807385468,0.003581702735254396,0.3406867610411713,1.1967964538496536,-0.1395823860651009,1.0973830667231765,1.1160853491621991,0.8162537646865338,-0.1500753782842778,0.2642640431489939,0.8005021235966322,0.01227959214703589,0.050045011330525524
3.876427141882686,-0.1984713352784391,3.873021735896647,5.081273936465947,1.3298860555763121,0.9038905408100946,2.884373130885968,2.799800576293777,-0.5791205489840862,-1.1112365375830744,8.39663502006953,0.42748813716158457,8.940023334877779,9.89282180132293,2.2465325933626734,0.13741068716610796,1.2141876659045445,0.4002671081016283,3.3808519498991534,0.30211730847491847,2.373604429434194,-1.1701671375890403,2.3425570929707726,2.7207721079866696,-0.7850399674113775,-0.6353919854865206,0.23067000272160146,0.6820494582795914,-2.091579330766037,-1.5958717149869075
-0.1305468509233429,-1.408882960882921,-0.16257288028546102,-0.24227928880970392,0.04091733528263662,-0.3072538620756833,-0.6206734779617918,-0.5842603895940588,-1.6446932516558077,0.13290994761577457,-0.6893100077579318,-1.3980129180564713,-0.7169276621662238,-0.4950608129773354,-1.0211736728620855,-0.470481598228216,-0.5563327613071604,-0.8430808414922902,-0.8277843113584155,-0.41223819065110207,-0.1908730190665874,-1.5099555782159064,-0.22261696249382343,-0.30752517750860486,-0.035403843520665515,-0.03547803748684487,-0.45162022680374925,-0.5015775543947383,-0.8556044258122896,0.19717233384678862
-0.5877741737539065,2.02631538146351,-0.608164772412108,-0.59091258639783,-0.8375286527867292,-0.731877446340646,-0.5998590698941729,-0.7404828200802531,-0.7012174211652209,-0.2316751029919468,-0.7541413715587136,0.8285239599214992,-0.658298351629991,-0.5674203258750586,0.10149754729305605,0.03411979744729517,-0.0745508675609313,-0.42247993613107654,-0.366462517187744,0.2307227898948338,-0.6427190847773749,1.9408204249427898,-0.6455716665370905,-0.6157939495985689,-0.4922826645901523,-0.4224788932945691,-0.4270161408569266,-0.642521232113749,-0.7424755752222606,-0.09708231118573755
-0.7152436092097002,-1.965079640068408,-0.7300909067113882,-0.6830356254757051,-0.7212744277320569,-0.822210902347478,-0.9348837937609953,-1.0069962641928658,0.10536191627379018,-0.23775152050207524,-0.9588719940874981,-1.5265545311157624,-0.8501334557045451,-0.6578083953761128,-1.0243301992542744,-0.6708546356608853,-0.7989056465215147,-1.1772798855607136,-0.012453546794741978,-0.7335135242614835,-0.7933344400143042,-2.0677215090562346,-0.7565106053025373,-0.7102170967757141,-1.006825802882002,-0.5665083380126541,-0.8900461121561696,-1.0025273706279454,0.8497707845747123,-0.5238638574161192
-1.0616279446873997,1.884986717080312,-1.0533555917285597,-0.9249275574256945,-0.4066614311778506,-0.5050108873879372,-0.3575644035262032,-0.5400226463334051,-0.7826153359526443,-0.19673570230870666,-0.6562118904491117,1.7636904636498583,-0.6953520758888901,-0.5551560016551055,1.7555173767999748,0.11709116787716105,0.6217716057123231,0.9270668060809706,-0.24558140534623135,0.4916820647047986,-1.0945651504881626,1.464796052932509,-1.0933720704080359,-0.8963607607993527,0.28840347626644686,-0.5139062799417011,-0.3375897515502059,-0.340991725844674,-1.1156319331386244,-0.047103945903495356
0.8199317656274643,1.7801299660863266,0.7727289130892835,0.7561799970043915,0.22401773974374467,0.1414085628730099,0.1498335320622766,0.39352013001856173,-0.04263429243061574,0.03720637183124895,1.7637040678411227,-0.13991625835899313,1.468773034624541,1.504024034875018,0.5946171147838802,-0.17471970635576864,-0.15677896424376317,0.4858301163721584,0.003581702735254396,0.2779088222897173,1.3393789901406135,1.3974794750724702,1.2909484025899718,1.2833106008712754,1.2465182854995467,-0.054264486797899456,-0.035243387703673815,0.622073425207672,0.20814446779544396,0.3892240296504608
1.7953500543326673,2.277059786014344,1.9318293345528383,1.6776862052654118,1.5914580619493246,3.258945714044341,3.2744874856862483,2.6102102480338325,2.192108459005912,1.1537480893173953,1.0706909105811864,0.6358866651459942,1.337912413507669,0.9116571750512837,-0.18329127831330919,2.0485743625098225,1.4862879131095519,0.831437561543319,0.34772282726364306,1.0033427811954063,1.8976599068854971,2.187647877096268,2.2298847332871152,1.5755325053729947,1.4683041209701717,3.851438324970345,3.1576099193955405,2.2639173305514664,2.0266485287724745,2.2648166143997708
1.476676465693183,-0.002434800811423278,1.386370312687636,1.4129014222870881,0.5524359255231929,0.28789524828949414,0.6134838195565396,0.9395402754072016,-0.10553268112998744,-0.9259058035241494,0.6267666773979386,-1.0467125423113235,0.4115693070351882,0.6005521506718071,-0.8401994930432622,-0.4112163336354547,-0.14631357012049367,0.16538826186880085,-0.8351851957568753,-0.4881461558080887,1.8896270879395278,-0.19247398295513174,1.6087422375951588,1.830593242828253,0.7896394644300593,0.39473165173630465,0.7587115395803332,1.2878073923059774,0.8311973911942591,0.32745301638027374
-0.7457254307317376,-0.9005556680207749,-0.7569627849944535,-0.7086866513267301,0.035831212936494675,-0.6494317349331631,-0.6686587899739669,-0.5053908130379219,-0.26092870026961384,-0.5947410492221356,-0.8063476803035536,-0.4169637132088552,-0.8332482142701101,-0.5917445689112988,-0.6704485181744435,-0.5686926081247919,-0.6378133298383303,-0.5171025570420157,-0.6674318160584494,-0.8828675746244194,-0.7973508494872888,-0.6011817771053722,-0.794068058530423,-0.7200141317243267,-0.5721255653595777,-0.5527316085178806,-0.6219562064355983,-0.43860271966922293,-0.35581129484738594,-0.8995439290320738
-0.37440142309964364,2.2998547318826015,-0.42447342534279725,-0.4105279529938471,-0.9545094667479929,-1.1480498756777344,-0.8563623741047088,-0.8532258686188333,-0.9824102177035917,-0.9410968472994705,-0.584556172564037,0.23660209052040265,-0.6765906965172955,-0.467261678078775,0.6279360044792066,-0.731248762436366,-0.677432321876422,-0.3991598221122457,-0.17897344576009136,-0.8262443357505591,-0.48607911533096876,1.6394986002359455,-0.5580339101674798,-0.495864728675898,-0.3769540301454278,-0.9184411551064097,-0.8744792962398145,-0.7351842032098646,-0.8100151875148152,-1.057340790204097
1.8064343530679534,-0.4537747290029244,1.7192607451494881,1.8707584428537727,-0.10440044603570355,0.07755539230685012,0.7979468371617842,1.0280157619285093,-0.8640132507400679,-1.1826344433270861,0.6875034287481447,-1.005908460781603,0.5625984109765241,0.7236042036786696,-0.29236680142116567,-0.3575953799562894,-0.17172952727700538,0.1066685503105937,-0.9449649810006981,-0.8323990356281525,1.8233563316352792,-0.41686257582193015,1.7156365275514496,1.7866754999551622,1.077961050541872,0.3283528641705785,0.6839529707419107,1.4572396857341499,-0.3338609208523063,-0.7366930758652176
1.5764351543107604,0.6403826726734431,1.5267457962558868,1.6638953311519573,0.17533628300210047,-0.014468294685556661,0.7381209936141374,1.168818179049561,-0.8233142933463555,-1.3087201066622571,1.180563011338301,-0.37633475649256715,1.3815326205466263,1.4467905218485702,-0.19311158264456327,-0.3587242421390089,0.09364296656304334,0.591525597176931,-0.8462865223545655,-0.7150494246287029,2.214956255251295,0.8188774606087962,2.293443500288153,2.5501685683642785,0.8561752150712468,0.387843286988918,1.2578905910014464,1.871074313930394,-0.20047018657451082,-0.4222224628533576
-0.5378948294451178,-1.1991694588949504,-0.5889132775227478,-0.5387830822489726,-1.348320654120694,-1.3399849942618969,-0.965295264231049,-1.1044709716289118,-0.4866229185438325,-0.9228675947690852,-0.6855566130115708,-1.1073057277588914,-0.6948830414046003,-0.5273568667565451,-0.596796235690039,-1.1016848876956926,-0.7540539574217882,-1.112855973451138,-0.08029498711395859,-1.1445654134196956,-0.6909159984531924,-1.4907222702558953,-0.7458211763069086,-0.6336988755391367,-1.4104760234385398,-1.2508360649166683,-1.0891499461258418,-1.4318058273402086,-1.0025030825485954,-1.3083557259474925
-0.08898073066601883,-0.8093758845477446,-0.06029931368573509,-0.20035503150480255,0.34899103167751705,0.46067441570380885,-0.1344638619631035,0.04922409389850233,-0.5273218759375448,0.4701511194279169,-0.45557588037090274,-1.0707046417515453,-0.45145414405816103,-0.3734395977961339,-0.8163501825245028,-0.26164209442515196,-0.5163400051932375,-0.4157691119529957,-1.014039902052991,-0.25016442720780624,0.05613616352197657,-0.7871037540521483,0.08333182957026126,-0.12813808931159573,0.40816782742058466,0.6333195579866978,0.030998382153156152,0.36417648299841854,-0.5027099515836918,1.0855518156052941
0.021862256686844654,0.2711045496076694,0.01911310273287486,-0.10574963508650578,-0.4785937329304293,0.13765249401617688,-0.4742247984441146,-0.4591307729424955,-1.1045070898847265,-0.3759900188575031,-0.21979444675858578,-0.37458350835824417,-0.07997883250058899,-0.21686505858806612,-1.030292526883964,0.42865713030767805,-0.11940255666065781,0.30463786356397715,-0.5329824161530934,-0.408545370724546,0.0320377066840677,0.2386726704817887,0.13533445711656453,-0.10094287160941255,-0.7362470836078399,0.5625572655817254,-0.09533413607379854,0.29820284661930696,-0.5955769184859543,-0.28576467899285385
-0.4325939914598969,-0.061701660068892765,-0.40161227516168185,-0.47148361657531523,-0.6028404359576103,0.0061900840270245165,0.178500082095524,-0.12216556284848752,-1.0046096490092533,-0.11014675278937265,-0.17748345143597025,0.43099063343023014,0.13718413372561794,-0.28881576067845766,0.9849742119512259,0.9631733738252497,1.1700835049564802,1.338104786988419,0.7362692581827914,0.1909223973530625,-0.5864893521555882,-0.5354679749086668,-0.5314547894215914,-0.5757612378257901,-0.9890829360443522,-0.3310515066474369,-0.1540054179469908,-0.32029999443486196,-1.2929234154065796,-0.6620063052749009
0.9861962466567605,0.31897393593100987,1.0213940554101848,0.8466481311886523,1.1337070507965534,1.1837176706441477,1.2067567680707043,1.4322223417787106,0.6159488363039904,-0.1374906315849517,1.3617496122762753,0.29439327895305395,1.2290964131524205,1.0688449304703491,0.69878248572611,1.3689993285128252,0.7720247641964071,1.1283915314233943,-0.32575765299621406,0.5039914644599858,0.8393360107540081,-0.10592409713508097,0.7362537087627367,0.6988667918678367,0.4392178443864724,0.605766098997151,0.4114154033309524,0.5620973921357525,-0.7154597303052389,-0.3531512389239664
-0.2968113319526386,-1.253877328978769,-0.369927523156277,-0.34791738451876414,-0.8992887098470239,-1.2417637936557162,-1.0484407230448727,-1.008968003606769,-1.3006020664180642,-1.1218702682257997,-0.050209247763909136,-0.7064450298124092,-0.16534310864134413,-0.17598397785488926,-1.015912795541771,-1.1612888109432697,-1.0679784047122909,-1.1514432124751026,-0.7648767939715057,-0.6018029468809823,-0.31337350799262303,-1.3416641335658077,-0.3887364671556257,-0.36461824324362296,-1.3439402727973522,-1.2185859935993582,-1.1975971864914525,-1.179906488438147,-1.316562279708974,-1.0034315422592066
-0.7235568332611648,1.0461327091284298,-0.6984061547059834,-0.698481404482774,-0.2388193937551684,-0.02573650125605551,0.280702564822754,-0.19446267469161288,-1.5410959055627238,0.4762275369380453,-0.5917217443525444,2.9282704729745004,-0.4613038682282482,-0.5038502453349685,0.405225531252554,0.2559412163516306,0.970867252538528,0.16538826186880085,-0.6834670655884459,0.40961939967021854,-0.7652195737034106,1.825420577182721,-0.7261757392338605,-0.6994065754531072,-0.09306816074302779,-0.008550793474333506,0.43365371178288814,-0.2621232423551,-1.3081198281724047,0.20503409917208518
-0.6958460864229489,-0.7569475090507518,-0.6607053105476534,-0.685517982816127,0.9375280460167938,0.2503345597211648,-0.22071278641096098,-0.09537012978774857,0.30145689280712784,0.0964514425550039,-0.5685189404659489,-0.8721131033193433,-0.5874741445022215,-0.5259260289308839,-0.4070539270040246,-0.29550795990673007,-0.1904177310685581,0.22746338551604797,-0.23941400168084787,-0.7212041245062966,-0.7330882979195323,-0.9778340579889266,-0.7362873612567526,-0.6968728595181212,0.4259106942582339,-0.2258473905055312,-0.19469679085904373,-0.05265694685142148,-0.1683888707355472,-0.5277947400787675
-1.0006643016433245,0.19360173365559336,-0.9342369671006443,-0.8896229196952514,1.184568274257972,0.5038692075573875,-0.29811247150072917,-0.4566029018990296,0.43465348064109377,2.3173820425070395,-0.2682473607570648,1.0999674207415286,-0.4120552473778126,-0.4437550566571983,1.6958941005030757,0.6877310012417495,0.5421598575603085,0.6301128362008956,0.3020840401398067,1.2524029695753571,-1.030302598920406,-0.48417915368197,-1.0052565070656883,-0.8679831423275095,-0.08419672732420254,-0.3016194027267846,-0.6711643783292435,-0.7894625131399516,-0.8505389548903476,0.37013117100331255
-0.6903039370553053,2.267941807667041,-0.684368606349158,-0.6664865765395598,-0.169066858722365,-0.33298293374498905,-0.21286064444533243,-0.7222821485672984,-0.020434861124954233,-0.1374906315849517,-0.33683211930420764,2.091173864768217,-0.3609304885902174,-0.3779365166767834,0.9877800131887269,-0.06239791917520191,0.42405040959769547,-0.41425917651292776,0.5339784179582191,-0.6612983790310529,-0.636694470567898,2.0898785616328777,-0.6175480283593601,-0.608868459376274,0.3859892438735221,-0.31289127231341735,0.09913277400589587,-0.6846543953467724,-0.004605310926102753,-0.6440365559599375
1.399086374546179,1.2444487381822718,1.6230032707026876,1.286025380443308,0.10921669250225617,2.672998972378404,1.4684948335916592,1.59400608856053,2.192108459005912,2.3447259213026186,1.8537855417537878,4.09109923416482,3.8228571112753666,1.5244645752416064,-1.3697944766216015,3.2558924669280755,2.148971619558012,4.901552425549319,3.012041210709232,3.7339779602210625,0.9377380428421356,0.6682165482553746,1.2793922631352377,0.7495411105675568,-1.2507902218996896,0.8593831646963875,0.43791211127368446,0.9399464004888448,0.4884338588095452,1.046242988978812
-0.9452428079668923,0.23919162539210853,-0.8997447054238742,-0.8601104490924592,0.8939327116212926,0.47757672555955677,-0.052327964259146695,-0.5074131098726946,-0.5051224446318833,0.9198060151774407,-0.31533540393868537,0.4502543629077808,-0.3234077298470283,-0.42678940815292987,0.6514345898432784,1.2736104740730472,1.569263537944046,0.9673317511494554,0.8460490434266141,1.5880392695667898,-0.9238677478863095,-0.08989634050173799,-0.8928730508683993,-0.8071739598878453,0.07105335750523502,0.012114300767826675,-0.08492471509629648,-0.42001014941692805,-0.4756941066666701,0.18762590452321484
-0.7623518788346673,-0.10273256263175651,-0.7926582651018086,-0.7191677156529556,-0.63699011456742,-1.0026900109183001,-0.8062582301335546,-0.68284736028923,0.7713448554436169,-0.45802165524424027,-0.5002753996230207,1.2996097080543243,-0.4528612475110307,-0.49322116434434243,-0.1776796758383068,-0.6398109256361056,-0.6594916462365313,-0.2953098179564455,1.6946837877833578,-0.33304771889273216,-0.7893180305413194,0.05916179618834963,-0.8125578816579975,-0.7245748204073015,-0.8914971684372774,-0.9768043909660857,-0.9276619743248695,-0.779416527600405,0.6420864767751067,-0.7709479104968666
0.4375234592600842,0.22095566869750197,0.3716561028942817,0.3030118736362815,0.005314478859642999,-0.2907271591056186,-0.2835299221359902,0.07955854642009344,-0.6901177055123907,-1.0747780325223026,-0.1443853341271501,-0.14341875462763867,-0.24085766061201222,-0.013072871133179098,-0.8482661716010782,-0.14988473833594484,-0.44345601040618204,-0.3216498028554128,-0.610691702336923,-0.5373837548288369,0.7670406402402822,1.129815939295646,0.6322484536701302,0.6431250412981446,0.4214749775488219,0.6364506328718735,0.08919650852737139,0.6010818136325,0.9291298290184636,0.14831707789673196
-1.3373498757276485,-1.2402003614578143,-1.2823681663499058,-1.1003474761488339,2.993774651671306,0.3573825221409032,-0.689971746737816,-0.620156158411275,1.4521274154838835,2.186739066039273,-0.19932138450570733,-0.1784437173140941,-0.24930028132922988,-0.44947840795984306,2.951490154284833,0.0064626739706731525,-0.35263133997923574,0.690510253803623,2.4113360937008976,0.06618714650050041,-1.148786678373457,-1.2711420043790995,-1.1433523735497604,-0.9487242234557302,2.3554474628526707,-0.2715610838290973,-0.8109345127271552,-0.6206299800424984,1.3411214640030458,0.3454227656952372
0.459692056730657,0.8136242612722017,0.5521388674820326,0.3471426707993354,1.4243426134332338,1.34710666591638,1.5532481119508255,1.1640152240669759,1.078436988505259,1.6322659682400296,0.47697210524771133,-0.2800161091048145,0.31823144466150516,0.34770266633710767,0.5802373834416871,0.8169857211631049,1.0501052366147114,0.37174610534478497,-0.6748327004569095,0.920869802835653,0.7831062781322217,0.7579719854020939,0.6611388023069653,0.6481924731681166,2.377626046399733,1.4993748712263133,2.1966311009725255,1.340286421243907,0.6539059089263043,2.3322031743308838
-0.5323526800774747,-0.9415865705836387,-0.5584317439479274,-0.5484366941283907,-0.6660536708310878,-0.7140361192706897,-0.8567362856268816,-0.804437957479941,-0.6161196011601877,-0.19369749355364244,-0.5279140336644066,-0.7435714902600519,-0.4505160750895813,-0.46215154298712785,-0.5757527264087805,-0.6268290105348341,-0.7809649708816242,-1.0975888484460044,-0.8746565792153286,-0.6871481185169457,-0.5101775721688773,-0.703759419558766,-0.4710739607706058,-0.5154587985731232,-0.2793682625383531,-0.3773914149480381,-0.7317282821983454,-0.8764277610942347,-0.3811386494570939,-0.2279245483853151
-1.301880119774732,1.9465330709246076,-1.310443263063556,-1.0631121160425072,-1.0656775694565233,-1.009638738303441,-1.1052628106977314,-1.232153738034376,-0.23132945852873288,-0.30003479998089444,0.42749553813658814,2.9685491800639245,0.3276121343473024,-0.25570208528458427,1.5941838056436595,-0.7927717513945659,-1.1737910145800623,-1.96026529653829,1.186489725755773,-0.17056364212426336,-1.164852316265396,1.3574100834891134,-1.1820654407231197,-0.9419676476291008,-1.0911044203608393,-1.1364892101100497,-1.2839007495049226,-1.7094948604631954,-0.6951978466174725,-0.7849867771491819
2.075228597398648,0.6700161023021786,2.1042906429366894,2.0693470300875156,1.5115332822242373,1.9762481994358954,2.3970417803207615,2.716380831859402,1.3226307328675284,0.5309152945292034,0.7233312876906819,-0.5446297022009852,0.580890755863829,0.8047531489340259,-0.6416890554900571,0.675877948323197,0.5896278951908525,0.20062008880372503,0.003581702735254396,0.11829693879745898,1.9960619389736247,0.47588346865526104,1.865866340462992,2.0147099341039025,0.8118180479771218,1.9953371330381537,2.053264984782386,1.9220539420415252,1.5893295391781834,0.9563942424039945
-0.07235428256308961,-0.549513501649607,-0.039042454745400516,-0.2146975405827952,0.48704292392994,0.9057685752385108,0.12876984964654264,0.18395962051523626,1.1154360406813604,1.0018376515641778,-0.5320086461149824,-0.06636383671743672,-0.46271097168111774,-0.38693035443808227,-0.3803988152477639,0.5133217940116229,0.28725275784352944,0.44724287734819396,-0.12716725497087153,0.33658362778944206,-0.1085366248703994,0.18578107359175727,-0.08712122738706607,-0.23337175781134778,0.6255179461817965,1.1518255589718038,0.9096481437541107,0.7705141070606724,1.255008458330039,1.2484026687721503
1.4267971213843944,1.6251243341821744,1.4425205061149367,1.393594198528252,-0.13709694683233048,1.2851315297786365,0.9599751634366609,0.6872587452693022,0.17936002062599316,0.006824284280604623,0.4899383780078674,-1.0957474900723612,0.28539903076121476,0.5427054214343617,-0.7118340864275853,0.4455900630484671,0.13326195860113504,-0.3424533578074631,-0.6156256252692297,0.06413557987463599,1.5783553537832073,0.8220830119354646,1.5596286449125394,1.5620193537197362,0.8428680649430096,2.542022807989842,1.598089394766167,0.9669356153712085,1.3259250512372218,1.6077976550714195
-0.8787370155551744,0.45802310572738236,-0.8034872309770735,-0.7878462687379582,1.9474866261792578,0.3442362811419881,0.19594928646358784,0.20089635650645787,0.3347560397656196,0.9319588501976975,-0.5992285338452665,0.3434282267140915,-0.5147737994372926,-0.5038502453349685,0.35752691021503447,-0.4315358529244014,-0.20387323779847605,-0.22048412837084466,-0.8450530416214886,-0.2870926264733672,-0.6929242031896847,1.533715406455884,-0.5834574169678947,-0.6321786459781452,2.617154748708008,0.10479411736902908,0.61960382288099,0.42565191689713583,0.13047391365900637,0.695832877337025
-0.18596834459977513,-0.23722274325447673,-0.2139101999904213,-0.2803421013628378,0.4579793676662722,-0.40979454186722236,-0.6099546809928384,-0.5294055879508482,-0.6161196011601877,-0.8302022277396227,-0.3999573945839163,0.24710957932633928,-0.38485124728900033,-0.33521578731061347,-0.4070539270040246,-0.5856255408655809,-0.47410466462432843,-0.38892581524067277,-0.19500869529008816,-0.7889058231598252,-0.2390699327424048,0.027106282921664223,-0.28386450160391374,-0.31901135641387485,0.08879622434288428,-0.48823146588325994,-0.6304730054171908,-0.5233188663833092,-0.3524343142327586,-0.9905157849390761
-0.632111368695052,-0.0913350896976275,-0.6586999464966778,-0.6309061213268476,-0.5221890673259315,-0.6473658970619051,-0.7726061931380033,-0.8800213016795723,-1.0046096490092533,-0.30307300873595866,-0.6483638832521749,-0.6421742232827636,-0.6920688344988611,-0.5007841642799801,-0.5357700587743892,-0.4524198033047077,-0.40944347950555604,-0.8283170283005125,-0.5255815317546333,-0.3355095988437696,-0.6005467853110347,-0.12515740509509243,-0.6412381142415651,-0.5776192961781133,-0.17291106151245256,-0.40744973384572536,-0.5878890105092285,-0.6729590688977481,-0.5938884281786406,-0.20995479907035158
0.7367995251128172,-0.12324801391318838,0.6965250791522329,0.6331653999123786,-0.526548600765481,-0.218798440497268,-0.05556853078464418,0.4301742601488175,0.3273562293303991,-1.0975645981852848,0.6373444262285923,0.2786320457441492,0.5672887558194226,0.5257397729300933,-0.3232306150336783,-0.03304750242450106,-0.19228655144771345,0.7307751988721072,0.060321816456781086,-0.10122069017004315,0.7549914118213281,0.08480620680169806,0.6726949417616988,0.6279227456882286,-0.6697113329666524,-0.25778435433432395,-0.18712630287540594,0.5006219582370351,-0.12955359366732797,-0.6395441186311968
3.629801495022564,0.5765568242423221,3.616335137371846,4.39448840561592,0.9811233804122962,1.651348243319847,2.473070456495896,3.515188081594634,-0.016734955907344494,-0.7390559650876919,1.4463716029215061,0.43624437783319864,1.3604260687535823,1.7799713298239621,-0.84651254582764,0.004769380696594325,-0.011758502821314121,0.12176790471127545,-0.5761542418107765,-0.4073144307490273,3.37971500241688,1.134624266285649,3.2757153539405492,3.9318883249099805,0.6787465466947468,0.9414173266879925,1.242749615034171,2.3208945619697894,-0.05188303953089039,-0.15997643378810938
-1.1685914274829132,-0.29193061333829556,-1.0962703824194253,-0.9773328790568211,0.07942654733199693,0.4869668977016391,0.5237450542350696,-0.29279685828243757,-0.5014225394142735,2.8247629046027845,0.06443990085221012,1.8022179226049595,0.0996613749824288,-0.2890201660821235,2.0396047520969645,3.544316754612848,3.3001649731176594,2.166891572981397,2.2670188479309283,5.818369652099398,-1.0102205515554823,-0.22132394489514864,-0.9922558501791127,-0.8412946678123235,-0.07976101061479053,0.26260029158188747,0.3655193199301487,-0.22358864110639193,-0.46049769390084516,1.8268039748475364
1.8895665935826016,0.9617914094158763,1.8837005973294387,1.950745512711808,0.34899103167751705,1.072913639367576,2.2748973497443155,2.079357328905988,1.4817266572247645,-0.5446106047635743,2.019276128297889,-0.7199296404466946,1.619333104081587,1.9680243011965763,-0.6178397449712973,0.7786044069506498,2.3836954591799135,1.1669787704473589,0.44270084371054597,0.5179421175158645,1.8655286311016188,0.19700050323509727,1.6723010045961968,1.8947807131812318,-0.47897551446191505,0.4016200164836912,2.02392934384579,1.446743879946564,0.40400934344385203,-0.29081867098768693
-0.6875328623714838,-0.23038425949399996,-0.672336422043308,-0.6736578310785561,1.3298860555763121,-0.03324863896972132,-0.2240779901105162,-0.35119067938650045,-0.013035050689733731,0.40027231806143665,-0.3624234471203058,0.7444640494740061,-0.35858531616876815,-0.4292422729969204,0.5244720838463522,-0.12335647704204225,-0.07305581125760702,0.3851677537009466,-0.588489049141543,0.041158033664953506,-0.6326780610949129,0.5592278031486438,-0.6328599131368827,-0.6191722375118835,1.6368613559278467,0.08099794824169348,0.07547499905702792,0.11677534657675094,-0.1363075548965836,0.41000155229588703
0.29619865038518284,-1.3974854879487921,0.22927525527505618,0.15186389335282155,-1.1819317945111947,-0.6409805800052891,-0.6823688791203025,-0.5604984017854792,-0.3090274680985456,-1.0823735544099626,-0.7981584554024024,-1.4349642536906817,-0.7417864898335866,-0.4885198400600271,-0.7128862618916484,-0.5890121274137388,-0.5940829329660969,-0.42432541278004887,-0.487343629029257,-0.8094214894184703,-0.01816741172824203,-1.6093276693426315,-0.08423219252338271,-0.11682082480199149,-0.856011434761977,-0.4969984755617522,-0.6394629598977606,-0.4832848643078028,-0.674935962929706,-0.8989823743659815
-1.2794344148357772,-1.5730065711343764,-1.2671273995624956,-1.055940861503511,0.4725111457981066,-0.7239897017412967,-0.7368353241834726,-0.7073677094108495,0.03876362235680773,0.985127503411324,-0.46035292822990775,-0.44673493149234234,-0.4739677993040745,-0.5298097316005358,0.8983450987433782,-0.6189269752557993,-0.4318693240554193,0.4237549927249113,-0.018620950460125463,-0.3166351858858161,-1.217065639414198,-1.6205470989859716,-1.221645218355584,-0.9684872077486211,0.02226047370169676,-0.8658390970354567,-0.864353768561699,-0.77581796561609,-0.7374101043003191,-0.33349682561072574
-1.2902416061026813,0.38052028977530633,-1.276352074196981,-1.0683526482056198,0.6178289271164468,-0.4834134914611479,-0.8345508686446292,-0.8519619330971006,-0.3238270889689866,0.9760128771461304,-0.6043467994084862,1.364405889024267,-0.5907573858922506,-0.5604705421504185,1.2189078901278827,-0.43661573274663806,-0.533159388605635,-0.39446224518758943,0.2922161942751934,0.20405242375859528,-1.1809179541573351,0.9278662057155269,-1.166753555945597,-0.9417987332334352,1.0158610166100963,-0.5427121688853183,-0.838566793867433,-0.7323353416389482,-0.014736252769985752,0.4740187842304444
-0.6016295471730146,-0.9985739352542828,-0.5897154231431376,-0.6344917485963458,1.4461402806309844,0.32169986800099043,-0.9593126798762844,-0.7804231825670147,2.4215025824977414,0.4929376850908991,-0.17475370980225322,-0.31854356805991546,-0.21787497088180893,-0.30598581458639196,-0.43651483999778673,-0.06296235026656152,-0.8816570129105101,-0.19531853770304183,0.8534499278250742,-0.2567294404105726,-0.6989488173991617,-1.2903753123391108,-0.7027745568380239,-0.6622454084066458,-0.1152467442900903,-0.4043186589605496,-1.1361816027241913,-0.9948804264112756,0.40063236282922465,-0.43626132950567287
0.6869201808040285,1.9921229626611228,0.6564177981327327,0.5553848699124962,-0.8244500524680786,-0.021980432399222472,0.047755686509104125,0.10812348921125839,-0.7937150516054746,-0.9243866991466168,0.15076798001851427,-0.2747623647018464,0.23708847887935872,0.1416620194418957,-0.4003901490649594,0.6787001037799952,0.5941130641008252,0.6519230147796582,-0.8931587902114784,0.06249432657394434,0.5401135050166425,1.3381767755291012,0.5571335472143585,0.39819916758283064,-0.7983471175396147,0.35277524827494955,0.32624741351502784,0.4166555119363481,-1.1291398555971353,-0.3071037563043725
0.06065730226034717,-1.3382186286913222,0.02312383083482522,-0.04286324912915372,0.22983045099647803,-0.511396204444553,-0.39183962639204256,-0.06857469672700979,1.0007389789354453,-1.2282075746530516,0.3746067939833189,-0.7351654992153026,0.39562213456933265,0.13634747894658272,0.015569884394583648,-0.6211846996212378,-0.2917077956187739,0.19726467671468448,0.2761809447451966,-0.9341567402710319,0.09630025825182421,-1.4218029167325217,0.08622086443394503,-0.025438136746829494,-0.0975038774524398,-0.6297560506932044,-0.5117109751738738,-0.07964616173378516,0.2959459637757655,-1.288701312634251
-0.9341585092316061,-0.9962944406674571,-0.9494777338880541,-0.8314254309364739,-1.3054519086317842,-0.9780877599060445,-0.824704531894079,-1.0330838933614341,-1.5003969481690125,-0.8636225240453302,-0.5449749188751387,0.012442329327088223,-0.5222783511859305,-0.4881110292526953,-0.17452314944611821,-0.42194052437128765,-0.4195351095529945,-1.018736664353555,-0.45774009143541705,-0.5661056875909399,-0.8716544247375074,-0.8095426133388282,-0.8558934046132503,-0.7551483260227994,-1.0777972702326022,-0.8188729737578203,-0.8223375602525096,-1.1977493582770429,-0.9906836503973983,-0.8972977103677036
-1.5307708886583962,-0.16883790564970355,-1.5177979059343718,-1.2012966746593199,0.835805599093956,-0.8451229223741588,-1.1052628106977314,-1.232153738034376,1.326330638085138,1.6748008908109309,-0.25732839422219633,2.705861959915509,-0.3271600057213472,-0.4866801914270341,4.806826222582459,-0.6352954769052285,-1.1737910145800623,-1.96026529653829,5.062086189082644,1.263891742680198,-1.4737142047379257,-0.5338651992453324,-1.4666353747959462,-1.09483517570659,0.12428195801818405,-1.0983527180086088,-1.2839007495049226,-1.7094948604631954,0.43102518836087367,-0.14088357514096111
1.08872600995816,-0.7273140794220171,1.1336944422647852,0.963318926188476,0.7704125975007031,2.0870522307124673,0.9936272004322123,1.4979469889088248,1.285631680691427,0.6326952878238596,1.9394311855116624,-1.1932920111541394,1.5907220005399052,1.9046586260601523,0.3140369910337666,1.8685208443660997,0.5672020506409893,1.5125862156185197,0.6770621829951116,1.3599050607706573,1.2249113201605473,-1.099645008402332,1.2331677053163015,1.2191231305182966,0.7053608469512213,1.9433612899442363,0.5074659696233561,1.44224567746617,1.4593157855150163,1.5235644551575283
1.473905391009362,-0.11868902473953694,1.4505419623188363,1.4073850726417063,0.9447939350827111,0.7761841996777751,1.706551836041671,1.7861242878639407,0.06836286409768871,-0.214964954839092,0.5244013661335462,0.3084032640276361,0.3337095826430706,0.5339159890767285,-0.6160861191978592,0.1718409837390455,0.41694889215690534,0.012717011817462664,-0.40099997771389034,-0.21692904786880127,1.5401994637898524,0.7403414531054169,1.3429510301362755,1.4387118448837506,0.8650466484900721,0.7479168987841305,1.5247502924246767,1.3792708427406544,0.640397986467793,0.36058474167973803
-1.2342658974894851,-0.19391234610478766,-1.2210040263900706,-1.0140166041986096,-0.46769489933155395,-0.7679357073662422,-0.7378324215759335,-0.8494340620536345,1.6038235294058991,0.23772814966549602,-0.1181115709026228,0.2068308722369157,-0.1644050396727645,-0.38611273282341874,0.16006864812589208,-0.304538857368484,-0.15939531277458058,-0.3021884127389785,-0.10126415957626184,0.07111090640257516,-1.0343190083933906,-0.02418253830503265,-1.0555257136937817,-0.8497403875956102,-0.3769540301454278,-0.6191103960836067,-0.679681177310836,-0.7258879180837169,0.4850568781949179,0.08823072862482285
-0.3272931534746765,-0.7227550902483648,-0.3510771010771114,-0.4113554054406542,0.21021255051850268,-0.28377843172047773,-0.6944586850038895,-0.6279925586460193,-0.25722879505200413,-0.08584108274885784,-0.9090542092721607,-0.5724745475367172,-0.9014927317342852,-0.6185216767915298,-1.4581772156028874,-0.7018983456856651,-0.5709095602645716,-0.7341977192029293,-0.21227742555316115,-0.7253072577580256,-0.4880873200674611,-0.4409042107719446,-0.5120982558349119,-0.5191749152777694,-0.6519684661290025,-0.35860496563698346,-0.42748929635590405,-0.4517974469450453,0.6927411859945226,-0.2992419909790759
-0.23584768890856378,-1.0441638269907985,-0.2885097426866916,-0.2897198957599867,-1.6236978497189485,-0.9938632491047428,-0.6988209860959055,-0.5627734857245985,-1.5484957159979442,-1.4256911437322344,-0.022229396018308624,-0.13816501022467018,-0.10249248774650246,-0.10771257303048366,-0.8991213190307863,-0.8413128252514943,-0.6662193996014903,-0.14498735636743593,-1.2002954927475673,-0.9456455133758733,0.013963864055636224,-0.5482901802153408,-0.08423219252338271,-0.09739566930043211,-1.3882974398914771,-0.8094797491022931,-0.6451408258854888,-0.20859463283841206,-1.4516415042940831,-1.213452987377842
1.5154715112666857,-0.2714151620568637,1.5548208929695364,1.5370192893081773,1.1700364961261385,1.185595705072564,2.020637514666817,2.0186884238628053,0.8231435284901584,-0.2650953992976543,1.1061775518195094,-0.32204606432856103,0.8782586189036024,1.1334370380287686,-1.0478287846183463,-0.14198270305691013,0.33210444694325597,0.22578567947152786,-0.43923788043926704,-0.17302552207530075,2.0964721757982443,0.09923118777170653,1.9496483515098144,2.2697706715591606,0.5279321785747224,0.823688911005384,1.938288198530888,1.6596587973518782,1.2769588323251195,0.4807574402235562
-0.31620885473938987,0.0021241883622289686,-0.2973333445109816,-0.3937030865754327,-0.007764121459007576,0.1695790792992569,-0.21946641467038513,-0.4864317802119275,-0.16103125939413968,0.43065440561208096,-0.4907213039050107,-1.1654471658184073,-0.2131846260389104,-0.42862905678592284,-0.46211777628998435,0.41003090429281036,0.46815457054575965,-0.3142678962595238,0.8744191002873775,0.34150738769151684,-0.3756278548238872,-0.6124012067487121,-0.237062136812241,-0.42897462799226754,-0.1374253278371528,0.4523434296235385,0.34328101147821266,-0.23138552540574134,1.1975997878813673,0.44874882425627755
0.38210196558365245,0.39647675188308595,0.43983848062743214,0.4036852546644983,1.1700364961261385,1.0071824343729998,0.7917149784589044,0.9117336939290764,1.0377380311115467,0.922844223932506,3.2681329257234752,-0.03309012216530385,3.0508263501342507,2.7570291593468914,0.40452408094317865,0.7678802162148171,0.5055309781288652,1.6283479326904131,-0.029722277057815393,0.8515268508814328,1.3815512896069537,0.30118092135182495,1.4354001457741477,1.452224996537009,0.8783537986183093,0.9213784474228677,0.7085570566887333,1.4902265039237057,0.19632503564424728,1.186631655501964
-0.2275344648570987,0.5081719866375489,-0.2684561021769415,-0.30516567476705564,-0.7321732613309331,-0.7463383114394528,-0.6884761006491249,-0.6193977970982352,0.03876362235680773,-0.8514696890250734,-0.5122180192705331,0.537816769623919,-0.4181526956735807,-0.4218836784649486,-0.5424338367134544,-0.2729307162523447,-0.5028844984633196,-0.8867011986498153,-0.2628501356093043,-0.731872270960792,-0.41980835902671987,0.5496111491686378,-0.4182046227651975,-0.4511024138244785,-0.7939114008302022,-0.5408335239542129,-0.7104362847443643,-0.8677312362988063,-0.42166241683262684,-0.959630278303983
0.11330772125295738,-1.2219644047632081,0.07726866021115024,-0.03458872466108111,1.0174528257418811,-0.20753023392676914,-0.2458894955705958,0.40969850469674335,-0.5717207385488657,-0.20585032857389934,-0.3624234471203058,-0.8941788298118101,-0.36421372998024654,-0.325404327934651,-0.31972336348680175,-0.7210890027918926,-0.5701620321129094,-0.05439122996334514,0.20340558149367355,-0.07249875740794001,-0.09849560118793732,-1.4169945897425187,-0.12467868061495213,-0.23370958660267932,0.12428195801818405,-0.6591881546138566,-0.6342582494090095,-0.10663537661614905,-0.47400561635935645,-0.3127193029652987
1.7233021125533055,0.49449501911659466,1.763378754270938,1.674928030442721,1.5333309494219889,1.578104900611605,2.091680703879647,2.569764311338378,2.8284921564348577,0.6281379746912628,0.539073727414776,-0.36582726768663054,0.5124117211575085,0.5608975023606255,-0.5469932637243937,-0.055060314987526796,0.01851638732100122,0.33651427840986103,0.8953882727496807,-0.16194706229563255,1.8092988984798324,0.9759494756155552,1.8398650266898404,1.7731623483019034,1.2110325518242469,1.2282237861700922,1.2446422370300803,2.316396359489396,4.5104177708311655,1.0518585356397383
1.2993276859286007,0.14573234733225204,1.1617695389784355,1.2281037091667997,-0.48440644418316264,-0.8381741949890178,-0.10567267475579854,0.24488131266276514,-0.9417112603098805,-1.9148427532975942,-0.2863318990804409,-0.7073206538795707,-0.2610261434364764,-0.09974076228751415,0.18461940895402693,-0.7984160623081622,-0.19340784367520655,0.49421864659475967,-0.13826858156856148,-0.8467600020092042,0.7369175691928966,-0.2357489258651571,0.6235813490790793,0.5873832907284524,-0.3370325797607154,-0.858324517311035,-0.23822709676496065,0.23072980941339757,-0.5398567383445974,-1.476822125775275
-0.5129551572907235,2.422947439571193,-0.5820950397494327,-0.5277503829582091,-1.3737512658514037,-1.3050535538933508,-1.1052628106977314,-1.232153738034376,-0.38302557245074853,-0.4504261333565792,0.11357525025911851,4.229447836776318,-0.01665917712145749,-0.13265003227772157,0.10325117306649419,-0.9619317494750477,-1.1737910145800623,-1.96026529653829,1.3554765861872755,-0.24770254725676885,-0.5704237142636491,1.9680676112194717,-0.6452827630507221,-0.5563360823242307,-1.6712961659519945,-1.2582880231433866,-1.2839007495049226,-1.7094948604631954,-0.8066382069001873,-0.9118981316861111
0.04125977947359591,0.7315624561464742,0.07365900491939509,-0.07430644210782991,0.5742335927209445,0.22404207772333437,0.7181790457649219,0.3197062955493565,0.4494531015115338,-0.4170058370508717,-0.7149013355740299,1.0842061875326234,-0.4805342820841326,-0.4717585969594245,-0.3267378665805546,0.030733210899137324,0.5623431176551854,0.18048761626948262,-0.7291058527122825,0.006691714350429703,-0.20091404274904948,1.3622184104791164,-0.09001026225074983,-0.27019509606647785,0.2706606094287976,0.12671164156525944,0.7194396331652126,0.3326890656356606,-0.31866450808648134,-0.008918228609198029
0.3183672478557556,-1.4658703255535652,0.2501310414051961,0.1896508884236866,-1.0228088239676125,-0.7731942037658082,-0.37090058115036617,-0.43410484961218276,-1.6483931568734185,-1.1097174332055426,-0.6783910412230633,-1.5220012859665233,-0.6540770412713822,-0.4419154080242053,-0.9657590984214383,-0.7295554691622872,-0.48569135097509114,-0.723292629913548,-1.3422691251246908,-0.8549662685126622,0.21880074717785986,-1.5788749317392805,0.18155901493550106,0.07506592867428208,-0.4301826306583774,-0.21582795087296885,0.1175858384660129,-0.15761500472728054,-0.956913844251121,-0.501401670772415
1.6845070669798028,1.707186139307902,1.675142736028037,1.5921827857619948,0.22910386208988662,1.1912298083578132,0.9400332155874453,1.9656031319500213,0.26075793541341663,-0.3592798707046494,1.9240763888220038,1.156007361039857,1.9739231742047243,1.2669137666225914,0.4890488432229003,1.210958622932128,1.0329120891264831,2.294397232364932,2.0573271233078962,0.22415777669206724,1.5863881727291773,1.2884907299657395,1.51918215682097,1.3221609118743942,-0.18178249493127782,0.5544164708802686,0.4681940632082354,1.5172157188060693,0.6488404380043623,-0.4126760335297831
-0.7706651028861319,0.43750765444595047,-0.7802250079857634,-0.71778862824161,-0.6035670248642017,-0.7084020159854402,-0.4655001962600827,-0.7521110268801964,-1.1748052890193197,0.4139442574592272,-0.6067353233379887,-0.43044832384314063,-0.620306558402512,-0.5152969479402579,0.7254375974823706,-0.5483730888358452,-0.26068537732479635,-0.8806614568895427,-0.5847886069423132,-0.5180990285457105,-0.6587847226693141,0.5415972708519664,-0.6767732430648725,-0.62525315575585,1.6856542397313836,-0.2095658011026173,0.19234440730443544,-0.46829085603982296,-0.09747227782836529,0.261189565781346
0.4458366833115493,-1.8374279432061653,0.4358277525254818,0.24950328207607864,0.6105630380505296,0.4963570698437214,0.3791659323282562,0.33790696706231116,-0.07593343938910646,0.0037860755255414553,-0.8503647641472424,-1.47944595630248,-0.8332482142701101,-0.5672159204713927,-0.3544451538008783,-0.3999277118082619,0.07308594239233528,-0.17015294703523873,-1.069546535041441,-0.6087782734089215,0.14449717192764194,-1.854552345832776,0.14689059657129874,-0.05736295752765332,0.9848109996442086,0.28076052591590694,0.6106138684004201,0.4676351400474794,-0.556741641417736,-0.10438252184494175
-0.6819907130038407,-0.5176005774340462,-0.7312941251419732,-0.6502133450856837,-1.4740205349610587,-1.261483155154089,-1.0017391739254908,-0.9384151227836351,-0.494022728979053,-0.7983010358114468,-0.20068625532256593,-0.9798148635801937,-0.32575290226847753,-0.31865894961367675,-0.16189704387736295,-1.0325985221132736,-0.9514387658681681,-0.9039815709083734,0.2145069080913635,-0.4397291834376865,-0.6045631947840197,-0.9666146283455873,-0.6877515755468697,-0.584038043213411,-1.4335417503274843,-1.1791970715438471,-1.1397775845164193,-1.070450228081894,-0.2629443279451234,-0.8658506490665172
0.3045118744366479,2.571114587714868,0.4598921211371822,0.16593058494854507,0.6468924833801146,1.9762481994358954,2.0729851277710076,1.1513758688496463,1.1968339554687828,1.3603462846617707,-0.5187011556506114,-0.04710010723988602,-0.2614951779207662,-0.38774797605274586,-0.8486168967557658,1.3069119084632657,1.5767388194606673,0.7374860230501883,0.11706193017830734,0.9856993082129714,0.2469156134887534,2.727783275639919,0.6149142444880283,0.04516808064144713,0.43478212767705915,3.373010082515489,4.252018588530169,1.8230934874728584,2.0300255093871016,3.2138440000962776
0.1908978123999624,-1.0578407945117532,0.10935448502675027,0.0660846563671357,-0.8120980410560195,-1.001187583375567,-0.6795022241169778,-0.589821705889684,-0.538421591590375,-1.380118012406269,-0.6620125914207605,-1.065976271788874,-0.5827837996593228,-0.4271982189602616,-0.11805639954140768,-0.7515682817253128,-0.6198726541984396,-0.18860771352496103,-0.569986838145393,-0.8044977295163954,-0.13665149118129297,-1.3128141716257908,-0.16512516870652114,-0.21631140384910863,-0.7983471175396147,-0.9516305488892727,-0.7629565451308511,-0.5167215027453981,-0.9332749799487271,-1.2493924860077685
-0.7401832813640945,0.3714023114280026,-0.7268823242298282,-0.7039977541281557,1.039250492939633,-0.1849938207857717,-0.5330535445993007,-0.6676801340284344,0.13866106323228194,1.1370379411645415,-0.2972508656153093,1.6498593349188782,-0.3951700059433774,-0.3474801115305665,1.1662991169247368,-0.4642728562232601,-0.20723711448095553,-0.7009791395214295,-0.27888538513930117,0.09696064588846814,-0.6387026753043903,1.024032745515583,-0.6611724548009813,-0.6134291480592486,1.0557824669948093,-0.5351975891608964,-0.45351284879965875,-0.7908119738840698,-0.21060112841839382,0.2718591044371061
0.7007755542231358,0.4648615894878591,0.7246001758658832,0.6836399991676217,1.1773023851920559,0.7930865095335229,0.7954540936806321,1.085904008823879,0.7047465615266344,0.11164248633032396,1.3463948155866163,-0.5782536663799825,1.189228481987782,1.246473226256003,-0.3495350016352513,-0.36493298414396474,-0.14930368272714212,-0.0644574662304665,-0.7081366802499792,-0.38515751118969055,2.0422506479129496,0.9278662057155269,2.010318083647168,2.241055224295986,2.1558402109291084,0.6558632971599632,0.9375643181937747,1.431749871678584,1.2263041231057035,0.6722475813611353
-0.7872915509890617,-1.3564545853859282,-0.7593692218556235,-0.7500592736670932,1.4897356150264867,0.19023745801183808,-0.5275695089407664,-0.019786785588117372,-0.12403220721803818,-0.2802864430729754,-0.2518689109547621,0.19457213529665612,-0.5011717993928866,-0.3125267875037003,1.4819517561436144,0.5471876594932007,-0.35636898073754625,1.336427080943899,-0.569986838145393,-0.12214666975386103,-0.8776790389469845,-1.6029165666892946,-0.8922952438956627,-0.7673101625107321,0.21299629220643407,-0.4437702025137642,-0.8737222474414507,-0.41836080850745005,-1.3250047312455433,-0.8888743903763145
-0.14163114965862952,1.2854796407451354,-0.1557546425121459,-0.2042164762565697,-0.07388371195885186,-0.3448145506440126,-0.030267184450951994,-0.0973924266225214,-0.7234168524708824,-0.5856264229569429,0.15110919772272904,0.1017559841775494,-0.027446970260124208,0.031078696058652093,-0.41126262886027654,-0.5873188341396598,-0.18443750585526122,-0.2958131297698018,-0.7118371224492093,-0.5681572542168045,0.14048076245465654,1.522495976812544,0.034218236887641376,0.030810357009859762,-0.23944681215364008,-0.36799819029251074,0.2155290267543261,0.06579571846561943,-0.3980235525302326,-0.5446413800615462
-0.45753366361429126,-0.16883790564970355,-0.43490131840786694,-0.4822404983838097,0.2726991964853889,0.043750772595353836,-0.10754223236666248,-0.26625421232604524,0.445753196293924,0.17696397456420737,-0.054986295622914155,-0.3290510568658521,-0.19817552254163473,-0.23158224765200988,-0.032128736642935585,-0.34856448249453553,-0.16425424576038433,-0.22048412837084466,-0.32082373006390763,-0.06306155092896329,-0.2651765943168056,-0.18125455331179174,-0.3283556385046401,-0.35532795148200763,0.47470357806177216,-0.09559467528221947,-0.020102411736398436,-0.18760302126324008,0.2148984290246996,0.2151420831617521
0.27680112759843156,-0.6065008663202511,0.2745964828270912,0.16510313250173791,-0.5185561227929724,-0.1425502427035594,-0.16425214656286938,-0.20103513940462436,-0.7789154307350347,-0.41092941954074325,-0.4815084258912154,-1.5232271596605493,-0.4434805578252334,-0.31027832806337546,-0.551552690735333,-0.3440490337636584,-0.4116860639605424,-0.5744801037646066,-0.6402952399307628,-0.3523324451758586,0.29712073190106314,-0.8864758451788735,0.2971204094828418,0.17100930541241877,0.7630251641735848,0.5011881978322806,0.2902875955927486,0.16775497468788245,0.891983042257559,0.7710812025934342
-0.7374122066802725,-0.2691356674700376,-0.7357059260541183,-0.6995846744118502,-0.5352676676445821,-0.49824996344563793,-0.6884761006491249,-0.8524675073057937,-1.4559980855576906,-0.020519594514974426,-0.28803798760151406,-0.30278233485101075,-0.20849428119601163,-0.38202462475010107,-0.13769700820391578,0.06967895620295192,-0.3436610021592904,-0.6504801875813716,-0.1826738879593216,-0.13486638283422106,-0.7250554789735629,-0.6668955793020775,-0.7143306962927581,-0.6730559297292528,-0.7761685339925523,-0.4644352967559242,-0.7038121077586813,-0.8834749449801852,-1.1460247586702739,-0.40930670553322723
0.08282589973091996,0.09786296100891076,0.10213517444324054,-0.03927762185965571,0.11793575938135623,0.19962763015392015,0.06483097935499513,0.24387016424537863,0.27555755628385764,0.20278874898225482,-0.4187243683157216,1.0842061875326234,-0.25492869514070826,-0.3018977065130742,0.33683412608846364,0.20683571140334264,0.06747948125486956,0.4287881108584717,-0.7155375646484393,0.2922697886707689,0.00793924984615883,0.8156719092821276,0.0602195506607932,-0.104490073918393,0.4968821616088347,0.310192629836559,0.22735791422876003,0.6370674334756519,-0.28489470194020405,0.553759546815595
-1.008977525694789,-0.9940149460806313,-0.9803603402730697,-0.8912778245888658,0.16443744940322516,-0.04076077668338713,-0.3156863130428504,-0.6714719405936334,0.445753196293924,1.0003185471866463,-0.28872042300994327,-0.18369746171706225,-0.16675021209421378,-0.4261761919419322,0.11201930193368517,0.7554627322049052,0.7933293165187772,0.16035514373524018,0.14666546777214728,0.44736822558612543,-0.8355067394806441,-0.6733066819554145,-0.7513103425479072,-0.7564996411881253,0.03556762382993525,0.29140618052550443,0.10670326198953356,-0.31355269071427094,0.2250293708685826,0.7182950639807292
-0.252474137011493,1.3470259945894312,-0.31417840253917173,-0.32778270831312095,-0.5803161798532672,-0.9656927326784959,-0.7597685642100707,-0.7093900062456222,-0.6864178002947809,-1.021609379308676,-0.6954519264337954,0.2068308722369157,-0.7530433174565434,-0.49138151571134947,-0.44773804494779124,-0.9710190900459379,-0.6094072600751701,-0.8779771272183103,-0.8573878489522554,-0.7843923765829233,-0.389685287979334,1.3558073078257782,-0.4658736980159753,-0.43133942953158777,-0.1329896111277408,-0.9190673700834447,-0.6262146059263944,-0.8091046639710052,-0.7475410461442021,-0.8866281717119442
0.2047531858190701,0.8820090988769749,0.3395702780786817,0.04043363051611041,0.6178289271164468,1.775298515595334,1.0098300330596999,1.0120901743546737,-0.24982898461678363,0.631176183446328,-0.4525049210329709,-0.4723031542534547,0.31494820327147627,-0.33562459811794526,0.36348923784472426,1.4638237518612436,0.9009733703581206,1.1988551852932425,0.6203220692735852,0.23482592314656267,-0.0422658685661509,0.32201700497517094,0.3231217232559932,-0.17492737691100385,-0.013225259973603005,1.325913322587576,0.8874098353021748,0.8799703674169254,0.19125956472230532,0.18762590452321484
-0.3411485268937842,-0.8298913358291764,-0.31498054815956156,-0.3865318320364364,-1.2872871859669917,-0.14405267024629276,0.28444168004448206,-0.3752054542994267,-1.3783000759878778,-0.4884037427948835,-0.41258244963985796,0.2751295494755036,-0.26853069518511424,-0.3746660302181292,-0.21976669440082391,0.8085192547927105,1.7890368145327058,1.015985226440541,-0.2024095796885478,-0.01792708515994424,-0.48005450112149134,-0.9746285066622582,-0.44189470864740216,-0.4943444991149064,-1.4477360437976043,-0.1337937888813639,0.2983312390753636,-0.18460421960964424,-1.4989192328988712,-0.6962611399065499
1.2106532960463094,-0.41502332102688677,1.1778124513862351,1.13432576519531,0.3853204770071021,0.5301616895552183,0.7530774545010491,1.0891902411803844,0.10166201105618046,0.6691537928846324,1.2969182484754935,-0.32729980873152953,0.9059316534767043,1.1068643355522036,0.3259616462931468,0.3868892295470654,0.4838526617306641,0.6787663114919814,-0.5243480510215567,0.6217513887846083,1.2972066906742732,-0.4633430700586246,1.1262734153600116,1.2022316909517232,0.41260354412999667,0.34964417338977377,0.38775762838208444,0.7840087145018545,-0.6361006858614873,0.6054225760961152
-0.34669067626142774,0.04543458551191802,-0.3715318143970567,-0.4069423257243489,-0.329643007079131,-0.46275511274856673,-0.8812898089162283,-0.7038286899499973,0.20895926236687415,0.13746726074837143,-0.15598673607044794,-0.8101189193643172,-0.1512720741126483,-0.3090518956413802,-0.39793507298214587,-0.6584371516509735,-0.9096893185978393,-0.8694208263912574,0.2231412732229002,-0.5587200477378278,-0.36960324061441013,-0.22292672055848317,-0.35464585576416,-0.4414742932715318,-0.4656683643336778,-0.55022674860974,-0.9466828253837594,-0.7522773726353617,0.7197570309115443,-0.3548359029222443
-0.6044006218568362,0.32353292510466214,-0.5640467632906575,-0.5950498486318663,-0.7154617164793234,-0.04451684554022017,-0.28589802844308454,-0.2738378254564431,-0.8011148620406952,0.7739719949343518,-0.4709306770605616,0.2768807976098262,0.13061765094555972,-0.4028739759240213,-0.11419842283984372,1.483014408967471,0.46591198609077344,0.7794286741631933,-0.2098104640870079,1.754216166261815,-0.6125960137299891,0.24348099747179114,-0.43958348075645537,-0.5779571249694446,-0.9003686018561021,0.17680883972807165,-0.16488799442347016,0.02231309448847786,-0.7120827496906111,0.9064158771217523
1.0055937694435118,1.9807254897269946,1.0173833273082344,0.8960194605148188,0.2959500414963233,0.5245275862699684,1.011076404800276,0.8642097183119172,-0.33862670983942655,-0.5172667259679953,-0.07682422869265124,-0.2712598684332008,-0.02181855644864584,0.04763553375558881,-0.8174023579885655,-0.2898636489931336,0.208014773767346,-0.09801158712087026,-0.993070729590688,-0.4856842758570513,1.0522057128222018,2.0466036187228513,1.0973830667231765,0.9269012260165772,0.36381066032645965,0.771086852934431,1.7438212884511937,1.244324768328836,0.14398183611751766,0.3976473496418498
0.235235007341108,0.09558346642208544,0.14304460108313055,0.09228731718269897,-0.8491540752921969,-0.9380856265807739,-0.8625942328075887,-0.7419995427063326,-1.0712079429262358,-1.5046845713639074,-0.7787090462621677,-0.2922748460450741,-0.7661762830166595,-0.5105956236559426,-1.1961855250512188,-0.9766069578503981,-0.8647628766829466,-0.8811647687028987,-0.14566946596702157,-0.9107688807361767,-0.06234791593107437,0.007872974961652754,-0.1477909595244202,-0.17931915119831296,-1.2153044882243897,-0.9588320211251771,-0.9172052377974699,-0.8467396247236346,-0.4064660040668019,-1.281401101975047
1.6734227682445166,0.07278852055382745,1.5708638053773367,1.7025097786696295,-1.1405162268354687,-0.33486096817340555,0.33429654966752115,0.720879430147399,0.45685291194675426,-1.7629323155443768,0.6151652754546408,-0.9554725145131071,0.44487075541976834,0.6792482310831727,-0.8798314355229658,-0.6505351163719386,-0.18518503400692332,0.13183414097839682,0.18613685123060056,-0.8824572612992467,1.359461037505537,-0.4393014351086101,1.236056740179985,1.2985128964811914,-1.1753830378396775,-0.6222414709687826,-0.05085751916992676,0.42715131772393367,0.28412653162456786,-1.3667574112211236
-0.8260865965625637,-1.2014489534817763,-0.829958036449944,-0.7506109086316314,-1.6825515511528766,-0.8043695752775215,-0.543772341568254,-0.860303907540538,-0.4237245298444598,-0.26357629492012163,0.034071525177107195,-0.7402441188048386,0.1925302028718218,-0.26122103118356316,-0.5273526550618859,0.4845358083522815,0.5100161470388379,0.5076402949509212,1.3073708375972857,0.4477785389112984,-0.8375149442171369,-1.5949026883726232,-0.803024066607842,-0.7343718553559141,-1.9188091583372118,-0.7982078795156604,-0.7156409952331153,-1.1214298561930256,-0.5246603255787724,-0.7574705985106438
-0.961869256069822,1.3401875108289536,-0.9595045541429292,-0.8543182819648082,0.04890981325514525,-0.5846395471527952,-0.8087509736147066,-0.8239025645146287,0.3421558502008401,0.11012338195279238,-0.5545290145931486,0.4572593554450719,-0.6672100068314983,-0.5105956236559426,0.050642399863347926,-0.8430061185255732,-0.7697520486066924,-0.9125378717354264,0.14296502557291704,-0.4598345363711587,-0.8114082826427357,1.5096737715058688,-0.8504042383722517,-0.730655738651268,0.7985108978488845,-0.7092853527766687,-0.7516008131553945,-0.7894625131399516,0.881852100413675,-0.12347538049209002
-0.17488404586448847,0.6745750914758301,-0.20147694287437615,-0.2640688699089617,-0.6086531472103436,-0.49749874967427116,-0.5131115967500851,-0.3767221769255062,0.01656419105114725,-0.8180493927193648,-0.6087826295632766,0.21208461663988384,-0.5555797995705107,-0.43782729995088765,-0.9082401730526649,-0.6471485298237808,-0.3907552757140033,0.026138660173624283,-0.4947445134277167,-0.731872270960792,-0.2290289090599427,0.9695383729622182,-0.24312911002597623,-0.3200248427878693,-0.6963256332231275,-0.513280064964666,-0.20415990083859092,0.21273699949182207,-0.026555684921182425,-0.8141876197859979
-0.3577749749967139,0.6814135752363067,-0.2676539565565511,-0.42349137466049414,0.9375280460167938,1.4353742840519539,1.0073372895785484,0.5022185848875965,1.178334429380732,1.5152949311700514,-0.36208222941609114,-0.285269853507783,-0.3107437987712019,-0.33705543594360643,-0.021606982002306454,0.7503828523826686,0.5765461525367654,0.5546160641974867,-0.44663876483772713,0.7702848124971983,-0.21898788537748096,0.7018748371853939,-0.061119913613914646,-0.3078630062999364,2.0316401430655584,1.761132731627007,1.6884620950708424,1.2548205741164216,0.8784751197990477,2.2816632543825484
0.1548738415102814,0.17992476613463823,0.11256306750831022,0.07656572069336089,0.20149348363940162,-0.5910248642094112,-0.18357090854179695,0.09725364372435491,-0.8085146724759156,-0.5081520997028015,0.20638646580550088,0.014193577461410799,0.1292105474926901,0.07727431728714201,-0.46527430268217324,-0.7713233699229,-0.4270103910696155,-0.09968929316539067,-0.7796785627684256,-0.6789418520134877,0.5581873476450739,0.8188774606087962,0.4617953967128024,0.42184718297603335,0.6432608130194469,-0.4130856686390418,0.09487437451509959,0.703041069854763,0.24022578363440755,-0.0847281085317003
0.2574036048116808,-0.061701660068892765,0.2136334156774511,0.12455796260818199,-0.27224248345838675,-0.32866345455963103,-0.17222892570255563,-0.13632164069189667,-0.9010123029161693,-0.5187858303455268,-0.08944928374859289,-0.05935884418014562,-0.13579393613108287,-0.0639698166459843,-0.7339297711729069,-0.5071696191665922,-0.0648330015893239,-0.3793628907869074,-1.0979165919022043,-0.8295268423519424,0.25896484190770747,0.3668947235485303,0.18444804979918442,0.13300356638762867,-0.32372542963247747,-0.2690562239209566,0.07216291056418653,-0.030165934449451676,-1.0210764759290483,-0.7934100971405709
1.3353516568182822,0.44890512738007865,1.2700591977310853,1.305332604202144,-0.42191979821627645,-0.010712225828723625,0.24081866912432287,0.7777565286253824,-0.8233142933463555,-1.2084592177451337,1.284975628827981,-0.7607337219764151,1.2037685510007676,1.1125876868548483,-0.9120981497542289,-0.49475213515668015,-0.32572032651939986,0.3381919844543812,-0.8092821003622654,-0.8377331088554002,1.7209378900741672,0.1296839253750574,1.6896352137782977,1.651543983422575,-0.5588184152313398,-0.12189570431769592,-0.012531923752760748,0.9729332186784007,-0.5668725832616189,-0.9983775502643727
-0.363317124364357,-1.4316779067511787,-0.4268798622039668,-0.4080455956534252,-0.618098802996036,-1.234439459384892,-0.9906838565865819,-0.8959468892534076,-1.2525032985891325,-0.18762107604351294,-0.4207716745410094,-0.4237935809327141,-0.5354113167460467,-0.40532684076801195,0.5223677329182261,-1.0679883515415225,-0.9428048157164708,-0.7174206587577274,-1.205229415679874,-0.15948518234459516,-0.5342760290067857,-1.5420110914825922,-0.5984803982590489,-0.5364041836356741,-0.6963256332231275,-1.2437598356761712,-1.1534044628869673,-1.1112339305707992,-1.8636331392786658,-0.5884426440167689
-0.6237981446435875,0.5013335028770715,-0.6057583355509379,-0.6198734220360842,-2.162826818409991,0.055018979165852425,-0.011322333994197064,-0.6290037070634058,-1.68539220904952,0.5400299207943972,-0.5330322992276262,0.5640854916387608,-0.45239221302674076,-0.4370096783362241,-0.06685052695701217,1.9949534088306575,1.316599022682253,0.6452121906015774,0.3847272492559427,2.1276012921691554,-0.7029652268721468,0.38612803150854175,-0.690640610410553,-0.643664824883415,-1.6557711574690506,0.5437708162706708,0.23871364620421645,-0.3975191370149582,-0.982241198860829,0.8901307918050668
-0.2635584357467797,-0.25545869994908327,-0.30695909195566146,-0.32943761320673554,-1.5430464810872697,-0.8175158162764368,-0.49965078195186446,-0.5066547485596549,-1.2969021612004543,-1.0747780325223026,-0.7162662063908884,-0.9577491370877267,-0.7896280072311528,-0.5054854885642954,-0.37724228885557504,-0.5844966786828616,-0.5892239999802932,-0.5404226710608465,-1.1706919551537274,-0.8484012553098956,-0.2792340274722524,-0.3014627280618625,-0.3558014697096336,-0.33894325510243134,-0.16403962809362732,-0.35422146079773736,-0.3962610334233984,-0.14262099645930068,-1.1004355203727993,-0.8096951824572564
1.5043872125313995,2.149408089152101,1.6711320079260872,1.5177120655493412,-0.2395459826617598,1.9311753731539005,1.11826437448981,1.659730735690644,0.3273562293303991,-0.03722974266782817,1.468550753695458,-0.057607596045822655,1.98799420873342,1.3241472796490394,-0.24151165399145785,1.2623218522458546,0.27005961035530085,0.5881701850878907,-0.1308676971701018,0.6205204488090895,1.7590937800675228,1.6827735431459716,2.056542641466104,1.7528926208220155,-0.16847534480304055,1.752365721948515,0.7274832766478276,1.2008421443516943,-0.1160456712088176,0.9451631490821428
-0.8482551940331364,-0.9985739352542828,-0.819931216195069,-0.7801233792344239,0.5379041473913595,-0.234761733138808,-0.432595982308877,-0.3875920224124097,-0.10553268112998744,0.9881657121663894,-0.8602600775694671,-0.7169525186183459,-0.733812903600659,-0.6299683793968193,0.13025700997744255,-0.367755139600763,-0.1429496934380142,-0.2657821915728902,0.377326364857483,-0.33756116546963416,-0.8776790389469845,-0.9409702177322389,-0.798979417798685,-0.7571752987707882,0.4392178443864724,-0.2007987914241251,-0.1961162573559758,-0.09763897165536109,0.6994951472237783,0.4004551229723133
0.03571763010595284,0.5423644054399351,0.06804398557666504,-0.06548028267521899,0.1695235717493671,0.11887214973201221,0.5387015151219811,0.18294847209784992,0.29775698758951813,-0.19977391106377088,-0.430666987963234,-0.37283226022392163,-0.12313000505525648,-0.3415523548242559,-0.40915827793215037,0.2632788205393059,0.6258830105464647,-0.012448578850340153,-0.01738746972704885,0.1158350588464216,-0.08042175855950584,0.7355331261154139,0.253784886527589,-0.14975913195680957,0.5634179122500221,1.0691651820031638,1.1698836681916576,0.46013813591348945,1.189157336344798,0.9957030690304775
-0.8925923889742821,-1.4544728526194362,-0.9322316030496693,-0.799706420475529,-1.507443624664277,-1.2449564521840242,-1.0667499239139338,-1.0656175936908407,-1.3413010238117764,-0.7800717832810604,-0.44499813154024886,-0.8239537796254671,-0.5213402822173507,-0.4717585969594245,-0.31656683709461314,-1.080970266642794,-1.1052053066650638,-1.3603176150178673,-0.49967843636002357,-0.44096012341320523,-0.7893180305413194,-1.2134420804990655,-0.8478041069949368,-0.706500980071068,-0.6564041828384151,-1.0653511887188563,-1.1961777199945203,-1.1167817136299518,-0.2511248957939268,-0.38291363622687474
1.4988450631637564,-0.10045306804493119,1.5066921557461368,1.54529381377625,1.3880131681036487,1.140522878790569,1.633015903347688,1.4524453101264383,-0.046334197648225474,0.4488836581424663,2.3843790718075546,-0.12415502515008799,2.025047932992319,1.8678656534002929,-0.3467292003977504,0.3806804875421095,0.9334908449554226,0.9471992786152132,-0.19500869529008816,0.4297247526036905,1.9358157968788527,0.07518955282169204,1.8398650266898404,1.9674139033174973,0.780768031011234,0.9927669548048752,1.6122840597354877,1.259318776596816,0.13722787488826202,0.8772150344849371
1.7011335150827331,0.8409781963141111,1.6230032707026876,1.674928030442721,-0.3717851636614494,0.5226495518415522,0.7206717892460736,0.9627966890070884,1.0747370832876482,-0.9228675947690852,1.1785157051130133,0.48527932559423587,0.766628411642615,0.9453840666561548,-0.3607582065852561,0.5381567620314466,0.4079785543369601,0.16874367395784112,0.7584719113781713,0.2754469423386799,1.5924127869386542,0.9326745327055299,1.4065097971373126,1.455603284450324,-0.5721255653595777,0.6314409130555921,0.6550904853042919,0.6490626400900357,1.354629386461557,0.0006282007143764974
0.6592094339658121,-0.23950223784130284,0.5882354203995823,0.5002213734586788,0.06998089154630445,-0.3528900986862034,-0.3746396963720941,-0.009928088518600397,-1.1452060472784387,-1.0079374399108865,-0.2501628224336889,0.36269195619164224,-0.2699377986379839,-0.16433286984593382,0.0744917103821077,-0.4083941781786564,-0.48905522765757065,-0.22719495254892547,-0.4293700345746537,-0.7134081713280113,0.36941610241478906,-0.051429724581715616,0.2826752351644242,0.20394761256723684,0.08436050763347228,-0.533318944229791,-0.49704315470557564,-0.3415914861753932,-0.8319655615098953,-1.065764110195486
-0.6071716965406577,0.4990540082902461,-0.6177905198567878,-0.6016694682063244,0.12956118188682397,-0.46914042980518256,-0.6904702954340465,-0.7245572325064178,-0.4311243402796803,-0.0949557090140505,-0.34263282027585645,-0.5414774555592043,-0.43128566123369694,-0.34400521966824654,0.26598764484156,-0.012163552044194734,-0.4879339354300774,-0.6665861656087654,-0.9424980195345449,0.04772304686771991,-0.5262432100608164,0.06076457185168359,-0.5742125054041073,-0.5156277129687888,0.8029466145582965,-0.08244416076448133,-0.5727480345419531,-0.6228790812826953,-0.7576719879880855,0.09777715794839738
-0.5295816053936527,-1.1968899643081248,-0.5275491375629124,-0.537128177355358,-1.0765764030553986,-0.4740233193190656,-0.25286917731782116,-0.59159121562011,-0.5865203594193067,-0.1557198841153381,-0.4968632225808743,-0.7022420342900346,-0.3857893162575802,-0.44273302963886885,-0.925776430787047,0.28077618437145435,0.4498401308300381,-0.13659882614483498,-0.1493699081662514,0.3620230539501621,-0.6346862658314052,-1.0387395331956295,-0.5710345670540554,-0.6053212570672936,-1.2995831057032272,-0.0624052814993564,0.1715255653494316,-0.33904250476983677,-0.3541228045400723,0.25669712845260534
0.2712589782307885,0.6107492430447083,0.2136334156774511,0.1546220681755124,-0.3877701196064667,-0.6133734739075671,-0.45054373537317105,-0.38936153214283586,-0.6975175159476111,-0.8696989415554587,-0.3470686504306469,-0.6969882898870663,-0.3857893162575802,-0.2393496529913135,-0.8310806390213835,-0.8458282739823714,-0.5746472010228821,-0.41308478228176365,-1.168224993687574,-0.8660447282923306,0.36339148820531236,0.9487022893388729,0.2971204094828418,0.23941963565704094,0.31058205981350934,-0.29660968291050344,-0.0007030362783267788,0.5845884045377223,-0.35749978515469966,-0.2773413590014649
-0.8537973434007801,-0.572308447517865,-0.8427923663761838,-0.7820541016103074,0.8576032662917076,-0.4775915847330568,-0.7256179785182889,-0.6052417192548261,-0.33492680462181684,0.12683353010564613,-0.7353743978269083,0.2716270532068581,-0.7399103518964272,-0.5739612987923669,-0.6616803893072526,-0.8991670121158565,-0.7790961505024688,-0.7048378634238259,-0.39976649698081373,-0.6325764462689499,-0.7792770068588574,0.10724506608837801,-0.794068058530423,-0.7041361785317478,0.22186772562525933,-0.656683294705716,-0.7790438320960812,-0.5952901060696124,0.18788258410767797,-0.27284892167272345
-0.8482551940331364,-1.028207364883018,-0.8672578077980789,-0.768263227496853,-1.343234531774552,-1.0477628372002954,-0.7672467946535265,-1.0489842022248348,-0.9972098385740328,-0.06457362146340723,-0.7735907806989482,-0.9523202678713261,-0.7769640761553265,-0.5854080013976565,-0.9769823033714428,-0.5980430248754929,-0.4486887074678167,-1.2609974171822715,-1.0498108433122144,-0.08316690386243543,-0.7250554789735629,-0.868845312882196,-0.7692223587027447,-0.6614008364283172,-0.8826257350184522,-0.40807594882276044,-0.3002104671309946,-0.8764277610942347,-0.5010214612763781,0.44425638692753605
0.5677639693997,-0.7455500361166228,0.5762032360937324,0.3634159022532115,0.2109391394250941,0.7574038553936103,-0.2763009660406496,0.13213826412418467,0.6862470354385837,0.4792657456931106,-0.8111247281625588,-1.3009937714149897,-0.7366271105063982,-0.5459577584901407,-0.8889502895448446,-0.404443160539139,-0.4445773026336752,0.04627113270786671,-0.13333465863625502,-0.01792708515994424,0.13646435298167187,-1.0627811681456434,0.1642248057533997,-0.04520112103972042,-0.37251831343601516,0.012114300767826675,-0.283650024666787,0.16625557386108422,0.44959858174132694,0.33306856304119997
-0.45753366361429126,-0.4628927073502281,-0.46056997826034707,-0.48720521306465314,-0.48077349965020455,-0.5102693837875031,-0.6554472495238616,-0.6333010878372979,-1.0305089855325236,-0.31978315688881237,-0.8838040991602772,-0.7896293161927408,-0.7816544209982251,-0.6072793795899061,-1.1393680499918208,-0.6533572718287368,-0.6707045685114631,-0.7697650873467576,-0.6242599904007662,-0.9021523009075457,-0.4479232253376131,-0.22933782321182014,-0.42167146460161786,-0.47458151482201566,-0.19065392835010306,-0.015439158221720118,-0.32434139757883984,-0.13062578984491666,0.2503567254782906,-0.39639094821309756
1.4101706732814652,-0.1756763894101811,1.346263031668136,1.3660124503013433,0.6832219287096997,0.4362599681343949,0.5436870020842851,1.0414134784588787,0.41615395455304305,-0.44890702897904655,1.0758091761444062,-0.06811508485175928,0.8993651706966461,1.2444291722193441,-0.20573768821331823,-0.12561420140748067,-0.07305581125760702,0.6200465999337743,-0.23448007874854143,-0.46434798294806046,1.9779880963451932,0.3797169288552048,1.8109746780530052,2.1228151473299723,1.352975486525446,0.6139068936986081,0.5514694310282505,1.4257522683713924,1.09797885974985,-0.04092684457647673
-0.9840378535403947,-0.2326637540808253,-1.0072322185561349,-0.8711431483832226,-1.0518723802312804,-1.105230690709839,-0.8568609228009392,-0.9513072651053114,2.0996108285656585,-0.7420941738427561,-0.78621583575489,2.2943186483496576,-0.7703975933752684,-0.5825463257463341,1.2890529210654114,-0.675934515483122,-0.42887921144877084,-0.09633388107635013,-0.40099997771389034,0.308682321677685,-1.0744831031232387,-0.39442371653525077,-1.0997279471081396,-0.8816652083764338,-1.5062875043618495,-1.175064052695415,-1.0953009676125476,-1.376327996748683,-0.3169760177791676,-0.9158290143487594
1.7149888885018403,1.7596145148048947,1.6430569112124376,1.741124226187302,0.2981298082160986,0.10009180544784756,0.7879758632371765,1.1271083068323733,0.03506371713919799,-1.0398386318390624,-0.04952681235547993,-0.3483147863434028,-0.15596241895554686,0.21913166743126616,-0.7020137820963316,-0.536520035917293,-0.38253246604572005,-0.5870628990985081,-0.9375640966022383,-0.7581323237718576,1.6145030390400703,2.145975709849576,1.5856299586856912,1.6143828163761136,0.9005323821653718,0.2594692166967117,0.5084122806213109,0.8349883426129857,0.4462216011266986,-0.20658547107379568
-1.2298321779953705,-0.0001553062245971547,-1.2386512300386507,-1.0233943985957588,-0.7982928518307775,-0.998558335175784,-0.8139857349251256,-0.989098937205127,-0.8307141037815761,-0.032672429535231313,-0.3975688706544137,0.22959709798311156,-0.4059577990820444,-0.4778907590694011,0.13867441368994615,-0.7933361824859255,-0.3003043693628882,-0.34715093473211966,0.19847165856136711,0.16999641776924423,-1.0764913078597311,-0.02899086529503566,-1.1069505342673485,-0.8852124106854145,-0.5322041149748648,-0.9869490735940553,-0.8415003579610926,-1.13282530247669,-0.5651840929543053,-0.2509482896951116
-0.6542799661656249,-0.273694656643689,-0.6791546598166232,-0.6223557793765059,0.27487896320516414,-0.8325400917037685,-0.7706119983530817,-0.3436070662561026,-0.6864178002947809,0.04632099809644056,0.7943045701673274,1.5290232136506072,0.5715100661780316,0.15310872204718529,-0.5080627715540654,-0.8599390512663622,-0.698363110122961,0.4422097592146333,-0.5761542418107765,-0.40280098417212534,-0.5884975568920806,-0.3816015112285762,-0.6447049560779854,-0.5652885452945146,-0.8072185509584401,-1.0853900679839812,-0.9943295841307793,-0.6359238684758379,-1.5343775293524622,-0.8153107291181826
-0.4159675433569677,-0.4993646207394404,-0.45375174048703193,-0.45190057533421013,-0.7314466724243407,-0.9234369580391254,-0.7355889524428968,-0.6578214369589173,-0.020434861124954233,-0.6539861199458905,-0.8292092664859346,-0.9885711042518075,-0.8459121453459364,-0.5784582176730163,-1.1071013357605577,-0.9452245891708027,-0.7043433353362579,-0.8046613730727777,-0.5354493776192466,-0.8623519083657744,-0.3916934927158263,-0.5803456934820268,-0.45633988296581973,-0.43032594315759337,-0.4168754805301402,-0.6347657705094856,-0.39105632293464737,-0.23243510598449996,0.6471519476970486,-0.5822655426897504
-0.30235348132028217,-0.2098688082125673,-0.37393825125822683,-0.36667297331306226,-0.44081110978766136,-1.235941886927625,-0.7859423707621661,-0.4932570320292855,-1.2488033933715226,-0.5977792579771998,-0.7790502639663824,1.944069021485104,-0.8205842831942838,-0.5612881637650821,-0.944364863985492,-1.1506775064257087,-0.6718258607389563,-0.0074154607167797645,0.7757406416412447,-0.8053183561667412,-0.6005467853110347,-0.4745624997019645,-0.6631947792055599,-0.5782949537607761,-1.5475396697593857,-1.2954851927792748,-1.0552246968491654,-0.9578452259893654,-1.5191811165866376,-1.234230510023268
-0.01693278888665737,-0.49252613697896286,-0.08757226477899549,-0.13140066093753075,-1.1223515041706762,-0.936395395595199,-0.771110547049312,-0.4103428618036032,-0.6050198855073574,-0.7481705913528856,-0.893358194878287,0.7934989972350437,-0.7891589727468629,-0.5917445689112988,-0.586975931358785,-0.7086715187819808,-0.7506900807393087,-0.42432541278004887,-0.3985330162477371,-0.9419526934493172,-0.27521761799926775,-0.06906025687839255,-0.3176662095090109,-0.34417960136806913,-1.1221544373267271,-0.8138632539415392,-0.8836111973700774,-0.5233188663833092,-0.6141503118664067,-0.987146456942521
1.0720995618552296,-2.042582456020484,1.2379733729154854,0.9495280520750217,1.6350533963448268,3.2702139206148395,2.6350987827707724,2.4863445669040023,2.2735063737933356,2.4525823321074034,2.329784239133212,-0.5719491730964205,2.6591825557522153,2.284852676878698,-0.22643047233988908,1.3407777739448437,0.8344433648601931,0.7022541961152639,1.1852562450226964,1.0066252877967892,1.8253645363717712,-1.3528835632091478,2.2298847332871152,1.9099830087911478,1.344104053106622,2.5833529964741615,2.0844932477148914,2.2699149338586584,2.8945325467317997,1.978423734692541
2.9120931519127704,0.5150104703980265,2.950554272448143,3.2663949031353536,0.5161064801936078,2.0119308535758087,1.7738559100327738,2.4863445669040023,0.6899469406561934,0.7329561767409842,1.9766239152710587,-0.580530288954602,1.9373384844301142,2.0089053819297535,-0.720952940449464,0.38576036736434616,0.160920500212633,0.7190312565604663,-0.2011760989554712,0.4186462928240225,2.7370894867393165,0.18578107359175727,2.8394710895243374,2.962319693788669,0.10210337447112278,1.0378544331514061,0.9200575647316126,2.001522185861819,0.45635254297058164,0.7323339306330444
-0.659822115533268,-1.2128464264159051,-0.7096361933914435,-0.6328368437027312,-1.2909201304999498,-1.12814271073652,-0.8254523549384246,-0.5337029687247403,1.0969365145933097,-0.21800316359415728,0.5107526579649605,0.06322852522244841,0.374046548291999,-0.07746057328793278,0.34700515557440503,-0.6132826643422029,-0.6079122037718458,1.1367800616459955,1.0841108249104099,-0.7117669180273198,-0.5985385805745422,-1.2038254265190595,-0.6562610955327193,-0.5989025100319956,-1.2552259386091023,-1.052451160191932,-0.9652305209436718,-0.4664915750476655,0.3617970857610054,-0.942783638321205
1.5708930049431173,1.3173925649606963,1.5427887086636871,1.476339443208978,0.4071181442048537,1.0409870540844965,2.0667532690681276,1.672370090907974,1.4706269415719342,-0.21800316359415728,0.28350166695800977,-0.057607596045822655,-0.07247428075195116,0.4437732060600734,-0.7055210336432078,0.3671341413494781,0.6034571659966016,-0.21041789210372358,-0.5724537996115466,-0.21159497464155358,1.2731082338363642,1.2516268897090506,1.1927212172247321,1.1836511074284926,-0.19508964505951507,0.8330821356609113,1.4003103961936314,0.8874673715509153,0.7062491084530339,0.05509900332535937
-0.23307661422474224,0.21411718493702522,-0.1850329576563812,-0.3076480321074774,0.5960312599186951,0.7536477865367773,0.12203944224743239,0.32450925053194185,0.6270485519568206,0.7982776649748676,-0.1426792456060769,-0.7127495230959713,-0.2310079364419251,-0.2103240856707579,-0.6918427526103899,-0.21535874493366225,-0.3571165088892084,-0.35637831797698066,-0.3985330162477371,-0.1734358354004737,0.21880074717785986,0.35727806956852487,0.1642248057533997,0.03199275777951998,0.9360181158406716,0.7472906838070954,0.4497409987481184,0.5276111731193989,1.4390539018272503,1.068705175622516
-0.6431956674303382,-0.6292958121885092,-0.5191266085488176,-0.6198734220360842,0.9593257132145455,1.249448875638724,0.9624679069178129,0.6422626406956086,3.2317818251543624,1.6930301433413162,-0.31567662164289995,0.339925730445446,-0.2994869711482452,-0.3454360574939077,-0.5673353226962768,0.6233858568267512,0.5638381739585095,1.1317469435124345,4.423143169348933,0.3673571271774098,-0.5121857769053696,0.097628412108372,-0.44738387488840076,-0.50093216054587,0.2928391929758601,0.9777377953560314,0.8471916178890995,1.0868876815150474,4.875131677210961,1.0855518156052941
1.0554731137523004,1.1715049114038472,0.9331580371672843,0.9437358849473708,-0.5338144898313982,-0.6235148598210161,-0.3949555557434825,-0.03293171501414018,-0.9861101229212025,-1.1340231032460566,0.03065934813496078,0.3521844673857056,-0.07247428075195116,0.08565493883744336,-0.5613729950665871,-0.7673723522833824,-0.5675456835820921,-0.5305242053981774,-0.7685772361707357,-0.4056731774483357,0.9297052238961662,1.429534988339155,0.7998124757637737,0.7292713830876688,-0.017660976683015014,-0.45378964214632656,-0.2997373116320173,-0.006175521220683846,-0.6462316277053702,-0.23522475904451928
-1.214591267234352,-1.6801428167151873,-1.2310308466449456,-1.0156715090922241,-0.24681187172767702,-1.1728399301328318,-1.1052628106977314,-1.232153738034376,0.3643552815065006,0.2514000890632845,-0.7282088260384009,-1.2887350344747304,-0.7980706279483704,-0.6001251904616002,-0.3523408028727525,-1.1079500728097844,-1.1737910145800623,-1.96026529653829,0.28974923280903975,-0.21323622794224503,-1.1387456546909953,-1.8705801024661186,-1.1811987302640146,-0.9211911769622156,-0.3769540301454278,-1.133608621215688,-1.2839007495049226,-1.7094948604631954,0.36855104699026103,-0.12122916182771967
-0.07512535724691115,0.05911155303287314,-0.1304870554698604,-0.17691054551193014,-0.6580611928585792,-0.7544138594816436,-0.9379997231124353,-0.6525129077676389,-0.9232117342218298,-0.8864090897083124,-0.23992629130724968,0.7812402602947841,-0.2760352469337521,-0.24507300429395829,-0.42388873442903147,-0.8091402530439953,-0.9565593337070535,-0.7793280118005227,-0.03465619999012184,-0.5800563406468185,-0.13263508170830793,0.35888084523185937,-0.1882374476159892,-0.2350609017680051,-0.8914971684372774,-0.870222601874703,-1.059009940840984,-0.826347773479182,-0.6310352149395453,-0.817556947782553
2.4853476506042447,0.11153992852986507,2.4131167067868406,2.827845106327505,-0.1799656923212403,0.45128424356172653,0.9836562265076046,1.3033009185619486,-1.1082069951023372,-1.1735198170618935,2.9985709393939084,-0.8523239994014961,3.149792626319412,2.832659158703269,-0.4529989222681057,0.46703844452013304,0.31229495092420995,1.6568689354472566,0.19600469709521345,-0.3457674319730922,2.911803298814154,-0.3046682793885309,3.007035111617982,3.1987998477206965,-0.5322041149748648,0.6852954010806153,0.511251213615175,1.6851486114074434,0.035918456449430175,-0.6120279399926587
-0.23307661422474224,-1.281231264020678,-0.24639709761621595,-0.3170258265046266,-0.8912962318745152,-0.33279513030214725,-0.4724798780073082,-0.5081714711857345,-0.6938176107300004,-1.006418335533355,-0.7810975701916703,-1.227791599400298,-0.6226517308239613,-0.5388035693618347,-0.9727736015151911,-0.2571266456942751,-0.11678620812984042,-0.5395838180385865,-0.7167710453815159,-0.46229641632219604,-0.4117755400807501,-1.3464724605558103,-0.3127548502407489,-0.4468795539328352,-0.6785827663854777,0.0966533226675723,0.07216291056418653,-0.3340944820414033,-0.2545018764085541,-0.5878810893506766
-0.5739188003347983,0.7703138641225118,-0.5287523559934975,-0.5762942598375683,-1.9288651904874632,0.07192128902160083,-0.11526973715823347,-0.47935374129022285,-2.2255783708206005,0.611427826538409,-0.9991356831848258,0.35393571552002817,-0.5354113167460467,-0.6555394953954216,-0.7023645072510193,1.1466134785171302,0.4352633318726269,0.83647067967688,0.5278110142928356,1.484640311623219,-0.7471457310749792,0.4710751416652586,-0.5794127681587378,-0.675420731268573,-1.947641316948393,0.4279210455191679,0.09392806351714497,-0.07214915759979522,-1.1747290938946096,0.5515133281512247
-0.8427130446654933,-1.055561299924927,-0.8712685359000293,-0.7834331890216528,0.3417251426115998,-0.86465448042969,-0.8107451683996282,-0.579204647507127,-0.8825127768281186,0.6266188703137312,-0.6992053211801563,1.003648773353776,-0.723494144946282,-0.46072070516146674,2.776127576941012,-0.2300339533090127,-0.6307118123975402,0.6955433719371833,1.2827012229357524,0.42890412595334493,-0.9921467089270507,-1.4346251220391955,-1.0228796197341576,-0.8306530608853823,-0.4567969309148525,-1.0687327495948462,-1.0975721140076389,-1.0638528644439829,-1.6627027927083158,-0.5918119720133249
-0.4935576345039722,1.7140246230683795,-0.4324948815466968,-0.49465228508591863,0.5451700364572767,0.5977709289782108,0.24705052782720274,-0.0789389680052201,0.5123514902109065,1.0337388434923538,-0.023594266835167226,1.010653765891067,-0.1301655223196045,-0.14675400513066772,0.7201767201620562,0.7430452481949931,0.23268320277219537,0.25598438827289133,-0.2024095796885478,0.792852045381708,-0.12861867223532322,2.1748256717895944,-0.16512516870652114,-0.2016158514261899,2.067125876740858,1.362233791255615,0.8098123334698881,0.4781309458350654,0.5542849807947862,2.068272481267358
-0.4159675433569677,1.0552506874757328,-0.42447342534279725,-0.4422469634547921,-1.225527128906697,-0.5292375315145096,-0.4274858581725155,-0.7174791935847131,-1.0749078481438454,-0.36079897508218095,-0.5709074643954514,-0.2905235979107511,-0.6915998000145712,-0.4723718131704221,-0.6578224126056886,-0.1323873745037964,-0.04651856187360219,-0.5021709732457859,-0.8351851957568753,-0.13650763613491268,-0.41980835902671987,0.8877968141321699,-0.48378571417081323,-0.44637281074583807,-0.4080040471113149,0.5782126400076042,0.5666104069955259,0.059798115158427326,-0.10253774875030632,0.6840402293490802
0.4402945339439062,-1.2333618776973372,0.4037419277098817,0.2894968170050963,-0.09277502353023681,-0.16621347650160706,-0.21597657379677238,0.2676321520539584,0.04246352757441849,-0.8104538708317037,-0.34297403798007126,-0.7292112555586052,-0.4444186267938131,-0.2796175175134928,-0.6409876051806817,-0.5720791946729498,-0.546614895335553,0.16706596791332098,-0.46020705290157027,-0.5784150873461269,0.24289920401576873,-1.0451506358489666,0.198893224117602,0.05834340350337429,-0.4257469139489648,-0.36424090043029994,-0.4752780017526172,0.3506818755572365,-0.2764522504036347,-0.7277082012077363
-0.6404245927465166,-0.44465675065562155,-0.6683256939413583,-0.628423763986426,0.34899103167751705,-0.898646903584028,-0.8119915401402041,-0.8395753649841173,-0.32012718375137583,-0.7238649213123708,-0.7722259098820896,1.2155497976068312,-0.8951607661963721,-0.5549515962514396,0.27580794917281376,-0.9318475723055794,-0.5922141125869417,-0.9133767247576866,1.3530096247211223,-0.718742244555259,-0.7471457310749792,0.11365616874171498,-0.804468584039684,-0.6735626729162499,0.16420340840289704,-0.9585189136366593,-0.8673819637551541,-1.0638528644439829,0.5289576261850781,-1.005677760923577
-0.0945228800336624,-0.8093758845477446,-0.14292031258590554,-0.1953903168239591,-0.5614248682818832,-0.6815461236590847,-0.9737705920669657,-0.9809591924451666,-1.478197516863351,-0.620565823640183,-0.1907909419003413,-1.3109758857806295,-0.32106255742557904,-0.2510007610002689,-0.2148565422351969,-0.7747099564710577,-0.8844602434792431,-1.0111869871532142,-1.0054055369214547,-0.4824017692556682,-0.20493045222203418,-1.3256363769324648,-0.27490849352649477,-0.30684951992594195,-1.095540137070252,-0.9140576502671636,-1.1174919605145857,-1.2128933066277028,-1.7353078759228118,-0.874273969057907
2.1029393442368645,-0.4765696748711824,1.963915159368439,2.4527333304415464,-0.14944895824438864,-0.3352365750590887,0.35049938229500877,0.9076891002595311,-0.3238270889689866,-1.8267346994007274,2.7119480678536103,-0.3167923199255929,2.257689037200091,3.729998880796503,-0.5178830758853195,-0.7995449244908815,-0.39038151163817225,0.04794883875238684,-0.9610002305306948,-0.7946502097122458,2.9037704798681845,0.10724506608837801,2.66035092797596,3.808580816073995,0.19525342536878482,-0.5652559080585837,0.06979713306929973,1.019414644309138,-0.6361006858614873,-1.0517252435431708
-0.3134377800555683,-1.1649770400925639,-0.31498054815956156,-0.39287563412862553,-0.09277502353023681,-0.07174834475225877,-0.6393690540704314,-0.7018063931152244,-0.5643209281136452,1.4909892611295374,-0.7875807065717484,-1.0344538053710641,-0.936951738746599,-0.5561780286734349,-0.6360774530150547,-0.1261786324988403,-0.010263446517989834,-0.7330233249717653,-0.49721147489387035,0.8047511318117223,-0.5162021863783542,-1.4202001410691871,-0.5788349611860012,-0.5274517206653903,-0.7850399674113775,-0.34795931102738586,-0.597825275987753,-0.8323453767863739,-0.7678029298319685,0.967625335725847
-0.3383774522099627,-0.7797424549190094,-0.3286170237061918,-0.39866780125627616,-0.6631473152047211,-0.1573867146880497,-0.4952884808598486,-0.45154715981209764,-0.09813287069476694,-0.032672429535231313,-0.6753200818851316,-0.8067915479091039,-0.5771553858478445,-0.5105956236559426,-0.6034600136291042,-0.5449865022876873,-0.6094072600751701,-0.687893032374172,0.07635706598677745,-0.760183890397722,-0.36357862640493277,-0.6332372903720576,-0.29599844803138453,-0.41292776040402285,-0.030968126811252272,0.01086187081375651,-0.2950057566422437,-0.19210122374363417,1.118240743437616,-0.13976046580877557
-0.04464353572487324,-0.5221595666076976,-0.020192032666234906,-0.14988043224955971,0.9956551585441306,0.45879638127539263,0.11481048615209176,0.09396741136784925,0.3828548075945513,-0.1921783891761098,0.04362562089511704,-0.7391933699242451,-0.1672192465785036,-0.12018130265410262,-0.243265279764896,0.08491859566966216,-0.008020862063003599,0.29121621520781554,0.024550875197557644,-0.42865072365801815,0.019988478265113623,-0.5931678987887007,0.019773062569223784,-0.1051657315010559,0.8561752150712468,0.457979364416855,0.2344552467134204,0.3506818755572365,0.30607690561964845,-0.23017076704968542
0.5954747162379153,0.3121354521705331,0.6002676047054328,0.4329219077850216,1.5260650603560717,0.5339177584120507,0.7368746218735612,0.9135032036595025,0.5308510162989573,0.031129954321120507,0.0862778339219472,0.00018359238682862423,0.16438813381442993,0.05703818232421938,-0.12191437624297194,-0.2514823347806786,0.04019470371920253,0.37510151743382547,-0.6242599904007662,-0.3900812710917655,0.6003596471114142,0.7387386774420823,0.6466936279885478,0.39313173571285864,1.2021611184054217,0.2607216466507822,0.41803958031663546,0.6640566483580155,0.3651740663756337,-0.09371298318918166
-0.17211297118066693,-1.5114602172900804,-0.25040782571816633,-0.24972636083096908,-1.6084394826805226,-1.2644880102395553,-1.0708878780926459,-1.1204471166236165,-1.626193725567757,-1.399866369314187,-0.6408570937594529,-0.9552973896996748,-0.6615815930200201,-0.43394359728123577,-1.300000170838761,-1.2157564112594743,-1.0979169071863581,-1.4163529969048418,-0.6933349114530593,-0.8918944677782232,-0.2651765943168056,-1.4153918140791841,-0.34482313722763597,-0.3201937571835349,-1.8482812626575529,-1.2192748300740968,-1.2186526061959448,-1.3781272777408407,-1.0464038305387557,-1.221314752703138
-1.261976644327701,-0.7820219495058351,-1.2723413460950308,-1.0402192650141728,-0.8179107523087528,-1.1756569817754567,-0.89936219915458,-0.8107576350886058,-0.9380113550922708,0.22253710589017386,-0.6722491225471998,-0.7036430327974929,-0.7994777314012399,-0.5923577851222965,1.6117200633780415,-0.8401839630687751,-0.7305068206444317,-0.34580876989650366,0.4204981905151661,-0.08193596388691675,-1.1608359067924114,-1.059575616818975,-1.2040221056871145,-0.933015184658817,0.820689481395947,-0.9888903400228641,-0.9450740966872363,-0.6266275833496903,-0.21904357995496315,-0.10606718584321892
-0.8537973434007801,-1.0054124190147604,-0.8528191866310588,-0.7834331890216528,-1.1644936607529945,-0.6137490807932503,-0.6632993914894901,-0.7078732836195426,0.7343458032675154,-0.01596228138237757,-0.8462701516966666,-0.35181728261204837,-0.7685214554381089,-0.6119807038742214,-0.613280317960358,-0.3530799312254126,-0.5297955119231555,-0.7925818895522323,-0.1999426182223946,-0.7380269708383854,-0.8435395584266139,-0.7919120810421513,-0.7998461282577901,-0.745182376678521,-0.9935186527537647,-0.34357580618813993,-0.5490902595930851,-0.696799542043836,0.5323346067997056,-0.6064123933317325
-0.6986171611067704,1.1737844059906726,-0.7100372662016381,-0.660694409411909,-1.5372337698345364,-0.8749836697859806,-0.8592290291080337,-0.9002442700272996,0.4827522484700255,-0.5749926923142176,-0.549410749029929,0.9703750588016435,-0.44957800612100157,-0.4785039752803987,-0.323581340188366,-0.1081168375753322,-0.5772635495536995,-0.7862066065830555,1.420851065040339,-0.6272423730417023,-0.7732523926493804,0.9374828596955329,-0.7518881495206438,-0.6955215443527953,-1.616736850426221,-0.7324553069269694,-0.9413834837952129,-0.9875333623599655,0.6032511997068883,-0.9107750223539264
1.8313740252223478,2.6850893170561565,1.7553572980670373,2.1024451279598058,-0.08768890118409486,0.20338369901075318,0.5985273586696278,0.9534435661462641,-0.13143201765325868,-0.8848899853307808,2.5925218713784854,0.6744141241010952,2.265193588948729,3.2312496958517443,-0.8745705582026512,-0.5929631450532562,-0.37281460007411266,-0.4033540872235464,-0.8327182342907221,-0.5911348004264869,3.253198104017861,3.428196240516997,3.07926098321007,4.2967434195479655,0.36381066032645965,0.0709785086091311,0.34470047797514486,0.7780111111946624,-0.031621155843124395,-0.08360499919951474
0.09668127315002814,1.2877591353319608,0.1554778581991757,-0.0009389918242526639,-0.5468930901500488,0.3667726942829856,0.15232627554342862,-0.24881190212613047,0.2496582197605864,0.1283526344831777,-0.5391742179034898,-0.2677573721645553,-0.14282945339543066,-0.37834532748411515,0.03275541697427825,1.199105570013576,0.257351631777045,-0.010770872805820024,0.03195175959601774,0.9729795951326116,-0.014151002255257339,0.9551133919922098,0.17578094520813395,-0.1340500931598964,0.09323194105229753,1.0466214428298983,0.6276474663636052,0.097283135828377,0.5070072521899975,1.046242988978812
-0.003077415467549681,-1.4727088093140424,-0.07634222609353539,-0.11099016724961837,-0.2039431262387662,-0.9467245849514895,-0.8852781984860715,-0.5412865818551381,-1.596594483826876,-0.8453932715149438,-0.5292789044812652,-0.26425487589590974,-0.6385989032898166,-0.3617884897871784,-0.12366800201641008,-0.7882563026636888,-0.9601100924274485,-0.8484495008347549,-0.7722776783699655,-0.5185093418708835,-0.1527171290732321,-1.245497593765751,-0.2604633192080772,-0.23370958660267932,-0.16847534480304055,-0.8902614811398277,-1.0327971261976385,-0.826347773479182,-1.328381711860171,-0.7209695452146244
-0.1166914775042352,-0.38766938598497735,-0.16738575400780065,-0.23621130419978387,0.26180036288651354,-0.4488576579782848,-0.5384129430837773,-0.43334648829914296,-0.2683285107048344,-0.25598077303246164,-0.5770493830713149,-0.5003231244026191,-0.6357846963840774,-0.4288334621895887,-1.3326176102247114,-0.9651490066957976,-0.5391396138189319,-0.4112393056327913,-0.9338636544030082,-0.9091276274354853,-0.267184799053298,-0.3591626519418963,-0.3361560326365855,-0.34080131345475445,-0.5322041149748648,-0.7418485315824966,-0.4596638702863644,-0.348488729978664,-0.622592763402976,-0.7900407691440158
-1.1763504365976138,-0.47201068569753096,-1.1636506145321852,-0.9966401028156573,0.9447939350827111,-0.5850151540384786,-0.8863999330525898,-0.738713310349827,0.47905234325241475,0.043282789341377394,-0.6773673881104194,0.19282088716233353,-0.6578293171457011,-0.598694352635939,0.9379770412230818,-0.7222178649746119,-0.8757141641047964,-0.697455956827937,0.20710602369290382,-0.5201505951715751,-1.178909749420843,-0.4088486975052592,-1.1653090385137552,-0.9402785036724435,0.4259106942582339,-0.8038438143089767,-0.9899292379902899,-0.8716296784484812,0.172686171341853,-0.5541878093851199
-0.01970386357047891,1.7801299660863266,-0.022197396717210372,-0.15539678189494147,0.24654199584808772,0.17145711372767342,-0.5491317400527307,-0.14415804092664097,-0.9898100281388122,-0.12989510969729062,-0.16281109015474077,0.4555081073107489,-0.014783039184298035,-0.2407804908169747,0.07414098522742,0.08435416457830254,-0.39972561353394864,0.7676847318515518,0.046753528392937505,0.6418567417180803,-0.1989058380125568,1.1859130875123458,-0.20846069166177392,-0.30668060553027615,-0.34590401317954,-0.16698318266422696,-0.6564965578609454,-0.13812279397890662,-1.0751081657630914,-0.025764868591975965
2.1140236429721506,0.37596130060165406,2.2206017578932404,2.3010337151935487,-0.13709694683233048,1.739615861455421,1.6305231598665364,1.5181699572565521,-0.3090274680985456,-0.0949557090140505,2.5754609861677538,0.21033336850556125,2.7895741423847973,2.3543505141250987,-0.47614678247749004,1.372385915060983,1.1917618213546812,0.6586338389577391,-0.14566946596702157,0.3587405473487788,2.3896700673261333,0.38612803150854175,2.5563456728833533,2.526520552971076,-0.20839679518775234,1.3741318758192826,1.4637132330565974,1.050902061671896,-0.09071831659910964,0.2757899870997544
-0.40211216993785953,-0.4651722019370534,-0.42848415344474705,-0.46017509980228277,0.5015747020617745,-0.5038840667308873,-0.7072963139318221,-0.6995313091761052,-0.3608261411450881,-0.41396762829580747,-0.6899924431663611,-0.4927927574250312,-0.6348466274154977,-0.4907682995003518,-0.08263315891795601,-0.8901925577632384,-0.677058557800591,-0.874118403315914,0.018383471532174588,-0.8024461628905308,-0.5182103911148467,-0.7486371381321253,-0.5406997009853786,-0.530154350996042,0.28840347626644686,-0.825761338505207,-0.8012821405480172,-0.869530517290964,-0.33554941115961995,-0.8304727051026833
-0.5295816053936527,-0.30104859168559844,-0.5463995596420774,-0.5470576067170452,-0.26061706095291903,-0.5957199502804524,-0.5578563422367626,-0.7197542775238325,-0.405225003756409,-0.5172667259679953,-0.5442924834667094,-0.7938323117151155,-0.4903840062542197,-0.4711453807484268,-0.4249409098930946,-0.6437619432756231,-0.42626286291795346,-0.7712750227868257,-0.12840073570394814,-0.7302310176601003,-0.4017345163982884,-0.27742109311184854,-0.3919144055056776,-0.4453593243718436,0.21743200891584732,-0.2258473905055312,-0.14217653047255696,-0.3856738704832542,0.5593504517167271,-0.5036478894367854
-0.4603047382981128,0.12521689605082018,-0.4613721238807369,-0.5114771515043328,-0.8273564080944452,-0.03888274225497061,-0.25399091188433964,-0.44876650166428517,-0.08703315504193669,-0.011404968249781761,-0.1638347432673846,-0.3360560494031432,-0.15971469482986578,-0.27185011217418914,-0.180485477075808,0.47437604870780814,0.5873853107358662,0.3935562839235478,0.8608508122235343,0.373922140380176,-0.5684155095271564,-0.43289033245527314,-0.5571671997083748,-0.5691735763948266,-1.1931259046773273,-0.2333619702299531,-0.38301267945203227,-0.5662017300297315,-0.340614882081561,-0.3385508176055588
2.06137322397954,0.6950905427572619,2.008033168489889,2.267935617321258,1.0973776054669684,0.2334322498654167,1.9346378645670743,2.279059141339796,-0.29052794201049487,-0.9623643085849211,2.606170579547071,0.04221354761057515,2.2295469681427,2.3931875408216166,1.1417483560966017,0.2045779870379042,0.7690346515897586,2.1568253367142756,-1.1447888597591174,0.20487305040894083,1.839421969527218,0.10083396343504049,1.6954132835056643,1.9234961604444065,0.4037321107111714,-0.261541644196535,0.6593488847950881,1.6131773717211402,-1.3959213241527257,-0.702999795899661
-0.12777577623952135,-0.04802469254793845,-0.09920337627465078,-0.2246269699444824,-0.38704353069987524,0.210895836724419,0.09835837917648886,-0.015742191918571877,0.1608604945379424,-0.11470406592196952,-0.6408570937594529,-0.5899870288799449,-0.5232164201545102,-0.45499735385882195,-1.0748346215292948,0.1582946375464143,0.1975493796440764,0.17713220418044207,-0.5687533574123164,0.0887543793850101,-0.23103711379643505,-0.04341584626504412,-0.1737922732975716,-0.3031334032212959,-0.762861383864315,0.39848894159851544,0.4478483767522089,0.40016210284157,-0.24099395395004375,0.2651204484439943
-1.119820513047653,-0.9643815164518966,-1.1299604984758054,-0.9356844392341889,-0.23445986031561786,-1.0614724885277356,-1.085358254000733,-1.1713837181494549,-0.37562576201552805,-0.31674494813374815,0.04191953237404383,0.06322852522244841,-0.11234221191658955,-0.3104827334670414,2.5762142387690568,-0.7498749884512339,-1.114100891669843,-1.5569447634356346,0.6116877041420485,-0.11065789664901989,-0.8877200626294466,-0.7358149328254513,-0.9252302413416549,-0.7622427306407602,0.8960966654559598,-0.9466208290729915,-1.2511583889756894,-1.5532572943108454,0.07813071413227678,-0.3761749802337637
-0.28018488384970935,-0.8618042600447369,-0.1894447585685262,-0.3490206544478405,3.1899536564510655,1.3715211134857939,1.4759730640351152,1.1948552507972603,0.445753196293924,2.1806626485291445,-0.07307083394629021,-0.5395510826114492,-0.23898152267485276,-0.1422570862500183,0.041172820686781554,0.21643103995645638,0.8718197724432986,0.3683906932557447,-0.610691702336923,1.3779588470782649,0.003922840373174136,-0.5402763018986698,-0.0293405301133957,-0.10313875875306702,2.408676063365621,0.9821213001952774,1.732938711974714,1.2683151815576037,0.439467639897443,3.1913818134525744
-0.2968113319526386,-0.006993789985074715,-0.37393825125822683,-0.35729517891591306,-1.1114526705717998,-1.231622407742267,-1.0966379182529455,-1.1268173516531508,0.05356324322724873,-1.147695042643846,-0.02803009698995745,-0.03133887403098127,-0.15221014308122796,-0.1770060048732186,0.15656139657901583,-0.9421766612774606,-1.1479265405325534,-1.2611651877867236,0.18243640903137032,-0.30760829273201235,-0.4137837448172425,-0.5643179368486838,-0.4962085640846526,-0.44620389635017227,-1.3217616892502897,-1.197044198389349,-1.2751710305487904,-1.5429114286059393,-0.7559834976807714,-1.1668439500921552
1.554266556840188,0.10926043394303975,1.5548208929695364,1.5149538907266504,0.7486149303029525,1.5292760054727772,1.907217686274403,1.2299926583014367,-0.2646286054872236,0.6691537928846324,1.2075192099712575,-0.7913805643270635,0.5607222730393648,1.0463603360671019,0.5041300248744688,1.4271357309228672,1.367804701071108,1.3464933172110198,-0.7093701609830558,1.4440192924311017,1.8052824890068477,-0.02899086529503566,1.5134040870936032,1.7647166285186169,1.734447123534922,2.1443762975725202,2.732716281313872,2.049503012319354,-0.23255150241347441,2.5849027740725576
-0.47138903703339946,-0.9803379785596771,-0.5343673753362276,-0.49713464242634037,-1.2088155840550883,-1.305992571107559,-0.974019866415081,-0.9520656264183511,-0.9565108811803216,-0.7633616351282067,-1.0131256090576262,-0.9761372424981158,-1.0142955252059973,-0.6666387088144791,-1.3256031071309586,-1.1489277700424938,-0.9311060001429587,-1.3291122825897916,-0.3972995355146605,-0.9764190127638408,-0.6206288326759588,-0.8656397615555275,-0.6808178918740294,-0.5825178136524195,-1.2507902218996896,-1.0977891245292772,-0.9885097714933578,-1.1019376454446517,0.0240990242982335,-0.889435945042407
-1.5102649359981164,-1.1148281591823972,-1.5045625031979368,-1.1847476257231746,-0.32818982926594714,-1.1401621310783854,-1.1052628106977314,-1.232153738034376,-0.3053275628809359,0.7101696110779999,-0.6545058019280384,-0.7785964529465074,-0.6962901448574699,-0.6185216767915298,0.7461303816089415,-0.975252323231135,-1.1737910145800623,-1.96026529653829,0.8250798709643109,-0.1397901427362958,-1.4114598579066615,-1.3993640574458417,-1.4172328786269581,-1.0625725261344348,-0.6963256332231275,-1.1428139813781046,-1.2839007495049226,-1.7094948604631954,-0.49764448066175077,-0.2913802256537801
-0.14163114965862952,1.2193742977271884,-0.16738575400780065,-0.23207404196574757,-0.24099916047494366,-0.46669898504824137,-0.4465553458033279,-0.4523055211251375,-0.16103125939413968,-0.1921783891761098,-0.6183367252812865,-0.3973497341044404,-0.5476062133375831,-0.4453902998865254,-1.0369563048230295,-0.7645501968265843,-0.5025107343874886,-0.8060035379083939,-0.8869913865460951,-0.9333361136206864,0.12039871508973309,1.5817986763559118,0.16711384061708345,-0.06682216368493427,0.6743108299853348,0.22127010309756742,0.5121975246131296,0.2832088383513271,0.9848500091598206,-0.26217938301696414
-0.4935576345039722,-1.000853429841109,-0.5472017052624674,-0.5175451361142528,-0.659514370671763,-1.0847601154400996,-0.8424030106102579,-0.7129290257064745,-0.8640132507400679,-0.8332404364946869,-0.09866216176238832,-0.5675710527606134,-0.14892690169119907,-0.23444392330333227,0.23056440421810803,-0.9479338584093289,-0.6852813674688742,-0.23222807068248616,1.1445513808311665,-0.9468764533513921,-0.6246452421489435,-1.4298167950491925,-0.6733064012284521,-0.59991599640599,-1.201997338096152,-1.1624145101593049,-1.0510609284581645,-0.990832044178921,-0.9940606310120261,-1.3437336699113267
-1.2037840759674476,-0.5358365341286527,-1.1804956725603755,-1.0109826118936498,0.5669677036550272,-0.36490951902806884,-0.5650852983321033,-0.782698266506134,-0.8159144829111351,1.2281842038164723,-0.03144227403210386,0.3364232341768004,-0.08091690146916881,-0.38325105717209634,2.38682265523773,0.22771966178364894,-0.15640520016793213,-0.24397201299412763,1.528163888818008,0.3685880671529283,-1.0523928510218221,-0.6893344385887575,-1.0324134347843132,-0.8804828076067738,0.6565679631476842,-0.4794644562047679,-0.6687986008343567,-0.90971445944915,-0.597265408793268,0.05678366732363732
1.1995689973110233,0.585674802589625,1.1336944422647852,1.1536329889541461,-0.11602586854117128,-0.11982602611972037,0.3318038061863691,0.4986795654267442,-0.4163247194092403,-0.8043774533215753,0.6267666773979386,-0.05235385164285453,0.3970292380222023,0.5463847187003475,-0.36601908390557053,-0.6245712861693955,-0.10669457808240197,-0.425499807011213,-0.6785331426561395,-0.6297042529927396,1.251017981734948,0.9006190194388445,1.1031611364505431,1.1853402513851499,0.6476965297288589,-0.16009481791684016,0.5921608039403033,0.35817887969122647,0.3753050082195167,-0.42503023618382035
-0.4603047382981128,1.0712071495835132,-0.3193923490717066,-0.49878954731995495,1.6495851744766603,2.556560837816583,1.7277401556314622,0.9274064943985654,0.8342432441429896,3.017689160549372,-0.3910857342743357,0.6428916576832854,-0.4129933163463922,-0.3613796789798467,0.03661339367584221,2.646306888259673,1.7202642245797921,0.4422097592146333,-0.3121893649323709,2.601513182743856,-0.24107813747889711,2.3895976106763865,-0.28213108068570353,-0.2987416289339868,2.3687546129809083,5.040620566360099,3.9444675141948866,1.6041809667603526,2.4977373245130416,6.953798076273045
-0.6681353395847326,-0.8868787004998206,-0.6779514413860381,-0.6521440674615673,1.3880131681036487,-0.5758127853392379,-0.6059662914229953,-0.41059564890794964,0.7565452345731759,0.3790048567759881,-0.23071341329345424,-0.8623061137671357,-0.2647784193107953,-0.3493197601635595,0.8737943379152431,-0.8080113908612759,-0.5567065253829915,-0.07955682063114825,-0.10989852470779855,-0.26247382696299326,-0.648743698986852,-1.2198531831524027,-0.6718618837966105,-0.6281247004821676,0.6255179461817965,-0.8865041912776169,-0.7695807221165339,-0.5303660502692596,-0.20553565749645186,-0.31496552162966907
0.12716309467206555,0.4990540082902461,0.21964950783037576,-0.032933819767466836,0.6904878177756159,1.5649586596126897,0.6708169196230345,0.9880753994417476,1.6556222024524416,1.0139904865844347,-0.5381505647908459,-0.43552694343267667,-0.379691867961812,-0.4204528406392874,-0.9092923485167277,0.29714468602088384,-0.17172952727700538,0.3079932756530177,-0.7254054105130524,-0.011772385282350799,0.2669976608536776,1.1923241901656827,0.43290504807596725,0.014594575025949286,0.913839532293609,2.575212201772705,1.336907559330665,2.3403867727181638,2.325511313167028,2.4613607475321837
1.9311327138399252,1.6479192800504323,2.0361082652035387,1.8045622471091918,1.322620166510395,3.3753838486061616,1.9944637081147214,2.5495413429906506,2.1847086485706915,1.734045961534686,0.7424394791267019,-0.821326907423983,0.7009635838420338,0.8143602029063225,-0.9790866542995685,1.258935265697697,0.27342348703778036,0.6687000752248601,-0.301088038334681,0.6381639217915245,2.086431152115782,1.2355991330757075,1.9958729093287504,2.0282230857571615,0.7630251641735848,3.1644804951627825,1.9240935335615672,2.6432657397313566,2.0452219221529266,2.5119006674805173
3.0755865582582445,1.269523178637355,3.1911979585651444,3.368447371574916,0.7558808193688697,3.061752099060612,3.0563724310854523,3.4317683371602588,0.09056229540335022,0.7982776649748676,1.6551968379008666,0.42398564089293905,2.0930579332143493,1.6021386286346426,0.3933008759931738,1.7861139050275936,0.9678771399318794,1.4454779738377115,-1.205229415679874,0.883531290244919,2.753155124631255,1.2580379923623874,3.0128131813453485,2.827188177256082,1.126753934345409,2.2201483097937738,1.78025426187245,2.5892873099666294,-0.8978166834951362,1.203478295484742
-0.5240394560260097,0.04999357468556946,-0.5371748850075923,-0.5398863521780489,-0.002677999112865629,-0.42444321040887084,-0.5834069629185701,-0.19395710048291973,0.6455480780448715,-0.3699136013473736,-0.20068625532256593,0.16480091701316918,-0.286823040072419,-0.29392589577010475,0.16462807513683145,-0.42306938655400683,-0.6501475443407551,-0.04768040578526433,-0.664964854592296,-0.16481925557184288,-0.3716114453509025,0.4149779934485587,-0.4410279981882971,-0.42204913776997244,0.4880107281900094,-0.3060029075660307,-0.6323656274131002,-0.09014196752137114,-0.36931921730589723,-0.10831340450759003
-0.6764485636361977,-0.7227550902483648,-0.6595020921170682,-0.6515924324970291,1.2281636086534742,-0.20358636162709454,-0.5719403429052711,-0.44042452722084763,0.17936002062599316,0.2194988971351086,-0.1396082862681451,-0.13641376209034758,-0.17144055693711252,-0.28718051744913053,0.6851042046932923,-0.6979473280461478,-0.48195371021678063,-0.0023823425832190845,0.13556414117445736,-0.21610842121845536,-0.5965303758380499,-0.670101130628746,-0.6022361435818377,-0.5717072923298125,0.9182752490030223,-0.6598143695908917,-0.5788990560286587,-0.23783294896097268,-0.1396845355112119,-0.1925466044214805
-0.252474137011493,1.9875639734874713,-0.28289472334396154,-0.3264036209017755,-0.6675068486442717,-0.6516853762472631,-0.7329715717876872,-0.40427597129928483,-0.6531186533362892,-0.7223458169348381,-0.6043467994084862,0.6393891614146398,-0.6475105584913241,-0.4858625698123705,-0.7265645429244664,-0.6527928407373772,-0.6138924289851427,-0.4307006957492256,-0.3923656125823541,-0.9833943392917802,-0.3856688785063493,1.8270233528460562,-0.4314941831381415,-0.43691360458855694,-1.095540137070252,-0.7199310073862664,-0.781409609590968,-0.5162716824973587,-0.6985748272321003,-1.0803645315138937
-0.7263279079449864,-0.20303032445209054,-0.7481391831701634,-0.6877245226742796,-0.17778592560146506,-0.8180792266049618,-0.7764699455337888,-0.7091372191412756,0.10906182149140095,-0.4899228471724162,-0.066587697566212,-0.6812270566781613,-0.1104660739794301,-0.2990360308617519,-0.23309425027895425,-0.8260731857847843,-0.7084547401703996,-0.4209700006910083,0.3082514438051898,-0.9349773669213779,-0.6668175416152835,-0.5306596479186638,-0.7019078463789188,-0.6407932801570976,-0.6031755823254649,-0.927834379761937,-0.9004082175837737,-0.7282869594065938,-0.24774791517929845,-1.055656126205819
-0.09729395471748394,0.672295596889004,-0.052277857481835506,-0.1871157923558865,1.7513076213994982,0.4362599681343949,0.6209620499999957,0.4175349049314878,0.10906182149140095,0.9425925808404229,0.7059291847757352,1.5412819505908668,0.9317285501126468,0.16516864086347255,2.369286397503348,0.46252299578925615,0.5698183991718064,1.4958091551733177,0.7979432948366246,0.23236404319552528,0.019988478265113623,1.3205462432324244,0.12088928279814692,-0.1374283810732111,1.8542114746890583,0.3703092676319336,0.5183485460998354,0.7990027227698343,0.32633878930741445,0.5425284534937426
-0.061269983827802965,-0.022950252092855148,-0.12848169141888552,-0.14850134483821428,-1.161587305126628,-0.9429685160946566,-0.7319744743952263,-0.7088844320369291,-0.8344140089991858,-1.006418335533355,-0.2750717148413576,-0.53499783746221,-0.40501973011346454,-0.27001046354119623,-1.171634764223084,-0.8164778572316705,-0.601931978558549,-0.9075047536018658,-1.208929857879104,-0.6247804930906649,0.024004887738098314,0.10403951476170953,-0.08712122738706607,-0.09756458369609788,-1.1310258707455525,-0.6986396981670713,-0.4923115997158021,-0.48748318662283724,-0.896128193187822,-0.42896111884646865
-0.34391960157760576,2.183600507954488,-0.3783500521703718,-0.39287563412862553,-1.0656775694565233,-0.8494424015595167,-0.33313551741091413,-0.6398735525503092,-0.8825127768281186,-0.8332404364946869,-0.6845329598989268,0.22434335358014343,-0.6648648344100491,-0.5067119209862908,0.4795792640463336,-0.2119721583855044,0.28314135300938786,-0.6818532906138992,-0.4281365538415771,-0.38515751118969055,-0.4820627058579837,1.5978264329892546,-0.5366550521762216,-0.4941755847192406,-0.4080040471113149,-0.5702656278748649,-0.12987448749914557,-0.7359339036232635,-0.8691123482708004,-0.6316823533059002
-0.5129551572907235,-0.32384353755385564,-0.5423888315401276,-0.5258196605823253,-0.6573346039519878,-0.7176043846846809,-0.7050528447987854,-0.5615095502028654,0.5974493102159397,-1.001861022400758,-0.266200054531777,0.9616188181300295,-0.3942319369747976,-0.32356467930165805,-0.4056510263852741,-0.12335647704204225,-0.4042107824439212,-0.1567312986790774,0.6610269334651152,-0.6042648268320198,-0.43989040639164373,0.498322327941941,-0.5320325963943281,-0.46968299734770924,-0.3503397298889526,-0.46067800689371335,-0.6323656274131002,-0.2802659923593557,0.9595226545501127,-0.8259802677739427
-0.8731948661875308,-0.4879671478053114,-0.8103054687503886,-0.7867429988088819,-0.490219155435897,0.1470426661582592,0.07343094436496932,-0.3188339300301365,-1.1674054785840993,0.5825648433652983,-0.5282552513686212,0.2523633237293074,-0.053243866896066784,-0.47973040770239406,0.5332402127135429,1.1906391036431814,1.2295119930136176,1.00591899017342,-0.6489296050622995,0.5072739710613691,-0.7893180305413194,0.17616441961175183,-0.49909759894833594,-0.6956904587484611,0.31945349323233463,0.9714756455856799,0.9773093801078729,0.622073425207672,-0.5854459766420713,0.6542778320461717
-0.30789563068792525,0.6563391347812235,-0.3980026198699267,-0.35950171877406595,-2.425852002596186,-1.5792465804421545,-1.0853831814355444,-1.1853375663093868,-1.5151965690394524,-1.553295911444937,-0.8159017760215637,-0.15742873970222085,-0.8529476626102843,-0.5576088664990961,-1.2719421584637494,-1.3000824163086033,-1.1141756444850093,-1.6495541370931495,-0.5292819739538634,-1.1371387422340662,-0.45997245375656753,0.520761187228621,-0.5557226822765327,-0.47204779888702963,-2.2466086231627953,-1.3698169105533473,-1.2461571353514986,-1.57066533790997,-0.9991261019339676,-1.417297331169458
0.5400532225614836,0.07050902596700133,0.4879672178508319,0.4439546070757851,-0.3063921620681965,-0.36115345017123607,0.11231774267093973,0.4458470606183061,-0.024134766342565,-1.3147965241723856,1.1437114992831197,-0.37808600462688974,0.9894197916803,0.7691866086961621,1.3241254365341752,-0.18375060381752278,0.13438325082862831,1.0747049379987477,-0.606991260137693,-0.7351547775621751,0.698761679199541,-0.19407675861846627,0.6178032793517125,0.565424419291907,0.8029466145582965,-0.3041242626349253,0.054656157102024094,0.5695943962697424,-0.39971204283754624,-1.1118115928150798
1.5986037517813336,0.20955819576337378,1.5467994367656368,1.5370192893081773,0.5669677036550272,0.5170154485563029,0.653367715254971,1.1518814430583397,-0.009335145472123994,-0.10407033527924421,0.32649509768905455,-0.6272886141410199,0.34449737578173756,0.3695740445293573,-0.6858804249807,-0.1273074946815597,-0.03306305514368426,0.016072423906503215,-1.2150972615444873,-0.1430726493376791,1.4940107548505273,-0.0866907891750695,1.5336273311393875,1.2799323129579607,0.43478212767705915,0.48741146833750737,0.6962550137153221,0.7090386731619551,-0.5702495638762464,0.4319021842734988
1.2023400719948454,-0.18707386234431012,1.1697909951823349,1.1536329889541461,0.20657960598554356,0.03436060045327151,0.5586434629711968,0.9911088446939066,1.2116335763392239,-0.3562416619495841,0.9809506543727359,0.42573688902726203,0.8735682740607038,0.7967813381910563,-0.20117826120237886,-0.496445428430759,-0.12500901779812354,0.4220772866803912,0.40446294098516933,0.006281401025256926,1.333354375931136,0.305989248341828,1.2938374374536552,1.2072991228216954,0.35050351019822235,-0.2765708036453785,0.2098511607665976,0.7525212971390969,1.3647603283054401,0.11911623525991677
-0.479702261084864,-0.42414129937418965,-0.4529495948666421,-0.5346458200149363,0.6032971489846123,0.49260100098688886,-0.37090058115036617,-0.504126877516189,-0.0944329654771572,0.5035714157336244,-0.5166538494253236,-0.6285144878350459,-0.37640862657178287,-0.45826784031747614,-0.11560132345859447,0.6640248954046447,0.6042046941482636,-0.19699624374756197,-0.2517488090116144,1.290151795491264,-0.4238247684997046,-0.42327367847526765,-0.3520457243868447,-0.4860676937272855,0.47913929477118417,0.6652565218154904,0.23303578021648824,-0.23948228987045045,-0.11435718090150393,1.579719921766789
-0.8039179990919909,3.298273360912288,-0.8480063129087186,-0.7445429240217115,-1.3148975644174765,-1.2720001479532212,-1.0433555263433225,-1.069510515097778,0.1497607788851122,-0.6509479111908263,-0.642563182280526,0.7269515681307784,-0.6709622827058173,-0.534715461288517,-0.9419097879026784,-1.0426453955394752,-1.0533268529397135,-1.3866575999168342,-0.15553731183163488,-0.49471116901085527,-0.7893180305413194,2.5659029336431574,-0.8371146779993076,-0.7049807505100765,-1.4175731701735994,-1.1535848789831094,-1.174223304841971,-1.25937473225844,0.040983927371372145,-0.5951813000098808
0.947401201083258,-0.0047142953982485915,0.9291473090653338,0.8132742158340927,-0.4517099433865367,0.3066755925736588,0.1859783125389799,0.6607160993129101,-1.1045070898847265,-1.1628860864191681,-0.05157411858076774,-0.706970404252706,0.07902385767367479,-0.018183006224826218,-0.3348045451383705,0.0228311756201026,-0.1597690768504116,0.2962493333413762,-0.55271810788232,-0.44383231668941536,0.8292949870715467,0.011078526288321238,0.9269300097658487,0.5924507225984245,0.2750963261382096,0.5569213307884092,0.3759287409076505,1.1978433426980983,0.06968826259570746,-0.28071068699802
0.07728375036327689,1.7436580526971142,0.012695937769754969,-0.029348192497968512,-1.885269856091961,-0.9623122707073462,-0.672023993673522,-0.7930625377843444,-0.3608261411450881,-1.2509941403160338,-0.6166306367602132,-0.5616168091039161,-0.5593320754448297,-0.43128632703357933,-0.5922368086790997,-0.4795124956899701,-0.4371020211170541,-0.891566546178924,-0.774744639836119,-0.7581323237718576,-0.17882379064763296,0.9951827835755668,-0.2026826219344068,-0.2595534891395365,-1.3395045560879395,-0.6704600242004893,-0.5874158550102512,-0.8753781805154761,-0.9147015865682748,-1.0685718835259488
0.7118598529584228,0.19588122824241866,0.6082890609093324,0.5540057825011508,-1.5205222249829278,-0.607551567179476,-0.6504617625615575,-0.6489738883067866,0.1534606841027219,-1.415057413089509,-0.5627182394943,-1.1628202936169232,-0.5368184201989162,-0.38161581394276933,-1.5353367496341683,-0.6110249399767643,-0.6419247346724719,-1.0715844047559413,-0.10003067884318523,-0.8369124822050547,0.5802775997464901,0.1264783740483889,0.5744677563964594,0.3306334093165372,-1.3749902897632393,0.24381384227083286,-0.11189457853800595,-0.39946835808979547,3.0228578100876535,-0.4177300255246162
-1.0699411687388645,-0.6292958121885092,-1.04613628114505,-0.926582462319309,-0.517829533886381,-0.4283870827085455,-0.5620940061547208,-0.615858777637383,-0.5014225394142735,0.6949785673026798,-1.0161965683955578,-0.36582726768663054,-0.905620235196036,-0.7009788166303477,1.1312266014559722,0.31351318767031305,-0.1971454844335171,-0.1198217656996328,0.28974923280903975,0.8823003502694006,-1.0965733552246548,-0.5979762257787037,-1.0497476439664146,-0.8966985895906843,0.6299536628912097,-0.17825505225085966,-0.4402644948282927,-0.4600441514924341,-0.33048394023767796,0.6245154347432634
-1.4329519523194938,-0.8162143683082217,-1.331299049193696,-1.135100478914739,-0.09277502353023681,0.3911871418523995,0.04925133259779541,-0.64872110120244,-1.8481880386243659,1.3770564328146244,-0.33785577241685166,-0.4430573104102645,0.16907847865732847,-0.504463461545966,3.965085851332119,2.3883618795083206,2.288385619842995,1.9118802542143267,0.42173167124824273,0.763719799294432,-1.3809351459119774,-1.3945557304558387,-1.2733589424155187,-1.0443297714025355,-0.6209184491631147,-0.40807594882276044,-0.5533486590838813,-1.13282530247669,-2.084825369536781,-0.36213611358144854
-0.7734361775699534,-1.1809335022003444,-0.8078990318892185,-0.7175128107593409,-0.15308190277734773,-1.2160347219864105,-1.0867292629153664,-1.1478997961556565,0.5530504476046177,-0.6615816418335516,-0.5961575745073349,0.08424350283432168,-0.6353156618997876,-0.5013973804909778,0.4844894162119607,-0.9193172020773955,-1.1182122965039847,-1.4010858718997081,0.3896611721882496,-0.8668653549426764,-0.8214493063251977,-1.086822803095658,-0.8680273510407212,-0.7267707075509561,-0.2660611124101146,-1.1245911255463819,-1.2604558945305946,-1.5429114286059393,-0.21735508964764946,-1.1123731474811722
-0.022474938254300938,-0.7660654873980547,-0.08636904634841043,-0.12560849380987987,-0.8222702857483033,-0.8361083571177598,-0.6647950375781813,-0.487948502838007,-0.33492680462181684,-0.5446106047635743,-0.07853031721372444,-0.32554856059720655,-0.12922745335102467,-0.18150292375386806,0.3266630966025222,-0.6962540347720688,-0.5727783806437268,-0.442612408665319,-0.045757526587812195,-0.37325842475967647,-0.12661046749883087,-0.6717039062920805,-0.17957034302493874,-0.23354067220701355,-0.5499469818125152,-0.800712739423801,-0.7553860571472134,-0.5919914242506569,-0.2730752697890064,-0.6361747906346409
0.3710176668483663,-1.6983787734097933,0.4237955682196318,0.22109408140236247,2.165463298156768,0.9771338835183365,1.427364566152652,1.5409207966477458,0.5974493102159397,1.2342606213266007,0.02963569502231678,-1.0045074622741448,-0.0537129013803566,0.06173950660853481,-0.5792599779556568,-0.11714773503708616,0.4345158037209648,0.2543066822283712,-0.3084889227331411,0.17574080432166492,0.5019576150232867,-1.3993640574458417,0.5080199545317385,0.36103800053636925,0.9404538325500849,0.658994372045139,1.4745958095330765,1.029910450096724,0.5559734711020998,0.9732408823867732
-0.6431956674303382,-0.47429018028435627,-0.668726766751553,-0.6201492395183533,-0.3652458635021236,-0.7728185968801249,-0.7496729531114052,-0.818088461114657,0.15716058932033267,-0.36079897508218095,-0.23344315492717144,-0.1609312359708664,-0.32575290226847753,-0.33848627376926765,-0.5547092171275219,-0.31864963465247487,-0.3967355009273002,-1.0546395737062872,-0.6970353536522893,-0.2743729133930074,-0.5704237142636491,-0.20529618826180623,-0.6187036423048337,-0.551099736058593,-0.33259686305130276,-0.5038868403091388,-0.5982984314867303,-0.9064157776301944,-0.1818967931940585,-0.1380758018104976
0.5594507453482348,-1.0213688811225408,0.495988674054732,0.3951349127141565,-0.06879758961270992,-0.34669258507242917,-0.4197583533809444,-0.08753372955300424,-0.25722879505200413,-0.5795500054468145,-0.5920629620567591,-1.0414587979083552,-0.5583940064762499,-0.4045092191533484,-1.082550574932423,-0.7239111582486908,-0.48942899173340165,-0.49277581939647297,-0.6686652967915261,-0.8693272348937137,0.2850715034821091,-0.9922590389589357,0.24511778193653855,0.1007409168154735,-0.5011540980089776,-0.5063917002172794,-0.19091154686722478,-0.016671327008269836,-0.18358528350137218,-0.7608399265071998
-0.039101386357230164,0.06367054220652457,-0.032625289782280055,-0.15787913923536318,0.7340831521711181,0.1846033547265885,0.2981517691908179,0.4016093173576527,-0.5014225394142735,0.4367308231222094,-0.6531409311111799,-0.4878892626489274,-0.6179613859810626,-0.46542202944578204,-0.6069672651759804,-0.41629621345769136,-0.3571165088892084,-0.35520392374581655,-1.0103394598537614,-0.36669341155691004,0.15052178613711864,0.8060552553021222,0.18733708466286816,-0.03202579817779327,1.304182602721909,0.6496011473896117,0.6413689758339485,1.029910450096724,0.4934993297314872,1.225940482128446
-0.08343858129837575,1.1737844059906726,0.015904520251314915,-0.16780856859705037,1.4752038368946523,1.213766221498811,0.5860636412638681,0.4764343002442439,1.7407200224574748,1.489470156752006,0.2145756907066523,0.5185530401463687,0.02555392646463038,-0.05252311404069485,0.9242987601902635,0.749253990199949,0.12541291300868285,0.75090767140635,0.4834057079020759,1.335696574585456,-0.05632330172159697,1.1490492472556568,-0.040896669568129936,-0.1693532018540347,2.107047327125571,0.8988347082496023,0.31583799253752604,0.5710937970965406,1.2904667547836297,1.9447304547269844
-0.13886007497480798,0.8865680880506263,-0.19024690418891604,-0.230419137072133,-0.2497182273540437,-0.676099823816677,-0.7345918550504359,-0.61459484211565,-0.5199220655023242,-0.6919637293841948,-0.22593636543444942,0.1823133983563969,-0.400329385270566,-0.21216373430375085,-0.41266552947902696,-0.2424514373189245,-0.41841381732550137,-0.43959253778518276,0.05538789352447421,-0.4746058160773831,-0.18886481433009505,0.5319806168719609,-0.28415340509028225,-0.2676613801314918,-0.4567969309148525,-0.6347657705094856,-0.7875606310776737,-0.6338247073183207,-0.41321996529605753,-0.793971651806664
-0.5018708585554369,-0.6429727797094635,-0.5111051523449175,-0.5125804214334093,-0.3034858064418299,-0.660699941503662,-0.6849862597755121,-0.6578214369589173,-0.31272737331615635,-0.5203049347230595,-0.5517992729594315,-0.36232477141798497,-0.5532346271490615,-0.44845638094151363,-0.7683008363322958,-0.4004921428996215,-0.491297812112557,-0.6239724320779524,-0.8092821003622654,-0.5890832338006223,-0.43788220165515135,-0.41045147316859315,-0.5115204488621753,-0.46816276778671767,-0.6342255992913526,-0.43061968799602607,-0.4781169347464813,-0.4110137444561401,-0.45374373267159046,-0.4255917908499128
-1.233988790021103,-0.2828126349909919,-1.2382501572284557,-1.021739493702144,-0.9290788550172832,-0.9238125649248087,-0.9209244302665445,-1.0863208575368266,-0.46072358202056124,0.23620904528796233,-0.24094994441989348,0.14028344313265037,-0.30230117805398443,-0.4218836784649486,1.3802414612841982,-0.7177024162437349,-0.7884402523982452,-1.300255738624044,0.8028772177689311,-0.3121217393089143,-1.0323108036568984,-0.18446010463846024,-1.0488809335073095,-0.8581861073788969,0.30614634310409733,-0.7988340944926955,-0.9806553902103338,-1.334644653763699,0.2875035122391961,-0.2762182496692793
1.7925789796488454,0.43294866527229825,1.8395825882079886,1.8293858205134097,0.9157303788190433,1.1442789476474016,1.621798557682504,1.601589701690928,0.1608604945379424,-0.05242078644315034,0.6079997036661334,-0.027836377762335728,0.6034044111097425,0.6841539607711541,-0.13278685603828877,0.14813487790194094,0.3444386614456809,0.5210619433070826,-1.1410884175598874,-0.0052073720795844025,1.5201174164249283,0.7996441526487853,1.6116312724588422,1.4724947240168973,0.6432608130194469,0.6677613817236312,1.1665715796988163,1.4587390865609478,-0.6867553950809031,0.35496919501881175
0.027404406054488222,0.861493647595543,0.09772337353109553,-0.1291941210793782,0.8430714881598732,2.5884874230996626,1.3637996073832772,0.44079131853137443,2.1440096911769806,1.9527969918993182,-0.430666987963234,1.5377794543222207,-0.37875379899323214,-0.20235227492778837,0.324558745674396,6.215204678926627,3.1842981096100322,0.8347929736323599,3.787900591814452,3.274427036027413,-0.11054482960689176,1.82862612850939,-0.0293405301133957,-0.2125952871444626,0.9493252659689089,4.255973200135053,2.732243125814895,0.9474434046228347,3.8485295703641316,3.421619226550543
-0.5600634269156907,-0.3694334292903716,-0.5560253070867579,-0.5807073395538738,0.5088405911276916,-0.11062365742047962,-0.509123207180242,-0.3913838289776087,0.49015205890524605,-0.14508615347261278,-0.4371501243433121,0.7357078088023921,-0.49272917867566907,-0.39653740841037893,0.3862863728994213,-0.5066051880752324,-0.48494382282342907,-0.6998047452902654,-0.03342271925704523,-0.7967017763381103,-0.5483334621622326,0.00466742363498427,-0.5513891299810076,-0.5553225959502364,0.5013178783182467,-0.47445473638848656,-0.5254324846442172,-0.7699703023915778,0.27399558978068483,-0.72209265454681
0.5511375212967697,-0.29421010792512087,0.5280744988703321,0.4309911854091379,0.09541150327701418,0.19211549244025433,0.0721845726243933,0.27016002309742426,0.20895926236687415,-0.012924072627313345,0.9986939749918972,0.1753084058191058,0.7567786874725279,0.6635090150008995,-0.09631143995077404,-0.3333248430278253,-0.027456594006218416,-0.0023823425832190845,-0.20611002188777808,-0.1254291763552443,0.7288847502469272,-0.08027968652173254,0.6235813490790793,0.5823158588584805,-0.022096693392428254,-0.1845172020212112,0.04188095862963551,0.1137765449231549,-0.1599464191989779,-0.11729827916507139
3.216911367133146,-0.4287002885478411,3.2994876173177943,3.732526448170111,1.3807472790377315,2.4945857016788398,3.0925172115621558,3.6036635681159415,0.5604502580398382,-0.20585032857389934,1.9878840995101414,-0.6672170716035791,2.0180124157279713,2.2787205147687213,-0.23695222698051852,0.967688822556127,0.42068653291521574,0.5697154185981684,0.3612911153274862,-0.14553452928871646,3.3817232071533736,-0.35114877362522534,3.5212833173536486,3.9622929161298126,0.9360181158406716,2.1331044279858875,1.768425374398016,2.4228538181920527,1.3563178767688706,0.25164313645777225
1.5154715112666857,1.290038629918787,1.4344990499110366,1.4735812683862872,0.5306382583254422,-0.08940186837937346,0.9574824199555092,1.0588557886587935,-0.523621970719934,-1.3147965241723856,0.1883019274821248,0.25061207559498483,-0.001650073624181841,0.2976233424389658,1.7029086035968288,-0.33840472285006196,0.6602693055229218,0.5546160641974867,-0.4947445134277167,-0.7930089564115541,1.0341318701937703,0.8316996659154706,0.9355971143568996,0.8998749227100599,0.9271466824218463,-0.4293672580419557,0.5978386699280316,0.4886267516226514,-1.0025030825485954,-1.2780317739784917
-0.781749401621418,-0.26229718370956,-0.722069450507488,-0.7373716694827154,0.0016815343266848985,0.5451859649825498,0.8241206437138796,-0.5106993422292004,0.9230409693656325,2.145723247845903,-0.5780730361839589,0.7181953274591644,-0.25821193653073715,-0.5157057587475897,-0.13383903150235182,1.910853176218072,2.145233978799701,0.24424044596125016,-0.05809233391857874,2.02502296087593,-0.7451375263384868,0.3508669669151879,-0.5851908378861049,-0.7016024625967617,0.12428195801818405,1.4511563179946065,2.2344835408907144,0.11677534657675094,0.7113145793749749,2.5849027740725576
-1.6355175117068526,0.30985595758370704,-1.550685876370362,-1.249013099091872,-0.1341905912059638,0.5076252764142205,0.5411942586031331,-0.6841112958109629,1.5446250459241373,3.045033039344951,-0.7462933643617768,1.278594730442451,-0.7863447658411237,-0.6420282982131065,1.8887929355812787,1.6297664927209754,1.7240018653381026,-0.24564971903864777,0.32922061626749305,3.2990458355377874,-1.445599338427032,0.6329554836620201,-1.425322176245272,-1.0784504793270135,1.3795897867819218,1.1142526603496945,1.2621489904922427,-0.5281169490290627,0.7349534436773693,3.6462410929875864
-1.5379756828363322,-1.4225599284038757,-1.5001507022857918,-1.2010208571770506,0.5597018145891101,-0.5098937769018199,-0.7855684592399935,-0.8504452104710208,-0.4681233924557818,1.320849570845935,-0.9742267907771571,-0.9677312514533665,-0.86795676610756,-0.7024505355367421,0.2989558093821981,-0.4326647151071206,-0.5006419140083332,-0.7321844719495051,-0.5551850693484732,0.07603466630464992,-1.369086737966672,-1.1733726889157088,-1.2745145563609923,-1.0348705652452543,1.4283826705854588,-0.1851434169982463,-0.45398600429863606,-0.4332048766927502,0.16255522949797,1.1922472021628896
0.09113912378238458,0.2004402174160701,0.10253624725343517,-0.038725986895117415,0.20512642817236074,0.32169986800099043,0.3654558431819204,0.2795131459582482,0.5382508267341778,0.3182406816746995,-0.6927221848000783,-1.017466698468133,-0.6911307655302814,-0.4537709214368266,-1.0523882116292858,-0.5257958451814598,-0.42626286291795346,-0.7350365722251896,-0.6415287206638396,-0.723666004457334,0.40958019714463667,0.6970665101953915,0.3028984792102089,0.26306765105024366,1.0336038834477468,0.955194056182766,1.0662626139156162,1.0464038591915017,3.151183073443507,0.9900875223695511
-1.371156986870272,-1.2493183398051175,-1.3128496999247259,-1.0917971341984922,-1.3577663099063864,-0.2997417243620175,-0.35893541244083677,-0.6810778505588039,1.9849137668197443,1.0732355573081898,-0.008239470145508368,1.8092229151422508,-0.14611269478545977,-0.36996470593381386,0.5939156644745048,0.7955373396914389,0.4378796804034443,0.6569561329132186,2.6518648366508466,0.8543990441576431,-1.2612461436170308,-1.048356187175635,-1.2083556579826396,-0.9765950987405763,-1.4876574941823169,-0.5339451592068261,-0.6229025174335531,-0.9467496598710603,0.6674138313848147,0.06913786997767458
0.2795722022822536,2.3864755261819806,0.19157441111672552,0.17310183948754138,-0.9225395548579584,-1.0783747983834837,-0.5212130130638288,-0.5397698592290585,0.17566011540838342,-1.4621496487930061,0.1906904514116274,0.6919266054443229,0.05791730588063095,0.07686550647981033,-0.07491720551482779,-0.6217491307125974,-0.2434922298365679,-0.43573381388278626,1.3678113935180425,-0.8163968159464094,0.19470229033995168,1.785351185599364,0.07755375984289414,0.07287004153062743,-0.7584256671549024,-0.9669101943289304,-0.5519291925869492,-0.7236388168435199,0.5846778063264351,-1.2364767286876384
1.1358342795831264,-0.14604295978144638,1.137705170366735,1.0377896464011296,1.3734813899718143,0.8456714735291838,1.1033079136028983,1.4473895680395064,1.0636373676348179,0.08126039877968175,1.4381823780203549,0.6323841688773487,0.9181265500682407,1.1690035782666328,-1.1032433590589936,0.2440881634330784,-0.12089761296398198,-0.41308478228176365,0.7794410838404746,0.5688209698373042,0.8654426723284097,-0.2629961121418401,0.7998124757637737,0.7309605270443261,-0.17291106151245256,-0.14631808842206695,-0.042813875687311764,0.2772112350441354,0.22671786117589626,-0.21332412706690748
-1.298277722685764,-0.2326637540808253,-1.2879831856926358,-1.0429774398368639,0.3635228098093515,-0.8246523471044193,-0.7674960690016418,-0.8767350693230664,-1.1045070898847265,1.0671591397980613,0.32649509768905455,0.0264523144016704,0.1629810303615603,-0.22769854498235806,-0.07316357974138965,-0.9202202918235709,-0.2961929645287465,-0.8588512783107801,-0.1234668127716417,-0.42126508380490585,-0.8575969915820607,-0.12034907810508944,-0.9136741018869207,-0.757850956353451,0.06218192408640977,-0.927834379761937,-0.7426108586748247,-0.9519975627648533,-0.7306561430710634,-0.12965248181910866
-0.34391960157760576,-0.25545869994908327,-0.3001408541823463,-0.4513489403696718,1.882093624586005,1.1762055329304817,-0.5038884458698228,0.10837627631560506,-0.35342633070986756,1.5137758267925197,0.10367993683689387,-0.11014504007550581,0.12029889229118282,-0.14818484295632892,-0.6213469965181739,-0.11263228630620908,-0.6486524880374308,0.12680102284483613,-0.27888538513930117,-0.180821475253586,-0.24911095642486653,-0.22452949622181714,-0.23417310194855726,-0.36073321214331094,0.6077750793441472,0.26948865632927405,-0.6943489977791342,-0.06615155429260332,-0.5145293837348894,0.295444400412995
-0.37440142309964364,0.7133264994518677,-0.409633731365582,-0.41494103271015237,-0.38849670851305806,-0.8612740184585403,-0.5180970837123889,-0.5486174078811893,-0.8122145776935253,-0.2909201737157007,-0.598887316141052,0.2593683162665985,-0.6859713862030928,-0.4445726782718618,0.15936719781651673,-0.7487461262685147,-0.3021731897420434,-0.46375150482627336,-0.487343629029257,-0.45573140311942967,-0.3615704216684404,1.2179686007790307,-0.4442059365383489,-0.3963741496287808,0.4436535610958844,-0.6310084806472748,-0.25384122823121347,-0.3104039489779951,-0.09747227782836529,-0.16839975377949837
-0.4381361408275405,-0.2896511187514695,-0.5018804777104323,-0.454658750156901,-1.5648441482850213,-1.4455305291389025,-1.0903811321152541,-1.0944100448759173,-1.023109175097304,-1.6277320259440131,-0.20853426251950255,-0.48894001152952116,-0.2769733159023317,-0.27225892298152093,-0.4424771676274765,-1.1623047869077172,-1.1441552610074182,-1.3534390202353344,0.0011147412691011735,-1.100333636966057,-0.5162021863783542,-0.7678704460921367,-0.595013556422629,-0.511067024285814,-1.7285169115034156,-1.313770670108701,-1.2669570510865433,-1.4643428252817248,-1.1038125009874273,-1.5981179336512779
-0.5268105307098312,0.15940931485320636,-0.4998751136594574,-0.5616759332773067,0.9956551585441306,0.22028600886650132,-0.0863539127768708,-0.6846168700196562,1.1820343345983428,0.9684173552584703,-0.7886043596843924,-0.7635357189913314,-0.9070273386489056,-0.5935842175442919,-0.2709725669852197,-0.18657275927432102,0.30855731016589955,-0.30034293609000623,-0.8906918287453252,0.030079573885285135,-0.6286616516219282,-0.25658500948850255,-0.6438382456188804,-0.6299827588344907,0.36824637703587165,-0.13504621883543405,0.38870393938003905,-0.4967794717489849,-0.300091114706029,0.2651204484439943
-0.9147609864448548,1.1099585575595516,-0.9242101468457692,-0.8140489295535215,-1.0155429349016953,-0.7033313230287158,-0.9123244652565701,-1.025879460887556,0.6344483623920412,0.1086042775752608,0.3664175690821673,1.201539812532249,0.30228427219564985,-0.1761883832585551,0.42732121599787504,-0.3717061572402803,-0.6964942897438058,-0.9675666299956889,0.5228770913605292,-0.31294236595926,-0.6547683131963294,0.9102356734188499,-0.6793733744421874,-0.6463674552140668,-0.5100255314278028,-0.562124833173408,-0.9908282334383469,-1.220090430596333,0.2908804928538235,-0.41604536152633903
-0.10837825345277009,0.7452394236674286,0.06684076714607999,-0.21635244547640978,1.249961275851226,2.3631232916896874,1.5470162532479457,0.7964627743470303,0.9785395476297848,2.1654716047538223,-0.6828268713778536,-0.11014504007550581,-0.40267455769201527,-0.4580634349138102,-0.21590871769925996,1.9232706602279843,0.8822851665665682,0.7710401439405921,-0.10003067884318523,1.7862206056253012,-0.25312736589785156,0.9999911105655691,0.03999630661500849,-0.3218829011401922,1.4727398376795837,3.252776806924739,2.0012178798948765,1.6011821651067564,1.1975997878813673,3.337386026636652
-0.3106667053717468,0.5651593513081932,-0.1778136470728709,-0.37770567260382576,2.2817175232114395,1.6851528630313437,1.2117422550330084,1.1321640489193054,2.018212913778235,1.7203740221368953,-0.36139979400766176,-0.4026034785074085,-0.24085766061201222,-0.3536122736405431,-0.4607148756712339,0.5494453838586395,0.15419274684767403,0.09660231404347264,0.12446281457676743,0.003819521074219549,-0.16074994801920148,0.7948358256587822,-0.03511859984076282,-0.2516145125432471,1.703397106569034,1.7974532002950458,1.266407389983039,1.3792708427406544,2.5179992082008087,1.3214047753641898
-1.7713001712141105,1.4017338646732491,-1.7628533929635182,-1.3182432871414127,-1.0838422921213158,-1.0271044584877143,-1.1052628106977314,-1.232153738034376,0.24225840932536588,1.5623871668735494,-0.11777035319840819,0.4029706632810658,-0.200520694963084,-0.4594942727394714,1.969459721159436,-0.880145684337037,-1.1737910145800623,-1.96026529653829,1.03600507632042,1.285228035589189,-1.4486116455317708,0.8252885632621337,-1.451612393504792,-1.081490938448997,-0.2793682625383531,-1.0624705998244945,-1.2839007495049226,-1.7094948604631954,0.28919200254650984,0.8822690264797702
-1.0976519155770803,0.05683205844604702,-1.09105643588689,-0.951681853205796,0.3199274754138492,-0.5339326175855508,-1.0426326307337885,-0.9500433295835783,-0.05003410286583521,0.11316159070785765,-0.5736372060291685,1.5027544916357654,-0.596385799703729,-0.5073251371972884,2.0571410098313465,-0.1730264130816898,-1.0177818893281803,-0.7721138758090859,0.6536260490666551,-0.5997513802551178,-1.1327210404815178,-0.4633430700586246,-1.1421967596042872,-0.9137589435529232,-0.23944681215364008,-0.8332759182296289,-1.236348621857698,-1.374828595921885,-1.054846282075325,-0.9124596863522043
1.6540252454577655,1.0301762470206495,1.715250017047537,1.6280390584569762,0.8794009334894582,1.5086176267601956,1.740203873037222,2.0035211976020104,1.6445224867996104,1.8419023723394705,2.2513041671638447,0.8950713890257646,2.2909904855846723,1.8228964645937984,0.3224543947462705,1.243695626230987,1.685130401451673,1.2877736056528128,0.8559168892912274,0.8978922566259707,1.4839697311680653,0.5864749894253263,1.4845137384567682,1.3643895107908277,0.12428195801818405,0.5387610964543897,1.049702171451409,1.1738529294693305,0.6876757150725816,0.6188998880823372
-0.25524521169531506,-0.802537400787267,-0.3153816209697568,-0.32943761320673554,-0.783761073698943,-0.95705377430778,-1.0870533195679162,-1.1497198633069519,-0.6383190324658482,-0.5506870222737027,-0.7572123308966454,-1.1530133040647157,-0.8046371107284284,-0.5338978396738535,-1.1968869753605942,-0.9834930171649856,-1.1316304268263193,-1.559964634315771,-0.8610882911514852,-0.4737851894270372,-0.37763605956037954,-0.8528175562488536,-0.4453615504838225,-0.42458285370495846,-0.8471400013431524,-0.7418485315824966,-1.2309073336194585,-1.334644653763699,-0.3980235525302326,0.010174630037950246
0.08282589973091996,-0.638413790535812,0.08889977170680555,-0.04286324912915372,0.1172091704747648,0.19587156129708738,-0.1072929580185472,-0.1646337963787151,0.3976544284649923,0.23620904528796233,-0.21535861660379538,-0.8078422967896977,-0.1137493153694592,-0.19376724797382117,-0.8654517041807724,0.2960158238381646,0.2614630366111866,0.125123316800316,-0.2085769833539313,-0.1504582891907912,0.07621821088690076,-0.68292333593542,0.11511121307078022,-0.04418763466572598,-0.11081102758067829,0.5262367969136867,0.492798149155058,0.41065790862915597,0.2807495510099405,0.22300384848704868
-1.1843865531806965,-0.8344503250028279,-1.1604420320506252,-1.0027080874255772,-0.07097735633248518,-0.36209246738544415,-0.8148581951435289,-0.6214200939330079,-1.5447958107803346,0.9638600421258735,-0.554187796888934,-0.027836377762335728,-0.44254248885665365,-0.5392123801691664,0.5918113135463793,-0.2746240095264236,-0.7768535660474826,-0.8192574156601035,-0.2690175392746878,-0.1008103768448702,-1.014236961028467,-0.44571253776194764,-0.9561429143830688,-0.8644359400185291,0.4436535610958844,-0.1801336971819651,-0.8848414016674185,-0.7306860007294704,-0.6496086083199986,0.4728956748982597
-1.306868054205611,0.5378054162662838,-1.2968067875169258,-1.0633879335247762,0.6178289271164468,-0.7865282482075652,-0.8501305154018289,-0.9144003478707089,0.8157437180549388,0.5233197726415434,0.0613689415142785,2.882738021482109,-0.07528848765769044,-0.33623781432894284,2.698968042909731,-0.48233465114676816,-0.6628555229190108,-0.5050230735214705,1.235828955078839,0.3488930275446293,-1.0925569457516702,0.8765773844888299,-1.1176399632629772,-0.8933203016773695,0.9182752490030223,-0.8376594230688749,-0.9933359575829269,-1.144220748760355,-0.02486719461386875,-0.035311297915550495
-0.5434369788127609,-0.2987690970987723,-0.5472017052624674,-0.5556079486673868,-0.3652458635021236,-0.4712062676764407,-0.7418208111457767,-0.8461478296971289,-1.2599031090243529,0.0417636849638437,-0.6579179789701848,-0.07336882925472779,-0.582314765175033,-0.5183630289952462,-0.7483095025151003,-0.4868500998776452,-0.6516426006440793,-1.094401206961416,-0.7254054105130524,-0.7720829768277362,-0.5925139663650653,0.33644198594517943,-0.5369439556625901,-0.5757612378257901,-0.4922826645901523,-0.15758995800869965,-0.5173888411616021,-0.8563357900151417,-0.8117036778221288,-0.35820523091880024
-0.734641131996451,-0.7546680144639257,-0.7585670762352337,-0.7006879443409267,-0.37323834147463325,-0.8377985881033345,-0.7828264414107262,-0.6451820817415876,-0.6309192220306287,0.1754448701866758,-0.824091000922715,-0.8237786548120349,-0.8581070419374728,-0.600329595865266,0.7527941595480067,-0.9447166011885789,-0.8224527832988712,-0.900793929423785,-0.35412770985697745,-0.2998123395537272,-0.7591949594939336,-0.7983231836954882,-0.8015795491760003,-0.6967039451224555,0.9404538325500849,-0.8833731163924411,-0.8191201028594636,-0.7276871990758746,-0.06032549106745971,0.2224422938209563
-1.0062064510109676,-0.16655841106287825,-1.0056279273153546,-0.8893471022129823,0.7922102646984548,-0.6890582613727505,-0.8189712218874295,-0.7821926922974409,-1.1933048151073704,0.5218006682640118,-0.8998413312583653,0.5798467248476655,-0.8839039385734154,-0.6446855684607631,0.6419650106667117,-0.8987719103519047,-0.498025565477516,-0.4169435061841599,-0.3097224034662177,-0.1734358354004737,-1.05038464628533,-0.19728230994513474,-1.0589925555302016,-0.8662939983708522,0.4170392608394099,-0.9309654546471127,-0.8853618727162936,-0.7306860007294704,-1.1375823071337046,-0.2947495536503352
-0.11946255218805674,-0.7455500361166228,-0.1641771715262407,-0.2141459056182569,-0.935618155176609,-0.7461505079966111,-0.7866901938065117,-0.7187431291064461,0.2496582197605864,-0.8924855072184419,-0.8247734363311443,-1.270171804250909,-0.7258393173677312,-0.5645586502237362,-0.9871533328573842,-0.5314401560950563,-0.7368608099335597,-0.8974385173347446,-0.1222333320385651,-0.6411930260975808,-0.29128325589120685,-0.8912841721688759,-0.23850665424408268,-0.3676587023656061,-0.9491614856596398,-0.2721872988061324,-0.6470334478813983,-0.661863502779443,0.7366419339846829,-0.37392876156939336
0.04680192884123899,-0.5745879421046903,-0.0655132602182705,-0.06658355260429528,-2.296519177222863,-1.4408354430678614,-1.014900859505973,-1.0741617978177553,-1.097107279449507,-1.3375830898353678,-0.9622841711296445,-0.8968057020132943,-0.9735364285212083,-0.630581595607817,-1.245988497016864,-1.2177883631883688,-0.9934124715839955,-1.3549489556754026,-0.6242599904007662,-0.9678024329352101,-0.2772258227357601,-0.8207620429821681,-0.3748690998099447,-0.3440106869724034,-2.050549944606763,-1.2693720282369088,-1.100978833600276,-1.209744564891427,-0.7239021818418083,-1.261746688661806
-1.0865676168417941,-0.42414129937418965,-1.07822210596065,-0.9254791923902327,-1.1158122040113503,-0.8338547158036601,-0.38560776768916266,-0.9614187492791751,0.5900494997807192,0.08885592066734177,-0.18942607108348267,1.2085448050695402,-0.08091690146916881,-0.38488630040142346,-0.8293270132479454,0.33383270695925976,0.9843227592684459,-0.16344212285715792,0.6388242802697353,0.35833023402360586,-0.9660400473526496,-0.2085017395884747,-0.9249413378552864,-0.8184912243974495,-1.6247211405031634,-0.7099115677537039,-0.37307641397350777,-1.1740588252136348,-0.031621155843124395,-0.31328085763139113
0.8531846618333238,1.1806228897511502,0.8930507561477841,0.7520427347703552,0.8140079318962054,1.493593351332864,1.00359817435682,0.7759870188949561,0.45315300672914455,0.3501418736028754,0.6090233567787773,-0.3343048012688206,0.36841813448052063,0.5692781239109267,-0.4295003369040339,1.7426527109929018,0.4154538358535812,-0.06949058436402689,-0.6353613169984561,1.0501185002651168,1.4116743606543394,1.2900935056290734,1.2765032282715543,1.3390523514409676,1.1799825348583592,3.045499649526104,1.8228382567804122,1.137867309626179,0.7197570309115443,2.8207557338314517
0.18812673771614086,-0.3831103968113259,0.15828536787054046,0.04981142491325931,-0.2983996840956879,-0.2736370458070286,-0.5981141494573666,-0.6608548822110765,0.3273562293303991,-0.5628398572939596,-0.6545058019280384,-1.067902644736629,-0.6742455240958463,-0.4470255431158524,-0.7886428953041791,-0.7662434901006633,-0.5167137692690686,-0.8031514376327095,0.26137917594827687,-0.7257175710831983,0.028021297211083006,-0.4857819293453045,-0.04378570443181329,-0.09925372765275521,-0.4124397638207275,-0.4068235188686903,-0.30920042161156447,-0.4637926535594291,1.2043537491106229,-0.6075355026639181
-0.025246012938122477,0.43522815985912433,-0.08596797353821523,-0.14712225742686885,-0.3775978749141828,-0.6389147421340311,-0.9230432622255236,-0.7528693881932361,-1.0638081324910151,-0.640314180548101,-0.5231369858054016,0.47477183678829926,-0.5874741445022215,-0.39960348946536717,0.12078743080087617,-0.6465840987324212,-0.9008684864082264,-0.2758484278400113,-0.9610002305306948,-0.33427865886825087,-0.19288122380307973,0.7227109208087399,-0.264219064530866,-0.2918161387116917,-0.1418610445465648,-0.6372706304176263,-0.9890775580921306,-0.5155219820839595,-1.1156319331386244,-0.42109935352117206
-0.6293402940112306,-0.4287002885478411,-0.6574967280660928,-0.6179426996602005,-0.8847569317151895,-0.8836226281566963,-0.7702380868309089,-0.6557991401241445,0.26075793541341663,-0.8226067058519616,-0.7002289742928004,0.010691081192765257,-0.7905660761997325,-0.5670115150677267,0.19303681266653056,-0.5805456610433443,-0.6460361395066134,-0.5211290515488641,-0.3084889227331411,-0.8024461628905308,-0.648743698986852,-0.0033464546816872223,-0.6663727175556118,-0.6257598989428473,0.22186772562525933,-0.48384796104401384,-0.661228112850719,-0.33904250476983677,0.3617970857610054,-0.7636476998376632
-0.8898213142904605,-1.5935220224158082,-0.9141833265908942,-0.8082567624258707,-0.7786749513528011,-1.0565895990138527,-0.9512112635625407,-0.8860881921838905,-1.315401687288505,-0.3425697225517946,-0.8083949865288415,-0.35882227514933945,-0.775087938218167,-0.6240406226905086,-1.250898649182491,-0.7380219355326816,-0.773115925289172,-0.38439600892046805,1.108780439571943,-0.1278910563062817,-0.988130299454066,-1.7551802547060507,-1.0110345767930553,-0.8379163798990089,-1.7200890497555321,-1.1146969289092261,-1.1474427035998525,-1.2305862363839188,-1.255776628645675,-0.968053598295372
-1.978576557563966,-1.3473366070386255,-1.9309029004352238,-1.4156068583824006,1.5333309494219889,-0.5219131972436853,-1.1052628106977314,-1.232153738034376,0.4642527223819748,2.3720698000981977,-0.6418807468720967,0.4835280774599133,-0.640944075711266,-0.6497343819313104,1.1031685890809608,-0.8153489950489512,-1.1737910145800623,-1.96026529653829,0.7609388728443245,0.14783949820990785,-1.678952728807448,-0.9986701416122726,-1.646911150289798,-1.187569178927078,1.1755468181489472,-0.8320234882755586,-1.2839007495049226,-1.7094948604631954,0.0764422238249631,0.5700446321322805
2.518600546810104,1.7390990635234627,2.469266900214141,2.794747008455215,-0.058625344920427036,1.2156442559272271,1.325162083425422,1.8948227427329754,0.386554712812161,0.07974129440214806,2.203533688573795,-0.4700265316788352,2.029738277835218,2.3339099737585105,-0.21625944285394766,0.18877391647983435,0.5070260344321895,0.9186782758583699,-0.5576520308146264,-0.28175855324611954,2.955983803016987,1.4006850263991382,2.8481381941153883,3.4724411686991847,0.7186679970794597,0.9990291045752268,1.4698642545433027,2.1784514834239808,0.3651740663756337,0.17414859253699205
-0.6681353395847326,-0.4902466423921367,-0.6919889897428629,-0.6521440674615673,0.13392071532637348,-0.7899087101787148,-0.630519814712342,-0.41337630705576217,-1.067508037708625,-0.24534704238973631,-0.5702250289870221,-0.8167736622747438,-0.5522965581804817,-0.4856581644087047,-0.0489635440679425,-0.9359114761633687,-0.4344856725862367,0.02781636621814441,-0.17897344576009136,-0.8488115686350686,-0.6587847226693141,-0.7021566438954314,-0.6643503931510332,-0.6195100663032151,0.01782475699228475,-0.9334703145552533,-0.5642312355603605,-0.06165335181220944,-0.531414286808028,-0.7131077798893279
-1.0699411687388645,-1.055561299924927,-1.0320987327882247,-0.9243759224611563,0.21239231723827792,-0.22311791968262576,-0.6589370903974742,-0.7172264064803666,-0.6346191272482384,1.1370379411645415,-0.25323378177162054,2.2365274599170064,-0.24648607442349058,-0.45561057006981964,3.6178679481913534,1.2092653296580493,-0.19789301258517916,0.21404173715988636,2.0141552976502126,1.2384523165194785,-1.0865323315421929,-1.008286795592278,-1.0552368102074132,-0.8972053327776813,0.18194627524054754,-0.5602461882423025,-0.9450267811373385,-1.0986389636256961,-0.7644259492173407,0.06801476064548902
1.0720995618552296,0.30073797923640416,1.0374369678179844,0.9238770262239967,0.5597018145891101,0.5057472419858038,0.391629649734016,0.9984396707199578,0.6936468458738031,-0.2848437562055723,0.14155510200471902,-0.6279891133947492,0.0663599265978484,0.16741710030379728,0.0653728563602287,0.13741068716610796,-0.2360169483199467,0.522739649351603,-0.774744639836119,-0.16563988222218862,0.9618364996800437,-0.05784082723505258,0.8864835216742792,0.7782565578307316,0.7231037137888717,0.754179048554482,0.27798555261933733,1.2503223716360277,0.29256898316113716,0.07643808063687799
0.9640276491861882,0.9093630339188835,1.0855657050413847,0.8929854682098588,-0.2184749043706006,1.8203713418773289,1.5569872271725538,1.3007730475184824,-0.4015250985387993,1.689991934586253,1.7630216324326928,0.4082244076840343,1.351514413552075,1.2934864690991565,-0.0977143405695245,2.537936118718624,1.2896880092224172,1.916913372347887,-0.45527312996926383,3.1020954394547946,1.0602385317681713,0.49671955227860703,1.0453804391768728,0.9269012260165772,-0.4967183812995649,1.4117047744413918,1.1599474027131331,1.2833091898255835,-0.9889951600900846,2.1749678678249533
-1.4190965789003855,-1.1262256321165258,-1.4267543780201066,-1.132066486609779,-1.8780039670260438,-1.3580141247746953,-1.0593838669271296,-1.1443860554052387,-0.06113381851866648,0.8757519882290079,-0.810783510458344,0.12802470619239079,-0.8327791797858203,-0.6506337657074402,0.12078743080087617,-1.1515805961718841,-1.036208458266651,-1.3777657578808775,0.8127450636335444,-0.6510405459017304,-1.3237013109219442,-0.9137230314555559,-1.3438513930893967,-1.0181480400743468,-1.4765682024087856,-1.25709821468702,-1.2142522600554555,-1.5012280856209552,0.17606315195648034,-0.31608863096185463
0.39041518963511707,3.241285996241644,0.47192430544303215,0.24315947998388945,0.7558808193688697,1.1348887755053194,1.077134107050803,0.8910051513726558,1.0599374624172082,0.5977558871406206,-0.5811439955218907,0.08074100656567613,-0.4767820062098137,-0.3801849761171081,-0.5960947853806636,0.015493571432427291,-0.09398659950414612,-0.24564971903864777,-1.2919431112151631,-0.1562026757432119,0.4417114729285149,3.809656848390555,0.5455774077596242,0.24786535544032762,2.501826114263283,1.8995262415517755,1.4145050611629522,1.3102984047079473,1.0557666020670033,2.0626569346064314
0.9252326036126857,4.545156899905982,0.860964931332184,0.7277707963306757,0.16153109377685848,0.49447903541530513,0.6608459456984267,0.9951534383634519,0.01656419105114725,-0.44131150709138656,0.42442457879865636,-0.6581105813051008,0.038686892024746365,0.15086026260686056,-0.7661964854041701,0.1447482913537831,-0.20125688926765864,0.344902808632462,-1.0066390176545312,-0.4023906708469524,1.249009776998456,3.0611606136134477,0.9760436024484682,0.8779160512735145,0.20412485878761005,0.754179048554482,0.2495962226806958,1.3882672477014426,-0.056948510452832356,0.07250719797422969
-1.0006643016433245,0.8546551638350655,-1.0060290001255499,-0.8896229196952514,0.4071181442048537,-0.6667096516745946,-0.7942930614240252,-0.7581779173845146,-0.405225003756409,0.4549600756525947,-0.4279372463295168,-0.1556774915678979,-0.29573469527392626,-0.4304687054189158,1.0961540859872083,-0.6127182332508433,-0.47821606945846995,0.1368672591119575,1.7538908629710368,-0.7257175710831983,-1.0764913078597311,-0.2485711311718316,-1.0780601856305132,-0.8877461266204004,-0.7806042507019649,-1.0453123094537315,-1.087162693030137,-1.240932102088825,-1.1139434428313102,-0.8928052730389628
-0.13331792560716443,-0.6840036822723272,-0.1894447585685262,-0.23428058182390044,-1.3839235105436876,-0.8053085924917298,-0.8738115784727725,-0.7966015572451968,-1.6705925881790789,-0.4610598639993045,-0.7677900797272993,-0.5402515818651783,-0.6897236620774118,-0.5533163530221125,-0.9005242196495368,-0.7628569035525055,-0.7704995767583546,-0.6254823675180207,-0.8845244250799419,-0.4877358424829159,-0.3254227364115775,-0.41365702449526165,-0.327488928045535,-0.391137803363143,-1.0201329530102399,-0.5940617970022006,-0.7870874755786964,-0.422109310574445,-0.9130130962609607,-0.1919850497553881
1.40185744923,0.7178854886255192,1.4264775937071363,1.3549797510105799,-0.7750420068198429,0.7386235111094457,0.28319530830390605,0.4797205326007497,-0.1388318280884792,-1.105160120072946,0.08013591524608359,-0.2782648609704919,0.4284545484696233,0.2575598833204524,-0.5333149826915756,0.6600738777651272,-0.16238542538122902,0.0882137838208717,-0.7735111591030424,-0.14061076938664172,1.4197071796003087,1.0080049888822413,1.7040803880967152,1.350876359137569,0.013389040282872742,1.9226961957020765,0.5448452540425675,0.8514817517077639,0.5171381940338805,0.4796343308913707
-0.6071716965406577,-1.9217692429187185,-0.6334323594543929,-0.5903609514332918,-0.5214624784193401,-0.9587440052933549,-0.7804583351036319,-0.7781480986278954,-0.7530160942117634,-1.0869308675425595,-0.5459985719877827,-0.32729980873152953,-0.595916765219439,-0.46337797540912323,-0.30499290698992093,-0.7476172640857953,-0.6594916462365313,-0.9818271313741106,-1.1669915129544974,-0.7724932901529091,-0.5001365484864152,-0.9025036018122159,-0.5713234705404239,-0.5046482772505162,0.24404630917232184,-0.5984453018414467,-0.5675433240532021,-0.6785068519569006,-0.7205252012271804,-0.6204512599840477
-0.5711477256509767,-0.10045306804493119,-0.612576573324253,-0.5831896968942956,-0.8745846870229056,-0.855076504844766,-1.0116602929804754,-1.0175880438649878,-0.9232117342218298,-0.31674494813374815,-0.5773906007755296,-0.13991625835899313,-0.6381298688055268,-0.4823876779500505,0.04748587347115903,-0.8085758219526357,-0.9558118055553914,-1.0383658250744412,-0.0741275834485751,-0.404442237472817,-0.5322678242702934,0.2066171572151027,-0.6031028540409424,-0.5500862496845985,-0.1329896111277408,-0.7380912417202858,-1.070696881665725,-0.9458500193749814,-0.011359272155358398,-0.15941487912201702
-0.1610286724453808,-1.1353436104638293,-0.17941793831365116,-0.24945054334870023,0.1375536598593326,-0.41655546580952163,-0.27468068277790075,-0.023578592153316372,0.29775698758951813,-0.7451323825978203,-0.48560303834179125,-0.7763198303718878,-0.4040816611448849,-0.36914708431915033,0.4971155217807162,-0.6031229046977296,-0.28161616557133545,0.24591815200577027,-0.07659454491472834,-0.590724487101314,-0.23706172800591244,-1.043547860185632,-0.22290586598019152,-0.29907945772531813,0.5368036119935464,-0.47445473638848656,-0.1530591069490362,0.2217334044526098,0.152424287654087,-0.6221359239823256
-0.2635584357467797,-0.15516093812874923,-0.238776714222511,-0.3368846852280007,1.4461402806309844,0.3686507287114021,0.42278894324841537,0.6233036078696145,1.1968339554687828,0.7906821430872054,-0.42691359321687283,-0.5922636514545645,-0.4795962131155529,-0.35504311146620426,-0.17978402676643293,-0.10868126866669182,-0.08800637429084923,0.07814754755375034,-0.3689294786538972,-0.03967369139410803,-0.12460226276233853,0.3492641912518534,-0.1333457852060026,-0.2176627190144346,2.0715615934502716,1.0240777036566329,1.0847156783757335,1.4212540658909985,1.7109008413047821,1.9222682680832803
0.47908957951740827,1.0506916983020813,0.47192430544303215,0.3474184882816046,-0.8636858534240303,-0.06141915539596831,0.1333814250866737,0.1237962896807472,0.15716058932033267,-1.395309056181591,-0.030418620919460054,-0.26950862029887784,-0.007747521919950022,-0.10301124874616838,0.9555132989574637,0.33721929350741786,0.7140913324425936,1.3817251441459444,1.1581196688950097,-0.30268453282993757,0.11035769140727099,0.3027836970151595,0.13244542225288117,-0.01986396168986036,-0.8338328512149146,-0.3798962748561787,-0.18523368087949657,-0.031665335276249706,-0.13124208397464257,-1.1679670594243408
0.11607879593677892,1.8690302549725315,0.19237655673711593,0.005680627750205365,1.3080883883785615,1.052255260654995,0.9375404721062933,0.6293704983739324,1.844317368550559,1.2464134563468576,-0.1440441164229355,-0.3483147863434028,-0.01900434954290676,-0.18538662642351997,-0.5042047948525015,0.9659955292820479,0.5982244689349667,-0.1315657080112743,-0.22831267508315795,0.7083275003960906,0.23486638506979932,1.820612250192719,0.4820186407585867,0.09280194021918413,1.5925041888337215,2.5338820132883844,2.040489786309997,0.8574793550149555,2.2478407590305904,2.831986827153304
2.80679231392755,0.19588122824241866,2.978629369161793,3.045740917320084,3.5459822206809974,3.441115053600738,4.214251778080534,3.8539228014190683,3.1466840051493303,0.9425925808404229,3.7424255345818254,3.3065400699882193,3.230466557617269,3.9119196900591406,5.711697121676575,4.10761898378976,3.602913874540813,1.0965151165775107,3.0897504968930614,2.5173989510834107,1.9538896395072842,-0.28543497142852003,2.1229904433308255,2.001196782450644,1.6723470896031463,1.0729224718653745,1.4618206110606882,1.6611581981786758,0.5661044129459828,-0.20096992441287023
0.14378954277499528,-0.9347480868231615,0.15387356695839544,-0.013350778526361585,1.257227164917142,0.5714784469803801,0.13687126596028645,0.5535343670699545,1.152435092857462,0.13594815637083985,0.3387789350407814,-0.8663339844760782,0.4195428932681158,0.02331129071934842,-0.5389265851665781,1.0630776769959045,0.484226425806495,0.7626516137179914,0.4747713427705392,0.4518816721630272,0.009947454582651533,-1.2070309778457287,0.05733051579710985,-0.14300255613018023,-0.18621821164068983,0.34964417338977377,-0.05180383016788137,0.38516809457359014,0.4462216011266986,0.059591440654100054
0.25463253012785875,-0.5928238987992969,0.2725911187761163,0.0900807773245461,0.21311890614486936,0.6184293076907917,-0.14293918979902012,0.32046465686239634,-0.5051224446318833,0.930439745820166,-0.13721976233864266,-0.6822778055587548,-0.28869917800957845,-0.13857778898403222,-1.024680924408962,-0.4004921428996215,-0.42775791922127776,-0.2758484278400113,-1.2175642230106405,-0.20626090141430586,0.09429205351533222,-0.856023107575522,0.06599762038816032,-0.05297118324034421,-0.8160899843772647,-0.22209010064332038,-0.40572414340294555,-0.1831048187828462,-1.1983679581970035,0.10226959527713805
-0.8094601484596344,2.286177764361647,-0.8528191866310588,-0.7467494638798642,-1.555398492499329,-1.2750050030386875,-1.1052628106977314,-1.232153738034376,-2.7546648169388517,-1.1461759382663144,-0.33478481307891983,4.665508622222689,-0.4120552473778126,-0.3844774895940917,0.19268608751184285,-0.9260903751737111,-1.1737910145800623,-1.96026529653829,-0.0654932183170384,-0.8069596094674328,-0.8776790389469845,2.0081370028028287,-0.931008311069022,-0.757850956353451,-1.740049774947888,-1.240691382288699,-1.2839007495049226,-1.7094948604631954,-2.230035535965774,-1.3824809418717168
0.23246393265728646,-0.0548631763084152,0.20440874104296589,0.0842886101968952,-0.4342718096283356,-0.09841643363577264,-0.36491799679560144,-0.01397268218814589,0.27555755628385764,-0.6144894061300535,-0.424866286991585,-0.49717087776083824,-0.3510807644201303,-0.3423699764389194,-0.600654212391603,-0.23342053985717054,-0.5996893941035628,0.031171778307184962,-0.6415287206638396,-0.37941312463727006,-0.008126388045779942,0.06717567450502113,0.048663411206058965,-0.13252986359890484,-0.026532410101840265,0.3126974897446997,-0.4303282293497681,0.523112970639005,0.12709693304437902,0.05902988598800766
0.235235007341108,-0.5449545124759556,0.17192184341717065,0.08042716544512804,0.19277441676030158,-0.46237950586288334,-0.7809568837998623,-0.2763656964999089,-0.09073306025954746,-0.9213484903915525,-0.48082599048278624,-0.026085129628012762,-0.4814723510527123,-0.35442989525520663,-0.6890369513728886,-0.6539217029200964,-0.901840273005387,-0.43808260234511454,-0.8536874067530253,-0.8344506022540171,-0.036241254356673504,-0.4441097620986131,-0.08134315765969936,-0.1597250813010878,-0.4567969309148525,-0.5596199732652672,-0.9693469737847749,-0.43725325892510486,-0.8150806584367567,-1.0887878515052825
1.2549904909874552,-0.39678736433228023,1.2740699258330357,1.1563911637768371,1.0174528257418811,1.2231563936408933,1.3550750051992453,1.3184681448227442,0.37915490237694155,-0.31522584375621554,0.7393685197887702,-0.9957512216025308,0.6442104112429605,0.6119988532770967,-0.2632566135820915,0.8271454808075785,0.902094662585614,0.8834464489234454,0.4760048235036158,-0.08398753051278134,1.3112641238297198,-0.7133760735387714,1.247612879634719,1.1464899403820312,1.5969399055431335,1.6027003424371133,2.1914263904837745,1.8560803056624142,1.540363320266082,0.45941836291203686
0.03848870478977437,0.07050902596700133,0.2364945658585659,-0.07403062462556076,-1.2734819967417497,2.2504412259846993,2.6375915262519247,0.7390801016603535,-0.37192585679791834,2.2976336855991204,-0.1686117911263896,0.4520056110421034,0.22489358228782236,-0.2528404096332619,-0.6125788676509829,2.7755616081810284,4.189723473595568,1.8850369575020036,0.646225164668195,3.7914218257452683,-0.1989058380125568,-0.3271071386752109,-0.012006320931294754,-0.30279557442996435,-1.8811055663072054,1.0409855080365817,1.9255130000584992,0.5471033838677726,-0.8252116002806397,1.3775602419734507
0.8116185415760002,-0.05942216548206745,0.860964931332184,0.6571615208697893,1.322620166510395,1.0090604688014164,1.275307213802383,1.523225699343484,1.2079336711216142,0.10404696444266394,-0.3968864352459845,-0.9682566258936633,-0.3595233851373478,-0.19703773443247533,-0.5305091814540748,-0.29381466663265104,-0.03194176291619102,0.36167986907766386,-1.0670795735752878,-0.5759532073950896,0.6626139939426781,-0.14118516172843484,0.7535879179448376,0.5079935247655576,1.703397106569034,0.8787958289844775,1.0903935443634618,2.103481442084082,0.3753050082195167,0.3897855843165532
2.2581195265308733,0.07506801514065357,2.4411918035004914,2.3506808620019846,2.6668096437050406,3.2551896451875075,4.20926629111823,3.376155174204008,2.7803933886059253,1.1886874900006343,2.7392454841907816,0.5483242584298557,3.344441937299706,2.6241656469640664,-0.18574635439612272,3.4652964018224988,2.7133553740629037,2.2004456938718007,1.3197056449280522,0.5323030838969158,2.431842366792473,0.35888084523185937,2.871250473024857,2.4859810980112997,1.6945256731502087,2.7968923036431486,3.2621772846695367,2.6537615455189423,1.972616838938431,0.7985973812319721
-0.3660881990481785,-0.4287002885478411,-0.3562910476096468,-0.40942468306477064,-1.1230780930772675,-0.2726980285928205,-0.18419409441208504,-0.20002399098723805,-0.8529135350872366,-0.7694380526383351,-0.16485839638002858,0.057974780819479904,-0.11797062572806792,-0.2258588963493651,-0.569439673624403,0.5353346065746487,0.52496671007208,0.36167986907766386,-0.21351090628623817,0.1342991584792021,-0.5121857769053696,-0.7550482407854628,-0.4823411967389716,-0.5021145613155302,-1.6216161388065746,-0.4500323522841157,-0.3844321459489644,-0.4655919345515866,-1.5174926262793236,-0.7378161851974032
-1.072712243422686,-0.7204755956615395,-1.0192644028619848,-0.9172046679221602,0.7413490412370353,0.14328659730142643,-0.2669531779863298,-0.229852869300136,-0.2276295533111221,1.5532725406083556,-0.15189212361987214,0.41873189648997095,-0.620306558402512,-0.3871347598417482,1.2083861354872534,0.9801063065660387,0.3227603450474796,0.6301128362008956,0.8349477168289242,1.5822948830143695,-1.0062041420824976,-0.8271731456355051,-1.0367469870798387,-0.8409568390209922,0.36824637703587165,-0.10686654486885236,-0.3858516124458965,-0.2484786948312384,-0.4706286357447291,0.7497421252819148
1.7094467391341972,-1.1399025996374805,1.7312929294553374,1.7659477995915196,0.3199274754138492,0.5508200682677992,1.3625532356427015,1.4044157603005856,0.01656419105114725,-0.5673971704265565,1.1771508342961545,-0.789103941752444,1.1812548957548543,1.079678416864641,1.5591112901748956,-0.038127382246737736,0.9521790487469752,1.2022105973822828,-0.35289422912390084,0.5643075232604021,1.2550343912079327,-1.4586667569892096,1.2938374374536552,1.1600030920352897,0.24404630917232184,-0.30099318774974954,0.6087212464045109,0.727031483083531,-0.8826202707293113,-0.38684451888952304
-0.48801548513632914,-0.18251487317065868,-0.5183244629284273,-0.5241647556887109,-0.8084650965230613,-0.663329189703445,-0.7758467596635008,-0.7465497105845713,-0.7493161889941526,-0.2894010693381691,-0.9974295946637527,-0.5910377777605387,-0.9714257733419038,-0.6621213493934629,-1.2582638774309314,-0.8362329454292576,-0.7376083380852219,-1.0277962769939641,-0.9758019993276148,-0.9780602660645324,-0.6025549900475273,0.2755365107384765,-0.631415395705041,-0.5813354128827593,-0.5987398656160522,-0.3554738907518077,-0.3673985479857794,-0.4437006824803362,0.16255522949797,-0.6636909692731788
0.72571522637753,0.5127309758112004,0.728610903967833,0.5868280628911721,0.014760134645335474,0.5658443436951307,0.5748462955986845,0.28911905592341874,0.33845594498322934,-0.9122338641263599,0.1681700829334611,-0.5467311999621726,0.041501098930485654,0.07298180381015841,-0.44493224371029005,-0.016679000775071805,0.20726724561568366,0.04459342666334658,0.9212913681442908,-0.44096012341320523,0.7469585928753587,0.520761187228621,0.7535879179448376,0.5755592830318511,1.082396767251284,0.8168005462579974,1.2753973444636089,1.008918838521552,3.336917007248032,0.14944018722891753
-0.7651229535184888,-0.4036258480927578,-0.7798239351755688,-0.7086866513267301,-0.531634723111623,-0.9454099608515981,-0.7583975552954371,-0.7013008189065312,-0.7530160942117634,-0.521824039100591,-0.7527765007418551,0.5658367397730834,-0.7319367656634995,-0.5715084339483762,-0.5799614282650322,-0.8657526915073664,-0.739103394388546,-0.9751163071960299,-0.8647887333507153,-0.8537353285371434,-0.6507519037233443,1.6907874214626424,-0.6455716665370905,-0.6198478950945466,0.59446792921591,-0.5690131979207945,-0.4270161408569266,-0.40531602131430766,0.14567032642483135,-0.3492203562613181
-1.7818302550126326,1.390336391739121,-1.748414771796498,-1.341411955652016,-0.6696866153640469,0.30855362700207534,0.04788032368316185,-0.8873521277056234,0.8601425806662598,2.2702898068035413,-0.6572355435617556,0.4327418815645531,-0.6915998000145712,-0.610958676855892,2.9549974058317092,2.2173392588263527,2.2842742150088533,0.3281257481872598,0.07759054671985408,1.563830783381589,-1.528739014517817,0.9807578026055582,-1.5290385278515102,-1.122706050991436,1.2287754186618962,0.33398879896389494,0.3215158585252542,-0.9597944470642027,-0.16332339981360525,1.2877114953986333
0.08005482504709842,0.08874498266160788,0.1643014600234657,-0.015833135866783307,-0.6050202026773854,1.2043760493567286,0.592295499966748,0.4367467248618288,-0.33492680462181684,1.4211104597630573,1.5999195698180948,0.9423550886524792,0.6756357216903814,0.7254438523116626,0.2516079134993666,4.578354513983694,2.5488991806972394,2.6886581528271782,2.5100145523470307,7.845317478453528,-0.10452021539741471,-0.5835512448086952,-0.16512516870652114,-0.20431848175684167,-1.422452458553953,-0.03673046744091521,-0.23349554177518705,-0.17860661630245234,-1.0379613790021864,0.24265826180029013
0.15764491619410295,-1.2219644047632081,0.252136405456171,-0.0017664442710597999,0.523372369259525,1.5048615579033633,0.7019762131374339,0.3604050193491579,1.0414379363291575,1.7461987965549428,0.45718147840326206,0.48878182186288144,0.879665722356472,0.16005850577182543,1.0281134059778059,1.5326843450071186,0.798935777656243,0.690510253803623,0.7535379884458648,0.6993006072422866,0.034045911420560404,-1.1910032212123858,0.19311515439023488,-0.1335433499728991,-0.030968126811252272,0.6915575508509668,0.239186801703194,-0.0481587443710276,-0.10084925844299264,0.4723341202321665
-0.7900626256728832,-0.8754812275656916,-0.7441284550682137,-0.730200414943719,-0.8898430540613315,0.14892070058667572,0.1498335320622766,-0.5352196913508198,0.020264096268756988,1.512256722414988,-0.2788251095877186,-0.28877234977642857,-0.1644050396727645,-0.38120700313543754,1.1698063684716131,2.3369986501945945,2.366502311691685,1.473998976594555,-1.015273382786068,3.524718164382883,-0.853580582109076,-1.0964394570756635,-0.7998461282577901,-0.7402838592042148,-0.962468635787877,0.17430397981993098,0.14550201290567688,-0.46919049653590184,-1.2321377643432807,1.1585539221973336
1.9505302366266764,0.8432576909009365,1.8155182195962876,2.061072505619443,-0.11747904635435412,-0.02385846682763899,0.26200698871411454,0.9499045466854118,-0.13143201765325868,-1.486455318833521,0.9536532380355646,-0.18369746171706225,0.6489007560858591,1.070480173699676,-0.8124922058229385,-0.7165735540610155,-0.532785624529804,-0.21880642232632452,-1.1830267624844941,-0.719152557880432,2.586474131502387,1.5737847980392408,2.328111918652355,2.916712806958921,0.36381066032645965,0.043425049619584315,0.208904849768643,1.3028014005739572,-0.10929170997956196,-0.4722008281355998
